race_key,card_id,root_unit_key,card_name,tab_key,ui_group_name
wh2_dlc09_sc_tmb_tomb_kings,wh2_dlc09_sc_tmb_tomb_kings|wh2_dlc09_tmb_art_casket_of_souls_0,wh2_dlc09_tmb_art_casket_of_souls_0,Casket of Souls,artillery_war_machines,Magical Artillery
wh2_dlc09_sc_tmb_tomb_kings,wh2_dlc09_sc_tmb_tomb_kings|wh2_dlc09_tmb_art_screaming_skull_catapult_0,wh2_dlc09_tmb_art_screaming_skull_catapult_0,Screaming Skull Catapults,artillery_war_machines,Catapult
wh2_dlc09_sc_tmb_tomb_kings,wh2_dlc09_sc_tmb_tomb_kings|wh2_dlc09_tmb_cav_hexwraiths,wh2_dlc09_tmb_cav_hexwraiths,Hexwraiths,cavalry_chariots,Cavalry
wh2_dlc09_sc_tmb_tomb_kings,wh2_dlc09_sc_tmb_tomb_kings|wh2_dlc09_tmb_cav_necropolis_knights_0,wh2_dlc09_tmb_cav_necropolis_knights_0,Necropolis Knights,cavalry_chariots,Monstrous Cavalry
wh2_dlc09_sc_tmb_tomb_kings,wh2_dlc09_sc_tmb_tomb_kings|wh2_dlc09_tmb_cav_necropolis_knights_1,wh2_dlc09_tmb_cav_necropolis_knights_1,Necropolis Knights (Halberds),cavalry_chariots,Monstrous Cavalry
wh2_dlc09_sc_tmb_tomb_kings,wh2_dlc09_sc_tmb_tomb_kings|wh2_dlc09_tmb_cav_necropolis_knights_ror,wh2_dlc09_tmb_cav_necropolis_knights_ror,Venom Knights of Asaph (Necropolis Knights),cavalry_chariots,Monstrous Cavalry
wh2_dlc09_sc_tmb_tomb_kings,wh2_dlc09_sc_tmb_tomb_kings|wh2_dlc09_tmb_cav_nehekhara_horsemen_0,wh2_dlc09_tmb_cav_nehekhara_horsemen_0,Nehekharan Horsemen,cavalry_chariots,Cavalry
wh2_dlc09_sc_tmb_tomb_kings,wh2_dlc09_sc_tmb_tomb_kings|wh2_dlc09_tmb_cav_nehekhara_horsemen_ror,wh2_dlc09_tmb_cav_nehekhara_horsemen_ror,Storm Riders of Khsar (Nehekharan Horsemen),cavalry_chariots,Cavalry
wh2_dlc09_sc_tmb_tomb_kings,wh2_dlc09_sc_tmb_tomb_kings|wh2_dlc09_tmb_cav_skeleton_horsemen_0,wh2_dlc09_tmb_cav_skeleton_horsemen_0,Skeleton Horsemen,cavalry_chariots,Spear Cavalry
wh2_dlc09_sc_tmb_tomb_kings,wh2_dlc09_sc_tmb_tomb_kings|wh2_dlc09_tmb_cav_skeleton_horsemen_archers_0,wh2_dlc09_tmb_cav_skeleton_horsemen_archers_0,Skeleton Horse Archers,missile_cavalry_chariots,Missile Cavalry
wh2_dlc09_sc_tmb_tomb_kings,wh2_dlc09_sc_tmb_tomb_kings|wh2_dlc09_tmb_cha_khalida_0,wh2_dlc09_tmb_cha_khalida_0,High Queen Khalida,commander,Lord
wh2_dlc09_sc_tmb_tomb_kings,wh2_dlc09_sc_tmb_tomb_kings|wh2_dlc09_tmb_cha_khatep_0,wh2_dlc09_tmb_cha_khatep_0,Grand Hierophant Khatep,commander,Wizard Lord
wh2_dlc09_sc_tmb_tomb_kings,wh2_dlc09_sc_tmb_tomb_kings|wh2_dlc09_tmb_cha_liche_priest_death_0,wh2_dlc09_tmb_cha_liche_priest_death_0,Liche Priest,heroes_agents,Wizard
wh2_dlc09_sc_tmb_tomb_kings,wh2_dlc09_sc_tmb_tomb_kings|wh2_dlc09_tmb_cha_necrotect_0,wh2_dlc09_tmb_cha_necrotect_0,Necrotect,heroes_agents,Whip Infantry
wh2_dlc09_sc_tmb_tomb_kings,wh2_dlc09_sc_tmb_tomb_kings|wh2_dlc09_tmb_cha_settra_0,wh2_dlc09_tmb_cha_settra_0,Settra the Imperishable,commander,Wizard Lord
wh2_dlc09_sc_tmb_tomb_kings,wh2_dlc09_sc_tmb_tomb_kings|wh2_dlc09_tmb_cha_tomb_king_0,wh2_dlc09_tmb_cha_tomb_king_0,Tomb King,commander,Lord
wh2_dlc09_sc_tmb_tomb_kings,wh2_dlc09_sc_tmb_tomb_kings|wh2_dlc09_tmb_cha_tomb_prince_0,wh2_dlc09_tmb_cha_tomb_prince_0,Tomb Prince,heroes_agents,Halberd Infantry
wh2_dlc09_sc_tmb_tomb_kings,wh2_dlc09_sc_tmb_tomb_kings|wh2_dlc09_tmb_inf_cairn_wraiths,wh2_dlc09_tmb_inf_cairn_wraiths,Cairn Wraiths,infantry,Scythe Infantry
wh2_dlc09_sc_tmb_tomb_kings,wh2_dlc09_sc_tmb_tomb_kings|wh2_dlc09_tmb_inf_crypt_ghouls,wh2_dlc09_tmb_inf_crypt_ghouls,Crypt Ghouls,infantry,Cudgel Infantry
wh2_dlc09_sc_tmb_tomb_kings,wh2_dlc09_sc_tmb_tomb_kings|wh2_dlc09_tmb_inf_nehekhara_warriors_0,wh2_dlc09_tmb_inf_nehekhara_warriors_0,Nehekharan Warriors,infantry,Sword Infantry
wh2_dlc09_sc_tmb_tomb_kings,wh2_dlc09_sc_tmb_tomb_kings|wh2_dlc09_tmb_inf_nehekhara_warriors_ror,wh2_dlc09_tmb_inf_nehekhara_warriors_ror,Usirian's Legion of the Netherworld (Nehekharan Warriors),infantry,Sword Infantry
wh2_dlc09_sc_tmb_tomb_kings,wh2_dlc09_sc_tmb_tomb_kings|wh2_dlc09_tmb_inf_skeleton_archers_0,wh2_dlc09_tmb_inf_skeleton_archers_0,Skeleton Archers,missile_infantry,Missile Infantry
wh2_dlc09_sc_tmb_tomb_kings,wh2_dlc09_sc_tmb_tomb_kings|wh2_dlc09_tmb_inf_skeleton_archers_ror,wh2_dlc09_tmb_inf_skeleton_archers_ror,Blessed Legion of Phakth (Skeleton Archers),missile_infantry,Missile Infantry
wh2_dlc09_sc_tmb_tomb_kings,wh2_dlc09_sc_tmb_tomb_kings|wh2_dlc09_tmb_inf_skeleton_spearmen_0,wh2_dlc09_tmb_inf_skeleton_spearmen_0,Skeleton Spearmen,infantry,Spear Infantry
wh2_dlc09_sc_tmb_tomb_kings,wh2_dlc09_sc_tmb_tomb_kings|wh2_dlc09_tmb_inf_skeleton_spearmen_ror,wh2_dlc09_tmb_inf_skeleton_spearmen_ror,King Nekhesh's Scorpion Legion (Skeleton Spearmen),infantry,Spear Infantry
wh2_dlc09_sc_tmb_tomb_kings,wh2_dlc09_sc_tmb_tomb_kings|wh2_dlc09_tmb_inf_skeleton_warriors_0,wh2_dlc09_tmb_inf_skeleton_warriors_0,Skeleton Warriors,infantry,Sword Infantry
wh2_dlc09_sc_tmb_tomb_kings,wh2_dlc09_sc_tmb_tomb_kings|wh2_dlc09_tmb_inf_spirit_host,wh2_dlc09_tmb_inf_spirit_host,Spirit Host,infantry,Dagger Infantry
wh2_dlc09_sc_tmb_tomb_kings,wh2_dlc09_sc_tmb_tomb_kings|wh2_dlc09_tmb_inf_tomb_guard_0,wh2_dlc09_tmb_inf_tomb_guard_0,Tomb Guard,infantry,Sword Infantry
wh2_dlc09_sc_tmb_tomb_kings,wh2_dlc09_sc_tmb_tomb_kings|wh2_dlc09_tmb_inf_tomb_guard_1,wh2_dlc09_tmb_inf_tomb_guard_1,Tomb Guard (Halberds),infantry,Halberd Infantry
wh2_dlc09_sc_tmb_tomb_kings,wh2_dlc09_sc_tmb_tomb_kings|wh2_dlc09_tmb_inf_tomb_guard_ror,wh2_dlc09_tmb_inf_tomb_guard_ror,The Khepra Guard (Tomb Guard),infantry,Sword Infantry
wh2_dlc09_sc_tmb_tomb_kings,wh2_dlc09_sc_tmb_tomb_kings|wh2_dlc09_tmb_mon_carrion_0,wh2_dlc09_tmb_mon_carrion_0,Carrion,monster_beasts,Flying War Beasts
wh2_dlc09_sc_tmb_tomb_kings,wh2_dlc09_sc_tmb_tomb_kings|wh2_dlc09_tmb_mon_carrion_ror,wh2_dlc09_tmb_mon_carrion_ror,The Flock of Djaf (Carrion),monster_beasts,Flying War Beasts
wh2_dlc09_sc_tmb_tomb_kings,wh2_dlc09_sc_tmb_tomb_kings|wh2_dlc09_tmb_mon_crypt_horrors,wh2_dlc09_tmb_mon_crypt_horrors,Crypt Horrors,monster_beasts,Monstrous Infantry
wh2_dlc09_sc_tmb_tomb_kings,wh2_dlc09_sc_tmb_tomb_kings|wh2_dlc09_tmb_mon_dire_wolves,wh2_dlc09_tmb_mon_dire_wolves,Dire Wolves,monster_beasts,War Beasts
wh2_dlc09_sc_tmb_tomb_kings,wh2_dlc09_sc_tmb_tomb_kings|wh2_dlc09_tmb_mon_fell_bats,wh2_dlc09_tmb_mon_fell_bats,Fell Bats,monster_beasts,Flying War Beasts
wh2_dlc09_sc_tmb_tomb_kings,wh2_dlc09_sc_tmb_tomb_kings|wh2_dlc09_tmb_mon_heirotitan_0,wh2_dlc09_tmb_mon_heirotitan_0,Hierotitan,monster_beasts,Magical Monster
wh2_dlc09_sc_tmb_tomb_kings,wh2_dlc09_sc_tmb_tomb_kings|wh2_dlc09_tmb_mon_morghast_archai,wh2_dlc09_tmb_mon_morghast_archai,Morghast Archai,monster_beasts,Flying Monstrous Infantry
wh2_dlc09_sc_tmb_tomb_kings,wh2_dlc09_sc_tmb_tomb_kings|wh2_dlc09_tmb_mon_morghast_harbingers,wh2_dlc09_tmb_mon_morghast_harbingers,Morghast Harbingers,monster_beasts,Flying Monstrous Infantry
wh2_dlc09_sc_tmb_tomb_kings,wh2_dlc09_sc_tmb_tomb_kings|wh2_dlc09_tmb_mon_necrosphinx_0,wh2_dlc09_tmb_mon_necrosphinx_0,Necrosphinx,monster_beasts,Monster
wh2_dlc09_sc_tmb_tomb_kings,wh2_dlc09_sc_tmb_tomb_kings|wh2_dlc09_tmb_mon_necrosphinx_ror,wh2_dlc09_tmb_mon_necrosphinx_ror,The Sphinx of Usekph (Necrosphinx),monster_beasts,Monster
wh2_dlc09_sc_tmb_tomb_kings,wh2_dlc09_sc_tmb_tomb_kings|wh2_dlc09_tmb_mon_sepulchral_stalkers_0,wh2_dlc09_tmb_mon_sepulchral_stalkers_0,Sepulchral Stalkers,missile_monster_beasts,Monstrous Infantry
wh2_dlc09_sc_tmb_tomb_kings,wh2_dlc09_sc_tmb_tomb_kings|wh2_dlc09_tmb_mon_sepulchral_stalkers_ror,wh2_dlc09_tmb_mon_sepulchral_stalkers_ror,Eyes of the Desert (Sepulchral Stalkers),missile_monster_beasts,Monstrous Infantry
wh2_dlc09_sc_tmb_tomb_kings,wh2_dlc09_sc_tmb_tomb_kings|wh2_dlc09_tmb_mon_tomb_scorpion_0,wh2_dlc09_tmb_mon_tomb_scorpion_0,Tomb Scorpion,monster_beasts,Monster
wh2_dlc09_sc_tmb_tomb_kings,wh2_dlc09_sc_tmb_tomb_kings|wh2_dlc09_tmb_mon_ushabti_0,wh2_dlc09_tmb_mon_ushabti_0,Ushabti,monster_beasts,Monstrous Infantry
wh2_dlc09_sc_tmb_tomb_kings,wh2_dlc09_sc_tmb_tomb_kings|wh2_dlc09_tmb_mon_ushabti_1,wh2_dlc09_tmb_mon_ushabti_1,Ushabti (Great Bows),missile_monster_beasts,Monstrous Missile Infantry
wh2_dlc09_sc_tmb_tomb_kings,wh2_dlc09_sc_tmb_tomb_kings|wh2_dlc09_tmb_mon_ushabti_ror,wh2_dlc09_tmb_mon_ushabti_ror,Chosen of the Gods (Ushabti – Great Bows),missile_monster_beasts,Monstrous Missile Infantry
wh2_dlc09_sc_tmb_tomb_kings,wh2_dlc09_sc_tmb_tomb_kings|wh2_dlc09_tmb_veh_khemrian_warsphinx_0,wh2_dlc09_tmb_veh_khemrian_warsphinx_0,Khemrian Warsphinx,missile_monster_beasts,Monster
wh2_dlc09_sc_tmb_tomb_kings,wh2_dlc09_sc_tmb_tomb_kings|wh2_dlc09_tmb_veh_skeleton_archer_chariot_0,wh2_dlc09_tmb_veh_skeleton_archer_chariot_0,Skeleton Archer Chariots,missile_cavalry_chariots,Missile Chariot
wh2_dlc09_sc_tmb_tomb_kings,wh2_dlc09_sc_tmb_tomb_kings|wh2_dlc09_tmb_veh_skeleton_chariot_0,wh2_dlc09_tmb_veh_skeleton_chariot_0,Skeleton Chariots,cavalry_chariots,Chariot
wh2_dlc09_sc_tmb_tomb_kings,wh2_dlc09_sc_tmb_tomb_kings|wh2_pro06_tmb_mon_bone_giant_0,wh2_pro06_tmb_mon_bone_giant_0,Bone Giant,missile_monster_beasts,Specialist Artillery
wh2_dlc09_sc_tmb_tomb_kings,wh2_dlc09_sc_tmb_tomb_kings|wh3_dlc29_tmb_cha_arkhan_the_black_mp,wh3_dlc29_tmb_cha_arkhan_the_black_mp,Arkhan the Black,commander,Wizard Lord
wh2_dlc09_sc_tmb_tomb_kings,wh2_dlc09_sc_tmb_tomb_kings|wh3_dlc29_tmb_cha_liche_high_priest_death,wh3_dlc29_tmb_cha_liche_high_priest_death,Liche High Priest,commander,Wizard Lord
wh2_dlc09_sc_tmb_tomb_kings,wh2_dlc09_sc_tmb_tomb_kings|wh3_dlc29_tmb_cha_tomb_herald,wh3_dlc29_tmb_cha_tomb_herald,Tomb Herald,heroes_agents,Support Specialist
wh2_dlc09_sc_tmb_tomb_kings,wh2_dlc09_sc_tmb_tomb_kings|wh3_dlc29_tmb_mon_khemric_titan,wh3_dlc29_tmb_mon_khemric_titan,Khemric Titan,monster_beasts,Colossal Monster
wh2_dlc09_sc_tmb_tomb_kings,wh2_dlc09_sc_tmb_tomb_kings|wh3_dlc29_tmb_mon_khemric_titan_ror,wh3_dlc29_tmb_mon_khemric_titan_ror,Icon of Usirian (Khemric Titan),monster_beasts,Colossal Monster
wh2_dlc11_sc_cst_vampire_coast,wh2_dlc11_sc_cst_vampire_coast|wh2_dlc11_cst_art_carronade,wh2_dlc11_cst_art_carronade,Carronades,artillery_war_machines,Siege Artillery
wh2_dlc11_sc_cst_vampire_coast,wh2_dlc11_sc_cst_vampire_coast|wh2_dlc11_cst_art_mortar,wh2_dlc11_cst_art_mortar,Mortars,artillery_war_machines,Siege Artillery
wh2_dlc11_sc_cst_vampire_coast,wh2_dlc11_sc_cst_vampire_coast|wh2_dlc11_cst_art_queen_bess,wh2_dlc11_cst_art_queen_bess,Queen Bess,artillery_war_machines,Siege Artillery
wh2_dlc11_sc_cst_vampire_coast,wh2_dlc11_sc_cst_vampire_coast|wh2_dlc11_cst_cav_deck_droppers_0,wh2_dlc11_cst_cav_deck_droppers_0,Deck Droppers,missile_monster_beasts,Flying Pistol Cavalry
wh2_dlc11_sc_cst_vampire_coast,wh2_dlc11_sc_cst_vampire_coast|wh2_dlc11_cst_cav_deck_droppers_1,wh2_dlc11_cst_cav_deck_droppers_1,Deck Droppers (Bombers),missile_monster_beasts,Flying Missile Cavalry
wh2_dlc11_sc_cst_vampire_coast,wh2_dlc11_sc_cst_vampire_coast|wh2_dlc11_cst_cav_deck_droppers_2,wh2_dlc11_cst_cav_deck_droppers_2,Deck Droppers (Handgunners),missile_monster_beasts,Flying Missile Cavalry
wh2_dlc11_sc_cst_vampire_coast,wh2_dlc11_sc_cst_vampire_coast|wh2_dlc11_cst_cav_deck_droppers_ror_0,wh2_dlc11_cst_cav_deck_droppers_ror_0,Salt Lord Scuttlers (Deck Droppers – Bombers),missile_monster_beasts,Flying Missile Cavalry
wh2_dlc11_sc_cst_vampire_coast,wh2_dlc11_sc_cst_vampire_coast|wh2_dlc11_cst_cha_aranessa_0,wh2_dlc11_cst_cha_aranessa_0,Aranessa Saltspite,commander,Lord
wh2_dlc11_sc_cst_vampire_coast,wh2_dlc11_sc_cst_vampire_coast|wh2_dlc11_cst_cha_cylostra_direfin_0,wh2_dlc11_cst_cha_cylostra_direfin_0,Cylostra Direfin,commander,Wizard Lord
wh2_dlc11_sc_cst_vampire_coast,wh2_dlc11_sc_cst_vampire_coast|wh2_dlc11_cst_cha_damned_paladin_0,wh2_dlc11_cst_cha_damned_paladin_0,Damned Paladin,heroes_agents,Melee Specialist
wh2_dlc11_sc_cst_vampire_coast,wh2_dlc11_sc_cst_vampire_coast|wh2_dlc11_cst_cha_gunnery_wight_0,wh2_dlc11_cst_cha_gunnery_wight_0,Gunnery Wight,heroes_agents,Support Specialist
wh2_dlc11_sc_cst_vampire_coast,wh2_dlc11_sc_cst_vampire_coast|wh2_dlc11_cst_cha_luthor_harkon_0,wh2_dlc11_cst_cha_luthor_harkon_0,Luthor Harkon,commander,Lord
wh2_dlc11_sc_cst_vampire_coast,wh2_dlc11_sc_cst_vampire_coast|wh2_dlc11_cst_cha_mourngul_haunter,wh2_dlc11_cst_cha_mourngul_haunter,Mourngul Haunter,heroes_agents,Melee Specialist
wh2_dlc11_sc_cst_vampire_coast,wh2_dlc11_sc_cst_vampire_coast|wh2_dlc11_cst_cha_vampire_fleet_admiral_death_0,wh2_dlc11_cst_cha_vampire_fleet_admiral_death_0,Vampire Fleet Admiral,commander,Wizard Lord
wh2_dlc11_sc_cst_vampire_coast,wh2_dlc11_sc_cst_vampire_coast|wh2_dlc11_cst_cha_vampire_fleet_admiral_female_death_0,wh2_dlc11_cst_cha_vampire_fleet_admiral_female_death_0,Vampire Fleet Admiral,commander,Wizard Lord
wh2_dlc11_sc_cst_vampire_coast,wh2_dlc11_sc_cst_vampire_coast|wh2_dlc11_cst_cha_vampire_fleet_captain_death_0,wh2_dlc11_cst_cha_vampire_fleet_captain_death_0,Vampire Fleet Captain,heroes_agents,Wizard
wh2_dlc11_sc_cst_vampire_coast,wh2_dlc11_sc_cst_vampire_coast|wh2_dlc11_cst_inf_count_noctilus_0,wh2_dlc11_cst_inf_count_noctilus_0,Count Noctilus,commander,Wizard Lord
wh2_dlc11_sc_cst_vampire_coast,wh2_dlc11_sc_cst_vampire_coast|wh2_dlc11_cst_inf_deck_gunners_0,wh2_dlc11_cst_inf_deck_gunners_0,Deck Gunners,missile_infantry,Specialist Missile Infantry
wh2_dlc11_sc_cst_vampire_coast,wh2_dlc11_sc_cst_vampire_coast|wh2_dlc11_cst_inf_deck_gunners_ror_0,wh2_dlc11_cst_inf_deck_gunners_ror_0,Shadewraith Gunners (Deck Gunners),missile_infantry,Specialist Missile Infantry
wh2_dlc11_sc_cst_vampire_coast,wh2_dlc11_sc_cst_vampire_coast|wh2_dlc11_cst_inf_depth_guard_0,wh2_dlc11_cst_inf_depth_guard_0,Depth Guard,infantry,Dual Axe Infantry
wh2_dlc11_sc_cst_vampire_coast,wh2_dlc11_sc_cst_vampire_coast|wh2_dlc11_cst_inf_depth_guard_1,wh2_dlc11_cst_inf_depth_guard_1,Depth Guard (Polearms),infantry,Halberd Infantry
wh2_dlc11_sc_cst_vampire_coast,wh2_dlc11_sc_cst_vampire_coast|wh2_dlc11_cst_inf_depth_guard_ror_0,wh2_dlc11_cst_inf_depth_guard_ror_0,The Bloody Reaver Deck Guard (Depth Guard),infantry,Halberd Infantry
wh2_dlc11_sc_cst_vampire_coast,wh2_dlc11_sc_cst_vampire_coast|wh2_dlc11_cst_inf_sartosa_free_company_0,wh2_dlc11_cst_inf_sartosa_free_company_0,Sartosa Free Company,infantry,Dual Sword Infantry
wh2_dlc11_sc_cst_vampire_coast,wh2_dlc11_sc_cst_vampire_coast|wh2_dlc11_cst_inf_sartosa_militia_0,wh2_dlc11_cst_inf_sartosa_militia_0,Sartosa Militia,missile_infantry,Close-Quarters Infantry
wh2_dlc11_sc_cst_vampire_coast,wh2_dlc11_sc_cst_vampire_coast|wh2_dlc11_cst_inf_syreens,wh2_dlc11_cst_inf_syreens,Syreens,infantry,Melee Infantry
wh2_dlc11_sc_cst_vampire_coast,wh2_dlc11_sc_cst_vampire_coast|wh2_dlc11_cst_inf_zombie_deckhands_mob_0,wh2_dlc11_cst_inf_zombie_deckhands_mob_0,Zombie Pirate Deckhand Mob,infantry,Dual Sword Infantry
wh2_dlc11_sc_cst_vampire_coast,wh2_dlc11_sc_cst_vampire_coast|wh2_dlc11_cst_inf_zombie_deckhands_mob_1,wh2_dlc11_cst_inf_zombie_deckhands_mob_1,Zombie Pirate Deckhand Mob (Polearms),infantry,Halberd Infantry
wh2_dlc11_sc_cst_vampire_coast,wh2_dlc11_sc_cst_vampire_coast|wh2_dlc11_cst_inf_zombie_deckhands_mob_ror_0,wh2_dlc11_cst_inf_zombie_deckhands_mob_ror_0,The Tide of Skjold (Zombie Pirate Deckhand Mob),infantry,Dual Sword Infantry
wh2_dlc11_sc_cst_vampire_coast,wh2_dlc11_sc_cst_vampire_coast|wh2_dlc11_cst_inf_zombie_gunnery_mob_0,wh2_dlc11_cst_inf_zombie_gunnery_mob_0,Zombie Pirate Gunnery Mob,missile_infantry,Pistol Missile Infantry
wh2_dlc11_sc_cst_vampire_coast,wh2_dlc11_sc_cst_vampire_coast|wh2_dlc11_cst_inf_zombie_gunnery_mob_1,wh2_dlc11_cst_inf_zombie_gunnery_mob_1,Zombie Pirate Gunnery Mob (Handgunners),missile_infantry,Missile Infantry
wh2_dlc11_sc_cst_vampire_coast,wh2_dlc11_sc_cst_vampire_coast|wh2_dlc11_cst_inf_zombie_gunnery_mob_2,wh2_dlc11_cst_inf_zombie_gunnery_mob_2,Zombie Pirate Gunnery Mob (Hand Cannons),missile_infantry,Close-Quarters Missile Infantry
wh2_dlc11_sc_cst_vampire_coast,wh2_dlc11_sc_cst_vampire_coast|wh2_dlc11_cst_inf_zombie_gunnery_mob_3,wh2_dlc11_cst_inf_zombie_gunnery_mob_3,Zombie Pirate Gunnery Mob (Bombers),missile_infantry,Explosives Infantry
wh2_dlc11_sc_cst_vampire_coast,wh2_dlc11_sc_cst_vampire_coast|wh2_dlc11_cst_inf_zombie_gunnery_mob_ror_0,wh2_dlc11_cst_inf_zombie_gunnery_mob_ror_0,The Black Spot (Zombie Pirate Gunnery Mob – Handgunners),missile_infantry,Missile Infantry
wh2_dlc11_sc_cst_vampire_coast,wh2_dlc11_sc_cst_vampire_coast|wh2_dlc11_cst_mon_animated_hulks_0,wh2_dlc11_cst_mon_animated_hulks_0,Animated Hulks,monster_beasts,Monstrous Infantry
wh2_dlc11_sc_cst_vampire_coast,wh2_dlc11_sc_cst_vampire_coast|wh2_dlc11_cst_mon_bloated_corpse_0,wh2_dlc11_cst_mon_bloated_corpse_0,Bloated Corpse,monster_beasts,Exploding Monster
wh2_dlc11_sc_cst_vampire_coast,wh2_dlc11_sc_cst_vampire_coast|wh2_dlc11_cst_mon_fell_bats,wh2_dlc11_cst_mon_fell_bats,Fell Bats,monster_beasts,Flying War Beasts
wh2_dlc11_sc_cst_vampire_coast,wh2_dlc11_sc_cst_vampire_coast|wh2_dlc11_cst_mon_mournguls_0,wh2_dlc11_cst_mon_mournguls_0,Mournguls,monster_beasts,Monstrous Infantry
wh2_dlc11_sc_cst_vampire_coast,wh2_dlc11_sc_cst_vampire_coast|wh2_dlc11_cst_mon_mournguls_ror_0,wh2_dlc11_cst_mon_mournguls_ror_0,Night Terrors (Mournguls),monster_beasts,Monstrous Infantry
wh2_dlc11_sc_cst_vampire_coast,wh2_dlc11_sc_cst_vampire_coast|wh2_dlc11_cst_mon_necrofex_colossus_0,wh2_dlc11_cst_mon_necrofex_colossus_0,Necrofex Colossus,missile_monster_beasts,Artillery Monster
wh2_dlc11_sc_cst_vampire_coast,wh2_dlc11_sc_cst_vampire_coast|wh2_dlc11_cst_mon_necrofex_colossus_ror_0,wh2_dlc11_cst_mon_necrofex_colossus_ror_0,Gallows Giant (Necrofex Colossus),missile_monster_beasts,Artillery Monster
wh2_dlc11_sc_cst_vampire_coast,wh2_dlc11_sc_cst_vampire_coast|wh2_dlc11_cst_mon_rotting_leviathan_0,wh2_dlc11_cst_mon_rotting_leviathan_0,Rotting Leviathan,monster_beasts,Monster
wh2_dlc11_sc_cst_vampire_coast,wh2_dlc11_sc_cst_vampire_coast|wh2_dlc11_cst_mon_rotting_prometheans_0,wh2_dlc11_cst_mon_rotting_prometheans_0,Rotting Prometheans,monster_beasts,Monstrous Beast
wh2_dlc11_sc_cst_vampire_coast,wh2_dlc11_sc_cst_vampire_coast|wh2_dlc11_cst_mon_rotting_prometheans_gunnery_mob_0,wh2_dlc11_cst_mon_rotting_prometheans_gunnery_mob_0,Rotting Prometheans (Gunnery Mob),missile_monster_beasts,Monstrous Missile Beasts
wh2_dlc11_sc_cst_vampire_coast,wh2_dlc11_sc_cst_vampire_coast|wh2_dlc11_cst_mon_rotting_prometheans_gunnery_mob_ror,wh2_dlc11_cst_mon_rotting_prometheans_gunnery_mob_ror,The Lamprey's Revenge (Rotting Promethean Gunnery Mob),missile_monster_beasts,Monstrous Missile Beasts
wh2_dlc11_sc_cst_vampire_coast,wh2_dlc11_sc_cst_vampire_coast|wh2_dlc11_cst_mon_scurvy_dogs,wh2_dlc11_cst_mon_scurvy_dogs,Scurvy Dogs,monster_beasts,War Beasts
wh2_dlc11_sc_cst_vampire_coast,wh2_dlc11_sc_cst_vampire_coast|wh2_dlc11_cst_mon_terrorgheist,wh2_dlc11_cst_mon_terrorgheist,Death Shriek Terrorgheist,monster_beasts,Flying Monster
wh2_main_sc_def_dark_elves,wh2_main_sc_def_dark_elves|wh2_dlc10_def_cav_doomfire_warlocks_0,wh2_dlc10_def_cav_doomfire_warlocks_0,Doomfire Warlocks,cavalry_chariots,Magical Cavalry
wh2_main_sc_def_dark_elves,wh2_main_sc_def_dark_elves|wh2_dlc10_def_cav_knights_of_the_ebon_claw_ror_0,wh2_dlc10_def_cav_knights_of_the_ebon_claw_ror_0,Knights of the Ebon Claw (Dread Knights),cavalry_chariots,Cold One Cavalry
wh2_main_sc_def_dark_elves,wh2_main_sc_def_dark_elves|wh2_dlc10_def_cav_raven_heralds_ror_0,wh2_dlc10_def_cav_raven_heralds_ror_0,Raven Heralds (Dark Riders),missile_cavalry_chariots,Flying Missile Cavalry
wh2_main_sc_def_dark_elves,wh2_main_sc_def_dark_elves|wh2_dlc10_def_cav_slaanesh_harvesters_ror_0,wh2_dlc10_def_cav_slaanesh_harvesters_ror_0,Slaanesh's Harvesters (Doomfire Warlocks),cavalry_chariots,Magical Cavalry
wh2_main_sc_def_dark_elves,wh2_main_sc_def_dark_elves|wh2_dlc10_def_cha_crone_0,wh2_dlc10_def_cha_crone_0,Crone Hellebron,commander,Lord
wh2_main_sc_def_dark_elves,wh2_main_sc_def_dark_elves|wh2_dlc10_def_cha_sorceress_beasts_0,wh2_dlc10_def_cha_sorceress_beasts_0,Sorceress,heroes_agents,Wizard
wh2_main_sc_def_dark_elves,wh2_main_sc_def_dark_elves|wh2_dlc10_def_cha_supreme_sorceress_beasts_0,wh2_dlc10_def_cha_supreme_sorceress_beasts_0,Supreme Sorceress,commander,Wizard Lord
wh2_main_sc_def_dark_elves,wh2_main_sc_def_dark_elves|wh2_dlc10_def_inf_blades_of_the_blood_queen_ror_0,wh2_dlc10_def_inf_blades_of_the_blood_queen_ror_0,Blades of the Blood Queen (Har Ganeth Executioners),infantry,Greatsword Infantry
wh2_main_sc_def_dark_elves,wh2_main_sc_def_dark_elves|wh2_dlc10_def_inf_sisters_of_slaughter,wh2_dlc10_def_inf_sisters_of_slaughter,Sisters of Slaughter,infantry,Whip Infantry
wh2_main_sc_def_dark_elves,wh2_main_sc_def_dark_elves|wh2_dlc10_def_inf_sisters_of_the_singing_doom_ror_0,wh2_dlc10_def_inf_sisters_of_the_singing_doom_ror_0,Sisters of the Singing Doom (Witch Elves),infantry,Dual Dagger Infantry
wh2_main_sc_def_dark_elves,wh2_main_sc_def_dark_elves|wh2_dlc10_def_inf_the_bolt_fiends_ror_0,wh2_dlc10_def_inf_the_bolt_fiends_ror_0,The Bolt-fiends (Darkshards – Shields),missile_infantry,Missile Infantry
wh2_main_sc_def_dark_elves,wh2_main_sc_def_dark_elves|wh2_dlc10_def_inf_the_hellebronai_ror_0,wh2_dlc10_def_inf_the_hellebronai_ror_0,The Hellebronai (Dreadspears),infantry,Spear Infantry
wh2_main_sc_def_dark_elves,wh2_main_sc_def_dark_elves|wh2_dlc10_def_mon_chill_of_sontar_ror_0,wh2_dlc10_def_mon_chill_of_sontar_ror_0,Chill of Sontar (War Hydra),monster_beasts,Monster
wh2_main_sc_def_dark_elves,wh2_main_sc_def_dark_elves|wh2_dlc10_def_mon_feral_manticore_0,wh2_dlc10_def_mon_feral_manticore_0,Feral Manticore,monster_beasts,Flying Monster
wh2_main_sc_def_dark_elves,wh2_main_sc_def_dark_elves|wh2_dlc10_def_mon_kharibdyss_0,wh2_dlc10_def_mon_kharibdyss_0,Kharibdyss,monster_beasts,Monster Killer
wh2_main_sc_def_dark_elves,wh2_main_sc_def_dark_elves|wh2_dlc11_def_cha_lokhir_fellheart_0,wh2_dlc11_def_cha_lokhir_fellheart_0,Lokhir Fellheart,commander,Lord
wh2_main_sc_def_dark_elves,wh2_main_sc_def_dark_elves|wh2_dlc14_def_cav_scourgerunner_chariot_0,wh2_dlc14_def_cav_scourgerunner_chariot_0,Scourgerunner Chariots,missile_cavalry_chariots,Missile Chariot
wh2_main_sc_def_dark_elves,wh2_main_sc_def_dark_elves|wh2_dlc14_def_cav_scourgerunner_chariot_ror_0,wh2_dlc14_def_cav_scourgerunner_chariot_ror_0,Ravagers of Rakarth (Scourgerunner Chariots),missile_cavalry_chariots,Missile Chariot
wh2_main_sc_def_dark_elves,wh2_main_sc_def_dark_elves|wh2_dlc14_def_cha_high_beastmaster_0,wh2_dlc14_def_cha_high_beastmaster_0,High Beastmaster,commander,Lord
wh2_main_sc_def_dark_elves,wh2_main_sc_def_dark_elves|wh2_dlc14_def_cha_malus_darkblade_0_mp,wh2_dlc14_def_cha_malus_darkblade_0_mp,Malus Darkblade,commander,Lord
wh2_main_sc_def_dark_elves,wh2_main_sc_def_dark_elves|wh2_dlc14_def_cha_master_0,wh2_dlc14_def_cha_master_0,Master,heroes_agents,Melee Specialist
wh2_main_sc_def_dark_elves,wh2_main_sc_def_dark_elves|wh2_dlc14_def_inf_harpies_ror_0,wh2_dlc14_def_inf_harpies_ror_0,The Crows of Khaine (Harpies),monster_beasts,Flying Melee Infantry
wh2_main_sc_def_dark_elves,wh2_main_sc_def_dark_elves|wh2_dlc14_def_mon_bloodwrack_medusa_0,wh2_dlc14_def_mon_bloodwrack_medusa_0,Bloodwrack Medusa,missile_monster_beasts,Missile Monster
wh2_main_sc_def_dark_elves,wh2_main_sc_def_dark_elves|wh2_dlc14_def_mon_bloodwrack_medusa_ror_0,wh2_dlc14_def_mon_bloodwrack_medusa_ror_0,The Siren of Red Ruin (Bloodwrack Medusa),missile_monster_beasts,Missile Monster
wh2_main_sc_def_dark_elves,wh2_main_sc_def_dark_elves|wh2_dlc14_def_veh_bloodwrack_shrine_0,wh2_dlc14_def_veh_bloodwrack_shrine_0,Bloodwrack Shrine,artillery_war_machines,Magic Chariot
wh2_main_sc_def_dark_elves,wh2_main_sc_def_dark_elves|wh2_dlc16_wef_mon_giant_spiders_0,wh2_dlc16_wef_mon_giant_spiders_0,Giant Spiders,monster_beasts,Spider
wh2_main_sc_def_dark_elves,wh2_main_sc_def_dark_elves|wh2_main_def_art_reaper_bolt_thrower,wh2_main_def_art_reaper_bolt_thrower,Reaper Bolt Throwers,artillery_war_machines,Field Artillery
wh2_main_sc_def_dark_elves,wh2_main_sc_def_dark_elves|wh2_main_def_cav_cold_one_chariot,wh2_main_def_cav_cold_one_chariot,Cold One Chariots,missile_cavalry_chariots,Missile Chariot
wh2_main_sc_def_dark_elves,wh2_main_sc_def_dark_elves|wh2_main_def_cav_cold_one_knights_0,wh2_main_def_cav_cold_one_knights_0,Cold One Knights,cavalry_chariots,Cold One Spear Cavalry
wh2_main_sc_def_dark_elves,wh2_main_sc_def_dark_elves|wh2_main_def_cav_cold_one_knights_1,wh2_main_def_cav_cold_one_knights_1,Cold One Dread Knights,cavalry_chariots,Cold One Cavalry
wh2_main_sc_def_dark_elves,wh2_main_sc_def_dark_elves|wh2_main_def_cav_dark_riders_0,wh2_main_def_cav_dark_riders_0,Dark Riders,cavalry_chariots,Shock Cavalry
wh2_main_sc_def_dark_elves,wh2_main_sc_def_dark_elves|wh2_main_def_cav_dark_riders_1,wh2_main_def_cav_dark_riders_1,Dark Riders (Shields),cavalry_chariots,Shock Cavalry
wh2_main_sc_def_dark_elves,wh2_main_sc_def_dark_elves|wh2_main_def_cav_dark_riders_2,wh2_main_def_cav_dark_riders_2,Dark Riders (Repeater Crossbows),missile_cavalry_chariots,Missile Cavalry
wh2_main_sc_def_dark_elves,wh2_main_sc_def_dark_elves|wh2_main_def_cha_death_hag_0,wh2_main_def_cha_death_hag_0,Death Hag,heroes_agents,Melee Specialist
wh2_main_sc_def_dark_elves,wh2_main_sc_def_dark_elves|wh2_main_def_cha_dreadlord_0,wh2_main_def_cha_dreadlord_0,Dreadlord (Sword & Crossbow),commander,Lord
wh2_main_sc_def_dark_elves,wh2_main_sc_def_dark_elves|wh2_main_def_cha_dreadlord_female_0,wh2_main_def_cha_dreadlord_female_0,Dreadlord (Sword & Shield),commander,Lord
wh2_main_sc_def_dark_elves,wh2_main_sc_def_dark_elves|wh2_main_def_cha_khainite_assassin_0,wh2_main_def_cha_khainite_assassin_0,Khainite Assassin,heroes_agents,Hybrid Weapon Specialist
wh2_main_sc_def_dark_elves,wh2_main_sc_def_dark_elves|wh2_main_def_cha_malekith_0,wh2_main_def_cha_malekith_0,Malekith,commander,Wizard Lord
wh2_main_sc_def_dark_elves,wh2_main_sc_def_dark_elves|wh2_main_def_cha_morathi_0,wh2_main_def_cha_morathi_0,Morathi,commander,Wizard Lord
wh2_main_sc_def_dark_elves,wh2_main_sc_def_dark_elves|wh2_main_def_inf_black_ark_corsairs_0,wh2_main_def_inf_black_ark_corsairs_0,Black Ark Corsairs,infantry,Dual Sword Infantry
wh2_main_sc_def_dark_elves,wh2_main_sc_def_dark_elves|wh2_main_def_inf_black_ark_corsairs_1,wh2_main_def_inf_black_ark_corsairs_1,Black Ark Corsairs (Handbows),missile_infantry,Handbow Infantry
wh2_main_sc_def_dark_elves,wh2_main_sc_def_dark_elves|wh2_main_def_inf_black_guard_0,wh2_main_def_inf_black_guard_0,Black Guard of Naggarond,infantry,Halberd Infantry
wh2_main_sc_def_dark_elves,wh2_main_sc_def_dark_elves|wh2_main_def_inf_bleakswords_0,wh2_main_def_inf_bleakswords_0,Bleakswords,infantry,Sword Infantry
wh2_main_sc_def_dark_elves,wh2_main_sc_def_dark_elves|wh2_main_def_inf_darkshards_0,wh2_main_def_inf_darkshards_0,Darkshards,missile_infantry,Missile Infantry
wh2_main_sc_def_dark_elves,wh2_main_sc_def_dark_elves|wh2_main_def_inf_darkshards_1,wh2_main_def_inf_darkshards_1,Darkshards (Shields),missile_infantry,Missile Infantry
wh2_main_sc_def_dark_elves,wh2_main_sc_def_dark_elves|wh2_main_def_inf_dreadspears_0,wh2_main_def_inf_dreadspears_0,Dreadspears,infantry,Spear Infantry
wh2_main_sc_def_dark_elves,wh2_main_sc_def_dark_elves|wh2_main_def_inf_har_ganeth_executioners_0,wh2_main_def_inf_har_ganeth_executioners_0,Har Ganeth Executioners,infantry,Greatsword Infantry
wh2_main_sc_def_dark_elves,wh2_main_sc_def_dark_elves|wh2_main_def_inf_harpies,wh2_main_def_inf_harpies,Harpies,monster_beasts,Flying Melee Infantry
wh2_main_sc_def_dark_elves,wh2_main_sc_def_dark_elves|wh2_main_def_inf_shades_0,wh2_main_def_inf_shades_0,Shades,missile_infantry,Missile Infantry
wh2_main_sc_def_dark_elves,wh2_main_sc_def_dark_elves|wh2_main_def_inf_shades_1,wh2_main_def_inf_shades_1,Shades (Dual Weapons),missile_infantry,Missile Infantry
wh2_main_sc_def_dark_elves,wh2_main_sc_def_dark_elves|wh2_main_def_inf_shades_2,wh2_main_def_inf_shades_2,Shades (Greatswords),missile_infantry,Missile Infantry
wh2_main_sc_def_dark_elves,wh2_main_sc_def_dark_elves|wh2_main_def_inf_witch_elves_0,wh2_main_def_inf_witch_elves_0,Witch Elves,infantry,Dual Dagger Infantry
wh2_main_sc_def_dark_elves,wh2_main_sc_def_dark_elves|wh2_main_def_mon_black_dragon,wh2_main_def_mon_black_dragon,Black Dragon,monster_beasts,Flying Monster
wh2_main_sc_def_dark_elves,wh2_main_sc_def_dark_elves|wh2_main_def_mon_war_hydra,wh2_main_def_mon_war_hydra,War Hydra,monster_beasts,Monster
wh2_main_sc_def_dark_elves,wh2_main_sc_def_dark_elves|wh2_main_lzd_cav_cold_ones_feral_0,wh2_main_lzd_cav_cold_ones_feral_0,Feral Cold Ones,cavalry_chariots,Cold One Cavalry
wh2_main_sc_def_dark_elves,wh2_main_sc_def_dark_elves|wh2_main_lzd_mon_carnosaur_0,wh2_main_lzd_mon_carnosaur_0,Feral Carnosaur,monster_beasts,Monster
wh2_main_sc_def_dark_elves,wh2_main_sc_def_dark_elves|wh2_main_lzd_mon_stegadon_0,wh2_main_lzd_mon_stegadon_0,Feral Stegadon,monster_beasts,Monster
wh2_main_sc_def_dark_elves,wh2_main_sc_def_dark_elves|wh2_twa03_def_cha_rakarth_0,wh2_twa03_def_cha_rakarth_0,Rakarth,commander,Lord
wh2_main_sc_def_dark_elves,wh2_main_sc_def_dark_elves|wh2_twa03_def_mon_war_mammoth_0,wh2_twa03_def_mon_war_mammoth_0,Feral Mammoth,monster_beasts,War Mammoth
wh2_main_sc_def_dark_elves,wh2_main_sc_def_dark_elves|wh2_twa03_def_mon_wolves_0,wh2_twa03_def_mon_wolves_0,Giant Wolves,monster_beasts,War Beasts
wh2_main_sc_def_dark_elves,wh2_main_sc_def_dark_elves|wh2_twa03_grn_mon_wyvern_0,wh2_twa03_grn_mon_wyvern_0,Feral Wyvern,monster_beasts,Flying Monster
wh2_main_sc_def_dark_elves,wh2_main_sc_def_dark_elves|wh3_main_monster_feral_bears,wh3_main_monster_feral_bears,Feral Bears,monster_beasts,Monster
wh2_main_sc_def_dark_elves,wh2_main_sc_def_dark_elves|wh3_main_monster_feral_ice_bears,wh3_main_monster_feral_ice_bears,Feral Ice Bears,monster_beasts,Monster
wh2_main_sc_def_dark_elves,wh2_main_sc_def_dark_elves|wh3_main_ogr_mon_sabretusk_pack_0,wh3_main_ogr_mon_sabretusk_pack_0,Sabretusk Pack,monster_beasts,War Beasts
wh2_main_sc_def_dark_elves,wh2_main_sc_def_dark_elves|wh_twa03_def_inf_squig_explosive_0,wh_twa03_def_inf_squig_explosive_0,Explosive Squig,monster_beasts,Exploding Beast
wh2_main_sc_hef_high_elves,wh2_main_sc_hef_high_elves|wh2_dlc10_hef_cav_the_fireborn_ror_0,wh2_dlc10_hef_cav_the_fireborn_ror_0,The Fireborn (Dragon Princes),cavalry_chariots,Shock Cavalry
wh2_main_sc_hef_high_elves,wh2_main_sc_hef_high_elves|wh2_dlc10_hef_cav_the_heralds_of_the_wind_ror_0,wh2_dlc10_hef_cav_the_heralds_of_the_wind_ror_0,Heralds of the Wind (Ellyrian Reavers – Bows),missile_cavalry_chariots,Missile Cavalry
wh2_main_sc_hef_high_elves,wh2_main_sc_hef_high_elves|wh2_dlc10_hef_cha_alarielle_the_radiant_0,wh2_dlc10_hef_cha_alarielle_the_radiant_0,Alarielle the Radiant,commander,Wizard Lord
wh2_main_sc_hef_high_elves,wh2_main_sc_hef_high_elves|wh2_dlc10_hef_cha_alith_anar_0,wh2_dlc10_hef_cha_alith_anar_0,Alith Anar,commander,Lord
wh2_main_sc_hef_high_elves,wh2_main_sc_hef_high_elves|wh2_dlc10_hef_cha_handmaiden_0,wh2_dlc10_hef_cha_handmaiden_0,Handmaiden of the Everqueen,heroes_agents,Hybrid Weapon Specialist
wh2_main_sc_hef_high_elves,wh2_main_sc_hef_high_elves|wh2_dlc10_hef_cha_shadow_walker,wh2_dlc10_hef_cha_shadow_walker,Hand of the Shadow Crown,heroes_agents,Assassin
wh2_main_sc_hef_high_elves,wh2_main_sc_hef_high_elves|wh2_dlc10_hef_inf_dryads_0,wh2_dlc10_hef_inf_dryads_0,Dryads,infantry,Creature Infantry
wh2_main_sc_hef_high_elves,wh2_main_sc_hef_high_elves|wh2_dlc10_hef_inf_everqueens_court_guards_ror_0,wh2_dlc10_hef_inf_everqueens_court_guards_ror_0,Everqueen's Court Guards (Sisters of Avelorn),missile_infantry,Missile Infantry
wh2_main_sc_hef_high_elves,wh2_main_sc_hef_high_elves|wh2_dlc10_hef_inf_keepers_of_the_flame_ror_0,wh2_dlc10_hef_inf_keepers_of_the_flame_ror_0,Keepers of the Flame (Phoenix Guard),infantry,Halberd Infantry
wh2_main_sc_hef_high_elves,wh2_main_sc_hef_high_elves|wh2_dlc10_hef_inf_shadow_walkers_0,wh2_dlc10_hef_inf_shadow_walkers_0,Shadow-walkers,missile_infantry,Missile Infantry
wh2_main_sc_hef_high_elves,wh2_main_sc_hef_high_elves|wh2_dlc10_hef_inf_shadow_warriors_0,wh2_dlc10_hef_inf_shadow_warriors_0,Shadow Warriors,missile_infantry,Missile Infantry
wh2_main_sc_hef_high_elves,wh2_main_sc_hef_high_elves|wh2_dlc10_hef_inf_sisters_of_avelorn_0,wh2_dlc10_hef_inf_sisters_of_avelorn_0,Sisters of Avelorn,missile_infantry,Missile Infantry
wh2_main_sc_hef_high_elves,wh2_main_sc_hef_high_elves|wh2_dlc10_hef_inf_the_grey_ror_0,wh2_dlc10_hef_inf_the_grey_ror_0,The Grey (Shadow Warriors),missile_infantry,Missile Infantry
wh2_main_sc_hef_high_elves,wh2_main_sc_hef_high_elves|wh2_dlc10_hef_inf_the_scions_of_mathlann_ror_0,wh2_dlc10_hef_inf_the_scions_of_mathlann_ror_0,The Scions of Mathlann (Spearmen),infantry,Spear Infantry
wh2_main_sc_hef_high_elves,wh2_main_sc_hef_high_elves|wh2_dlc10_hef_inf_the_silverpelts_ror_0,wh2_dlc10_hef_inf_the_silverpelts_ror_0,The Puremane Company (White Lions of Chrace),infantry,Great Axe Infantry
wh2_main_sc_hef_high_elves,wh2_main_sc_hef_high_elves|wh2_dlc10_hef_inf_the_storm_riders_ror_0,wh2_dlc10_hef_inf_the_storm_riders_ror_0,The Storm Riders (Lothern Sea Guard),missile_infantry,Missile & Spear Infantry
wh2_main_sc_hef_high_elves,wh2_main_sc_hef_high_elves|wh2_dlc10_hef_mon_treekin_0,wh2_dlc10_hef_mon_treekin_0,Tree Kin,monster_beasts,Monstrous Infantry
wh2_main_sc_hef_high_elves,wh2_main_sc_hef_high_elves|wh2_dlc10_hef_mon_treeman_0,wh2_dlc10_hef_mon_treeman_0,Treeman,monster_beasts,Monster
wh2_main_sc_hef_high_elves,wh2_main_sc_hef_high_elves|wh2_dlc15_hef_cha_archmage_beasts_0,wh2_dlc15_hef_cha_archmage_beasts_0,Archmage,commander,Wizard Lord
wh2_main_sc_hef_high_elves,wh2_main_sc_hef_high_elves|wh2_dlc15_hef_cha_eltharion_the_grim_0,wh2_dlc15_hef_cha_eltharion_the_grim_0,Eltharion the Grim,commander,Lord
wh2_main_sc_hef_high_elves,wh2_main_sc_hef_high_elves|wh2_dlc15_hef_cha_imrik_0,wh2_dlc15_hef_cha_imrik_0,Imrik,commander,Lord
wh2_main_sc_hef_high_elves,wh2_main_sc_hef_high_elves|wh2_dlc15_hef_cha_mage_beasts_0,wh2_dlc15_hef_cha_mage_beasts_0,Mage,heroes_agents,Wizard
wh2_main_sc_hef_high_elves,wh2_main_sc_hef_high_elves|wh2_dlc15_hef_inf_archers_ror_0,wh2_dlc15_hef_inf_archers_ror_0,Talons of Tor Caleda (Archers – Light Armour),missile_infantry,Missile Infantry
wh2_main_sc_hef_high_elves,wh2_main_sc_hef_high_elves|wh2_dlc15_hef_inf_mistwalkers_faithbearers_0,wh2_dlc15_hef_inf_mistwalkers_faithbearers_0,Athel Tamarha Faithbearers,infantry,Mistwalker Sword Infantry
wh2_main_sc_hef_high_elves,wh2_main_sc_hef_high_elves|wh2_dlc15_hef_inf_mistwalkers_griffon_knights_0,wh2_dlc15_hef_inf_mistwalkers_griffon_knights_0,Knights of Tor Gaval,monster_beasts,Mistwalker Monstrous Cavalry
wh2_main_sc_hef_high_elves,wh2_main_sc_hef_high_elves|wh2_dlc15_hef_inf_mistwalkers_sentinels_0,wh2_dlc15_hef_inf_mistwalkers_sentinels_0,Sentinels of Astaril,missile_infantry,Mistwalker Hybrid Infantry
wh2_main_sc_hef_high_elves,wh2_main_sc_hef_high_elves|wh2_dlc15_hef_inf_mistwalkers_skyhawks_0,wh2_dlc15_hef_inf_mistwalkers_skyhawks_0,The Skyhawks,missile_infantry,Mistwalker Hybrid Infantry
wh2_main_sc_hef_high_elves,wh2_main_sc_hef_high_elves|wh2_dlc15_hef_inf_mistwalkers_spireguard_0,wh2_dlc15_hef_inf_mistwalkers_spireguard_0,Spire Guard of Tor Yvresse,missile_infantry,Mistwalker Hybrid Infantry
wh2_main_sc_hef_high_elves,wh2_main_sc_hef_high_elves|wh2_dlc15_hef_inf_rangers_0,wh2_dlc15_hef_inf_rangers_0,Rangers,infantry,Dual Sword Infantry
wh2_main_sc_hef_high_elves,wh2_main_sc_hef_high_elves|wh2_dlc15_hef_inf_silverin_guard_0,wh2_dlc15_hef_inf_silverin_guard_0,Silverin Guard,infantry,Spear Infantry
wh2_main_sc_hef_high_elves,wh2_main_sc_hef_high_elves|wh2_dlc15_hef_mon_arcane_phoenix_0,wh2_dlc15_hef_mon_arcane_phoenix_0,Arcane Phoenix,monster_beasts,Flying Monster
wh2_main_sc_hef_high_elves,wh2_main_sc_hef_high_elves|wh2_dlc15_hef_mon_arcane_phoenix_ror_0,wh2_dlc15_hef_mon_arcane_phoenix_ror_0,Omen of Asuryan (Arcane Phoenix),monster_beasts,Flying Monster
wh2_main_sc_hef_high_elves,wh2_main_sc_hef_high_elves|wh2_dlc15_hef_mon_black_dragon_imrik,wh2_dlc15_hef_mon_black_dragon_imrik,Shackolot the Calamity,monster_beasts,Flying Monster
wh2_main_sc_hef_high_elves,wh2_main_sc_hef_high_elves|wh2_dlc15_hef_mon_forest_dragon_imrik,wh2_dlc15_hef_mon_forest_dragon_imrik,"Bruwor, Protector of Life",monster_beasts,Flying Monster
wh2_main_sc_hef_high_elves,wh2_main_sc_hef_high_elves|wh2_dlc15_hef_mon_moon_dragon_imrik,wh2_dlc15_hef_mon_moon_dragon_imrik,Lamoureux the Frozen Breath,monster_beasts,Flying Monster
wh2_main_sc_hef_high_elves,wh2_main_sc_hef_high_elves|wh2_dlc15_hef_mon_star_dragon_imrik,wh2_dlc15_hef_mon_star_dragon_imrik,Ymwrath the Eternal,monster_beasts,Flying Monster
wh2_main_sc_hef_high_elves,wh2_main_sc_hef_high_elves|wh2_dlc15_hef_mon_sun_dragon_imrik,wh2_dlc15_hef_mon_sun_dragon_imrik,"Gordinar, Champion of the Flame",monster_beasts,Flying Monster
wh2_main_sc_hef_high_elves,wh2_main_sc_hef_high_elves|wh2_dlc15_hef_mon_war_lions_of_chrace_0,wh2_dlc15_hef_mon_war_lions_of_chrace_0,War Lions of Chrace,monster_beasts,War Beasts
wh2_main_sc_hef_high_elves,wh2_main_sc_hef_high_elves|wh2_dlc15_hef_mon_war_lions_of_chrace_ror_0,wh2_dlc15_hef_mon_war_lions_of_chrace_ror_0,Rahagra's Pride (War Lions of Chrace),monster_beasts,War Beasts
wh2_main_sc_hef_high_elves,wh2_main_sc_hef_high_elves|wh2_dlc15_hef_veh_lion_chariot_of_chrace_0,wh2_dlc15_hef_veh_lion_chariot_of_chrace_0,Lion Chariots of Chrace,cavalry_chariots,Monstrous Chariot
wh2_main_sc_hef_high_elves,wh2_main_sc_hef_high_elves|wh2_main_hef_art_eagle_claw_bolt_thrower,wh2_main_hef_art_eagle_claw_bolt_thrower,Eagle Claw Bolt Throwers,artillery_war_machines,Field Artillery
wh2_main_sc_hef_high_elves,wh2_main_sc_hef_high_elves|wh2_main_hef_cav_dragon_princes,wh2_main_hef_cav_dragon_princes,Dragon Princes,cavalry_chariots,Shock Cavalry
wh2_main_sc_hef_high_elves,wh2_main_sc_hef_high_elves|wh2_main_hef_cav_ellyrian_reavers_0,wh2_main_hef_cav_ellyrian_reavers_0,Ellyrian Reavers,cavalry_chariots,Shock Cavalry
wh2_main_sc_hef_high_elves,wh2_main_sc_hef_high_elves|wh2_main_hef_cav_ellyrian_reavers_1,wh2_main_hef_cav_ellyrian_reavers_1,Ellyrian Reaver Archers,missile_cavalry_chariots,Missile Cavalry
wh2_main_sc_hef_high_elves,wh2_main_sc_hef_high_elves|wh2_main_hef_cav_ithilmar_chariot,wh2_main_hef_cav_ithilmar_chariot,Ithilmar Chariots,cavalry_chariots,Chariot
wh2_main_sc_hef_high_elves,wh2_main_sc_hef_high_elves|wh2_main_hef_cav_silver_helms_0,wh2_main_hef_cav_silver_helms_0,Silver Helms,cavalry_chariots,Shock Cavalry
wh2_main_sc_hef_high_elves,wh2_main_sc_hef_high_elves|wh2_main_hef_cav_silver_helms_1,wh2_main_hef_cav_silver_helms_1,Silver Helms (Shields),cavalry_chariots,Shock Cavalry
wh2_main_sc_hef_high_elves,wh2_main_sc_hef_high_elves|wh2_main_hef_cav_tiranoc_chariot,wh2_main_hef_cav_tiranoc_chariot,Tiranoc Chariots,missile_cavalry_chariots,Missile Chariot
wh2_main_sc_hef_high_elves,wh2_main_sc_hef_high_elves|wh2_main_hef_cha_alastair_0,wh2_main_hef_cha_alastair_0,Alastar the White Lion,commander,Lord
wh2_main_sc_hef_high_elves,wh2_main_sc_hef_high_elves|wh2_main_hef_cha_loremaster_of_hoeth_0,wh2_main_hef_cha_loremaster_of_hoeth_0,Loremaster of Hoeth,heroes_agents,Wizard
wh2_main_sc_hef_high_elves,wh2_main_sc_hef_high_elves|wh2_main_hef_cha_noble_0,wh2_main_hef_cha_noble_0,Noble,heroes_agents,Melee Specialist
wh2_main_sc_hef_high_elves,wh2_main_sc_hef_high_elves|wh2_main_hef_cha_prince_0,wh2_main_hef_cha_prince_0,Prince,commander,Lord
wh2_main_sc_hef_high_elves,wh2_main_sc_hef_high_elves|wh2_main_hef_cha_princess_0,wh2_main_hef_cha_princess_0,Princess,commander,Lord
wh2_main_sc_hef_high_elves,wh2_main_sc_hef_high_elves|wh2_main_hef_cha_teclis_0,wh2_main_hef_cha_teclis_0,Teclis,commander,Wizard Lord
wh2_main_sc_hef_high_elves,wh2_main_sc_hef_high_elves|wh2_main_hef_cha_tyrion_0,wh2_main_hef_cha_tyrion_0,Tyrion,commander,Lord
wh2_main_sc_hef_high_elves,wh2_main_sc_hef_high_elves|wh2_main_hef_inf_archers_0,wh2_main_hef_inf_archers_0,Archers,missile_infantry,Missile Infantry
wh2_main_sc_hef_high_elves,wh2_main_sc_hef_high_elves|wh2_main_hef_inf_archers_1,wh2_main_hef_inf_archers_1,Archers (Light Armour),missile_infantry,Missile Infantry
wh2_main_sc_hef_high_elves,wh2_main_sc_hef_high_elves|wh2_main_hef_inf_gate_guard,wh2_main_hef_inf_gate_guard,Gate Guard,missile_infantry,Missile & Spear Infantry
wh2_main_sc_hef_high_elves,wh2_main_sc_hef_high_elves|wh2_main_hef_inf_lothern_sea_guard_0,wh2_main_hef_inf_lothern_sea_guard_0,Lothern Sea Guard,missile_infantry,Missile & Spear Infantry
wh2_main_sc_hef_high_elves,wh2_main_sc_hef_high_elves|wh2_main_hef_inf_lothern_sea_guard_1,wh2_main_hef_inf_lothern_sea_guard_1,Lothern Sea Guard (Shields),missile_infantry,Missile & Spear Infantry
wh2_main_sc_hef_high_elves,wh2_main_sc_hef_high_elves|wh2_main_hef_inf_phoenix_guard,wh2_main_hef_inf_phoenix_guard,Phoenix Guard,infantry,Halberd Infantry
wh2_main_sc_hef_high_elves,wh2_main_sc_hef_high_elves|wh2_main_hef_inf_spearmen_0,wh2_main_hef_inf_spearmen_0,Spearmen,infantry,Spear Infantry
wh2_main_sc_hef_high_elves,wh2_main_sc_hef_high_elves|wh2_main_hef_inf_swordmasters_of_hoeth_0,wh2_main_hef_inf_swordmasters_of_hoeth_0,Swordmasters of Hoeth,infantry,Greatsword Infantry
wh2_main_sc_hef_high_elves,wh2_main_sc_hef_high_elves|wh2_main_hef_inf_white_lions_of_chrace_0,wh2_main_hef_inf_white_lions_of_chrace_0,White Lions of Chrace,infantry,Great Axe Infantry
wh2_main_sc_hef_high_elves,wh2_main_sc_hef_high_elves|wh2_main_hef_mon_great_eagle,wh2_main_hef_mon_great_eagle,Great Eagle,monster_beasts,Flying Monster
wh2_main_sc_hef_high_elves,wh2_main_sc_hef_high_elves|wh2_main_hef_mon_moon_dragon,wh2_main_hef_mon_moon_dragon,Moon Dragon,monster_beasts,Flying Monster
wh2_main_sc_hef_high_elves,wh2_main_sc_hef_high_elves|wh2_main_hef_mon_phoenix_flamespyre,wh2_main_hef_mon_phoenix_flamespyre,Flamespyre Phoenix,monster_beasts,Flying Monster
wh2_main_sc_hef_high_elves,wh2_main_sc_hef_high_elves|wh2_main_hef_mon_phoenix_frostheart,wh2_main_hef_mon_phoenix_frostheart,Frostheart Phoenix,monster_beasts,Flying Monster
wh2_main_sc_hef_high_elves,wh2_main_sc_hef_high_elves|wh2_main_hef_mon_star_dragon,wh2_main_hef_mon_star_dragon,Star Dragon,monster_beasts,Flying Monster
wh2_main_sc_hef_high_elves,wh2_main_sc_hef_high_elves|wh2_main_hef_mon_sun_dragon,wh2_main_hef_mon_sun_dragon,Sun Dragon,monster_beasts,Flying Monster
wh2_main_sc_hef_high_elves,wh2_main_sc_hef_high_elves|wh3_dlc27_hef_cha_caradryan,wh3_dlc27_hef_cha_caradryan,Caradryan,heroes_agents,Melee Specialist
wh2_main_sc_hef_high_elves,wh2_main_sc_hef_high_elves|wh3_dlc27_hef_cha_mist_mage,wh3_dlc27_hef_cha_mist_mage,Mist Mage,heroes_agents,Support Wizard
wh2_main_sc_hef_high_elves,wh2_main_sc_hef_high_elves|wh3_dlc27_hef_cha_sea_helm,wh3_dlc27_hef_cha_sea_helm,Sea Helm,commander,Lord
wh2_main_sc_hef_high_elves,wh2_main_sc_hef_high_elves|wh3_dlc27_hef_cha_sea_lord_aislinn,wh3_dlc27_hef_cha_sea_lord_aislinn,Sea Lord Aislinn,commander,Lord
wh2_main_sc_hef_high_elves,wh2_main_sc_hef_high_elves|wh3_dlc27_hef_inf_oceanids,wh3_dlc27_hef_inf_oceanids,Oceanids,monster_beasts,Monstrous Infantry
wh2_main_sc_hef_high_elves,wh2_main_sc_hef_high_elves|wh3_dlc27_hef_inf_ships_company,wh3_dlc27_hef_inf_ships_company,Ship's Company,infantry,Sword Infantry
wh2_main_sc_hef_high_elves,wh2_main_sc_hef_high_elves|wh3_dlc27_hef_inf_ships_company_ror,wh3_dlc27_hef_inf_ships_company_ror,Company of the Kalendirian (Ship's Company),infantry,Great Axe Infantry
wh2_main_sc_hef_high_elves,wh2_main_sc_hef_high_elves|wh3_dlc27_hef_inf_swordmasters_of_hoeth_ror,wh3_dlc27_hef_inf_swordmasters_of_hoeth_ror,Blades of Hoeth (Swordmasters of Hoeth),infantry,Greatsword Infantry
wh2_main_sc_hef_high_elves,wh2_main_sc_hef_high_elves|wh3_dlc27_hef_mon_merwyrm,wh3_dlc27_hef_mon_merwyrm,Merwyrm,monster_beasts,Colossal Monster
wh2_main_sc_hef_high_elves,wh2_main_sc_hef_high_elves|wh3_dlc27_hef_mon_merwyrm_ror,wh3_dlc27_hef_mon_merwyrm_ror,Silak One-eye (Merwyrm),monster_beasts,Colossal Monster
wh2_main_sc_hef_high_elves,wh2_main_sc_hef_high_elves|wh3_dlc27_hef_mon_sea_elemental,wh3_dlc27_hef_mon_sea_elemental,Sea Elemental,monster_beasts,Monster
wh2_main_sc_hef_high_elves,wh2_main_sc_hef_high_elves|wh3_dlc27_hef_veh_skycutter_bolt_thrower,wh3_dlc27_hef_veh_skycutter_bolt_thrower,Lothern Skycutters (Bolt Throwers),missile_cavalry_chariots,Flying Missile Chariot
wh2_main_sc_hef_high_elves,wh2_main_sc_hef_high_elves|wh3_dlc27_hef_veh_skycutter_bows,wh3_dlc27_hef_veh_skycutter_bows,Lothern Skycutters,missile_cavalry_chariots,Flying Missile Chariot
wh2_main_sc_lzd_lizardmen,wh2_main_sc_lzd_lizardmen|wh2_dlc12_lzd_cav_cold_one_spearriders_ror_0,wh2_dlc12_lzd_cav_cold_one_spearriders_ror_0,Pok-Hopak Cohort (Cold One Spear-Riders),cavalry_chariots,Cold One Spear Cavalry
wh2_main_sc_lzd_lizardmen,wh2_main_sc_lzd_lizardmen|wh2_dlc12_lzd_cav_ripperdactyl_riders_0,wh2_dlc12_lzd_cav_ripperdactyl_riders_0,Ripperdactyl Riders,cavalry_chariots,Flying Cavalry
wh2_main_sc_lzd_lizardmen,wh2_main_sc_lzd_lizardmen|wh2_dlc12_lzd_cav_ripperdactyl_riders_0_blessed,wh2_dlc12_lzd_cav_ripperdactyl_riders_0_blessed,Blessed Ripperdactyl Riders,cavalry_chariots,Flying Cavalry
wh2_main_sc_lzd_lizardmen,wh2_main_sc_lzd_lizardmen|wh2_dlc12_lzd_cav_ripperdactyl_riders_ror_0,wh2_dlc12_lzd_cav_ripperdactyl_riders_ror_0,Colossadon Hunters (Ripperdactyl Riders),cavalry_chariots,Flying Cavalry
wh2_main_sc_lzd_lizardmen,wh2_main_sc_lzd_lizardmen|wh2_dlc12_lzd_cav_terradon_riders_ror_0,wh2_dlc12_lzd_cav_terradon_riders_ror_0,Pahaux Sentinels (Terradon Riders),missile_monster_beasts,Flying Missile Cavalry
wh2_main_sc_lzd_lizardmen,wh2_main_sc_lzd_lizardmen|wh2_dlc12_lzd_cha_skink_chief_red_crested_0,wh2_dlc12_lzd_cha_skink_chief_red_crested_0,Red Crested Skink Chief,commander,Lord
wh2_main_sc_lzd_lizardmen,wh2_main_sc_lzd_lizardmen|wh2_dlc12_lzd_cha_tehenhauin_0,wh2_dlc12_lzd_cha_tehenhauin_0,Tehenhauin,commander,Lord
wh2_main_sc_lzd_lizardmen,wh2_main_sc_lzd_lizardmen|wh2_dlc12_lzd_cha_tiktaqto_1,wh2_dlc12_lzd_cha_tiktaqto_1,Tiktaq'to,commander,Lord
wh2_main_sc_lzd_lizardmen,wh2_main_sc_lzd_lizardmen|wh2_dlc12_lzd_inf_saurus_warriors_ror_0,wh2_dlc12_lzd_inf_saurus_warriors_ror_0,Legion of Chaqua (Saurus Spears),infantry,Spear Infantry
wh2_main_sc_lzd_lizardmen,wh2_main_sc_lzd_lizardmen|wh2_dlc12_lzd_inf_skink_red_crested_0,wh2_dlc12_lzd_inf_skink_red_crested_0,Red Crested Skinks,infantry,Great Axe Infantry
wh2_main_sc_lzd_lizardmen,wh2_main_sc_lzd_lizardmen|wh2_dlc12_lzd_inf_skink_red_crested_ror_0,wh2_dlc12_lzd_inf_skink_red_crested_ror_0,Cohort of Sotek (Red Crested Skinks),infantry,Great Axe Infantry
wh2_main_sc_lzd_lizardmen,wh2_main_sc_lzd_lizardmen|wh2_dlc12_lzd_inf_temple_guards_ror_0,wh2_dlc12_lzd_inf_temple_guards_ror_0,Star Chamber Guardians (Temple Guard),infantry,Halberd Infantry
wh2_main_sc_lzd_lizardmen,wh2_main_sc_lzd_lizardmen|wh2_dlc12_lzd_lzd_cha_kroak_0,wh2_dlc12_lzd_lzd_cha_kroak_0,Lord Kroak,heroes_agents,Wizard
wh2_main_sc_lzd_lizardmen,wh2_main_sc_lzd_lizardmen|wh2_dlc12_lzd_mon_ancient_salamander_0,wh2_dlc12_lzd_mon_ancient_salamander_0,Ancient Salamander,missile_monster_beasts,Missile Monster
wh2_main_sc_lzd_lizardmen,wh2_main_sc_lzd_lizardmen|wh2_dlc12_lzd_mon_ancient_salamander_0_blessed,wh2_dlc12_lzd_mon_ancient_salamander_0_blessed,Blessed Ancient Salamander,missile_monster_beasts,Missile Monster
wh2_main_sc_lzd_lizardmen,wh2_main_sc_lzd_lizardmen|wh2_dlc12_lzd_mon_ancient_stegadon_1,wh2_dlc12_lzd_mon_ancient_stegadon_1,Ancient Stegadon (Engine of the Gods),monster_beasts,Support Monster
wh2_main_sc_lzd_lizardmen,wh2_main_sc_lzd_lizardmen|wh2_dlc12_lzd_mon_ancient_stegadon_ror_0,wh2_dlc12_lzd_mon_ancient_stegadon_ror_0,The Thunderous One (Ancient Stegadon),missile_monster_beasts,Missile Monster
wh2_main_sc_lzd_lizardmen,wh2_main_sc_lzd_lizardmen|wh2_dlc12_lzd_mon_bastiladon_3,wh2_dlc12_lzd_mon_bastiladon_3,Bastiladon (Ark of Sotek),monster_beasts,Support Monster
wh2_main_sc_lzd_lizardmen,wh2_main_sc_lzd_lizardmen|wh2_dlc12_lzd_mon_salamander_pack_0,wh2_dlc12_lzd_mon_salamander_pack_0,Salamander Hunting Pack,missile_monster_beasts,Monstrous Missile Beasts
wh2_main_sc_lzd_lizardmen,wh2_main_sc_lzd_lizardmen|wh2_dlc12_lzd_mon_salamander_pack_0_blessed,wh2_dlc12_lzd_mon_salamander_pack_0_blessed,Blessed Salamander Hunting Pack,missile_monster_beasts,Monstrous Missile Beasts
wh2_main_sc_lzd_lizardmen,wh2_main_sc_lzd_lizardmen|wh2_dlc12_lzd_mon_salamander_pack_ror_0,wh2_dlc12_lzd_mon_salamander_pack_ror_0,The Umbral Tide (Salamander Hunting Pack),missile_monster_beasts,Monstrous Missile Beasts
wh2_main_sc_lzd_lizardmen,wh2_main_sc_lzd_lizardmen|wh2_dlc13_lzd_cha_gor_rok_0,wh2_dlc13_lzd_cha_gor_rok_0,Gor-Rok,commander,Lord
wh2_main_sc_lzd_lizardmen,wh2_main_sc_lzd_lizardmen|wh2_dlc13_lzd_cha_kroxigor_ancient_0,wh2_dlc13_lzd_cha_kroxigor_ancient_0,Kroxigor Ancient,commander,Lord
wh2_main_sc_lzd_lizardmen,wh2_main_sc_lzd_lizardmen|wh2_dlc13_lzd_cha_nakai_0,wh2_dlc13_lzd_cha_nakai_0,Nakai the Wanderer,commander,Lord
wh2_main_sc_lzd_lizardmen,wh2_main_sc_lzd_lizardmen|wh2_dlc13_lzd_cha_slann_mage_priest_fire_0,wh2_dlc13_lzd_cha_slann_mage_priest_fire_0,Slann Mage-Priest,commander,Wizard Lord
wh2_main_sc_lzd_lizardmen,wh2_main_sc_lzd_lizardmen|wh2_dlc13_lzd_mon_dread_saurian_0,wh2_dlc13_lzd_mon_dread_saurian_0,Feral Dread Saurian,monster_beasts,Colossal Monster
wh2_main_sc_lzd_lizardmen,wh2_main_sc_lzd_lizardmen|wh2_dlc13_lzd_mon_dread_saurian_1,wh2_dlc13_lzd_mon_dread_saurian_1,Dread Saurian,monster_beasts,Colossal Monster
wh2_main_sc_lzd_lizardmen,wh2_main_sc_lzd_lizardmen|wh2_dlc13_lzd_mon_dread_saurian_ror_0,wh2_dlc13_lzd_mon_dread_saurian_ror_0,The Shredder of Lustria (Dread Saurian),monster_beasts,Colossal Monster
wh2_main_sc_lzd_lizardmen,wh2_main_sc_lzd_lizardmen|wh2_dlc13_lzd_mon_razordon_pack_0,wh2_dlc13_lzd_mon_razordon_pack_0,Razordon Hunting Pack,missile_monster_beasts,Monstrous Missile Beasts
wh2_main_sc_lzd_lizardmen,wh2_main_sc_lzd_lizardmen|wh2_dlc13_lzd_mon_razordon_pack_0_blessed,wh2_dlc13_lzd_mon_razordon_pack_0_blessed,Blessed Razordon Hunting Pack,missile_monster_beasts,Monstrous Missile Beasts
wh2_main_sc_lzd_lizardmen,wh2_main_sc_lzd_lizardmen|wh2_dlc13_lzd_mon_razordon_pack_ror_0,wh2_dlc13_lzd_mon_razordon_pack_ror_0,Amaxon Barbs (Razordon Hunting Pack),missile_monster_beasts,Monstrous Missile Beasts
wh2_main_sc_lzd_lizardmen,wh2_main_sc_lzd_lizardmen|wh2_dlc13_lzd_mon_sacred_kroxigors_0,wh2_dlc13_lzd_mon_sacred_kroxigors_0,Sacred Kroxigor,monster_beasts,Monstrous Infantry
wh2_main_sc_lzd_lizardmen,wh2_main_sc_lzd_lizardmen|wh2_dlc13_lzd_mon_sacred_kroxigors_0_blessed,wh2_dlc13_lzd_mon_sacred_kroxigors_0_blessed,Blessed Sacred Kroxigor,monster_beasts,Monstrous Infantry
wh2_main_sc_lzd_lizardmen,wh2_main_sc_lzd_lizardmen|wh2_dlc13_lzd_mon_sacred_kroxigors_ror_0,wh2_dlc13_lzd_mon_sacred_kroxigors_ror_0,Cohort of Huatl (Sacred Kroxigor),monster_beasts,Monstrous Infantry
wh2_main_sc_lzd_lizardmen,wh2_main_sc_lzd_lizardmen|wh2_dlc17_lzd_cha_oxyotl_0,wh2_dlc17_lzd_cha_oxyotl_0,Oxyotl,commander,Lord
wh2_main_sc_lzd_lizardmen,wh2_main_sc_lzd_lizardmen|wh2_dlc17_lzd_cha_skink_oracle_troglodon_0,wh2_dlc17_lzd_cha_skink_oracle_troglodon_0,Skink Oracle,heroes_agents,Wizard
wh2_main_sc_lzd_lizardmen,wh2_main_sc_lzd_lizardmen|wh2_dlc17_lzd_inf_chameleon_stalkers_0,wh2_dlc17_lzd_inf_chameleon_stalkers_0,Chameleon Stalkers,infantry,Shock Infantry
wh2_main_sc_lzd_lizardmen,wh2_main_sc_lzd_lizardmen|wh2_dlc17_lzd_inf_chameleon_stalkers_0_blessed,wh2_dlc17_lzd_inf_chameleon_stalkers_0_blessed,Blessed Chameleon Stalkers,infantry,Shock Infantry
wh2_main_sc_lzd_lizardmen,wh2_main_sc_lzd_lizardmen|wh2_dlc17_lzd_mon_carnosaur_ror_0,wh2_dlc17_lzd_mon_carnosaur_ror_0,Geltblöm's Terror (Feral Carnosaur),monster_beasts,Monster
wh2_main_sc_lzd_lizardmen,wh2_main_sc_lzd_lizardmen|wh2_dlc17_lzd_mon_coatl_0,wh2_dlc17_lzd_mon_coatl_0,Coatl,monster_beasts,Flying Support Monster
wh2_main_sc_lzd_lizardmen,wh2_main_sc_lzd_lizardmen|wh2_dlc17_lzd_mon_coatl_ror_0,wh2_dlc17_lzd_mon_coatl_ror_0,Spirit of Tepok (Coatl),monster_beasts,Flying Support Monster
wh2_main_sc_lzd_lizardmen,wh2_main_sc_lzd_lizardmen|wh2_dlc17_lzd_mon_troglodon_0,wh2_dlc17_lzd_mon_troglodon_0,Feral Troglodon,missile_monster_beasts,Missile Monster
wh2_main_sc_lzd_lizardmen,wh2_main_sc_lzd_lizardmen|wh2_dlc17_lzd_mon_troglodon_ror_0,wh2_dlc17_lzd_mon_troglodon_ror_0,The Pale Death (Feral Troglodon),missile_monster_beasts,Missile Monster
wh2_main_sc_lzd_lizardmen,wh2_main_sc_lzd_lizardmen|wh2_main_lzd_cav_cold_one_spearmen_1,wh2_main_lzd_cav_cold_one_spearmen_1,Cold One Spear-Riders,cavalry_chariots,Cold One Spear Cavalry
wh2_main_sc_lzd_lizardmen,wh2_main_sc_lzd_lizardmen|wh2_main_lzd_cav_cold_one_spearriders_blessed_0,wh2_main_lzd_cav_cold_one_spearriders_blessed_0,Blessed Cold One Spear-Riders,cavalry_chariots,Cold One Spear Cavalry
wh2_main_sc_lzd_lizardmen,wh2_main_sc_lzd_lizardmen|wh2_main_lzd_cav_cold_ones_1,wh2_main_lzd_cav_cold_ones_1,Cold One Riders,cavalry_chariots,Cold One Cavalry
wh2_main_sc_lzd_lizardmen,wh2_main_sc_lzd_lizardmen|wh2_main_lzd_cav_cold_ones_feral_0,wh2_main_lzd_cav_cold_ones_feral_0,Feral Cold Ones,cavalry_chariots,Cold One Cavalry
wh2_main_sc_lzd_lizardmen,wh2_main_sc_lzd_lizardmen|wh2_main_lzd_cav_horned_ones_0,wh2_main_lzd_cav_horned_ones_0,Horned Ones,cavalry_chariots,Cavalry
wh2_main_sc_lzd_lizardmen,wh2_main_sc_lzd_lizardmen|wh2_main_lzd_cav_horned_ones_blessed_0,wh2_main_lzd_cav_horned_ones_blessed_0,Blessed Horned Ones,cavalry_chariots,Cavalry
wh2_main_sc_lzd_lizardmen,wh2_main_sc_lzd_lizardmen|wh2_main_lzd_cav_terradon_riders_0,wh2_main_lzd_cav_terradon_riders_0,Terradon Riders,missile_monster_beasts,Flying Missile Cavalry
wh2_main_sc_lzd_lizardmen,wh2_main_sc_lzd_lizardmen|wh2_main_lzd_cav_terradon_riders_0_blessed,wh2_main_lzd_cav_terradon_riders_0_blessed,Blessed Terradon Riders,missile_monster_beasts,Flying Missile Cavalry
wh2_main_sc_lzd_lizardmen,wh2_main_sc_lzd_lizardmen|wh2_main_lzd_cav_terradon_riders_1,wh2_main_lzd_cav_terradon_riders_1,Terradon Riders (Fireleech Bolas),missile_monster_beasts,Flying Missile Cavalry
wh2_main_sc_lzd_lizardmen,wh2_main_sc_lzd_lizardmen|wh2_main_lzd_cav_terradon_riders_blessed_1,wh2_main_lzd_cav_terradon_riders_blessed_1,Blessed Terradon Riders (Fireleech Bolas),missile_monster_beasts,Flying Missile Cavalry
wh2_main_sc_lzd_lizardmen,wh2_main_sc_lzd_lizardmen|wh2_main_lzd_cha_kroq_gar_0,wh2_main_lzd_cha_kroq_gar_0,Kroq-Gar,commander,Lord
wh2_main_sc_lzd_lizardmen,wh2_main_sc_lzd_lizardmen|wh2_main_lzd_cha_lord_mazdamundi_0,wh2_main_lzd_cha_lord_mazdamundi_0,Lord Mazdamundi,commander,Wizard Lord
wh2_main_sc_lzd_lizardmen,wh2_main_sc_lzd_lizardmen|wh2_main_lzd_cha_saurus_old_blood_0,wh2_main_lzd_cha_saurus_old_blood_0,Saurus Oldblood,commander,Lord
wh2_main_sc_lzd_lizardmen,wh2_main_sc_lzd_lizardmen|wh2_main_lzd_cha_saurus_scar_veteran_0,wh2_main_lzd_cha_saurus_scar_veteran_0,Saurus Scar-Veteran,heroes_agents,Melee Specialist
wh2_main_sc_lzd_lizardmen,wh2_main_sc_lzd_lizardmen|wh2_main_lzd_cha_skink_chief_0,wh2_main_lzd_cha_skink_chief_0,Skink Chief,heroes_agents,Missile Specialist
wh2_main_sc_lzd_lizardmen,wh2_main_sc_lzd_lizardmen|wh2_main_lzd_cha_skink_priest_beasts_0,wh2_main_lzd_cha_skink_priest_beasts_0,Skink Priest,heroes_agents,Wizard
wh2_main_sc_lzd_lizardmen,wh2_main_sc_lzd_lizardmen|wh2_main_lzd_inf_chameleon_skinks_0,wh2_main_lzd_inf_chameleon_skinks_0,Chameleon Skinks,missile_infantry,Missile Infantry
wh2_main_sc_lzd_lizardmen,wh2_main_sc_lzd_lizardmen|wh2_main_lzd_inf_chameleon_skinks_blessed_0,wh2_main_lzd_inf_chameleon_skinks_blessed_0,Blessed Chameleon Skinks,missile_infantry,Missile Infantry
wh2_main_sc_lzd_lizardmen,wh2_main_sc_lzd_lizardmen|wh2_main_lzd_inf_saurus_spearmen_0,wh2_main_lzd_inf_saurus_spearmen_0,Saurus Spears,infantry,Spear Infantry
wh2_main_sc_lzd_lizardmen,wh2_main_sc_lzd_lizardmen|wh2_main_lzd_inf_saurus_spearmen_1,wh2_main_lzd_inf_saurus_spearmen_1,Saurus Spears (Shields),infantry,Spear Infantry
wh2_main_sc_lzd_lizardmen,wh2_main_sc_lzd_lizardmen|wh2_main_lzd_inf_saurus_spearmen_blessed_1,wh2_main_lzd_inf_saurus_spearmen_blessed_1,Blessed Saurus Spears (Shields),infantry,Spear Infantry
wh2_main_sc_lzd_lizardmen,wh2_main_sc_lzd_lizardmen|wh2_main_lzd_inf_saurus_warriors_0,wh2_main_lzd_inf_saurus_warriors_0,Saurus Warriors,infantry,Mace Infantry
wh2_main_sc_lzd_lizardmen,wh2_main_sc_lzd_lizardmen|wh2_main_lzd_inf_saurus_warriors_1,wh2_main_lzd_inf_saurus_warriors_1,Saurus Warriors (Shields),infantry,Mace Infantry
wh2_main_sc_lzd_lizardmen,wh2_main_sc_lzd_lizardmen|wh2_main_lzd_inf_saurus_warriors_blessed_1,wh2_main_lzd_inf_saurus_warriors_blessed_1,Blessed Saurus Warriors (Shields),infantry,Mace Infantry
wh2_main_sc_lzd_lizardmen,wh2_main_sc_lzd_lizardmen|wh2_main_lzd_inf_skink_cohort_0,wh2_main_lzd_inf_skink_cohort_0,Skink Cohort,infantry,Cudgel Infantry
wh2_main_sc_lzd_lizardmen,wh2_main_sc_lzd_lizardmen|wh2_main_lzd_inf_skink_cohort_1,wh2_main_lzd_inf_skink_cohort_1,Skink Cohort (Javelins),missile_infantry,Missile Infantry
wh2_main_sc_lzd_lizardmen,wh2_main_sc_lzd_lizardmen|wh2_main_lzd_inf_skink_cohort_1_blessed,wh2_main_lzd_inf_skink_cohort_1_blessed,Blessed Skink Cohort (Javelins),missile_infantry,Missile Infantry
wh2_main_sc_lzd_lizardmen,wh2_main_sc_lzd_lizardmen|wh2_main_lzd_inf_skink_skirmishers_0,wh2_main_lzd_inf_skink_skirmishers_0,Skink Skirmishers,missile_infantry,Missile Infantry
wh2_main_sc_lzd_lizardmen,wh2_main_sc_lzd_lizardmen|wh2_main_lzd_inf_skink_skirmishers_blessed_0,wh2_main_lzd_inf_skink_skirmishers_blessed_0,Blessed Skink Skirmishers,missile_infantry,Missile Infantry
wh2_main_sc_lzd_lizardmen,wh2_main_sc_lzd_lizardmen|wh2_main_lzd_inf_temple_guards,wh2_main_lzd_inf_temple_guards,Temple Guard,infantry,Halberd Infantry
wh2_main_sc_lzd_lizardmen,wh2_main_sc_lzd_lizardmen|wh2_main_lzd_inf_temple_guards_blessed,wh2_main_lzd_inf_temple_guards_blessed,Blessed Temple Guard,infantry,Halberd Infantry
wh2_main_sc_lzd_lizardmen,wh2_main_sc_lzd_lizardmen|wh2_main_lzd_mon_ancient_stegadon,wh2_main_lzd_mon_ancient_stegadon,Ancient Stegadon,missile_monster_beasts,Missile Monster
wh2_main_sc_lzd_lizardmen,wh2_main_sc_lzd_lizardmen|wh2_main_lzd_mon_ancient_stegadon_blessed,wh2_main_lzd_mon_ancient_stegadon_blessed,Blessed Ancient Stegadon,missile_monster_beasts,Missile Monster
wh2_main_sc_lzd_lizardmen,wh2_main_sc_lzd_lizardmen|wh2_main_lzd_mon_bastiladon_0,wh2_main_lzd_mon_bastiladon_0,Feral Bastiladon,monster_beasts,Monster
wh2_main_sc_lzd_lizardmen,wh2_main_sc_lzd_lizardmen|wh2_main_lzd_mon_bastiladon_1,wh2_main_lzd_mon_bastiladon_1,Bastiladon (Revivification Crystal),monster_beasts,Support Monster
wh2_main_sc_lzd_lizardmen,wh2_main_sc_lzd_lizardmen|wh2_main_lzd_mon_bastiladon_2,wh2_main_lzd_mon_bastiladon_2,Bastiladon (Solar Engine),missile_monster_beasts,Artillery Monster
wh2_main_sc_lzd_lizardmen,wh2_main_sc_lzd_lizardmen|wh2_main_lzd_mon_bastiladon_blessed_2,wh2_main_lzd_mon_bastiladon_blessed_2,Blessed Bastiladon (Solar Engine),missile_monster_beasts,Artillery Monster
wh2_main_sc_lzd_lizardmen,wh2_main_sc_lzd_lizardmen|wh2_main_lzd_mon_carnosaur_0,wh2_main_lzd_mon_carnosaur_0,Feral Carnosaur,monster_beasts,Monster
wh2_main_sc_lzd_lizardmen,wh2_main_sc_lzd_lizardmen|wh2_main_lzd_mon_carnosaur_blessed_0,wh2_main_lzd_mon_carnosaur_blessed_0,Blessed Carnosaur,monster_beasts,Monster
wh2_main_sc_lzd_lizardmen,wh2_main_sc_lzd_lizardmen|wh2_main_lzd_mon_kroxigors,wh2_main_lzd_mon_kroxigors,Kroxigor,monster_beasts,Monstrous Infantry
wh2_main_sc_lzd_lizardmen,wh2_main_sc_lzd_lizardmen|wh2_main_lzd_mon_kroxigors_blessed,wh2_main_lzd_mon_kroxigors_blessed,Blessed Kroxigor,monster_beasts,Monstrous Infantry
wh2_main_sc_lzd_lizardmen,wh2_main_sc_lzd_lizardmen|wh2_main_lzd_mon_stegadon_0,wh2_main_lzd_mon_stegadon_0,Feral Stegadon,monster_beasts,Monster
wh2_main_sc_lzd_lizardmen,wh2_main_sc_lzd_lizardmen|wh2_main_lzd_mon_stegadon_1,wh2_main_lzd_mon_stegadon_1,Stegadon,missile_monster_beasts,Artillery Monster
wh2_main_sc_lzd_lizardmen,wh2_main_sc_lzd_lizardmen|wh2_main_lzd_mon_stegadon_blessed_1,wh2_main_lzd_mon_stegadon_blessed_1,Blessed Stegadon,missile_monster_beasts,Artillery Monster
wh2_main_sc_skv_skaven,wh2_main_sc_skv_skaven|wh2_dlc09_skv_cha_tretch_craventail,wh2_dlc09_skv_cha_tretch_craventail,Tretch Craventail,commander,Lord
wh2_main_sc_skv_skaven,wh2_main_sc_skv_skaven|wh2_dlc12_skv_art_warp_lightning_cannon_ror_0,wh2_dlc12_skv_art_warp_lightning_cannon_ror_0,Ikit's Zzzzap-Zzzzap! (Warp Lightning Cannons),artillery_war_machines,Siege Artillery
wh2_main_sc_skv_skaven,wh2_main_sc_skv_skaven|wh2_dlc12_skv_art_warplock_jezzails_ror_tech_lab_0,wh2_dlc12_skv_art_warplock_jezzails_ror_tech_lab_0,Eye-Takers (Warplock Jezzails),missile_infantry,Weapon Team
wh2_main_sc_skv_skaven,wh2_main_sc_skv_skaven|wh2_dlc12_skv_cha_ikit_claw_0,wh2_dlc12_skv_cha_ikit_claw_0,Ikit Claw,commander,Wizard Lord
wh2_main_sc_skv_skaven,wh2_main_sc_skv_skaven|wh2_dlc12_skv_cha_warlock_master_0,wh2_dlc12_skv_cha_warlock_master_0,Warlock Master,commander,Wizard Lord
wh2_main_sc_skv_skaven,wh2_main_sc_skv_skaven|wh2_dlc12_skv_inf_clanrats_ror_0,wh2_dlc12_skv_inf_clanrats_ror_0,Clan Vulkn Tailslashers (Clanrats – Shields),infantry,Sword Infantry
wh2_main_sc_skv_skaven,wh2_main_sc_skv_skaven|wh2_dlc12_skv_inf_plague_monk_censer_bearer_ror_0,wh2_dlc12_skv_inf_plague_monk_censer_bearer_ror_0,Blightscab's Plaguepack (Plague Monk Censer Bearers),infantry,Flail Infantry
wh2_main_sc_skv_skaven,wh2_main_sc_skv_skaven|wh2_dlc12_skv_inf_ratling_gun_0,wh2_dlc12_skv_inf_ratling_gun_0,Ratling Guns,missile_infantry,Weapon Team
wh2_main_sc_skv_skaven,wh2_main_sc_skv_skaven|wh2_dlc12_skv_inf_ratling_gun_ror_0,wh2_dlc12_skv_inf_ratling_gun_ror_0,Teeth-Breakers (Ratling Guns),missile_infantry,Weapon Team
wh2_main_sc_skv_skaven,wh2_main_sc_skv_skaven|wh2_dlc12_skv_inf_ratling_gun_ror_tech_lab_0,wh2_dlc12_skv_inf_ratling_gun_ror_tech_lab_0,Death Dealers (Ratling Guns),missile_infantry,Weapon Team
wh2_main_sc_skv_skaven,wh2_main_sc_skv_skaven|wh2_dlc12_skv_inf_stormvermin_ror_0,wh2_dlc12_skv_inf_stormvermin_ror_0,Council Guard (Stormvermin – Halberds),infantry,Halberd Infantry
wh2_main_sc_skv_skaven,wh2_main_sc_skv_skaven|wh2_dlc12_skv_inf_warpfire_thrower_ror_tech_lab_0,wh2_dlc12_skv_inf_warpfire_thrower_ror_tech_lab_0,The Doombringers (Warpfire Throwers),missile_infantry,Weapon Team
wh2_main_sc_skv_skaven,wh2_main_sc_skv_skaven|wh2_dlc12_skv_inf_warplock_jezzails_0,wh2_dlc12_skv_inf_warplock_jezzails_0,Warplock Jezzails,missile_infantry,Weapon Team
wh2_main_sc_skv_skaven,wh2_main_sc_skv_skaven|wh2_dlc12_skv_inf_warplock_jezzails_ror_0,wh2_dlc12_skv_inf_warplock_jezzails_ror_0,Natty Buboe's Sharpshooters (Warplock Jezzails),missile_infantry,Weapon Team
wh2_main_sc_skv_skaven,wh2_main_sc_skv_skaven|wh2_dlc12_skv_veh_doom_flayer_0,wh2_dlc12_skv_veh_doom_flayer_0,Doom-Flayers,artillery_war_machines,War Machine
wh2_main_sc_skv_skaven,wh2_main_sc_skv_skaven|wh2_dlc12_skv_veh_doom_flayer_ror_0,wh2_dlc12_skv_veh_doom_flayer_ror_0,Dwarf-Thing Menace (Doom-Flayers),artillery_war_machines,War Machine
wh2_main_sc_skv_skaven,wh2_main_sc_skv_skaven|wh2_dlc12_skv_veh_doom_flayer_ror_tech_lab_0,wh2_dlc12_skv_veh_doom_flayer_ror_tech_lab_0,Blackhole Flayers (Doom-Flayers),artillery_war_machines,War Machine
wh2_main_sc_skv_skaven,wh2_main_sc_skv_skaven|wh2_dlc12_skv_veh_doomwheel_ror_0,wh2_dlc12_skv_veh_doomwheel_ror_0,Wheelz of Dooom (Doomwheel),artillery_war_machines,War Machine
wh2_main_sc_skv_skaven,wh2_main_sc_skv_skaven|wh2_dlc12_skv_veh_doomwheel_ror_tech_lab_0,wh2_dlc12_skv_veh_doomwheel_ror_tech_lab_0,Warpfire's Wheel (Doomwheel),artillery_war_machines,War Machine
wh2_main_sc_skv_skaven,wh2_main_sc_skv_skaven|wh2_dlc14_skv_cha_deathmaster_snikch_0,wh2_dlc14_skv_cha_deathmaster_snikch_0,Deathmaster Snikch,commander,Lord
wh2_main_sc_skv_skaven,wh2_main_sc_skv_skaven|wh2_dlc14_skv_cha_eshin_sorcerer_0,wh2_dlc14_skv_cha_eshin_sorcerer_0,Eshin Sorcerer,heroes_agents,Wizard
wh2_main_sc_skv_skaven,wh2_main_sc_skv_skaven|wh2_dlc14_skv_cha_master_assassin_0,wh2_dlc14_skv_cha_master_assassin_0,Master Assassin,commander,Lord
wh2_main_sc_skv_skaven,wh2_main_sc_skv_skaven|wh2_dlc14_skv_inf_death_runners_ror_0,wh2_dlc14_skv_inf_death_runners_ror_0,Visktrin's Death Squad (Death Runners),infantry,Dual Sword Infantry
wh2_main_sc_skv_skaven,wh2_main_sc_skv_skaven|wh2_dlc14_skv_inf_eshin_triads_0,wh2_dlc14_skv_inf_eshin_triads_0,Eshin Triads,infantry,Guandao Infantry
wh2_main_sc_skv_skaven,wh2_main_sc_skv_skaven|wh2_dlc14_skv_inf_eshin_triads_ror_0,wh2_dlc14_skv_inf_eshin_triads_ror_0,Iksha's Triads (Eshin Triads),infantry,Guandao Infantry
wh2_main_sc_skv_skaven,wh2_main_sc_skv_skaven|wh2_dlc14_skv_inf_poison_wind_mortar_0,wh2_dlc14_skv_inf_poison_wind_mortar_0,Poisoned Wind Mortars,missile_infantry,Weapon Team
wh2_main_sc_skv_skaven,wh2_main_sc_skv_skaven|wh2_dlc14_skv_inf_poison_wind_mortar_ror_0,wh2_dlc14_skv_inf_poison_wind_mortar_ror_0,The Avalanche Mortars (Death Globe Mortars),missile_infantry,Weapon Team
wh2_main_sc_skv_skaven,wh2_main_sc_skv_skaven|wh2_dlc14_skv_inf_warp_grinder_0,wh2_dlc14_skv_inf_warp_grinder_0,Warp-Grinders,infantry,Weapon Team
wh2_main_sc_skv_skaven,wh2_main_sc_skv_skaven|wh2_dlc16_skv_cha_chieftain_0,wh2_dlc16_skv_cha_chieftain_0,Chieftain,heroes_agents,Melee Specialist
wh2_main_sc_skv_skaven,wh2_main_sc_skv_skaven|wh2_dlc16_skv_cha_ghoritch_0,wh2_dlc16_skv_cha_ghoritch_0,Ghoritch,heroes_agents,Melee Specialist
wh2_main_sc_skv_skaven,wh2_main_sc_skv_skaven|wh2_dlc16_skv_cha_packmaster_0,wh2_dlc16_skv_cha_packmaster_0,Packmaster,heroes_agents,Support Specialist
wh2_main_sc_skv_skaven,wh2_main_sc_skv_skaven|wh2_dlc16_skv_cha_throt_the_unclean_0,wh2_dlc16_skv_cha_throt_the_unclean_0,Throt the Unclean,commander,Lord
wh2_main_sc_skv_skaven,wh2_main_sc_skv_skaven|wh2_dlc16_skv_mon_brood_horror_0,wh2_dlc16_skv_mon_brood_horror_0,Brood Horror,monster_beasts,Monster
wh2_main_sc_skv_skaven,wh2_main_sc_skv_skaven|wh2_dlc16_skv_mon_hell_pit_abomination_ror_0,wh2_dlc16_skv_mon_hell_pit_abomination_ror_0,The Thing-Thing (Hell Pit Abomination),monster_beasts,Monster
wh2_main_sc_skv_skaven,wh2_main_sc_skv_skaven|wh2_dlc16_skv_mon_rat_ogre_mutant,wh2_dlc16_skv_mon_rat_ogre_mutant,Mutant Rat Ogre,monster_beasts,Monster
wh2_main_sc_skv_skaven,wh2_main_sc_skv_skaven|wh2_dlc16_skv_mon_rat_ogre_mutant_ror_0,wh2_dlc16_skv_mon_rat_ogre_mutant_ror_0,Morskittar's Hellion (Mutant Rat Ogre),monster_beasts,Monster
wh2_main_sc_skv_skaven,wh2_main_sc_skv_skaven|wh2_dlc16_skv_mon_rat_ogres_ror_0,wh2_dlc16_skv_mon_rat_ogres_ror_0,Pit Fighters of Hell’s Deep (Rat Ogres),monster_beasts,Monstrous Infantry
wh2_main_sc_skv_skaven,wh2_main_sc_skv_skaven|wh2_dlc16_skv_mon_wolf_rats_0,wh2_dlc16_skv_mon_wolf_rats_0,Wolf Rats,monster_beasts,War Beasts
wh2_main_sc_skv_skaven,wh2_main_sc_skv_skaven|wh2_dlc16_skv_mon_wolf_rats_1,wh2_dlc16_skv_mon_wolf_rats_1,Wolf Rats (Poison),monster_beasts,War Beasts
wh2_main_sc_skv_skaven,wh2_main_sc_skv_skaven|wh2_main_skv_art_plagueclaw_catapult,wh2_main_skv_art_plagueclaw_catapult,Plagueclaw Catapults,artillery_war_machines,Catapult
wh2_main_sc_skv_skaven,wh2_main_sc_skv_skaven|wh2_main_skv_art_warp_lightning_cannon,wh2_main_skv_art_warp_lightning_cannon,Warp Lightning Cannons,artillery_war_machines,Siege Artillery
wh2_main_sc_skv_skaven,wh2_main_sc_skv_skaven|wh2_main_skv_cha_assassin,wh2_main_skv_cha_assassin,Assassin,heroes_agents,Melee Specialist
wh2_main_sc_skv_skaven,wh2_main_sc_skv_skaven|wh2_main_skv_cha_grey_seer_plague_0,wh2_main_skv_cha_grey_seer_plague_0,Grey Seer,commander,Wizard Lord
wh2_main_sc_skv_skaven,wh2_main_sc_skv_skaven|wh2_main_skv_cha_lord_skrolk,wh2_main_skv_cha_lord_skrolk,Lord Skrolk,commander,Wizard Lord
wh2_main_sc_skv_skaven,wh2_main_sc_skv_skaven|wh2_main_skv_cha_plague_priest_0,wh2_main_skv_cha_plague_priest_0,Plague Priest,heroes_agents,Wizard
wh2_main_sc_skv_skaven,wh2_main_sc_skv_skaven|wh2_main_skv_cha_queek_headtaker,wh2_main_skv_cha_queek_headtaker,Queek Headtaker,commander,Lord
wh2_main_sc_skv_skaven,wh2_main_sc_skv_skaven|wh2_main_skv_cha_warlock_engineer,wh2_main_skv_cha_warlock_engineer,Warlock Engineer,heroes_agents,Wizard
wh2_main_sc_skv_skaven,wh2_main_sc_skv_skaven|wh2_main_skv_cha_warlord_0,wh2_main_skv_cha_warlord_0,Warlord,commander,Lord
wh2_main_sc_skv_skaven,wh2_main_sc_skv_skaven|wh2_main_skv_inf_clanrat_spearmen_0,wh2_main_skv_inf_clanrat_spearmen_0,Clanrat Spears,infantry,Spear Infantry
wh2_main_sc_skv_skaven,wh2_main_sc_skv_skaven|wh2_main_skv_inf_clanrat_spearmen_1,wh2_main_skv_inf_clanrat_spearmen_1,Clanrat Spears (Shields),infantry,Spear Infantry
wh2_main_sc_skv_skaven,wh2_main_sc_skv_skaven|wh2_main_skv_inf_clanrats_0,wh2_main_skv_inf_clanrats_0,Clanrats,infantry,Sword Infantry
wh2_main_sc_skv_skaven,wh2_main_sc_skv_skaven|wh2_main_skv_inf_clanrats_1,wh2_main_skv_inf_clanrats_1,Clanrats (Shields),infantry,Sword Infantry
wh2_main_sc_skv_skaven,wh2_main_sc_skv_skaven|wh2_main_skv_inf_death_globe_bombardiers,wh2_main_skv_inf_death_globe_bombardiers,Death Globe Bombardiers,missile_infantry,Missile Infantry
wh2_main_sc_skv_skaven,wh2_main_sc_skv_skaven|wh2_main_skv_inf_death_runners_0,wh2_main_skv_inf_death_runners_0,Death Runners,infantry,Dual Sword Infantry
wh2_main_sc_skv_skaven,wh2_main_sc_skv_skaven|wh2_main_skv_inf_gutter_runner_slingers_0,wh2_main_skv_inf_gutter_runner_slingers_0,Gutter Runner Slingers,missile_infantry,Missile Infantry
wh2_main_sc_skv_skaven,wh2_main_sc_skv_skaven|wh2_main_skv_inf_gutter_runner_slingers_1,wh2_main_skv_inf_gutter_runner_slingers_1,Gutter Runner Slingers (Poison),missile_infantry,Missile Infantry
wh2_main_sc_skv_skaven,wh2_main_sc_skv_skaven|wh2_main_skv_inf_gutter_runners_0,wh2_main_skv_inf_gutter_runners_0,Gutter Runners,missile_infantry,Missile Infantry
wh2_main_sc_skv_skaven,wh2_main_sc_skv_skaven|wh2_main_skv_inf_gutter_runners_1,wh2_main_skv_inf_gutter_runners_1,Gutter Runners (Poison),missile_infantry,Missile Infantry
wh2_main_sc_skv_skaven,wh2_main_sc_skv_skaven|wh2_main_skv_inf_night_runners_0,wh2_main_skv_inf_night_runners_0,Night Runners,missile_infantry,Missile Infantry
wh2_main_sc_skv_skaven,wh2_main_sc_skv_skaven|wh2_main_skv_inf_night_runners_1,wh2_main_skv_inf_night_runners_1,Night Runners (Slings),missile_infantry,Missile Infantry
wh2_main_sc_skv_skaven,wh2_main_sc_skv_skaven|wh2_main_skv_inf_plague_monk_censer_bearer,wh2_main_skv_inf_plague_monk_censer_bearer,Plague Monk Censer Bearers,infantry,Flail Infantry
wh2_main_sc_skv_skaven,wh2_main_sc_skv_skaven|wh2_main_skv_inf_plague_monks,wh2_main_skv_inf_plague_monks,Plague Monks,infantry,Dual Sword Infantry
wh2_main_sc_skv_skaven,wh2_main_sc_skv_skaven|wh2_main_skv_inf_poison_wind_globadiers,wh2_main_skv_inf_poison_wind_globadiers,Poisoned Wind Globadiers,missile_infantry,Missile Infantry
wh2_main_sc_skv_skaven,wh2_main_sc_skv_skaven|wh2_main_skv_inf_skavenslave_slingers_0,wh2_main_skv_inf_skavenslave_slingers_0,Skavenslave Slingers,missile_infantry,Missile Infantry
wh2_main_sc_skv_skaven,wh2_main_sc_skv_skaven|wh2_main_skv_inf_skavenslave_spearmen_0,wh2_main_skv_inf_skavenslave_spearmen_0,Skavenslave Spears,infantry,Spear Infantry
wh2_main_sc_skv_skaven,wh2_main_sc_skv_skaven|wh2_main_skv_inf_skavenslaves_0,wh2_main_skv_inf_skavenslaves_0,Skavenslaves,infantry,Sword Infantry
wh2_main_sc_skv_skaven,wh2_main_sc_skv_skaven|wh2_main_skv_inf_stormvermin_0,wh2_main_skv_inf_stormvermin_0,Stormvermin (Halberds),infantry,Halberd Infantry
wh2_main_sc_skv_skaven,wh2_main_sc_skv_skaven|wh2_main_skv_inf_stormvermin_1,wh2_main_skv_inf_stormvermin_1,Stormvermin (Swords & Shields),infantry,Sword Infantry
wh2_main_sc_skv_skaven,wh2_main_sc_skv_skaven|wh2_main_skv_inf_warpfire_thrower,wh2_main_skv_inf_warpfire_thrower,Warpfire Throwers,missile_infantry,Weapon Team
wh2_main_sc_skv_skaven,wh2_main_sc_skv_skaven|wh2_main_skv_mon_hell_pit_abomination,wh2_main_skv_mon_hell_pit_abomination,Hell Pit Abomination,monster_beasts,Monster
wh2_main_sc_skv_skaven,wh2_main_sc_skv_skaven|wh2_main_skv_mon_rat_ogres,wh2_main_skv_mon_rat_ogres,Rat Ogres,monster_beasts,Monstrous Infantry
wh2_main_sc_skv_skaven,wh2_main_sc_skv_skaven|wh2_main_skv_veh_doomwheel,wh2_main_skv_veh_doomwheel,Doomwheel,artillery_war_machines,War Machine
wh2_main_sc_skv_skaven,wh2_main_sc_skv_skaven|wh3_dlc29_skv_art_plagueclaw_catapult_ror,wh3_dlc29_skv_art_plagueclaw_catapult_ror,Virulent Batteries (Plagueclaw Catapults),artillery_war_machines,Catapult
wh2_main_sc_skv_skaven,wh2_main_sc_skv_skaven|wh3_dlc29_skv_art_warp_doom_magma_cannon,wh3_dlc29_skv_art_warp_doom_magma_cannon,Warp-Doom Magma-Cannon,artillery_war_machines,Siege Artillery
wh2_main_sc_skv_skaven,wh2_main_sc_skv_skaven|wh3_dlc29_skv_cha_skreech_verminking,wh3_dlc29_skv_cha_skreech_verminking,Skreech Verminking,heroes_agents,Melee Specialist
wh2_main_sc_skv_skaven,wh2_main_sc_skv_skaven|wh3_dlc29_skv_cha_thanquol,wh3_dlc29_skv_cha_thanquol,Thanquol,commander,Wizard Lord
wh2_main_sc_skv_skaven,wh2_main_sc_skv_skaven|wh3_dlc29_skv_cha_verminlord_corruptor,wh3_dlc29_skv_cha_verminlord_corruptor,Verminlord Corruptor,commander,Wizard Lord
wh2_main_sc_skv_skaven,wh2_main_sc_skv_skaven|wh3_dlc29_skv_cha_verminlord_deceiver,wh3_dlc29_skv_cha_verminlord_deceiver,Verminlord Deceiver,commander,Wizard Lord
wh2_main_sc_skv_skaven,wh2_main_sc_skv_skaven|wh3_dlc29_skv_cha_verminlord_warbringer,wh3_dlc29_skv_cha_verminlord_warbringer,Verminlord Warbringer,commander,Wizard Lord
wh2_main_sc_skv_skaven,wh2_main_sc_skv_skaven|wh3_dlc29_skv_cha_verminlord_warpseer,wh3_dlc29_skv_cha_verminlord_warpseer,Verminlord Warpseer,commander,Wizard Lord
wh2_main_sc_skv_skaven,wh2_main_sc_skv_skaven|wh3_dlc29_skv_inf_deathvermin_ror,wh3_dlc29_skv_inf_deathvermin_ror,Deathvermin (Stormvermin – Halberds & Shields),infantry,Halberd Infantry
wh2_main_sc_skv_skaven,wh2_main_sc_skv_skaven|wh3_dlc29_skv_inf_pusbags,wh3_dlc29_skv_inf_pusbags,Pusbags,infantry,Sword Infantry
wh2_main_sc_skv_skaven,wh2_main_sc_skv_skaven|wh3_dlc29_skv_mon_stormfiend_doomflayer_gauntlets,wh3_dlc29_skv_mon_stormfiend_doomflayer_gauntlets,Stormfiends (Doom-flayer Gauntlets),monster_beasts,Monstrous Infantry
wh2_main_sc_skv_skaven,wh2_main_sc_skv_skaven|wh3_dlc29_skv_mon_stormfiend_grinderfists,wh3_dlc29_skv_mon_stormfiend_grinderfists,Stormfiends (Grinderfists),monster_beasts,Monstrous Infantry
wh2_main_sc_skv_skaven,wh2_main_sc_skv_skaven|wh3_dlc29_skv_mon_stormfiend_ratling_cannons,wh3_dlc29_skv_mon_stormfiend_ratling_cannons,Stormfiends (Ratling Cannons),missile_monster_beasts,Monstrous Missile Infantry
wh2_main_sc_skv_skaven,wh2_main_sc_skv_skaven|wh3_dlc29_skv_mon_stormfiend_shock_gauntlets,wh3_dlc29_skv_mon_stormfiend_shock_gauntlets,Stormfiends (Shock Gauntlets),monster_beasts,Monstrous Infantry
wh2_main_sc_skv_skaven,wh2_main_sc_skv_skaven|wh3_dlc29_skv_mon_stormfiend_warpfire_projectors,wh3_dlc29_skv_mon_stormfiend_warpfire_projectors,Stormfiends (Warpfire Projectors),missile_monster_beasts,Monstrous Missile Infantry
wh2_main_sc_skv_skaven,wh2_main_sc_skv_skaven|wh3_dlc29_skv_mon_stormfiend_windlaunchers,wh3_dlc29_skv_mon_stormfiend_windlaunchers,Stormfiends (Windlaunchers),missile_monster_beasts,Monstrous Missile Infantry
wh2_main_sc_skv_skaven,wh2_main_sc_skv_skaven|wh3_dlc29_skv_mon_stormfiends_ratling_cannons_ror,wh3_dlc29_skv_mon_stormfiends_ratling_cannons_ror,Scratterfire Team (Stormfiends – Ratling Cannons),missile_monster_beasts,Monstrous Missile Infantry
wh2_main_sc_skv_skaven,wh2_main_sc_skv_skaven|wh3_dlc29_skv_veh_cauldron_of_a_thousand_poxes,wh3_dlc29_skv_veh_cauldron_of_a_thousand_poxes,Cauldron of a Thousand Poxes,artillery_war_machines,Support War Machine
wh3_dlc23_sc_chd_chaos_dwarfs,wh3_dlc23_sc_chd_chaos_dwarfs|wh3_dlc23_chd_cav_bull_centaurs_axe,wh3_dlc23_chd_cav_bull_centaurs_axe,Bull Centaur Renders,cavalry_chariots,Monstrous Beasts
wh3_dlc23_sc_chd_chaos_dwarfs,wh3_dlc23_sc_chd_chaos_dwarfs|wh3_dlc23_chd_cav_bull_centaurs_dual_axe,wh3_dlc23_chd_cav_bull_centaurs_dual_axe,Bull Centaur Renders (Dual Axes),cavalry_chariots,Monstrous Beasts
wh3_dlc23_sc_chd_chaos_dwarfs,wh3_dlc23_sc_chd_chaos_dwarfs|wh3_dlc23_chd_cav_bull_centaurs_dual_axe_ror,wh3_dlc23_chd_cav_bull_centaurs_dual_axe_ror,Hashut's Dark Ravagers (Bull Centaur Renders – Dual Axes),cavalry_chariots,Monstrous Beasts
wh3_dlc23_sc_chd_chaos_dwarfs,wh3_dlc23_sc_chd_chaos_dwarfs|wh3_dlc23_chd_cav_bull_centaurs_greatweapons,wh3_dlc23_chd_cav_bull_centaurs_greatweapons,Bull Centaur Renders (Great Weapons),cavalry_chariots,Monstrous Beasts
wh3_dlc23_sc_chd_chaos_dwarfs,wh3_dlc23_sc_chd_chaos_dwarfs|wh3_dlc23_chd_cav_hobgoblin_wolf_raiders_bows,wh3_dlc23_chd_cav_hobgoblin_wolf_raiders_bows,Hobgoblin Wolf Raiders (Bows),missile_cavalry_chariots,Missile Cavalry
wh3_dlc23_sc_chd_chaos_dwarfs,wh3_dlc23_sc_chd_chaos_dwarfs|wh3_dlc23_chd_cav_hobgoblin_wolf_raiders_ror,wh3_dlc23_chd_cav_hobgoblin_wolf_raiders_ror,Oglah Khan's Wolfboyz,missile_cavalry_chariots,Hybrid Missile Cavalry
wh3_dlc23_sc_chd_chaos_dwarfs,wh3_dlc23_sc_chd_chaos_dwarfs|wh3_dlc23_chd_cav_hobgoblin_wolf_raiders_spears,wh3_dlc23_chd_cav_hobgoblin_wolf_raiders_spears,Hobgoblin Wolf Raiders (Spears),cavalry_chariots,Cavalry
wh3_dlc23_sc_chd_chaos_dwarfs,wh3_dlc23_sc_chd_chaos_dwarfs|wh3_dlc23_chd_cha_astragoth_ironhand,wh3_dlc23_chd_cha_astragoth_ironhand,Astragoth Ironhand,commander,Wizard Lord
wh3_dlc23_sc_chd_chaos_dwarfs,wh3_dlc23_sc_chd_chaos_dwarfs|wh3_dlc23_chd_cha_bull_centaur_taurruk,wh3_dlc23_chd_cha_bull_centaur_taurruk,Bull Centaur Taur'ruk,heroes_agents,Melee Specialist
wh3_dlc23_sc_chd_chaos_dwarfs,wh3_dlc23_sc_chd_chaos_dwarfs|wh3_dlc23_chd_cha_daemonsmith_sorcerer_death,wh3_dlc23_chd_cha_daemonsmith_sorcerer_death,Daemonsmith Sorcerer,heroes_agents,Wizard
wh3_dlc23_sc_chd_chaos_dwarfs,wh3_dlc23_sc_chd_chaos_dwarfs|wh3_dlc23_chd_cha_drazhoath_the_ashen,wh3_dlc23_chd_cha_drazhoath_the_ashen,Drazhoath the Ashen,commander,Wizard Lord
wh3_dlc23_sc_chd_chaos_dwarfs,wh3_dlc23_sc_chd_chaos_dwarfs|wh3_dlc23_chd_cha_gorduz_backstabber,wh3_dlc23_chd_cha_gorduz_backstabber,Gorduz Backstabber,heroes_agents,Melee Specialist
wh3_dlc23_sc_chd_chaos_dwarfs,wh3_dlc23_sc_chd_chaos_dwarfs|wh3_dlc23_chd_cha_infernal_castellan,wh3_dlc23_chd_cha_infernal_castellan,Infernal Castellan,heroes_agents,Missile Specialist
wh3_dlc23_sc_chd_chaos_dwarfs,wh3_dlc23_sc_chd_chaos_dwarfs|wh3_dlc23_chd_cha_overseer,wh3_dlc23_chd_cha_overseer,Overseer,commander,Lord
wh3_dlc23_sc_chd_chaos_dwarfs,wh3_dlc23_sc_chd_chaos_dwarfs|wh3_dlc23_chd_cha_sorcerer_prophet_death,wh3_dlc23_chd_cha_sorcerer_prophet_death,Sorcerer-Prophet,commander,Wizard Lord
wh3_dlc23_sc_chd_chaos_dwarfs,wh3_dlc23_sc_chd_chaos_dwarfs|wh3_dlc23_chd_cha_zhatan_the_black,wh3_dlc23_chd_cha_zhatan_the_black,Zhatan the Black,commander,Lord
wh3_dlc23_sc_chd_chaos_dwarfs,wh3_dlc23_sc_chd_chaos_dwarfs|wh3_dlc23_chd_inf_chaos_dwarf_blunderbusses,wh3_dlc23_chd_inf_chaos_dwarf_blunderbusses,Chaos Dwarf Blunderbusses,missile_infantry,Close-Quarters Missile Infantry
wh3_dlc23_sc_chd_chaos_dwarfs,wh3_dlc23_sc_chd_chaos_dwarfs|wh3_dlc23_chd_inf_chaos_dwarf_blunderbusses_ror,wh3_dlc23_chd_inf_chaos_dwarf_blunderbusses_ror,The Granite Guard (Chaos Dwarf Blunderbusses),missile_infantry,Hybrid Missile Infantry
wh3_dlc23_sc_chd_chaos_dwarfs,wh3_dlc23_sc_chd_chaos_dwarfs|wh3_dlc23_chd_inf_chaos_dwarf_warriors,wh3_dlc23_chd_inf_chaos_dwarf_warriors,Chaos Dwarf Warriors,infantry,Axe Infantry
wh3_dlc23_sc_chd_chaos_dwarfs,wh3_dlc23_sc_chd_chaos_dwarfs|wh3_dlc23_chd_inf_chaos_dwarf_warriors_great_weapons,wh3_dlc23_chd_inf_chaos_dwarf_warriors_great_weapons,Chaos Dwarf Warriors (Great Weapons),infantry,Great Axe Infantry
wh3_dlc23_sc_chd_chaos_dwarfs,wh3_dlc23_sc_chd_chaos_dwarfs|wh3_dlc23_chd_inf_chaos_dwarf_warriors_ror,wh3_dlc23_chd_inf_chaos_dwarf_warriors_ror,The Blazing Beards of Bazherak (Chaos Dwarf Warriors),infantry,Axe Infantry
wh3_dlc23_sc_chd_chaos_dwarfs,wh3_dlc23_sc_chd_chaos_dwarfs|wh3_dlc23_chd_inf_goblin_labourers,wh3_dlc23_chd_inf_goblin_labourers,Goblin Labourers,infantry,Spear Infantry
wh3_dlc23_sc_chd_chaos_dwarfs,wh3_dlc23_sc_chd_chaos_dwarfs|wh3_dlc23_chd_inf_hobgoblin_archers,wh3_dlc23_chd_inf_hobgoblin_archers,Hobgoblin Archers,missile_infantry,Missile Infantry
wh3_dlc23_sc_chd_chaos_dwarfs,wh3_dlc23_sc_chd_chaos_dwarfs|wh3_dlc23_chd_inf_hobgoblin_cutthroats,wh3_dlc23_chd_inf_hobgoblin_cutthroats,Hobgoblin Cutthroats,infantry,Sword Infantry
wh3_dlc23_sc_chd_chaos_dwarfs,wh3_dlc23_sc_chd_chaos_dwarfs|wh3_dlc23_chd_inf_hobgoblin_sneaky_gits,wh3_dlc23_chd_inf_hobgoblin_sneaky_gits,Hobgoblin Sneaky Gits,infantry,Sneaky Infantry
wh3_dlc23_sc_chd_chaos_dwarfs,wh3_dlc23_sc_chd_chaos_dwarfs|wh3_dlc23_chd_inf_infernal_guard,wh3_dlc23_chd_inf_infernal_guard,Infernal Guard,infantry,Axe Infantry
wh3_dlc23_sc_chd_chaos_dwarfs,wh3_dlc23_sc_chd_chaos_dwarfs|wh3_dlc23_chd_inf_infernal_guard_fireglaives,wh3_dlc23_chd_inf_infernal_guard_fireglaives,Infernal Guard (Fireglaives),missile_infantry,Hybrid Missile Infantry
wh3_dlc23_sc_chd_chaos_dwarfs,wh3_dlc23_sc_chd_chaos_dwarfs|wh3_dlc23_chd_inf_infernal_guard_great_weapons,wh3_dlc23_chd_inf_infernal_guard_great_weapons,Infernal Guard (Great Weapons),infantry,Great Axe Infantry
wh3_dlc23_sc_chd_chaos_dwarfs,wh3_dlc23_sc_chd_chaos_dwarfs|wh3_dlc23_chd_inf_infernal_ironsworn,wh3_dlc23_chd_inf_infernal_ironsworn,Infernal Ironsworn,infantry,Magical Axe Infantry
wh3_dlc23_sc_chd_chaos_dwarfs,wh3_dlc23_sc_chd_chaos_dwarfs|wh3_dlc23_chd_inf_infernal_ironsworn_ror,wh3_dlc23_chd_inf_infernal_ironsworn_ror,The Immortals (Infernal Ironsworn),infantry,Magical Axe Infantry
wh3_dlc23_sc_chd_chaos_dwarfs,wh3_dlc23_sc_chd_chaos_dwarfs|wh3_dlc23_chd_inf_orc_labourers,wh3_dlc23_chd_inf_orc_labourers,Orc Labourers,infantry,Great Axe Infantry
wh3_dlc23_sc_chd_chaos_dwarfs,wh3_dlc23_sc_chd_chaos_dwarfs|wh3_dlc23_chd_mon_bale_taurus,wh3_dlc23_chd_mon_bale_taurus,Bale Taurus,monster_beasts,Flying Monster
wh3_dlc23_sc_chd_chaos_dwarfs,wh3_dlc23_sc_chd_chaos_dwarfs|wh3_dlc23_chd_mon_great_taurus,wh3_dlc23_chd_mon_great_taurus,Great Taurus,monster_beasts,Flying Monster
wh3_dlc23_sc_chd_chaos_dwarfs,wh3_dlc23_sc_chd_chaos_dwarfs|wh3_dlc23_chd_mon_kdaai_destroyer,wh3_dlc23_chd_mon_kdaai_destroyer,K'daai Destroyer,monster_beasts,Colossal Monster
wh3_dlc23_sc_chd_chaos_dwarfs,wh3_dlc23_sc_chd_chaos_dwarfs|wh3_dlc23_chd_mon_kdaai_fireborn,wh3_dlc23_chd_mon_kdaai_fireborn,K'daai Fireborn,monster_beasts,Monstrous Infantry
wh3_dlc23_sc_chd_chaos_dwarfs,wh3_dlc23_sc_chd_chaos_dwarfs|wh3_dlc23_chd_mon_lammasu,wh3_dlc23_chd_mon_lammasu,Lammasu,monster_beasts,Flying Monster
wh3_dlc23_sc_chd_chaos_dwarfs,wh3_dlc23_sc_chd_chaos_dwarfs|wh3_dlc23_chd_veh_deathshrieker_rocket_launcher,wh3_dlc23_chd_veh_deathshrieker_rocket_launcher,Deathshrieker Rocket Launcher,artillery_war_machines,Rocket Launcher
wh3_dlc23_sc_chd_chaos_dwarfs,wh3_dlc23_sc_chd_chaos_dwarfs|wh3_dlc23_chd_veh_dreadquake_mortar,wh3_dlc23_chd_veh_dreadquake_mortar,Dreadquake Mortar,artillery_war_machines,Siege Artillery
wh3_dlc23_sc_chd_chaos_dwarfs,wh3_dlc23_sc_chd_chaos_dwarfs|wh3_dlc23_chd_veh_iron_daemon,wh3_dlc23_chd_veh_iron_daemon,Iron Daemon,artillery_war_machines,War Machine
wh3_dlc23_sc_chd_chaos_dwarfs,wh3_dlc23_sc_chd_chaos_dwarfs|wh3_dlc23_chd_veh_iron_daemon_3payload_qb,wh3_dlc23_chd_veh_iron_daemon_3payload_qb,Supply Train,artillery_war_machines,War Machine
wh3_dlc23_sc_chd_chaos_dwarfs,wh3_dlc23_sc_chd_chaos_dwarfs|wh3_dlc23_chd_veh_iron_daemon_ror,wh3_dlc23_chd_veh_iron_daemon_ror,The Daemon's Tongue (Iron Daemon),artillery_war_machines,War Machine
wh3_dlc23_sc_chd_chaos_dwarfs,wh3_dlc23_sc_chd_chaos_dwarfs|wh3_dlc23_chd_veh_magma_cannon,wh3_dlc23_chd_veh_magma_cannon,Magma Cannon,artillery_war_machines,Field Gun
wh3_dlc23_sc_chd_chaos_dwarfs,wh3_dlc23_sc_chd_chaos_dwarfs|wh3_dlc23_chd_veh_skullcracker,wh3_dlc23_chd_veh_skullcracker,Skullcracker,artillery_war_machines,War Machine
wh3_dlc23_sc_chd_chaos_dwarfs,wh3_dlc23_sc_chd_chaos_dwarfs|wh3_dlc29_chd_mon_chaos_siege_giant,wh3_dlc29_chd_mon_chaos_siege_giant,Chaos Siege Giant,monster_beasts,Monster
wh3_dlc23_sc_chd_chaos_dwarfs,wh3_dlc23_sc_chd_chaos_dwarfs|wh3_main_chd_art_hobgob_bolt_thrower,wh3_main_chd_art_hobgob_bolt_thrower,Hobgoblin Bolt Thrower,artillery_war_machines,Field Artillery
wh3_dlc23_sc_chd_chaos_dwarfs,wh3_dlc23_sc_chd_chaos_dwarfs|wh_dlc08_nor_art_hellcannon_battery,wh_dlc08_nor_art_hellcannon_battery,The Ice-Forged Legion (Hellcannons),artillery_war_machines,Siege Artillery
wh3_dlc23_sc_chd_chaos_dwarfs,wh3_dlc23_sc_chd_chaos_dwarfs|wh_main_chs_art_hellcannon,wh_main_chs_art_hellcannon,Hellcannon,artillery_war_machines,Siege Artillery
wh3_dlc23_sc_chd_chaos_dwarfs,wh3_dlc23_sc_chd_chaos_dwarfs|wh_pro04_chs_art_hellcannon_ror_0,wh_pro04_chs_art_hellcannon_ror_0,The Soul of Damnation (Hellcannon),artillery_war_machines,Siege Artillery
wh3_dlc29_sc_nag_undead_legions,wh3_dlc29_sc_nag_undead_legions|wh2_dlc09_tmb_art_casket_of_souls_0,wh2_dlc09_tmb_art_casket_of_souls_0,Casket of Souls,artillery_war_machines,Magical Artillery
wh3_dlc29_sc_nag_undead_legions,wh3_dlc29_sc_nag_undead_legions|wh2_dlc09_tmb_art_screaming_skull_catapult_0,wh2_dlc09_tmb_art_screaming_skull_catapult_0,Screaming Skull Catapults,artillery_war_machines,Catapult
wh3_dlc29_sc_nag_undead_legions,wh3_dlc29_sc_nag_undead_legions|wh2_dlc09_tmb_cav_necropolis_knights_0,wh2_dlc09_tmb_cav_necropolis_knights_0,Necropolis Knights,cavalry_chariots,Monstrous Cavalry
wh3_dlc29_sc_nag_undead_legions,wh3_dlc29_sc_nag_undead_legions|wh2_dlc09_tmb_cav_necropolis_knights_1,wh2_dlc09_tmb_cav_necropolis_knights_1,Necropolis Knights (Halberds),cavalry_chariots,Monstrous Cavalry
wh3_dlc29_sc_nag_undead_legions,wh3_dlc29_sc_nag_undead_legions|wh2_dlc09_tmb_cav_nehekhara_horsemen_0,wh2_dlc09_tmb_cav_nehekhara_horsemen_0,Nehekharan Horsemen,cavalry_chariots,Cavalry
wh3_dlc29_sc_nag_undead_legions,wh3_dlc29_sc_nag_undead_legions|wh2_dlc09_tmb_cav_skeleton_horsemen_0,wh2_dlc09_tmb_cav_skeleton_horsemen_0,Skeleton Horsemen,cavalry_chariots,Spear Cavalry
wh3_dlc29_sc_nag_undead_legions,wh3_dlc29_sc_nag_undead_legions|wh2_dlc09_tmb_cav_skeleton_horsemen_archers_0,wh2_dlc09_tmb_cav_skeleton_horsemen_archers_0,Skeleton Horse Archers,missile_cavalry_chariots,Missile Cavalry
wh3_dlc29_sc_nag_undead_legions,wh3_dlc29_sc_nag_undead_legions|wh2_dlc09_tmb_cha_arkhan_0,wh2_dlc09_tmb_cha_arkhan_0,Arkhan the Black,commander,Wizard Lord
wh3_dlc29_sc_nag_undead_legions,wh3_dlc29_sc_nag_undead_legions|wh2_dlc09_tmb_cha_liche_priest_death_0,wh2_dlc09_tmb_cha_liche_priest_death_0,Liche Priest,heroes_agents,Wizard
wh3_dlc29_sc_nag_undead_legions,wh3_dlc29_sc_nag_undead_legions|wh2_dlc09_tmb_cha_necrotect_0,wh2_dlc09_tmb_cha_necrotect_0,Necrotect,heroes_agents,Whip Infantry
wh3_dlc29_sc_nag_undead_legions,wh3_dlc29_sc_nag_undead_legions|wh2_dlc09_tmb_cha_tomb_king_0,wh2_dlc09_tmb_cha_tomb_king_0,Tomb King,commander,Lord
wh3_dlc29_sc_nag_undead_legions,wh3_dlc29_sc_nag_undead_legions|wh2_dlc09_tmb_cha_tomb_prince_0,wh2_dlc09_tmb_cha_tomb_prince_0,Tomb Prince,heroes_agents,Halberd Infantry
wh3_dlc29_sc_nag_undead_legions,wh3_dlc29_sc_nag_undead_legions|wh2_dlc09_tmb_inf_nehekhara_warriors_0,wh2_dlc09_tmb_inf_nehekhara_warriors_0,Nehekharan Warriors,infantry,Sword Infantry
wh3_dlc29_sc_nag_undead_legions,wh3_dlc29_sc_nag_undead_legions|wh2_dlc09_tmb_inf_skeleton_archers_0,wh2_dlc09_tmb_inf_skeleton_archers_0,Skeleton Archers,missile_infantry,Missile Infantry
wh3_dlc29_sc_nag_undead_legions,wh3_dlc29_sc_nag_undead_legions|wh2_dlc09_tmb_inf_skeleton_archers_ror,wh2_dlc09_tmb_inf_skeleton_archers_ror,Blessed Legion of Phakth (Skeleton Archers),missile_infantry,Missile Infantry
wh3_dlc29_sc_nag_undead_legions,wh3_dlc29_sc_nag_undead_legions|wh2_dlc09_tmb_inf_skeleton_spearmen_0,wh2_dlc09_tmb_inf_skeleton_spearmen_0,Skeleton Spearmen,infantry,Spear Infantry
wh3_dlc29_sc_nag_undead_legions,wh3_dlc29_sc_nag_undead_legions|wh2_dlc09_tmb_inf_skeleton_spearmen_ror,wh2_dlc09_tmb_inf_skeleton_spearmen_ror,King Nekhesh's Scorpion Legion (Skeleton Spearmen),infantry,Spear Infantry
wh3_dlc29_sc_nag_undead_legions,wh3_dlc29_sc_nag_undead_legions|wh2_dlc09_tmb_inf_skeleton_warriors_0,wh2_dlc09_tmb_inf_skeleton_warriors_0,Skeleton Warriors,infantry,Sword Infantry
wh3_dlc29_sc_nag_undead_legions,wh3_dlc29_sc_nag_undead_legions|wh2_dlc09_tmb_inf_tomb_guard_0,wh2_dlc09_tmb_inf_tomb_guard_0,Tomb Guard,infantry,Sword Infantry
wh3_dlc29_sc_nag_undead_legions,wh3_dlc29_sc_nag_undead_legions|wh2_dlc09_tmb_inf_tomb_guard_1,wh2_dlc09_tmb_inf_tomb_guard_1,Tomb Guard (Halberds),infantry,Halberd Infantry
wh3_dlc29_sc_nag_undead_legions,wh3_dlc29_sc_nag_undead_legions|wh2_dlc09_tmb_inf_tomb_guard_ror,wh2_dlc09_tmb_inf_tomb_guard_ror,The Khepra Guard (Tomb Guard),infantry,Sword Infantry
wh3_dlc29_sc_nag_undead_legions,wh3_dlc29_sc_nag_undead_legions|wh2_dlc09_tmb_mon_carrion_0,wh2_dlc09_tmb_mon_carrion_0,Carrion,monster_beasts,Flying War Beasts
wh3_dlc29_sc_nag_undead_legions,wh3_dlc29_sc_nag_undead_legions|wh2_dlc09_tmb_mon_heirotitan_0,wh2_dlc09_tmb_mon_heirotitan_0,Hierotitan,monster_beasts,Magical Monster
wh3_dlc29_sc_nag_undead_legions,wh3_dlc29_sc_nag_undead_legions|wh2_dlc09_tmb_mon_necrosphinx_0,wh2_dlc09_tmb_mon_necrosphinx_0,Necrosphinx,monster_beasts,Monster
wh3_dlc29_sc_nag_undead_legions,wh3_dlc29_sc_nag_undead_legions|wh2_dlc09_tmb_mon_necrosphinx_ror,wh2_dlc09_tmb_mon_necrosphinx_ror,The Sphinx of Usekph (Necrosphinx),monster_beasts,Monster
wh3_dlc29_sc_nag_undead_legions,wh3_dlc29_sc_nag_undead_legions|wh2_dlc09_tmb_mon_sepulchral_stalkers_0,wh2_dlc09_tmb_mon_sepulchral_stalkers_0,Sepulchral Stalkers,missile_monster_beasts,Monstrous Infantry
wh3_dlc29_sc_nag_undead_legions,wh3_dlc29_sc_nag_undead_legions|wh2_dlc09_tmb_mon_sepulchral_stalkers_ror,wh2_dlc09_tmb_mon_sepulchral_stalkers_ror,Eyes of the Desert (Sepulchral Stalkers),missile_monster_beasts,Monstrous Infantry
wh3_dlc29_sc_nag_undead_legions,wh3_dlc29_sc_nag_undead_legions|wh2_dlc09_tmb_mon_tomb_scorpion_0,wh2_dlc09_tmb_mon_tomb_scorpion_0,Tomb Scorpion,monster_beasts,Monster
wh3_dlc29_sc_nag_undead_legions,wh3_dlc29_sc_nag_undead_legions|wh2_dlc09_tmb_mon_ushabti_0,wh2_dlc09_tmb_mon_ushabti_0,Ushabti,monster_beasts,Monstrous Infantry
wh3_dlc29_sc_nag_undead_legions,wh3_dlc29_sc_nag_undead_legions|wh2_dlc09_tmb_mon_ushabti_1,wh2_dlc09_tmb_mon_ushabti_1,Ushabti (Great Bows),missile_monster_beasts,Monstrous Missile Infantry
wh3_dlc29_sc_nag_undead_legions,wh3_dlc29_sc_nag_undead_legions|wh2_dlc09_tmb_mon_ushabti_ror,wh2_dlc09_tmb_mon_ushabti_ror,Chosen of the Gods (Ushabti – Great Bows),missile_monster_beasts,Monstrous Missile Infantry
wh3_dlc29_sc_nag_undead_legions,wh3_dlc29_sc_nag_undead_legions|wh2_dlc09_tmb_veh_khemrian_warsphinx_0,wh2_dlc09_tmb_veh_khemrian_warsphinx_0,Khemrian Warsphinx,missile_monster_beasts,Monster
wh3_dlc29_sc_nag_undead_legions,wh3_dlc29_sc_nag_undead_legions|wh2_dlc09_tmb_veh_skeleton_archer_chariot_0,wh2_dlc09_tmb_veh_skeleton_archer_chariot_0,Skeleton Archer Chariots,missile_cavalry_chariots,Missile Chariot
wh3_dlc29_sc_nag_undead_legions,wh3_dlc29_sc_nag_undead_legions|wh2_dlc09_tmb_veh_skeleton_chariot_0,wh2_dlc09_tmb_veh_skeleton_chariot_0,Skeleton Chariots,cavalry_chariots,Chariot
wh3_dlc29_sc_nag_undead_legions,wh3_dlc29_sc_nag_undead_legions|wh2_dlc11_cst_art_carronade,wh2_dlc11_cst_art_carronade,Carronades,artillery_war_machines,Siege Artillery
wh3_dlc29_sc_nag_undead_legions,wh3_dlc29_sc_nag_undead_legions|wh2_dlc11_cst_art_mortar,wh2_dlc11_cst_art_mortar,Mortars,artillery_war_machines,Siege Artillery
wh3_dlc29_sc_nag_undead_legions,wh3_dlc29_sc_nag_undead_legions|wh2_dlc11_cst_art_queen_bess,wh2_dlc11_cst_art_queen_bess,Queen Bess,artillery_war_machines,Siege Artillery
wh3_dlc29_sc_nag_undead_legions,wh3_dlc29_sc_nag_undead_legions|wh2_dlc11_cst_cav_deck_droppers_0,wh2_dlc11_cst_cav_deck_droppers_0,Deck Droppers,missile_monster_beasts,Flying Pistol Cavalry
wh3_dlc29_sc_nag_undead_legions,wh3_dlc29_sc_nag_undead_legions|wh2_dlc11_cst_cav_deck_droppers_1,wh2_dlc11_cst_cav_deck_droppers_1,Deck Droppers (Bombers),missile_monster_beasts,Flying Missile Cavalry
wh3_dlc29_sc_nag_undead_legions,wh3_dlc29_sc_nag_undead_legions|wh2_dlc11_cst_cav_deck_droppers_2,wh2_dlc11_cst_cav_deck_droppers_2,Deck Droppers (Handgunners),missile_monster_beasts,Flying Missile Cavalry
wh3_dlc29_sc_nag_undead_legions,wh3_dlc29_sc_nag_undead_legions|wh2_dlc11_cst_cav_deck_droppers_ror_0,wh2_dlc11_cst_cav_deck_droppers_ror_0,Salt Lord Scuttlers (Deck Droppers – Bombers),missile_monster_beasts,Flying Missile Cavalry
wh3_dlc29_sc_nag_undead_legions,wh3_dlc29_sc_nag_undead_legions|wh2_dlc11_cst_cha_gunnery_wight_0,wh2_dlc11_cst_cha_gunnery_wight_0,Gunnery Wight,heroes_agents,Support Specialist
wh3_dlc29_sc_nag_undead_legions,wh3_dlc29_sc_nag_undead_legions|wh2_dlc11_cst_cha_luthor_harkon_0,wh2_dlc11_cst_cha_luthor_harkon_0,Luthor Harkon,commander,Lord
wh3_dlc29_sc_nag_undead_legions,wh3_dlc29_sc_nag_undead_legions|wh2_dlc11_cst_cha_mourngul_haunter,wh2_dlc11_cst_cha_mourngul_haunter,Mourngul Haunter,heroes_agents,Melee Specialist
wh3_dlc29_sc_nag_undead_legions,wh3_dlc29_sc_nag_undead_legions|wh2_dlc11_cst_cha_vampire_fleet_admiral_death_0,wh2_dlc11_cst_cha_vampire_fleet_admiral_death_0,Vampire Fleet Admiral,commander,Wizard Lord
wh3_dlc29_sc_nag_undead_legions,wh3_dlc29_sc_nag_undead_legions|wh2_dlc11_cst_cha_vampire_fleet_admiral_female_death_0,wh2_dlc11_cst_cha_vampire_fleet_admiral_female_death_0,Vampire Fleet Admiral,commander,Wizard Lord
wh3_dlc29_sc_nag_undead_legions,wh3_dlc29_sc_nag_undead_legions|wh2_dlc11_cst_cha_vampire_fleet_captain_death_0,wh2_dlc11_cst_cha_vampire_fleet_captain_death_0,Vampire Fleet Captain,heroes_agents,Wizard
wh3_dlc29_sc_nag_undead_legions,wh3_dlc29_sc_nag_undead_legions|wh2_dlc11_cst_inf_deck_gunners_0,wh2_dlc11_cst_inf_deck_gunners_0,Deck Gunners,missile_infantry,Specialist Missile Infantry
wh3_dlc29_sc_nag_undead_legions,wh3_dlc29_sc_nag_undead_legions|wh2_dlc11_cst_inf_deck_gunners_ror_0,wh2_dlc11_cst_inf_deck_gunners_ror_0,Shadewraith Gunners (Deck Gunners),missile_infantry,Specialist Missile Infantry
wh3_dlc29_sc_nag_undead_legions,wh3_dlc29_sc_nag_undead_legions|wh2_dlc11_cst_inf_depth_guard_0,wh2_dlc11_cst_inf_depth_guard_0,Depth Guard,infantry,Dual Axe Infantry
wh3_dlc29_sc_nag_undead_legions,wh3_dlc29_sc_nag_undead_legions|wh2_dlc11_cst_inf_depth_guard_1,wh2_dlc11_cst_inf_depth_guard_1,Depth Guard (Polearms),infantry,Halberd Infantry
wh3_dlc29_sc_nag_undead_legions,wh3_dlc29_sc_nag_undead_legions|wh2_dlc11_cst_inf_depth_guard_ror_0,wh2_dlc11_cst_inf_depth_guard_ror_0,The Bloody Reaver Deck Guard (Depth Guard),infantry,Halberd Infantry
wh3_dlc29_sc_nag_undead_legions,wh3_dlc29_sc_nag_undead_legions|wh2_dlc11_cst_inf_syreens,wh2_dlc11_cst_inf_syreens,Syreens,infantry,Melee Infantry
wh3_dlc29_sc_nag_undead_legions,wh3_dlc29_sc_nag_undead_legions|wh2_dlc11_cst_inf_zombie_deckhands_mob_0,wh2_dlc11_cst_inf_zombie_deckhands_mob_0,Zombie Pirate Deckhand Mob,infantry,Dual Sword Infantry
wh3_dlc29_sc_nag_undead_legions,wh3_dlc29_sc_nag_undead_legions|wh2_dlc11_cst_inf_zombie_deckhands_mob_1,wh2_dlc11_cst_inf_zombie_deckhands_mob_1,Zombie Pirate Deckhand Mob (Polearms),infantry,Halberd Infantry
wh3_dlc29_sc_nag_undead_legions,wh3_dlc29_sc_nag_undead_legions|wh2_dlc11_cst_inf_zombie_deckhands_mob_ror_0,wh2_dlc11_cst_inf_zombie_deckhands_mob_ror_0,The Tide of Skjold (Zombie Pirate Deckhand Mob),infantry,Dual Sword Infantry
wh3_dlc29_sc_nag_undead_legions,wh3_dlc29_sc_nag_undead_legions|wh2_dlc11_cst_inf_zombie_gunnery_mob_0,wh2_dlc11_cst_inf_zombie_gunnery_mob_0,Zombie Pirate Gunnery Mob,missile_infantry,Pistol Missile Infantry
wh3_dlc29_sc_nag_undead_legions,wh3_dlc29_sc_nag_undead_legions|wh2_dlc11_cst_inf_zombie_gunnery_mob_1,wh2_dlc11_cst_inf_zombie_gunnery_mob_1,Zombie Pirate Gunnery Mob (Handgunners),missile_infantry,Missile Infantry
wh3_dlc29_sc_nag_undead_legions,wh3_dlc29_sc_nag_undead_legions|wh2_dlc11_cst_inf_zombie_gunnery_mob_2,wh2_dlc11_cst_inf_zombie_gunnery_mob_2,Zombie Pirate Gunnery Mob (Hand Cannons),missile_infantry,Close-Quarters Missile Infantry
wh3_dlc29_sc_nag_undead_legions,wh3_dlc29_sc_nag_undead_legions|wh2_dlc11_cst_inf_zombie_gunnery_mob_3,wh2_dlc11_cst_inf_zombie_gunnery_mob_3,Zombie Pirate Gunnery Mob (Bombers),missile_infantry,Explosives Infantry
wh3_dlc29_sc_nag_undead_legions,wh3_dlc29_sc_nag_undead_legions|wh2_dlc11_cst_inf_zombie_gunnery_mob_ror_0,wh2_dlc11_cst_inf_zombie_gunnery_mob_ror_0,The Black Spot (Zombie Pirate Gunnery Mob – Handgunners),missile_infantry,Missile Infantry
wh3_dlc29_sc_nag_undead_legions,wh3_dlc29_sc_nag_undead_legions|wh2_dlc11_cst_mon_animated_hulks_0,wh2_dlc11_cst_mon_animated_hulks_0,Animated Hulks,monster_beasts,Monstrous Infantry
wh3_dlc29_sc_nag_undead_legions,wh3_dlc29_sc_nag_undead_legions|wh2_dlc11_cst_mon_bloated_corpse_0,wh2_dlc11_cst_mon_bloated_corpse_0,Bloated Corpse,monster_beasts,Exploding Monster
wh3_dlc29_sc_nag_undead_legions,wh3_dlc29_sc_nag_undead_legions|wh2_dlc11_cst_mon_mournguls_0,wh2_dlc11_cst_mon_mournguls_0,Mournguls,monster_beasts,Monstrous Infantry
wh3_dlc29_sc_nag_undead_legions,wh3_dlc29_sc_nag_undead_legions|wh2_dlc11_cst_mon_mournguls_ror_0,wh2_dlc11_cst_mon_mournguls_ror_0,Night Terrors (Mournguls),monster_beasts,Monstrous Infantry
wh3_dlc29_sc_nag_undead_legions,wh3_dlc29_sc_nag_undead_legions|wh2_dlc11_cst_mon_necrofex_colossus_0,wh2_dlc11_cst_mon_necrofex_colossus_0,Necrofex Colossus,missile_monster_beasts,Artillery Monster
wh3_dlc29_sc_nag_undead_legions,wh3_dlc29_sc_nag_undead_legions|wh2_dlc11_cst_mon_necrofex_colossus_ror_0,wh2_dlc11_cst_mon_necrofex_colossus_ror_0,Gallows Giant (Necrofex Colossus),missile_monster_beasts,Artillery Monster
wh3_dlc29_sc_nag_undead_legions,wh3_dlc29_sc_nag_undead_legions|wh2_dlc11_cst_mon_rotting_leviathan_0,wh2_dlc11_cst_mon_rotting_leviathan_0,Rotting Leviathan,monster_beasts,Monster
wh3_dlc29_sc_nag_undead_legions,wh3_dlc29_sc_nag_undead_legions|wh2_dlc11_cst_mon_rotting_prometheans_0,wh2_dlc11_cst_mon_rotting_prometheans_0,Rotting Prometheans,monster_beasts,Monstrous Beast
wh3_dlc29_sc_nag_undead_legions,wh3_dlc29_sc_nag_undead_legions|wh2_dlc11_cst_mon_rotting_prometheans_gunnery_mob_0,wh2_dlc11_cst_mon_rotting_prometheans_gunnery_mob_0,Rotting Prometheans (Gunnery Mob),missile_monster_beasts,Monstrous Missile Beasts
wh3_dlc29_sc_nag_undead_legions,wh3_dlc29_sc_nag_undead_legions|wh2_dlc11_cst_mon_rotting_prometheans_gunnery_mob_ror,wh2_dlc11_cst_mon_rotting_prometheans_gunnery_mob_ror,The Lamprey's Revenge (Rotting Promethean Gunnery Mob),missile_monster_beasts,Monstrous Missile Beasts
wh3_dlc29_sc_nag_undead_legions,wh3_dlc29_sc_nag_undead_legions|wh2_pro06_tmb_mon_bone_giant_0,wh2_pro06_tmb_mon_bone_giant_0,Bone Giant,missile_monster_beasts,Specialist Artillery
wh3_dlc29_sc_nag_undead_legions,wh3_dlc29_sc_nag_undead_legions|wh3_dlc29_tmb_cha_liche_high_priest_death,wh3_dlc29_tmb_cha_liche_high_priest_death,Liche High Priest,commander,Wizard Lord
wh3_dlc29_sc_nag_undead_legions,wh3_dlc29_sc_nag_undead_legions|wh3_dlc29_tmb_cha_tomb_herald,wh3_dlc29_tmb_cha_tomb_herald,Tomb Herald,heroes_agents,Support Specialist
wh3_dlc29_sc_nag_undead_legions,wh3_dlc29_sc_nag_undead_legions|wh3_dlc29_tmb_mon_khemric_titan,wh3_dlc29_tmb_mon_khemric_titan,Khemric Titan,monster_beasts,Colossal Monster
wh3_dlc29_sc_nag_undead_legions,wh3_dlc29_sc_nag_undead_legions|wh3_dlc29_tmb_mon_khemric_titan_ror,wh3_dlc29_tmb_mon_khemric_titan_ror,Icon of Usirian (Khemric Titan),monster_beasts,Colossal Monster
wh3_dlc29_sc_nag_undead_legions,wh3_dlc29_sc_nag_undead_legions|wh3_dlc29_tmb_mon_ushabti_ror_sepulchrex,wh3_dlc29_tmb_mon_ushabti_ror_sepulchrex,Sepulchrex (Ushabti),monster_beasts,Monstrous Infantry
wh3_dlc29_sc_nag_undead_legions,wh3_dlc29_sc_nag_undead_legions|wh3_dlc29_vmp_cav_drakenhof_templars,wh3_dlc29_vmp_cav_drakenhof_templars,Drakenhof Templars,cavalry_chariots,Shock Cavalry
wh3_dlc29_sc_nag_undead_legions,wh3_dlc29_sc_nag_undead_legions|wh3_dlc29_vmp_cha_dieter_helsnicht,wh3_dlc29_vmp_cha_dieter_helsnicht,Dieter Helsnicht,heroes_agents,Wizard
wh3_dlc29_sc_nag_undead_legions,wh3_dlc29_sc_nag_undead_legions|wh3_dlc29_vmp_cha_krell,wh3_dlc29_vmp_cha_krell,Krell,heroes_agents,Melee Specialist
wh3_dlc29_sc_nag_undead_legions,wh3_dlc29_sc_nag_undead_legions|wh3_dlc29_vmp_cha_lahmian_vampire,wh3_dlc29_vmp_cha_lahmian_vampire,Lahmian Vampire,heroes_agents,Wizard
wh3_dlc29_sc_nag_undead_legions,wh3_dlc29_sc_nag_undead_legions|wh3_dlc29_vmp_cha_nagash,wh3_dlc29_vmp_cha_nagash,Nagash,commander,Wizard Lord
wh3_dlc29_sc_nag_undead_legions,wh3_dlc29_sc_nag_undead_legions|wh3_dlc29_vmp_cha_nagash_vampire_lord,wh3_dlc29_vmp_cha_nagash_vampire_lord,Vampire Lord,commander,Wizard Lord
wh3_dlc29_sc_nag_undead_legions,wh3_dlc29_sc_nag_undead_legions|wh3_dlc29_vmp_cha_neferata,wh3_dlc29_vmp_cha_neferata,Neferata,commander,Wizard Lord
wh3_dlc29_sc_nag_undead_legions,wh3_dlc29_sc_nag_undead_legions|wh3_dlc29_vmp_cha_walach_harkon,wh3_dlc29_vmp_cha_walach_harkon,Walach Harkon,heroes_agents,Wizard
wh3_dlc29_sc_nag_undead_legions,wh3_dlc29_sc_nag_undead_legions|wh3_dlc29_vmp_inf_lahmian_handmaidens_death,wh3_dlc29_vmp_inf_lahmian_handmaidens_death,Lahmian Handmaidens (Death),infantry,Sword Infantry
wh3_dlc29_sc_nag_undead_legions,wh3_dlc29_sc_nag_undead_legions|wh3_dlc29_vmp_inf_lahmian_handmaidens_shadow,wh3_dlc29_vmp_inf_lahmian_handmaidens_shadow,Lahmian Handmaidens (Shadows),infantry,Dual Sword Infantry
wh3_dlc29_sc_nag_undead_legions,wh3_dlc29_sc_nag_undead_legions|wh3_dlc29_vmp_inf_spirit_host,wh3_dlc29_vmp_inf_spirit_host,Spirit Host,infantry,Dagger Infantry
wh3_dlc29_sc_nag_undead_legions,wh3_dlc29_sc_nag_undead_legions|wh3_dlc29_vmp_mon_morghast_archai,wh3_dlc29_vmp_mon_morghast_archai,Morghast Archai,monster_beasts,Flying Monstrous Infantry
wh3_dlc29_sc_nag_undead_legions,wh3_dlc29_sc_nag_undead_legions|wh3_dlc29_vmp_mon_morghast_archai_ror,wh3_dlc29_vmp_mon_morghast_archai_ror,The Silent Legion (Morghast Archai),monster_beasts,Flying Monstrous Infantry
wh3_dlc29_sc_nag_undead_legions,wh3_dlc29_sc_nag_undead_legions|wh3_dlc29_vmp_mon_morghast_harbingers,wh3_dlc29_vmp_mon_morghast_harbingers,Morghast Harbingers,monster_beasts,Flying Monstrous Infantry
wh3_dlc29_sc_nag_undead_legions,wh3_dlc29_sc_nag_undead_legions|wh3_dlc29_vmp_mon_zombie_dragon,wh3_dlc29_vmp_mon_zombie_dragon,Zombie Dragon,monster_beasts,Flying Monster
wh3_dlc29_sc_nag_undead_legions,wh3_dlc29_sc_nag_undead_legions|wh3_dlc29_vmp_veh_coven_throne,wh3_dlc29_vmp_veh_coven_throne,Coven Throne,artillery_war_machines,Magic Chariot
wh3_dlc29_sc_nag_undead_legions,wh3_dlc29_sc_nag_undead_legions|wh3_main_vmp_blood_knights_sword_shield,wh3_main_vmp_blood_knights_sword_shield,Blood Knights,cavalry_chariots,Cavalry
wh3_dlc29_sc_nag_undead_legions,wh3_dlc29_sc_nag_undead_legions|wh3_main_vmp_inf_grave_guard_2,wh3_main_vmp_inf_grave_guard_2,Grave Guard (Halberds),infantry,Halberd Infantry
wh3_dlc29_sc_nag_undead_legions,wh3_dlc29_sc_nag_undead_legions|wh_dlc02_vmp_cav_blood_knights_0,wh_dlc02_vmp_cav_blood_knights_0,Blood Knights (Lances),cavalry_chariots,Shock Cavalry
wh3_dlc29_sc_nag_undead_legions,wh3_dlc29_sc_nag_undead_legions|wh_dlc04_vmp_cav_chillgheists_0,wh_dlc04_vmp_cav_chillgheists_0,The Chillgheists (Hexwraiths),cavalry_chariots,Cavalry
wh3_dlc29_sc_nag_undead_legions,wh3_dlc29_sc_nag_undead_legions|wh_dlc04_vmp_cav_vereks_reavers_0,wh_dlc04_vmp_cav_vereks_reavers_0,Verek's Reavers (Black Knights – Lances & Barding),cavalry_chariots,Shock Cavalry
wh3_dlc29_sc_nag_undead_legions,wh3_dlc29_sc_nag_undead_legions|wh_dlc04_vmp_cha_vlad_von_carstein_0,wh_dlc04_vmp_cha_vlad_von_carstein_0,Vlad von Carstein,heroes_agents,Wizard
wh3_dlc29_sc_nag_undead_legions,wh3_dlc29_sc_nag_undead_legions|wh_dlc04_vmp_inf_feasters_in_the_dusk_0,wh_dlc04_vmp_inf_feasters_in_the_dusk_0,The Feasters in the Dusk (Crypt Ghouls),infantry,Cudgel Infantry
wh3_dlc29_sc_nag_undead_legions,wh3_dlc29_sc_nag_undead_legions|wh_dlc04_vmp_inf_konigstein_stalkers_0,wh_dlc04_vmp_inf_konigstein_stalkers_0,The Konigstein Stalkers (Skeleton Warriors),infantry,Sword Infantry
wh3_dlc29_sc_nag_undead_legions,wh3_dlc29_sc_nag_undead_legions|wh_dlc04_vmp_inf_sternsmen_0,wh_dlc04_vmp_inf_sternsmen_0,The Sternsmen (Grave Guard),infantry,Sword Infantry
wh3_dlc29_sc_nag_undead_legions,wh3_dlc29_sc_nag_undead_legions|wh_dlc04_vmp_inf_tithe_0,wh_dlc04_vmp_inf_tithe_0,The Tithe (Zombies),infantry,Sword Infantry
wh3_dlc29_sc_nag_undead_legions,wh3_dlc29_sc_nag_undead_legions|wh_dlc04_vmp_mon_devils_swartzhafen_0,wh_dlc04_vmp_mon_devils_swartzhafen_0,The Devils of Swartzhafen (Vargheists),monster_beasts,Flying Monstrous Infantry
wh3_dlc29_sc_nag_undead_legions,wh3_dlc29_sc_nag_undead_legions|wh_dlc04_vmp_mon_direpack_0,wh_dlc04_vmp_mon_direpack_0,The Direpack (Dire Wolves),monster_beasts,War Beasts
wh3_dlc29_sc_nag_undead_legions,wh3_dlc29_sc_nag_undead_legions|wh_dlc04_vmp_veh_claw_of_nagash_0,wh_dlc04_vmp_veh_claw_of_nagash_0,The Claw of Nagash (Mortis Engine),artillery_war_machines,Magic Chariot
wh3_dlc29_sc_nag_undead_legions,wh3_dlc29_sc_nag_undead_legions|wh_dlc04_vmp_veh_corpse_cart_0,wh_dlc04_vmp_veh_corpse_cart_0,Corpse Cart,artillery_war_machines,Magic Chariot
wh3_dlc29_sc_nag_undead_legions,wh3_dlc29_sc_nag_undead_legions|wh_dlc04_vmp_veh_corpse_cart_1,wh_dlc04_vmp_veh_corpse_cart_1,Corpse Cart (Balefire),artillery_war_machines,Magic Chariot
wh3_dlc29_sc_nag_undead_legions,wh3_dlc29_sc_nag_undead_legions|wh_dlc04_vmp_veh_corpse_cart_2,wh_dlc04_vmp_veh_corpse_cart_2,Corpse Cart (Unholy Lodestone),artillery_war_machines,Magic Chariot
wh3_dlc29_sc_nag_undead_legions,wh3_dlc29_sc_nag_undead_legions|wh_dlc04_vmp_veh_mortis_engine_0,wh_dlc04_vmp_veh_mortis_engine_0,Mortis Engine,artillery_war_machines,Magic Chariot
wh3_dlc29_sc_nag_undead_legions,wh3_dlc29_sc_nag_undead_legions|wh_dlc05_vmp_cha_vampire_shadows_0,wh_dlc05_vmp_cha_vampire_shadows_0,Vampire,heroes_agents,Wizard
wh3_dlc29_sc_nag_undead_legions,wh3_dlc29_sc_nag_undead_legions|wh_main_vmp_cav_black_knights_0,wh_main_vmp_cav_black_knights_0,Black Knights,cavalry_chariots,Cavalry
wh3_dlc29_sc_nag_undead_legions,wh3_dlc29_sc_nag_undead_legions|wh_main_vmp_cav_black_knights_3,wh_main_vmp_cav_black_knights_3,Black Knights (Lances & Barding),cavalry_chariots,Shock Cavalry
wh3_dlc29_sc_nag_undead_legions,wh3_dlc29_sc_nag_undead_legions|wh_main_vmp_cav_hexwraiths,wh_main_vmp_cav_hexwraiths,Hexwraiths,cavalry_chariots,Cavalry
wh3_dlc29_sc_nag_undead_legions,wh3_dlc29_sc_nag_undead_legions|wh_main_vmp_cha_banshee,wh_main_vmp_cha_banshee,Banshee,heroes_agents,Melee Specialist
wh3_dlc29_sc_nag_undead_legions,wh3_dlc29_sc_nag_undead_legions|wh_main_vmp_cha_mannfred_von_carstein_0,wh_main_vmp_cha_mannfred_von_carstein_0,Mannfred von Carstein,commander,Wizard Lord
wh3_dlc29_sc_nag_undead_legions,wh3_dlc29_sc_nag_undead_legions|wh_main_vmp_cha_master_necromancer_0,wh_main_vmp_cha_master_necromancer_0,Master Necromancer,commander,Wizard Lord
wh3_dlc29_sc_nag_undead_legions,wh3_dlc29_sc_nag_undead_legions|wh_main_vmp_cha_necromancer_0,wh_main_vmp_cha_necromancer_0,Necromancer,heroes_agents,Wizard
wh3_dlc29_sc_nag_undead_legions,wh3_dlc29_sc_nag_undead_legions|wh_main_vmp_cha_wight_king_0,wh_main_vmp_cha_wight_king_0,Wight King,heroes_agents,Melee Specialist
wh3_dlc29_sc_nag_undead_legions,wh3_dlc29_sc_nag_undead_legions|wh_main_vmp_inf_cairn_wraiths,wh_main_vmp_inf_cairn_wraiths,Cairn Wraiths,infantry,Scythe Infantry
wh3_dlc29_sc_nag_undead_legions,wh3_dlc29_sc_nag_undead_legions|wh_main_vmp_inf_crypt_ghouls,wh_main_vmp_inf_crypt_ghouls,Crypt Ghouls,infantry,Cudgel Infantry
wh3_dlc29_sc_nag_undead_legions,wh3_dlc29_sc_nag_undead_legions|wh_main_vmp_inf_grave_guard_0,wh_main_vmp_inf_grave_guard_0,Grave Guard,infantry,Sword Infantry
wh3_dlc29_sc_nag_undead_legions,wh3_dlc29_sc_nag_undead_legions|wh_main_vmp_inf_grave_guard_1,wh_main_vmp_inf_grave_guard_1,Grave Guard (Great Weapons),infantry,Greatsword Infantry
wh3_dlc29_sc_nag_undead_legions,wh3_dlc29_sc_nag_undead_legions|wh_main_vmp_inf_skeleton_warriors_0,wh_main_vmp_inf_skeleton_warriors_0,Skeleton Warriors,infantry,Sword Infantry
wh3_dlc29_sc_nag_undead_legions,wh3_dlc29_sc_nag_undead_legions|wh_main_vmp_inf_skeleton_warriors_1,wh_main_vmp_inf_skeleton_warriors_1,Skeleton Spearmen,infantry,Spear Infantry
wh3_dlc29_sc_nag_undead_legions,wh3_dlc29_sc_nag_undead_legions|wh_main_vmp_inf_zombie,wh_main_vmp_inf_zombie,Zombies,infantry,Sword Infantry
wh3_dlc29_sc_nag_undead_legions,wh3_dlc29_sc_nag_undead_legions|wh_main_vmp_mon_crypt_horrors,wh_main_vmp_mon_crypt_horrors,Crypt Horrors,monster_beasts,Monstrous Infantry
wh3_dlc29_sc_nag_undead_legions,wh3_dlc29_sc_nag_undead_legions|wh_main_vmp_mon_dire_wolves,wh_main_vmp_mon_dire_wolves,Dire Wolves,monster_beasts,War Beasts
wh3_dlc29_sc_nag_undead_legions,wh3_dlc29_sc_nag_undead_legions|wh_main_vmp_mon_fell_bats,wh_main_vmp_mon_fell_bats,Fell Bats,monster_beasts,Flying War Beasts
wh3_dlc29_sc_nag_undead_legions,wh3_dlc29_sc_nag_undead_legions|wh_main_vmp_mon_terrorgheist,wh_main_vmp_mon_terrorgheist,Terrorgheist,monster_beasts,Flying Monster
wh3_dlc29_sc_nag_undead_legions,wh3_dlc29_sc_nag_undead_legions|wh_main_vmp_mon_vargheists,wh_main_vmp_mon_vargheists,Vargheists,monster_beasts,Flying Monstrous Infantry
wh3_dlc29_sc_nag_undead_legions,wh3_dlc29_sc_nag_undead_legions|wh_main_vmp_mon_varghulf,wh_main_vmp_mon_varghulf,Varghulf,monster_beasts,Monster
wh3_dlc29_sc_nag_undead_legions,wh3_dlc29_sc_nag_undead_legions|wh_main_vmp_veh_black_coach,wh_main_vmp_veh_black_coach,Black Coach,artillery_war_machines,Magic Chariot
wh3_main_sc_cth_cathay,wh3_main_sc_cth_cathay|wh2_pro08_neu_cha_felix,wh2_pro08_neu_cha_felix,Felix,heroes_agents,Melee Specialist
wh3_main_sc_cth_cathay,wh3_main_sc_cth_cathay|wh2_pro08_neu_cha_gotrek,wh2_pro08_neu_cha_gotrek,Gotrek,heroes_agents,Melee Specialist
wh3_main_sc_cth_cathay,wh3_main_sc_cth_cathay|wh3_cp1_cth_cha_bhashiva,wh3_cp1_cth_cha_bhashiva,"Bhashiva, the White Tiger",commander,Lord
wh3_main_sc_cth_cathay,wh3_main_sc_cth_cathay|wh3_cp1_cth_cha_clawspeaker_life,wh3_cp1_cth_cha_clawspeaker_life,Clawspeaker,heroes_agents,Wizard
wh3_main_sc_cth_cathay,wh3_main_sc_cth_cathay|wh3_cp1_cth_cha_sawai,wh3_cp1_cth_cha_sawai,Tiger Warrior Sawai,commander,Lord
wh3_main_sc_cth_cathay,wh3_main_sc_cth_cathay|wh3_cp1_cth_cha_taoyan,wh3_cp1_cth_cha_taoyan,Taoyan the Merciless,heroes_agents,Trident Infantry
wh3_main_sc_cth_cathay,wh3_main_sc_cth_cathay|wh3_cp1_cth_inf_iron_claw_guandao,wh3_cp1_cth_inf_iron_claw_guandao,Iron Claw Tiger Warriors,infantry,Guandao Infantry
wh3_main_sc_cth_cathay,wh3_main_sc_cth_cathay|wh3_cp1_cth_inf_stalkers_throwing_disc,wh3_cp1_cth_inf_stalkers_throwing_disc,Tiger Warrior Stalkers,missile_infantry,Throwing Disc Infantry
wh3_main_sc_cth_cathay,wh3_main_sc_cth_cathay|wh3_cp1_cth_inf_tiger_warriors_dual_axe,wh3_cp1_cth_inf_tiger_warriors_dual_axe,Tiger Warriors,infantry,Dual Axe Infantry
wh3_main_sc_cth_cathay,wh3_main_sc_cth_cathay|wh3_dlc24_cth_cha_celestial_general_yang,wh3_dlc24_cth_cha_celestial_general_yang,Celestial General,commander,Lord
wh3_main_sc_cth_cathay,wh3_main_sc_cth_cathay|wh3_dlc24_cth_cha_gate_master,wh3_dlc24_cth_cha_gate_master,Gate Master,heroes_agents,Hybrid Weapon Specialist
wh3_main_sc_cth_cathay,wh3_main_sc_cth_cathay|wh3_dlc24_cth_cha_saytang_the_watcher,wh3_dlc24_cth_cha_saytang_the_watcher,Saytang the Watcher,heroes_agents,Specialist Artillery
wh3_main_sc_cth_cathay,wh3_main_sc_cth_cathay|wh3_dlc24_cth_cha_yuan_bo_human,wh3_dlc24_cth_cha_yuan_bo_human,"Yuan Bo, the Jade Dragon",commander,Wizard Lord
wh3_main_sc_cth_cathay,wh3_main_sc_cth_cathay|wh3_dlc24_cth_inf_dragon_guard_crossbowmen_ror,wh3_dlc24_cth_inf_dragon_guard_crossbowmen_ror,The Grace of Quai Yin (Celestial Dragon Crossbows),missile_infantry,Missile Infantry
wh3_main_sc_cth_cathay,wh3_main_sc_cth_cathay|wh3_dlc24_cth_inf_onyx_crowmen,wh3_dlc24_cth_inf_onyx_crowmen,Onyx Crowmen,monster_beasts,Flying Melee Infantry
wh3_main_sc_cth_cathay,wh3_main_sc_cth_cathay|wh3_dlc24_cth_inf_onyx_crowmen_ror,wh3_dlc24_cth_inf_onyx_crowmen_ror,Empress Crowmen (Onyx Crowmen),monster_beasts,Flying Melee Infantry
wh3_main_sc_cth_cathay,wh3_main_sc_cth_cathay|wh3_dlc24_cth_mon_celestial_lion,wh3_dlc24_cth_mon_celestial_lion,Celestial Lion,monster_beasts,Flying Monster
wh3_main_sc_cth_cathay,wh3_main_sc_cth_cathay|wh3_dlc24_cth_mon_great_moon_bird,wh3_dlc24_cth_mon_great_moon_bird,Great Moon Bird,monster_beasts,Flying Monster
wh3_main_sc_cth_cathay,wh3_main_sc_cth_cathay|wh3_dlc24_cth_mon_jade_lion,wh3_dlc24_cth_mon_jade_lion,Jade Lion,monster_beasts,Monstrous Beast
wh3_main_sc_cth_cathay,wh3_main_sc_cth_cathay|wh3_dlc24_cth_mon_jet_lion,wh3_dlc24_cth_mon_jet_lion,Jet Lion,monster_beasts,Monstrous Beast
wh3_main_sc_cth_cathay,wh3_main_sc_cth_cathay|wh3_dlc24_cth_veh_zhangu_war_drum,wh3_dlc24_cth_veh_zhangu_war_drum,Zhangu War Drum,artillery_war_machines,Support Chariot
wh3_main_sc_cth_cathay,wh3_main_sc_cth_cathay|wh3_dlc24_cth_veh_zhangu_war_drum_ror,wh3_dlc24_cth_veh_zhangu_war_drum_ror,The Jade War Drum (Zhangu War Drum),artillery_war_machines,Support Chariot
wh3_main_sc_cth_cathay,wh3_main_sc_cth_cathay|wh3_main_cth_art_fire_rain_rocket_battery_0,wh3_main_cth_art_fire_rain_rocket_battery_0,Fire Rain Rocket Battery,artillery_war_machines,Rocket Battery
wh3_main_sc_cth_cathay,wh3_main_sc_cth_cathay|wh3_main_cth_art_grand_cannon_0,wh3_main_cth_art_grand_cannon_0,Grand Cannons,artillery_war_machines,Siege Artillery
wh3_main_sc_cth_cathay,wh3_main_sc_cth_cathay|wh3_main_cth_cav_jade_lancers_0,wh3_main_cth_cav_jade_lancers_0,Jade Lancers,cavalry_chariots,Shock Cavalry
wh3_main_sc_cth_cathay,wh3_main_sc_cth_cathay|wh3_main_cth_cav_jade_longma_riders_0,wh3_main_cth_cav_jade_longma_riders_0,Great Longma Riders,cavalry_chariots,Flying Cavalry
wh3_main_sc_cth_cathay,wh3_main_sc_cth_cathay|wh3_main_cth_cav_peasant_horsemen_0,wh3_main_cth_cav_peasant_horsemen_0,Peasant Horsemen,cavalry_chariots,Cavalry
wh3_main_sc_cth_cathay,wh3_main_sc_cth_cathay|wh3_main_cth_cha_alchemist_0,wh3_main_cth_cha_alchemist_0,Alchemist,heroes_agents,Wizard
wh3_main_sc_cth_cathay,wh3_main_sc_cth_cathay|wh3_main_cth_cha_astromancer_0,wh3_main_cth_cha_astromancer_0,Astromancer,heroes_agents,Wizard
wh3_main_sc_cth_cathay,wh3_main_sc_cth_cathay|wh3_main_cth_cha_dragon_blooded_shugengan_lord_yin_0,wh3_main_cth_cha_dragon_blooded_shugengan_lord_yin_0,Dragon-blooded Shugengan Lord,commander,Wizard Lord
wh3_main_sc_cth_cathay,wh3_main_sc_cth_cathay|wh3_main_cth_cha_iron_dragon_0,wh3_main_cth_cha_iron_dragon_0,"Zhao Ming, the Iron Dragon",commander,Wizard Lord
wh3_main_sc_cth_cathay,wh3_main_sc_cth_cathay|wh3_main_cth_cha_lord_magistrate_0,wh3_main_cth_cha_lord_magistrate_0,Lord Magistrate,commander,Lord
wh3_main_sc_cth_cathay,wh3_main_sc_cth_cathay|wh3_main_cth_cha_storm_dragon_0,wh3_main_cth_cha_storm_dragon_0,"Miao Ying, the Storm Dragon",commander,Wizard Lord
wh3_main_sc_cth_cathay,wh3_main_sc_cth_cathay|wh3_main_cth_inf_crane_gunners_0,wh3_main_cth_inf_crane_gunners_0,Crane Gunners,missile_infantry,Specialist Missile Infantry
wh3_main_sc_cth_cathay,wh3_main_sc_cth_cathay|wh3_main_cth_inf_dragon_guard_0,wh3_main_cth_inf_dragon_guard_0,Celestial Dragon Guard,infantry,Halberd Infantry
wh3_main_sc_cth_cathay,wh3_main_sc_cth_cathay|wh3_main_cth_inf_dragon_guard_crossbowmen_0,wh3_main_cth_inf_dragon_guard_crossbowmen_0,Celestial Dragon Crossbows,missile_infantry,Missile Infantry
wh3_main_sc_cth_cathay,wh3_main_sc_cth_cathay|wh3_main_cth_inf_grenadiers,wh3_main_cth_inf_grenadiers,Nan-Gau Grenadiers,missile_infantry,Explosives Infantry
wh3_main_sc_cth_cathay,wh3_main_sc_cth_cathay|wh3_main_cth_inf_iron_hail_gunners_0,wh3_main_cth_inf_iron_hail_gunners_0,Iron Hail Gunners,missile_infantry,Close-Quarters Missile Infantry
wh3_main_sc_cth_cathay,wh3_main_sc_cth_cathay|wh3_main_cth_inf_jade_warrior_crossbowmen_0,wh3_main_cth_inf_jade_warrior_crossbowmen_0,Jade Warrior Crossbows,missile_infantry,Missile Infantry
wh3_main_sc_cth_cathay,wh3_main_sc_cth_cathay|wh3_main_cth_inf_jade_warrior_crossbowmen_1,wh3_main_cth_inf_jade_warrior_crossbowmen_1,Jade Warrior Crossbows (Shields),missile_infantry,Missile Infantry
wh3_main_sc_cth_cathay,wh3_main_sc_cth_cathay|wh3_main_cth_inf_jade_warriors_0,wh3_main_cth_inf_jade_warriors_0,Jade Warriors,infantry,Sword Infantry
wh3_main_sc_cth_cathay,wh3_main_sc_cth_cathay|wh3_main_cth_inf_jade_warriors_1,wh3_main_cth_inf_jade_warriors_1,Jade Warriors (Halberds),infantry,Halberd Infantry
wh3_main_sc_cth_cathay,wh3_main_sc_cth_cathay|wh3_main_cth_inf_peasant_archers_0,wh3_main_cth_inf_peasant_archers_0,Peasant Archers,missile_infantry,Missile Infantry
wh3_main_sc_cth_cathay,wh3_main_sc_cth_cathay|wh3_main_cth_inf_peasant_spearmen_1,wh3_main_cth_inf_peasant_spearmen_1,Peasant Long Spearmen,infantry,Spear Infantry
wh3_main_sc_cth_cathay,wh3_main_sc_cth_cathay|wh3_main_cth_mon_terracotta_sentinel_0,wh3_main_cth_mon_terracotta_sentinel_0,Terracotta Sentinel,monster_beasts,Monster
wh3_main_sc_cth_cathay,wh3_main_sc_cth_cathay|wh3_main_cth_veh_sky_junk_0,wh3_main_cth_veh_sky_junk_0,Sky-junk,flying_war_machine,Flying War Machine
wh3_main_sc_cth_cathay,wh3_main_sc_cth_cathay|wh3_main_cth_veh_sky_lantern_0,wh3_main_cth_veh_sky_lantern_0,Sky Lantern,flying_war_machine,Flying War Machine
wh3_main_sc_cth_cathay,wh3_main_sc_cth_cathay|wh3_main_cth_veh_war_compass_0,wh3_main_cth_veh_war_compass_0,Wu Xing War Compass,artillery_war_machines,Magic Chariot
wh3_main_sc_cth_cathay,wh3_main_sc_cth_cathay|wh3_twa06_cth_inf_dragon_guard_ror_0,wh3_twa06_cth_inf_dragon_guard_ror_0,The Dune Dragons (Celestial Dragon Guard),infantry,Halberd Infantry
wh3_main_sc_cth_cathay,wh3_main_sc_cth_cathay|wh3_twa07_cth_cav_jade_longma_riders_ror_0,wh3_twa07_cth_cav_jade_longma_riders_ror_0,Righteous Lances of Wei-Jin (Great Longma Riders),cavalry_chariots,Flying Cavalry
wh3_main_sc_cth_cathay,wh3_main_sc_cth_cathay|wh3_twa08_cth_mon_terracotta_sentinel_0_ror,wh3_twa08_cth_mon_terracotta_sentinel_0_ror,The Green Guardian (Terracotta Sentinel),monster_beasts,Monster
wh3_main_sc_cth_cathay,wh3_main_sc_cth_cathay|wh3_twa10_cth_inf_peasant_archers_ror,wh3_twa10_cth_inf_peasant_archers_ror,Bandits of the Silver Road (Peasant Archers),missile_infantry,Missile Infantry
wh3_main_sc_dae_daemons,wh3_main_sc_dae_daemons|wh3_dlc20_chs_cha_daemon_prince,wh3_dlc20_chs_cha_daemon_prince,Daemon Prince,commander,Wizard Lord
wh3_main_sc_dae_daemons,wh3_main_sc_dae_daemons|wh3_dlc24_tze_cha_blue_scribes,wh3_dlc24_tze_cha_blue_scribes,The Blue Scribes,heroes_agents,Wizard
wh3_main_sc_dae_daemons,wh3_main_sc_dae_daemons|wh3_dlc24_tze_inf_pink_horrors_ror,wh3_dlc24_tze_inf_pink_horrors_ror,The Sourguts (Pink Horrors of Tzeentch),missile_infantry,Missile Infantry
wh3_main_sc_dae_daemons,wh3_main_sc_dae_daemons|wh3_dlc24_tze_mon_flamers_changebringers,wh3_dlc24_tze_mon_flamers_changebringers,Changebringers,missile_cavalry_chariots,Monstrous Missile Infantry
wh3_main_sc_dae_daemons,wh3_main_sc_dae_daemons|wh3_dlc24_tze_mon_screamers_ror,wh3_dlc24_tze_mon_screamers_ror,Shrieking Skyrays (Screamers of Tzeentch),monster_beasts,Flying Monstrous Infantry
wh3_main_sc_dae_daemons,wh3_main_sc_dae_daemons|wh3_dlc25_nur_cav_plague_drones_1_ror,wh3_dlc25_nur_cav_plague_drones_1_ror,The Angels of Decay (Plague Drones – Death's Heads),missile_monster_beasts,Flying Missile War Beasts
wh3_main_sc_dae_daemons,wh3_main_sc_dae_daemons|wh3_dlc25_nur_mon_soul_grinder_0_ror,wh3_dlc25_nur_mon_soul_grinder_0_ror,Noxbringer (Soul Grinder of Nurgle),missile_monster_beasts,Missile Monster
wh3_main_sc_dae_daemons,wh3_main_sc_dae_daemons|wh3_dlc26_kho_veh_skullcannon_ror,wh3_dlc26_kho_veh_skullcannon_ror,Hellforged Bellowers (Skullcannon),artillery_war_machines,Siege Artillery
wh3_main_sc_dae_daemons,wh3_main_sc_dae_daemons|wh3_dlc27_sla_cav_pleasureseekers,wh3_dlc27_sla_cav_pleasureseekers,Pleasureseekers,cavalry_chariots,Monstrous Cavalry
wh3_main_sc_dae_daemons,wh3_main_sc_dae_daemons|wh3_dlc27_sla_veh_seeker_chariot_ror,wh3_dlc27_sla_veh_seeker_chariot_ror,Heralds of Excess (Seeker Chariots),cavalry_chariots,Chariots
wh3_main_sc_dae_daemons,wh3_main_sc_dae_daemons|wh3_main_dae_cha_be_lakor_0,wh3_main_dae_cha_be_lakor_0,Be'lakor,commander,Wizard Lord
wh3_main_sc_dae_daemons,wh3_main_sc_dae_daemons|wh3_main_dae_cha_daemon_prince_0,wh3_main_dae_cha_daemon_prince_0,Daemon Prince,commander,Lord
wh3_main_sc_dae_daemons,wh3_main_sc_dae_daemons|wh3_main_dae_cha_daemon_prince_MP,wh3_main_dae_cha_daemon_prince_MP,"Arcalux, Prince of Fury",commander,Wizard Lord
wh3_main_sc_dae_daemons,wh3_main_sc_dae_daemons|wh3_main_dae_cha_daemon_prince_khorne_MP,wh3_main_dae_cha_daemon_prince_khorne_MP,"Red Ulgor, Prince of Slaughter",commander,Lord
wh3_main_sc_dae_daemons,wh3_main_sc_dae_daemons|wh3_main_dae_cha_daemon_prince_nurgle_MP,wh3_main_dae_cha_daemon_prince_nurgle_MP,"Grand Vomitus, Prince of Buboes",commander,Wizard Lord
wh3_main_sc_dae_daemons,wh3_main_sc_dae_daemons|wh3_main_dae_cha_daemon_prince_slaanesh_MP,wh3_main_dae_cha_daemon_prince_slaanesh_MP,"Caress, the Darkling Prince",commander,Wizard Lord
wh3_main_sc_dae_daemons,wh3_main_sc_dae_daemons|wh3_main_dae_cha_daemon_prince_tzeentch_MP,wh3_main_dae_cha_daemon_prince_tzeentch_MP,"Zarrivyk, Feathered-Prince",commander,Wizard Lord
wh3_main_sc_dae_daemons,wh3_main_sc_dae_daemons|wh3_main_dae_inf_chaos_furies_0,wh3_main_dae_inf_chaos_furies_0,Chaos Furies,monster_beasts,Flying Melee Infantry
wh3_main_sc_dae_daemons,wh3_main_sc_dae_daemons|wh3_main_kho_cav_bloodcrushers_0,wh3_main_kho_cav_bloodcrushers_0,Bloodcrushers of Khorne,cavalry_chariots,Monstrous Cavalry
wh3_main_sc_dae_daemons,wh3_main_sc_dae_daemons|wh3_main_kho_cha_bloodreaper_0,wh3_main_kho_cha_bloodreaper_0,Bloodreaper,heroes_agents,Melee Specialist
wh3_main_sc_dae_daemons,wh3_main_sc_dae_daemons|wh3_main_kho_cha_exalted_bloodthirster_0,wh3_main_kho_cha_exalted_bloodthirster_0,Exalted Bloodthirster,commander,Lord
wh3_main_sc_dae_daemons,wh3_main_sc_dae_daemons|wh3_main_kho_cha_herald_of_khorne_0,wh3_main_kho_cha_herald_of_khorne_0,Herald of Khorne,commander,Lord
wh3_main_sc_dae_daemons,wh3_main_sc_dae_daemons|wh3_main_kho_inf_bloodletters_0,wh3_main_kho_inf_bloodletters_0,Bloodletters of Khorne,infantry,Greatsword Infantry
wh3_main_sc_dae_daemons,wh3_main_sc_dae_daemons|wh3_main_kho_inf_bloodletters_1,wh3_main_kho_inf_bloodletters_1,Exalted Bloodletters of Khorne,infantry,Greatsword Infantry
wh3_main_sc_dae_daemons,wh3_main_sc_dae_daemons|wh3_main_kho_inf_flesh_hounds_of_khorne_0,wh3_main_kho_inf_flesh_hounds_of_khorne_0,Flesh Hounds of Khorne,monster_beasts,War Beasts
wh3_main_sc_dae_daemons,wh3_main_sc_dae_daemons|wh3_main_kho_mon_bloodthirster_0,wh3_main_kho_mon_bloodthirster_0,Bloodthirster,monster_beasts,Flying Monster
wh3_main_sc_dae_daemons,wh3_main_sc_dae_daemons|wh3_main_kho_mon_soul_grinder_0,wh3_main_kho_mon_soul_grinder_0,Soul Grinder of Khorne,monster_beasts,Monster
wh3_main_sc_dae_daemons,wh3_main_sc_dae_daemons|wh3_main_kho_veh_blood_shrine_0,wh3_main_kho_veh_blood_shrine_0,Blood Shrine of Khorne,artillery_war_machines,Magic Chariot
wh3_main_sc_dae_daemons,wh3_main_sc_dae_daemons|wh3_main_kho_veh_skullcannon_0,wh3_main_kho_veh_skullcannon_0,Skullcannon,artillery_war_machines,Siege Artillery
wh3_main_sc_dae_daemons,wh3_main_sc_dae_daemons|wh3_main_nur_cav_plague_drones_0,wh3_main_nur_cav_plague_drones_0,Plague Drones of Nurgle,monster_beasts,Flying War Beasts
wh3_main_sc_dae_daemons,wh3_main_sc_dae_daemons|wh3_main_nur_cav_plague_drones_1,wh3_main_nur_cav_plague_drones_1,Plague Drones of Nurgle (Death's Heads),missile_monster_beasts,Flying Missile War Beasts
wh3_main_sc_dae_daemons,wh3_main_sc_dae_daemons|wh3_main_nur_cav_pox_riders_of_nurgle_0,wh3_main_nur_cav_pox_riders_of_nurgle_0,Pox Riders of Nurgle,monster_beasts,War Beasts
wh3_main_sc_dae_daemons,wh3_main_sc_dae_daemons|wh3_main_nur_cha_exalted_great_unclean_one_death_0,wh3_main_nur_cha_exalted_great_unclean_one_death_0,Exalted Great Unclean One,commander,Wizard Lord
wh3_main_sc_dae_daemons,wh3_main_sc_dae_daemons|wh3_main_nur_cha_herald_of_nurgle_death_0,wh3_main_nur_cha_herald_of_nurgle_death_0,Herald of Nurgle,commander,Wizard Lord
wh3_main_sc_dae_daemons,wh3_main_sc_dae_daemons|wh3_main_nur_cha_plagueridden_death_0,wh3_main_nur_cha_plagueridden_death_0,Plagueridden,heroes_agents,Wizard
wh3_main_sc_dae_daemons,wh3_main_sc_dae_daemons|wh3_main_nur_inf_nurglings_0,wh3_main_nur_inf_nurglings_0,Nurglings,infantry,Swarm
wh3_main_sc_dae_daemons,wh3_main_sc_dae_daemons|wh3_main_nur_inf_plaguebearers_0,wh3_main_nur_inf_plaguebearers_0,Plaguebearers of Nurgle,infantry,Sword Infantry
wh3_main_sc_dae_daemons,wh3_main_sc_dae_daemons|wh3_main_nur_inf_plaguebearers_1,wh3_main_nur_inf_plaguebearers_1,Exalted Plaguebearers of Nurgle,infantry,Sword Infantry
wh3_main_sc_dae_daemons,wh3_main_sc_dae_daemons|wh3_main_nur_mon_beast_of_nurgle_0,wh3_main_nur_mon_beast_of_nurgle_0,Beast of Nurgle,monster_beasts,Monster
wh3_main_sc_dae_daemons,wh3_main_sc_dae_daemons|wh3_main_nur_mon_great_unclean_one_0,wh3_main_nur_mon_great_unclean_one_0,Great Unclean One,monster_beasts,Monster
wh3_main_sc_dae_daemons,wh3_main_sc_dae_daemons|wh3_main_nur_mon_plague_toads_0,wh3_main_nur_mon_plague_toads_0,Plague Toads of Nurgle,monster_beasts,War Beasts
wh3_main_sc_dae_daemons,wh3_main_sc_dae_daemons|wh3_main_nur_mon_rot_flies_0,wh3_main_nur_mon_rot_flies_0,Rot Flies,monster_beasts,Flying War Beasts
wh3_main_sc_dae_daemons,wh3_main_sc_dae_daemons|wh3_main_nur_mon_soul_grinder_0,wh3_main_nur_mon_soul_grinder_0,Soul Grinder of Nurgle,missile_monster_beasts,Missile Monster
wh3_main_sc_dae_daemons,wh3_main_sc_dae_daemons|wh3_main_sla_cav_heartseekers_of_slaanesh_0,wh3_main_sla_cav_heartseekers_of_slaanesh_0,Heartseekers of Slaanesh,cavalry_chariots,Shock Cavalry
wh3_main_sc_dae_daemons,wh3_main_sc_dae_daemons|wh3_main_sla_cav_seekers_of_slaanesh_0,wh3_main_sla_cav_seekers_of_slaanesh_0,Seekers of Slaanesh,cavalry_chariots,Shock Cavalry
wh3_main_sc_dae_daemons,wh3_main_sc_dae_daemons|wh3_main_sla_cha_alluress_shadow_0,wh3_main_sla_cha_alluress_shadow_0,Alluress,heroes_agents,Wizard
wh3_main_sc_dae_daemons,wh3_main_sc_dae_daemons|wh3_main_sla_cha_exalted_keeper_of_secrets_shadow_0,wh3_main_sla_cha_exalted_keeper_of_secrets_shadow_0,Exalted Keeper of Secrets,commander,Wizard Lord
wh3_main_sc_dae_daemons,wh3_main_sc_dae_daemons|wh3_main_sla_cha_herald_of_slaanesh_shadow_0,wh3_main_sla_cha_herald_of_slaanesh_shadow_0,Herald of Slaanesh,commander,Wizard Lord
wh3_main_sc_dae_daemons,wh3_main_sc_dae_daemons|wh3_main_sla_inf_daemonette_0,wh3_main_sla_inf_daemonette_0,Daemonettes of Slaanesh,infantry,Melee Infantry
wh3_main_sc_dae_daemons,wh3_main_sc_dae_daemons|wh3_main_sla_inf_daemonette_1,wh3_main_sla_inf_daemonette_1,Exalted Daemonettes of Slaanesh,infantry,Melee Infantry
wh3_main_sc_dae_daemons,wh3_main_sc_dae_daemons|wh3_main_sla_mon_fiends_of_slaanesh_0,wh3_main_sla_mon_fiends_of_slaanesh_0,Fiends of Slaanesh,monster_beasts,Monstrous Infantry
wh3_main_sc_dae_daemons,wh3_main_sc_dae_daemons|wh3_main_sla_mon_keeper_of_secrets_0,wh3_main_sla_mon_keeper_of_secrets_0,Keeper of Secrets,monster_beasts,Monster
wh3_main_sc_dae_daemons,wh3_main_sc_dae_daemons|wh3_main_sla_mon_soul_grinder_0,wh3_main_sla_mon_soul_grinder_0,Soul Grinder of Slaanesh,monster_beasts,Monster
wh3_main_sc_dae_daemons,wh3_main_sc_dae_daemons|wh3_main_sla_veh_exalted_seeker_chariot_0,wh3_main_sla_veh_exalted_seeker_chariot_0,Exalted Seeker Chariot,cavalry_chariots,Chariot
wh3_main_sc_dae_daemons,wh3_main_sc_dae_daemons|wh3_main_sla_veh_hellflayer_0,wh3_main_sla_veh_hellflayer_0,Hellflayers,cavalry_chariots,Chariots
wh3_main_sc_dae_daemons,wh3_main_sc_dae_daemons|wh3_main_sla_veh_seeker_chariot_0,wh3_main_sla_veh_seeker_chariot_0,Seeker Chariots,cavalry_chariots,Chariots
wh3_main_sc_dae_daemons,wh3_main_sc_dae_daemons|wh3_main_tze_cha_exalted_lord_of_change_metal_0,wh3_main_tze_cha_exalted_lord_of_change_metal_0,Exalted Lord of Change,commander,Wizard Lord
wh3_main_sc_dae_daemons,wh3_main_sc_dae_daemons|wh3_main_tze_cha_herald_of_tzeentch_metal_0,wh3_main_tze_cha_herald_of_tzeentch_metal_0,Herald of Tzeentch,commander,Wizard Lord
wh3_main_sc_dae_daemons,wh3_main_sc_dae_daemons|wh3_main_tze_cha_iridescent_horror_metal_0,wh3_main_tze_cha_iridescent_horror_metal_0,Iridescent Horror,heroes_agents,Wizard
wh3_main_sc_dae_daemons,wh3_main_sc_dae_daemons|wh3_main_tze_inf_blue_horrors_0,wh3_main_tze_inf_blue_horrors_0,Blue Horrors of Tzeentch,infantry,Melee Infantry
wh3_main_sc_dae_daemons,wh3_main_sc_dae_daemons|wh3_main_tze_inf_pink_horrors_0,wh3_main_tze_inf_pink_horrors_0,Pink Horrors of Tzeentch,missile_infantry,Missile Infantry
wh3_main_sc_dae_daemons,wh3_main_sc_dae_daemons|wh3_main_tze_inf_pink_horrors_1,wh3_main_tze_inf_pink_horrors_1,Exalted Pink Horrors of Tzeentch,missile_infantry,Missile Infantry
wh3_main_sc_dae_daemons,wh3_main_sc_dae_daemons|wh3_main_tze_mon_exalted_flamers_0,wh3_main_tze_mon_exalted_flamers_0,Exalted Flamer of Tzeentch,missile_monster_beasts,Missile Monster
wh3_main_sc_dae_daemons,wh3_main_sc_dae_daemons|wh3_main_tze_mon_flamers_0,wh3_main_tze_mon_flamers_0,Flamers of Tzeentch,missile_monster_beasts,Monstrous Missile Infantry
wh3_main_sc_dae_daemons,wh3_main_sc_dae_daemons|wh3_main_tze_mon_lord_of_change_0,wh3_main_tze_mon_lord_of_change_0,Lord of Change,monster_beasts,Flying Monster
wh3_main_sc_dae_daemons,wh3_main_sc_dae_daemons|wh3_main_tze_mon_screamers_0,wh3_main_tze_mon_screamers_0,Screamers of Tzeentch,monster_beasts,Flying Monstrous Infantry
wh3_main_sc_dae_daemons,wh3_main_sc_dae_daemons|wh3_main_tze_mon_soul_grinder_0,wh3_main_tze_mon_soul_grinder_0,Soul Grinder of Tzeentch,missile_monster_beasts,Missile Monster
wh3_main_sc_dae_daemons,wh3_main_sc_dae_daemons|wh3_main_tze_veh_burning_chariot_0,wh3_main_tze_veh_burning_chariot_0,Burning Chariot of Tzeentch,missile_cavalry_chariots,Flying Missile Chariot
wh3_main_sc_dae_daemons,wh3_main_sc_dae_daemons|wh3_pro12_kho_cha_karanak,wh3_pro12_kho_cha_karanak,Karanak,heroes_agents,War Beast
wh3_main_sc_dae_daemons,wh3_main_sc_dae_daemons|wh3_twa06_kho_inf_bloodletters_ror_0,wh3_twa06_kho_inf_bloodletters_ror_0,Hellforged Host (Exalted Bloodletters of Khorne),infantry,Greatsword Infantry
wh3_main_sc_dae_daemons,wh3_main_sc_dae_daemons|wh3_twa06_nur_inf_plaguebearers_ror_0,wh3_twa06_nur_inf_plaguebearers_ror_0,Festering Stooges (Exalted Plaguebearers of Nurgle),infantry,Sword Infantry
wh3_main_sc_dae_daemons,wh3_main_sc_dae_daemons|wh3_twa06_sla_inf_daemonette_ror_0,wh3_twa06_sla_inf_daemonette_ror_0,Bringers of Beguilement (Exalted Daemonettes of Slaanesh),infantry,Melee Infantry
wh3_main_sc_dae_daemons,wh3_main_sc_dae_daemons|wh3_twa06_tze_inf_pink_horrors_ror_0,wh3_twa06_tze_inf_pink_horrors_ror_0,Blazing Squealers (Exalted Pink Horrors of Tzeentch),missile_infantry,Missile Infantry
wh3_main_sc_dae_daemons,wh3_main_sc_dae_daemons|wh3_twa07_kho_cav_bloodcrushers_ror_0,wh3_twa07_kho_cav_bloodcrushers_ror_0,Heralds of Khorne's Fury (Bloodcrushers of Khorne),cavalry_chariots,Monstrous Cavalry
wh3_main_sc_dae_daemons,wh3_main_sc_dae_daemons|wh3_twa07_nur_cav_pox_riders_of_nurgle_ror_0,wh3_twa07_nur_cav_pox_riders_of_nurgle_ror_0,Barons of the Bog (Pox Riders of Nurgle),monster_beasts,War Beasts
wh3_main_sc_dae_daemons,wh3_main_sc_dae_daemons|wh3_twa07_sla_cav_heartseekers_of_slaanesh_ror_0,wh3_twa07_sla_cav_heartseekers_of_slaanesh_ror_0,Eternal Entourage (Heartseekers of Slaanesh),cavalry_chariots,Shock Cavalry
wh3_main_sc_dae_daemons,wh3_main_sc_dae_daemons|wh3_twa08_kho_mon_bloodthirster_0_ror,wh3_twa08_kho_mon_bloodthirster_0_ror,Khorne’s Bloody Fist (Bloodthirster),monster_beasts,Flying Monster
wh3_main_sc_dae_daemons,wh3_main_sc_dae_daemons|wh3_twa08_nur_mon_great_unclean_one_0_ror,wh3_twa08_nur_mon_great_unclean_one_0_ror,Uncle Furuncle (Great Unclean One),monster_beasts,Monster
wh3_main_sc_dae_daemons,wh3_main_sc_dae_daemons|wh3_twa08_sla_mon_keeper_of_secrets_0_ror,wh3_twa08_sla_mon_keeper_of_secrets_0_ror,The Marquis of Masochism (Keeper of Secrets),monster_beasts,Monster
wh3_main_sc_dae_daemons,wh3_main_sc_dae_daemons|wh3_twa08_tze_mon_lord_of_change_0_ror,wh3_twa08_tze_mon_lord_of_change_0_ror,The Golden Griffin of Theurgy (Lord of Change),monster_beasts,Flying Monster
wh3_main_sc_dae_daemons,wh3_main_sc_dae_daemons|wh3_twa10_kho_inf_flesh_hounds_of_khorne_ror,wh3_twa10_kho_inf_flesh_hounds_of_khorne_ror,Hounds of the Blood Hunt (Flesh Hounds of Khorne),monster_beasts,War Beasts
wh3_main_sc_dae_daemons,wh3_main_sc_dae_daemons|wh3_twa10_nur_inf_nurglings_ror,wh3_twa10_nur_inf_nurglings_ror,The Frolickers Bubonic (Nurglings),infantry,Swarm
wh3_main_sc_dae_daemons,wh3_main_sc_dae_daemons|wh3_twa10_tze_inf_blue_horrors_ror,wh3_twa10_tze_inf_blue_horrors_ror,The Chromatic Abominations (Blue Horrors of Tzeentch),infantry,Melee Infantry
wh3_main_sc_kho_khorne,wh3_main_sc_kho_khorne|wh2_dlc17_kho_mon_ghorgon_ror_0,wh2_dlc17_kho_mon_ghorgon_ror_0,The Bloodbrute Behemoth (Ghorgon),monster_beasts,Monster
wh3_main_sc_kho_khorne,wh3_main_sc_kho_khorne|wh3_dlc20_chs_cav_chaos_chariot_mkho,wh3_dlc20_chs_cav_chaos_chariot_mkho,Chaos Chariots of Khorne,cavalry_chariots,Chariot
wh3_main_sc_kho_khorne,wh3_main_sc_kho_khorne|wh3_dlc20_chs_cav_chaos_knights_mkho,wh3_dlc20_chs_cav_chaos_knights_mkho,Chaos Knights of Khorne,cavalry_chariots,Cavalry
wh3_main_sc_kho_khorne,wh3_main_sc_kho_khorne|wh3_dlc20_chs_cav_chaos_knights_mkho_lances,wh3_dlc20_chs_cav_chaos_knights_mkho_lances,Chaos Knights of Khorne (Lances),cavalry_chariots,Shock Cavalry
wh3_main_sc_kho_khorne,wh3_main_sc_kho_khorne|wh3_dlc20_chs_cav_marauder_horsemen_mkho_throwing_axes,wh3_dlc20_chs_cav_marauder_horsemen_mkho_throwing_axes,Marauder Horsemen of Khorne (Throwing Axes),missile_cavalry_chariots,Missile Cavalry
wh3_main_sc_kho_khorne,wh3_main_sc_kho_khorne|wh3_dlc20_chs_cha_chaos_lord_mkho,wh3_dlc20_chs_cha_chaos_lord_mkho,Chaos Lord of Khorne,commander,Lord
wh3_main_sc_kho_khorne,wh3_main_sc_kho_khorne|wh3_dlc20_chs_cha_daemon_prince_mkho,wh3_dlc20_chs_cha_daemon_prince_mkho,Daemon Prince of Khorne,commander,Lord
wh3_main_sc_kho_khorne,wh3_main_sc_kho_khorne|wh3_dlc20_chs_cha_exalted_hero_mkho,wh3_dlc20_chs_cha_exalted_hero_mkho,Exalted Hero of Khorne,heroes_agents,Melee Specialist
wh3_main_sc_kho_khorne,wh3_main_sc_kho_khorne|wh3_dlc20_chs_inf_chaos_marauders_mkho,wh3_dlc20_chs_inf_chaos_marauders_mkho,Marauders of Khorne,infantry,Axe Infantry
wh3_main_sc_kho_khorne,wh3_main_sc_kho_khorne|wh3_dlc20_chs_inf_chaos_marauders_mkho_dualweapons,wh3_dlc20_chs_inf_chaos_marauders_mkho_dualweapons,Marauders of Khorne (Dual Weapons),infantry,Dual Axe Infantry
wh3_main_sc_kho_khorne,wh3_main_sc_kho_khorne|wh3_dlc20_chs_inf_chosen_mkho,wh3_dlc20_chs_inf_chosen_mkho,Chosen of Khorne,infantry,Axe Infantry
wh3_main_sc_kho_khorne,wh3_main_sc_kho_khorne|wh3_dlc20_chs_inf_chosen_mkho_dualweapons,wh3_dlc20_chs_inf_chosen_mkho_dualweapons,Chosen of Khorne (Dual Weapons),infantry,Dual Axe Infantry
wh3_main_sc_kho_khorne,wh3_main_sc_kho_khorne|wh3_dlc20_chs_inf_forsaken_mkho,wh3_dlc20_chs_inf_forsaken_mkho,Forsaken of Khorne,infantry,Melee Infantry
wh3_main_sc_kho_khorne,wh3_main_sc_kho_khorne|wh3_dlc20_chs_mon_warshrine_mkho,wh3_dlc20_chs_mon_warshrine_mkho,Chaos Warshrine of Khorne,monster_beasts,Support Monster
wh3_main_sc_kho_khorne,wh3_main_sc_kho_khorne|wh3_dlc20_kho_cav_skullcrushers_mkho_ror,wh3_dlc20_kho_cav_skullcrushers_mkho_ror,Knights of the Brazen Throne (Skullcrushers of Khorne),cavalry_chariots,Monstrous Shock Cavalry
wh3_main_sc_kho_khorne,wh3_main_sc_kho_khorne|wh3_dlc20_kho_cha_valkia,wh3_dlc20_kho_cha_valkia,Valkia the Bloody,commander,Lord
wh3_main_sc_kho_khorne,wh3_main_sc_kho_khorne|wh3_dlc26_chs_inf_chosen_mkho_ror,wh3_dlc26_chs_inf_chosen_mkho_ror,The Slaughtergard (Chosen of Khorne – Halberds),infantry,Halberd Infantry
wh3_main_sc_kho_khorne,wh3_main_sc_kho_khorne|wh3_dlc26_kho_cha_arbaal,wh3_dlc26_kho_cha_arbaal,Arbaal the Undefeated,commander,Lord
wh3_main_sc_kho_khorne,wh3_main_sc_kho_khorne|wh3_dlc26_kho_cha_bloodspeaker,wh3_dlc26_kho_cha_bloodspeaker,Bloodspeaker,commander,Lord
wh3_main_sc_kho_khorne,wh3_main_sc_kho_khorne|wh3_dlc26_kho_cha_scyla_anfingrimm,wh3_dlc26_kho_cha_scyla_anfingrimm,Scyla Anfingrimm,heroes_agents,Monster
wh3_main_sc_kho_khorne,wh3_main_sc_kho_khorne|wh3_dlc26_kho_cha_skarr_bloodwrath,wh3_dlc26_kho_cha_skarr_bloodwrath,Skarr Bloodwrath,heroes_agents,Duellist
wh3_main_sc_kho_khorne,wh3_main_sc_kho_khorne|wh3_dlc26_kho_cha_skulltaker,wh3_dlc26_kho_cha_skulltaker,Skulltaker,commander,Lord
wh3_main_sc_kho_khorne,wh3_main_sc_kho_khorne|wh3_dlc26_kho_inf_khorngors,wh3_dlc26_kho_inf_khorngors,Khorngors,infantry,Halberd Infantry
wh3_main_sc_kho_khorne,wh3_main_sc_kho_khorne|wh3_dlc26_kho_inf_skullreapers,wh3_dlc26_kho_inf_skullreapers,Skullreapers,infantry,Dual Weapon Infantry
wh3_main_sc_kho_khorne,wh3_main_sc_kho_khorne|wh3_dlc26_kho_inf_wrathmongers,wh3_dlc26_kho_inf_wrathmongers,Wrathmongers,infantry,Hammer Flail Infantry
wh3_main_sc_kho_khorne,wh3_main_sc_kho_khorne|wh3_dlc26_kho_inf_wrathmongers_ror,wh3_dlc26_kho_inf_wrathmongers_ror,Bloodwake Berserkers (Wrathmongers),infantry,Hammer Flail Infantry
wh3_main_sc_kho_khorne,wh3_main_sc_kho_khorne|wh3_dlc26_kho_mon_bloodbeast_of_khorne,wh3_dlc26_kho_mon_bloodbeast_of_khorne,Bloodbeasts of Khorne,monster_beasts,Monstrous Infantry
wh3_main_sc_kho_khorne,wh3_main_sc_kho_khorne|wh3_dlc26_kho_mon_slaughterbrute,wh3_dlc26_kho_mon_slaughterbrute,Slaughterbrute,monster_beasts,Monster
wh3_main_sc_kho_khorne,wh3_main_sc_kho_khorne|wh3_dlc26_kho_veh_skullcannon_ror,wh3_dlc26_kho_veh_skullcannon_ror,Hellforged Bellowers (Skullcannon),artillery_war_machines,Siege Artillery
wh3_main_sc_kho_khorne,wh3_main_sc_kho_khorne|wh3_main_kho_cav_bloodcrushers_0,wh3_main_kho_cav_bloodcrushers_0,Bloodcrushers of Khorne,cavalry_chariots,Monstrous Cavalry
wh3_main_sc_kho_khorne,wh3_main_sc_kho_khorne|wh3_main_kho_cav_gorebeast_chariot,wh3_main_kho_cav_gorebeast_chariot,Gorebeast Chariots of Khorne,cavalry_chariots,Monstrous Chariot
wh3_main_sc_kho_khorne,wh3_main_sc_kho_khorne|wh3_main_kho_cav_skullcrushers_0,wh3_main_kho_cav_skullcrushers_0,Skullcrushers of Khorne,cavalry_chariots,Monstrous Shock Cavalry
wh3_main_sc_kho_khorne,wh3_main_sc_kho_khorne|wh3_main_kho_cha_bloodreaper_0,wh3_main_kho_cha_bloodreaper_0,Bloodreaper,heroes_agents,Melee Specialist
wh3_main_sc_kho_khorne,wh3_main_sc_kho_khorne|wh3_main_kho_cha_cultist_0,wh3_main_kho_cha_cultist_0,Cultist of Khorne,heroes_agents,Melee Specialist
wh3_main_sc_kho_khorne,wh3_main_sc_kho_khorne|wh3_main_kho_cha_exalted_bloodthirster_0,wh3_main_kho_cha_exalted_bloodthirster_0,Exalted Bloodthirster,commander,Lord
wh3_main_sc_kho_khorne,wh3_main_sc_kho_khorne|wh3_main_kho_cha_herald_of_khorne_0,wh3_main_kho_cha_herald_of_khorne_0,Herald of Khorne,commander,Lord
wh3_main_sc_kho_khorne,wh3_main_sc_kho_khorne|wh3_main_kho_cha_skarbrand_0,wh3_main_kho_cha_skarbrand_0,Skarbrand the Exiled,commander,Lord
wh3_main_sc_kho_khorne,wh3_main_sc_kho_khorne|wh3_main_kho_inf_bloodletters_0,wh3_main_kho_inf_bloodletters_0,Bloodletters of Khorne,infantry,Greatsword Infantry
wh3_main_sc_kho_khorne,wh3_main_sc_kho_khorne|wh3_main_kho_inf_bloodletters_1,wh3_main_kho_inf_bloodletters_1,Exalted Bloodletters of Khorne,infantry,Greatsword Infantry
wh3_main_sc_kho_khorne,wh3_main_sc_kho_khorne|wh3_main_kho_inf_chaos_furies_0,wh3_main_kho_inf_chaos_furies_0,Chaos Furies,monster_beasts,Flying Melee Infantry
wh3_main_sc_kho_khorne,wh3_main_sc_kho_khorne|wh3_main_kho_inf_chaos_warhounds_0,wh3_main_kho_inf_chaos_warhounds_0,Chaos Warhounds of Khorne,monster_beasts,War Beasts
wh3_main_sc_kho_khorne,wh3_main_sc_kho_khorne|wh3_main_kho_inf_chaos_warriors_0,wh3_main_kho_inf_chaos_warriors_0,Chaos Warriors of Khorne,infantry,Axe Infantry
wh3_main_sc_kho_khorne,wh3_main_sc_kho_khorne|wh3_main_kho_inf_chaos_warriors_1,wh3_main_kho_inf_chaos_warriors_1,Chaos Warriors of Khorne (Halberds),infantry,Halberd Infantry
wh3_main_sc_kho_khorne,wh3_main_sc_kho_khorne|wh3_main_kho_inf_chaos_warriors_2,wh3_main_kho_inf_chaos_warriors_2,Chaos Warriors of Khorne (Dual Weapons),infantry,Dual Axe Infantry
wh3_main_sc_kho_khorne,wh3_main_sc_kho_khorne|wh3_main_kho_inf_flesh_hounds_of_khorne_0,wh3_main_kho_inf_flesh_hounds_of_khorne_0,Flesh Hounds of Khorne,monster_beasts,War Beasts
wh3_main_sc_kho_khorne,wh3_main_sc_kho_khorne|wh3_main_kho_mon_bloodthirster_0,wh3_main_kho_mon_bloodthirster_0,Bloodthirster,monster_beasts,Flying Monster
wh3_main_sc_kho_khorne,wh3_main_sc_kho_khorne|wh3_main_kho_mon_khornataurs_0,wh3_main_kho_mon_khornataurs_0,Minotaurs of Khorne,monster_beasts,Monstrous Infantry
wh3_main_sc_kho_khorne,wh3_main_sc_kho_khorne|wh3_main_kho_mon_khornataurs_1,wh3_main_kho_mon_khornataurs_1,Minotaurs of Khorne (Great Weapons),monster_beasts,Monstrous Infantry
wh3_main_sc_kho_khorne,wh3_main_sc_kho_khorne|wh3_main_kho_mon_soul_grinder_0,wh3_main_kho_mon_soul_grinder_0,Soul Grinder of Khorne,monster_beasts,Monster
wh3_main_sc_kho_khorne,wh3_main_sc_kho_khorne|wh3_main_kho_mon_spawn_of_khorne_0,wh3_main_kho_mon_spawn_of_khorne_0,Spawn of Khorne,monster_beasts,Monstrous Infantry
wh3_main_sc_kho_khorne,wh3_main_sc_kho_khorne|wh3_main_kho_veh_blood_shrine_0,wh3_main_kho_veh_blood_shrine_0,Blood Shrine of Khorne,artillery_war_machines,Magic Chariot
wh3_main_sc_kho_khorne,wh3_main_sc_kho_khorne|wh3_main_kho_veh_skullcannon_0,wh3_main_kho_veh_skullcannon_0,Skullcannon,artillery_war_machines,Siege Artillery
wh3_main_sc_kho_khorne,wh3_main_sc_kho_khorne|wh3_pro12_kho_cha_karanak,wh3_pro12_kho_cha_karanak,Karanak,heroes_agents,War Beast
wh3_main_sc_kho_khorne,wh3_main_sc_kho_khorne|wh3_twa06_kho_inf_bloodletters_ror_0,wh3_twa06_kho_inf_bloodletters_ror_0,Hellforged Host (Exalted Bloodletters of Khorne),infantry,Greatsword Infantry
wh3_main_sc_kho_khorne,wh3_main_sc_kho_khorne|wh3_twa07_kho_cav_bloodcrushers_ror_0,wh3_twa07_kho_cav_bloodcrushers_ror_0,Heralds of Khorne's Fury (Bloodcrushers of Khorne),cavalry_chariots,Monstrous Cavalry
wh3_main_sc_kho_khorne,wh3_main_sc_kho_khorne|wh3_twa08_kho_mon_bloodthirster_0_ror,wh3_twa08_kho_mon_bloodthirster_0_ror,Khorne’s Bloody Fist (Bloodthirster),monster_beasts,Flying Monster
wh3_main_sc_kho_khorne,wh3_main_sc_kho_khorne|wh3_twa10_kho_inf_flesh_hounds_of_khorne_ror,wh3_twa10_kho_inf_flesh_hounds_of_khorne_ror,Hounds of the Blood Hunt (Flesh Hounds of Khorne),monster_beasts,War Beasts
wh3_main_sc_kho_khorne,wh3_main_sc_kho_khorne|wh_pro04_nor_inf_marauder_berserkers_ror_0,wh_pro04_nor_inf_marauder_berserkers_ror_0,Brutes of the Hound (Marauder Berserkers),infantry,Dual Axe Infantry
wh3_main_sc_ksl_kislev,wh3_main_sc_ksl_kislev|wh2_dlc16_wef_mon_cave_bats,wh2_dlc16_wef_mon_cave_bats,Cave Bats,monster_beasts,Flying War Beasts
wh3_main_sc_ksl_kislev,wh3_main_sc_ksl_kislev|wh2_dlc16_wef_mon_giant_spiders_0,wh2_dlc16_wef_mon_giant_spiders_0,Giant Spiders,monster_beasts,Spider
wh3_main_sc_ksl_kislev,wh3_main_sc_ksl_kislev|wh2_dlc16_wef_mon_spider_hatchlings_0,wh2_dlc16_wef_mon_spider_hatchlings_0,Spider Hatchlings,monster_beasts,Spider
wh3_main_sc_ksl_kislev,wh3_main_sc_ksl_kislev|wh2_pro08_neu_cha_felix,wh2_pro08_neu_cha_felix,Felix,heroes_agents,Melee Specialist
wh3_main_sc_ksl_kislev,wh3_main_sc_ksl_kislev|wh2_pro08_neu_cha_gotrek,wh2_pro08_neu_cha_gotrek,Gotrek,heroes_agents,Melee Specialist
wh3_main_sc_ksl_kislev,wh3_main_sc_ksl_kislev|wh3_dlc23_neu_cha_ulrika,wh3_dlc23_neu_cha_ulrika,Ulrika Magdova,heroes_agents,Hybrid Weapon Wizard
wh3_main_sc_ksl_kislev,wh3_main_sc_ksl_kislev|wh3_dlc24_ksl_cha_druzhina,wh3_dlc24_ksl_cha_druzhina,Druzhina,commander,Lord
wh3_main_sc_ksl_kislev,wh3_main_sc_ksl_kislev|wh3_dlc24_ksl_cha_golden_knight,wh3_dlc24_ksl_cha_golden_knight,The Golden Knight Naryska Leysa,heroes_agents,Melee Specialist
wh3_main_sc_ksl_kislev,wh3_main_sc_ksl_kislev|wh3_dlc24_ksl_cha_hag_witch_beast,wh3_dlc24_ksl_cha_hag_witch_beast,Hag Witch,heroes_agents,Wizard
wh3_main_sc_ksl_kislev,wh3_main_sc_ksl_kislev|wh3_dlc24_ksl_cha_mother_ostankya,wh3_dlc24_ksl_cha_mother_ostankya,Mother Ostankya,commander,Wizard Lord
wh3_main_sc_ksl_kislev,wh3_main_sc_ksl_kislev|wh3_dlc24_ksl_inf_akshina_ambushers,wh3_dlc24_ksl_inf_akshina_ambushers,Akshina Ambushers,missile_infantry,Missile Infantry
wh3_main_sc_ksl_kislev,wh3_main_sc_ksl_kislev|wh3_dlc24_ksl_inf_akshina_ambushers_ror,wh3_dlc24_ksl_inf_akshina_ambushers_ror,The Wolfhearts (Akshina Ambushers),missile_infantry,Missile Infantry
wh3_main_sc_ksl_kislev,wh3_main_sc_ksl_kislev|wh3_dlc24_ksl_inf_kislevite_warriors,wh3_dlc24_ksl_inf_kislevite_warriors,Kislevite Warriors,infantry,Halberd Infantry
wh3_main_sc_ksl_kislev,wh3_main_sc_ksl_kislev|wh3_dlc24_ksl_inf_streltsi_ror,wh3_dlc24_ksl_inf_streltsi_ror,Boydinov's Brawlers (Streltsi),missile_infantry,Gun-Greataxe Infantry
wh3_main_sc_ksl_kislev,wh3_main_sc_ksl_kislev|wh3_dlc24_ksl_mon_frost_wyrm,wh3_dlc24_ksl_mon_frost_wyrm,Frost Wyrm,monster_beasts,Monster
wh3_main_sc_ksl_kislev,wh3_main_sc_ksl_kislev|wh3_dlc24_ksl_mon_incarnate_elemental_of_beasts,wh3_dlc24_ksl_mon_incarnate_elemental_of_beasts,Incarnate Elemental of Beasts,monster_beasts,Monster
wh3_main_sc_ksl_kislev,wh3_main_sc_ksl_kislev|wh3_dlc24_ksl_mon_the_things_in_the_woods,wh3_dlc24_ksl_mon_the_things_in_the_woods,The Things in the Woods,monster_beasts,Monstrous Beast
wh3_main_sc_ksl_kislev,wh3_main_sc_ksl_kislev|wh3_dlc24_ksl_mon_the_things_in_the_woods_ror,wh3_dlc24_ksl_mon_the_things_in_the_woods_ror,The Mordheim Balewolves (The Things in the Woods),monster_beasts,Monstrous Beast
wh3_main_sc_ksl_kislev,wh3_main_sc_ksl_kislev|wh3_main_ksl_cav_gryphon_legion_0,wh3_main_ksl_cav_gryphon_legion_0,Gryphon Legion,cavalry_chariots,Shock Cavalry
wh3_main_sc_ksl_kislev,wh3_main_sc_ksl_kislev|wh3_main_ksl_cav_horse_archers_0,wh3_main_ksl_cav_horse_archers_0,Horse Archers,missile_cavalry_chariots,Missile Cavalry
wh3_main_sc_ksl_kislev,wh3_main_sc_ksl_kislev|wh3_main_ksl_cav_horse_raiders_0,wh3_main_ksl_cav_horse_raiders_0,Kossovite Dervishes,cavalry_chariots,Cavalry
wh3_main_sc_ksl_kislev,wh3_main_sc_ksl_kislev|wh3_main_ksl_cav_war_bear_riders_1,wh3_main_ksl_cav_war_bear_riders_1,War Bear Riders,cavalry_chariots,Monstrous Cavalry
wh3_main_sc_ksl_kislev,wh3_main_sc_ksl_kislev|wh3_main_ksl_cav_winged_lancers_0,wh3_main_ksl_cav_winged_lancers_0,Winged Lancers,cavalry_chariots,Shock Cavalry
wh3_main_sc_ksl_kislev,wh3_main_sc_ksl_kislev|wh3_main_ksl_cha_ataman,wh3_main_ksl_cha_ataman,Ataman,commander,Lord
wh3_main_sc_ksl_kislev,wh3_main_sc_ksl_kislev|wh3_main_ksl_cha_boris_0,wh3_main_ksl_cha_boris_0,Boris Ursus,commander,Lord
wh3_main_sc_ksl_kislev,wh3_main_sc_ksl_kislev|wh3_main_ksl_cha_boyar_0,wh3_main_ksl_cha_boyar_0,Boyar,commander,Lord
wh3_main_sc_ksl_kislev,wh3_main_sc_ksl_kislev|wh3_main_ksl_cha_frost_maiden_ice_0,wh3_main_ksl_cha_frost_maiden_ice_0,Frost Maiden,heroes_agents,Wizard
wh3_main_sc_ksl_kislev,wh3_main_sc_ksl_kislev|wh3_main_ksl_cha_ice_witch_ice_0,wh3_main_ksl_cha_ice_witch_ice_0,Ice Witch,commander,Wizard Lord
wh3_main_sc_ksl_kislev,wh3_main_sc_ksl_kislev|wh3_main_ksl_cha_katarin_0,wh3_main_ksl_cha_katarin_0,Tzarina Katarin,commander,Wizard Lord
wh3_main_sc_ksl_kislev,wh3_main_sc_ksl_kislev|wh3_main_ksl_cha_kostaltyn_0,wh3_main_ksl_cha_kostaltyn_0,Kostaltyn,commander,Lord
wh3_main_sc_ksl_kislev,wh3_main_sc_ksl_kislev|wh3_main_ksl_cha_patriarch_0,wh3_main_ksl_cha_patriarch_0,Patriarch,heroes_agents,Support Specialist
wh3_main_sc_ksl_kislev,wh3_main_sc_ksl_kislev|wh3_main_ksl_inf_armoured_kossars_0,wh3_main_ksl_inf_armoured_kossars_0,Armoured Kossars,infantry,Pistol & Axe Infantry
wh3_main_sc_ksl_kislev,wh3_main_sc_ksl_kislev|wh3_main_ksl_inf_armoured_kossars_1,wh3_main_ksl_inf_armoured_kossars_1,Armoured Kossars (Great Weapons),infantry,Pistol & Greatmace Infantry
wh3_main_sc_ksl_kislev,wh3_main_sc_ksl_kislev|wh3_main_ksl_inf_ice_guard_0,wh3_main_ksl_inf_ice_guard_0,Ice Guard (Glaives),missile_infantry,Bow & Glaive Infantry
wh3_main_sc_ksl_kislev,wh3_main_sc_ksl_kislev|wh3_main_ksl_inf_ice_guard_1,wh3_main_ksl_inf_ice_guard_1,Ice Guard (Swords),missile_infantry,Bow & Dual Sword Infantry
wh3_main_sc_ksl_kislev,wh3_main_sc_ksl_kislev|wh3_main_ksl_inf_kossars_0,wh3_main_ksl_inf_kossars_0,Kossars,missile_infantry,Bow & Axe Infantry
wh3_main_sc_ksl_kislev,wh3_main_sc_ksl_kislev|wh3_main_ksl_inf_kossars_1,wh3_main_ksl_inf_kossars_1,Kossars (Spears),missile_infantry,Missile & Spear Infantry
wh3_main_sc_ksl_kislev,wh3_main_sc_ksl_kislev|wh3_main_ksl_inf_streltsi_0,wh3_main_ksl_inf_streltsi_0,Streltsi,missile_infantry,Gun-Greataxe Infantry
wh3_main_sc_ksl_kislev,wh3_main_sc_ksl_kislev|wh3_main_ksl_inf_tzar_guard_0,wh3_main_ksl_inf_tzar_guard_0,Tzar Guard,infantry,Sword Infantry
wh3_main_sc_ksl_kislev,wh3_main_sc_ksl_kislev|wh3_main_ksl_inf_tzar_guard_1,wh3_main_ksl_inf_tzar_guard_1,Tzar Guard (Great Weapons),infantry,Greatsword Infantry
wh3_main_sc_ksl_kislev,wh3_main_sc_ksl_kislev|wh3_main_ksl_mon_elemental_bear_0,wh3_main_ksl_mon_elemental_bear_0,Elemental Bear,monster_beasts,Monster
wh3_main_sc_ksl_kislev,wh3_main_sc_ksl_kislev|wh3_main_ksl_mon_snow_leopard_0,wh3_main_ksl_mon_snow_leopard_0,Snow Leopard,monster_beasts,War Beast
wh3_main_sc_ksl_kislev,wh3_main_sc_ksl_kislev|wh3_main_ksl_veh_heavy_war_sled_0,wh3_main_ksl_veh_heavy_war_sled_0,Heavy War Sleds,missile_cavalry_chariots,Missile Chariot
wh3_main_sc_ksl_kislev,wh3_main_sc_ksl_kislev|wh3_main_ksl_veh_light_war_sled_0,wh3_main_ksl_veh_light_war_sled_0,Light War Sleds,missile_cavalry_chariots,Missile Chariot
wh3_main_sc_ksl_kislev,wh3_main_sc_ksl_kislev|wh3_main_ksl_veh_little_grom_0,wh3_main_ksl_veh_little_grom_0,Little Grom,artillery_war_machines,Siege Artillery
wh3_main_sc_ksl_kislev,wh3_main_sc_ksl_kislev|wh3_main_monster_feral_bears,wh3_main_monster_feral_bears,Feral Bears,monster_beasts,Monster
wh3_main_sc_ksl_kislev,wh3_main_sc_ksl_kislev|wh3_main_monster_feral_ice_bears,wh3_main_monster_feral_ice_bears,Feral Ice Bears,monster_beasts,Monster
wh3_main_sc_ksl_kislev,wh3_main_sc_ksl_kislev|wh3_twa06_ksl_inf_tzar_guard_ror_0,wh3_twa06_ksl_inf_tzar_guard_ror_0,Dazh's Hearth-Blades (Tzar Guard – Great Weapons),infantry,Greatsword Infantry
wh3_main_sc_ksl_kislev,wh3_main_sc_ksl_kislev|wh3_twa07_ksl_cav_war_bear_riders_ror_0,wh3_twa07_ksl_cav_war_bear_riders_ror_0,Oath-Brothers of Tor (War Bear Riders),cavalry_chariots,Monstrous Cavalry
wh3_main_sc_ksl_kislev,wh3_main_sc_ksl_kislev|wh3_twa08_ksl_mon_elemental_bear_0_ror,wh3_twa08_ksl_mon_elemental_bear_0_ror,The Frozen Heart of Winter (Elemental Bear),monster_beasts,Monster
wh3_main_sc_ksl_kislev,wh3_main_sc_ksl_kislev|wh3_twa10_ksl_inf_armoured_kossars_ror,wh3_twa10_ksl_inf_armoured_kossars_ror,The Watchmen in the Night (Armoured Kossars),infantry,Sword Infantry
wh3_main_sc_nur_nurgle,wh3_main_sc_nur_nurgle|wh3_dlc20_chs_cav_chaos_chariot_mnur,wh3_dlc20_chs_cav_chaos_chariot_mnur,Chaos Chariots of Nurgle,cavalry_chariots,Chariot
wh3_main_sc_nur_nurgle,wh3_main_sc_nur_nurgle|wh3_dlc20_chs_cav_chaos_knights_mnur,wh3_dlc20_chs_cav_chaos_knights_mnur,Chaos Knights of Nurgle,cavalry_chariots,Cavalry
wh3_main_sc_nur_nurgle,wh3_main_sc_nur_nurgle|wh3_dlc20_chs_cav_chaos_knights_mnur_lances,wh3_dlc20_chs_cav_chaos_knights_mnur_lances,Chaos Knights of Nurgle (Lances),cavalry_chariots,Shock Cavalry
wh3_main_sc_nur_nurgle,wh3_main_sc_nur_nurgle|wh3_dlc20_chs_cav_marauder_horsemen_mnur_throwing_axes,wh3_dlc20_chs_cav_marauder_horsemen_mnur_throwing_axes,Marauder Horsemen of Nurgle (Throwing Axes),missile_cavalry_chariots,Missile Cavalry
wh3_main_sc_nur_nurgle,wh3_main_sc_nur_nurgle|wh3_dlc20_chs_cha_chaos_sorcerer_lord_death_mnur,wh3_dlc20_chs_cha_chaos_sorcerer_lord_death_mnur,Chaos Sorcerer Lord of Nurgle,commander,Wizard Lord
wh3_main_sc_nur_nurgle,wh3_main_sc_nur_nurgle|wh3_dlc20_chs_cha_daemon_prince_mnur,wh3_dlc20_chs_cha_daemon_prince_mnur,Daemon Prince of Nurgle,commander,Wizard Lord
wh3_main_sc_nur_nurgle,wh3_main_sc_nur_nurgle|wh3_dlc20_chs_cha_exalted_hero_mnur,wh3_dlc20_chs_cha_exalted_hero_mnur,Exalted Hero of Nurgle,heroes_agents,Melee Specialist
wh3_main_sc_nur_nurgle,wh3_main_sc_nur_nurgle|wh3_dlc20_chs_inf_chaos_marauders_mnur,wh3_dlc20_chs_inf_chaos_marauders_mnur,Marauders of Nurgle,infantry,Axe Infantry
wh3_main_sc_nur_nurgle,wh3_main_sc_nur_nurgle|wh3_dlc20_chs_inf_chaos_marauders_mnur_greatweapons,wh3_dlc20_chs_inf_chaos_marauders_mnur_greatweapons,Marauders of Nurgle (Great Weapons),infantry,Hammer Infantry
wh3_main_sc_nur_nurgle,wh3_main_sc_nur_nurgle|wh3_dlc20_chs_inf_chaos_warriors_mnur,wh3_dlc20_chs_inf_chaos_warriors_mnur,Chaos Warriors of Nurgle,infantry,Axe Infantry
wh3_main_sc_nur_nurgle,wh3_main_sc_nur_nurgle|wh3_dlc20_chs_inf_chaos_warriors_mnur_greatweapons,wh3_dlc20_chs_inf_chaos_warriors_mnur_greatweapons,Chaos Warriors of Nurgle (Great Weapons),infantry,Great Axe Infantry
wh3_main_sc_nur_nurgle,wh3_main_sc_nur_nurgle|wh3_dlc20_chs_inf_chosen_mnur,wh3_dlc20_chs_inf_chosen_mnur,Chosen of Nurgle,infantry,Axe Infantry
wh3_main_sc_nur_nurgle,wh3_main_sc_nur_nurgle|wh3_dlc20_chs_inf_chosen_mnur_greatweapons,wh3_dlc20_chs_inf_chosen_mnur_greatweapons,Chosen of Nurgle (Great Weapons),infantry,Great Axe Infantry
wh3_main_sc_nur_nurgle,wh3_main_sc_nur_nurgle|wh3_dlc20_chs_mon_giant_mnur_ror,wh3_dlc20_chs_mon_giant_mnur_ror,Bilious Thunderguff (Chaos Giant),monster_beasts,Monster
wh3_main_sc_nur_nurgle,wh3_main_sc_nur_nurgle|wh3_dlc20_chs_mon_warshrine_mnur,wh3_dlc20_chs_mon_warshrine_mnur,Chaos Warshrine of Nurgle,monster_beasts,Support Monster
wh3_main_sc_nur_nurgle,wh3_main_sc_nur_nurgle|wh3_dlc20_nur_cha_festus,wh3_dlc20_nur_cha_festus,Festus the Leechlord,commander,Wizard Lord
wh3_main_sc_nur_nurgle,wh3_main_sc_nur_nurgle|wh3_dlc25_chs_cha_chaos_lord_mnur,wh3_dlc25_chs_cha_chaos_lord_mnur,Chaos Lord of Nurgle,commander,Lord
wh3_main_sc_nur_nurgle,wh3_main_sc_nur_nurgle|wh3_dlc25_chs_cha_chaos_sorcerer_death_mnur,wh3_dlc25_chs_cha_chaos_sorcerer_death_mnur,Chaos Sorcerer of Nurgle,heroes_agents,Wizard
wh3_main_sc_nur_nurgle,wh3_main_sc_nur_nurgle|wh3_dlc25_nur_cav_plague_drones_1_ror,wh3_dlc25_nur_cav_plague_drones_1_ror,The Angels of Decay (Plague Drones – Death's Heads),missile_monster_beasts,Flying Missile War Beasts
wh3_main_sc_nur_nurgle,wh3_main_sc_nur_nurgle|wh3_dlc25_nur_cav_rot_knights,wh3_dlc25_nur_cav_rot_knights,Rot Knights,cavalry_chariots,Monstrous Cavalry
wh3_main_sc_nur_nurgle,wh3_main_sc_nur_nurgle|wh3_dlc25_nur_cav_rot_knights_ror,wh3_dlc25_nur_cav_rot_knights_ror,The Rotting Riders (Rot Knights),cavalry_chariots,Monstrous Cavalry
wh3_main_sc_nur_nurgle,wh3_main_sc_nur_nurgle|wh3_dlc25_nur_cha_bray_shaman_wild_chieftain,wh3_dlc25_nur_cha_bray_shaman_wild_chieftain,Grukmur Three-Horn,heroes_agents,Wizard
wh3_main_sc_nur_nurgle,wh3_main_sc_nur_nurgle|wh3_dlc25_nur_cha_epidemius,wh3_dlc25_nur_cha_epidemius,Epidemius,commander,Lord
wh3_main_sc_nur_nurgle,wh3_main_sc_nur_nurgle|wh3_dlc25_nur_cha_exalted_hero_chieftain,wh3_dlc25_nur_cha_exalted_hero_chieftain,Khargan the Crazed,heroes_agents,Melee Specialist
wh3_main_sc_nur_nurgle,wh3_main_sc_nur_nurgle|wh3_dlc25_nur_cha_fimir_balefiend_shadow_chieftain,wh3_dlc25_nur_cha_fimir_balefiend_shadow_chieftain,Ketzak Fimdirach,heroes_agents,Wizard
wh3_main_sc_nur_nurgle,wh3_main_sc_nur_nurgle|wh3_dlc25_nur_cha_infernal_castellan_chieftain,wh3_dlc25_nur_cha_infernal_castellan_chieftain,Ezar Doombolt,heroes_agents,Missile Specialist
wh3_main_sc_nur_nurgle,wh3_main_sc_nur_nurgle|wh3_dlc25_nur_cha_kayzk_the_befouled,wh3_dlc25_nur_cha_kayzk_the_befouled,Kayzk the Befouled,heroes_agents,Melee Specialist
wh3_main_sc_nur_nurgle,wh3_main_sc_nur_nurgle|wh3_dlc25_nur_cha_skin_wolf_werekin_chieftain,wh3_dlc25_nur_cha_skin_wolf_werekin_chieftain,Mournhowl,commander,Lord
wh3_main_sc_nur_nurgle,wh3_main_sc_nur_nurgle|wh3_dlc25_nur_cha_tamurkhan,wh3_dlc25_nur_cha_tamurkhan,Tamurkhan the Maggot Lord,commander,Lord
wh3_main_sc_nur_nurgle,wh3_main_sc_nur_nurgle|wh3_dlc25_nur_chieftain_art_hellcannon,wh3_dlc25_nur_chieftain_art_hellcannon,Hellcannon,artillery_war_machines,Siege Artillery
wh3_main_sc_nur_nurgle,wh3_main_sc_nur_nurgle|wh3_dlc25_nur_chieftain_inf_aspiring_champions_0,wh3_dlc25_nur_chieftain_inf_aspiring_champions_0,Aspiring Champions,infantry,Sword Infantry
wh3_main_sc_nur_nurgle,wh3_main_sc_nur_nurgle|wh3_dlc25_nur_chieftain_inf_centigors_1,wh3_dlc25_nur_chieftain_inf_centigors_1,Centigors (Throwing Axes),missile_cavalry_chariots,Bestial Missile Cavalry
wh3_main_sc_nur_nurgle,wh3_main_sc_nur_nurgle|wh3_dlc25_nur_chieftain_inf_chaos_dwarf_blunderbusses,wh3_dlc25_nur_chieftain_inf_chaos_dwarf_blunderbusses,Chaos Dwarf Blunderbusses,missile_infantry,Close-Quarters Missile Infantry
wh3_main_sc_nur_nurgle,wh3_main_sc_nur_nurgle|wh3_dlc25_nur_chieftain_inf_cygor_0,wh3_dlc25_nur_chieftain_inf_cygor_0,Cygor,monster_beasts,Specialist Artillery
wh3_main_sc_nur_nurgle,wh3_main_sc_nur_nurgle|wh3_dlc25_nur_chieftain_inf_infernal_guard_fireglaives,wh3_dlc25_nur_chieftain_inf_infernal_guard_fireglaives,Infernal Guard (Fireglaives),missile_infantry,Hybrid Missile Infantry
wh3_main_sc_nur_nurgle,wh3_main_sc_nur_nurgle|wh3_dlc25_nur_chieftain_mon_dragon_ogre_shaggoth,wh3_dlc25_nur_chieftain_mon_dragon_ogre_shaggoth,Dragon Ogre Shaggoth,monster_beasts,Dragon Ogre Shaggoth
wh3_main_sc_nur_nurgle,wh3_main_sc_nur_nurgle|wh3_dlc25_nur_chieftain_mon_fimir_0,wh3_dlc25_nur_chieftain_mon_fimir_0,Fimir Warriors,monster_beasts,Monstrous Infantry
wh3_main_sc_nur_nurgle,wh3_main_sc_nur_nurgle|wh3_dlc25_nur_chieftain_mon_fimir_1,wh3_dlc25_nur_chieftain_mon_fimir_1,Fimir Warriors (Great Weapons),monster_beasts,Monstrous Infantry
wh3_main_sc_nur_nurgle,wh3_main_sc_nur_nurgle|wh3_dlc25_nur_chieftain_mon_frost_wyrm_0,wh3_dlc25_nur_chieftain_mon_frost_wyrm_0,Chaos Frost Dragon,monster_beasts,Flying Monster
wh3_main_sc_nur_nurgle,wh3_main_sc_nur_nurgle|wh3_dlc25_nur_chieftain_mon_ghorgon,wh3_dlc25_nur_chieftain_mon_ghorgon,Ghorgon,monster_beasts,Monster
wh3_main_sc_nur_nurgle,wh3_main_sc_nur_nurgle|wh3_dlc25_nur_chieftain_mon_skinwolves_0,wh3_dlc25_nur_chieftain_mon_skinwolves_0,Skin Wolves,monster_beasts,Monstrous Infantry
wh3_main_sc_nur_nurgle,wh3_main_sc_nur_nurgle|wh3_dlc25_nur_chieftain_mon_war_mammoth_0,wh3_dlc25_nur_chieftain_mon_war_mammoth_0,Feral Mammoth,monster_beasts,War Mammoth
wh3_main_sc_nur_nurgle,wh3_main_sc_nur_nurgle|wh3_dlc25_nur_chieftain_mon_war_mammoth_1,wh3_dlc25_nur_chieftain_mon_war_mammoth_1,War Mammoth,monster_beasts,War Mammoth
wh3_main_sc_nur_nurgle,wh3_main_sc_nur_nurgle|wh3_dlc25_nur_chieftain_veh_dreadquake_mortar,wh3_dlc25_nur_chieftain_veh_dreadquake_mortar,Dreadquake Mortar,artillery_war_machines,Siege Artillery
wh3_main_sc_nur_nurgle,wh3_main_sc_nur_nurgle|wh3_dlc25_nur_inf_pestigors,wh3_dlc25_nur_inf_pestigors,Pestigors,infantry,Great Axe Infantry
wh3_main_sc_nur_nurgle,wh3_main_sc_nur_nurgle|wh3_dlc25_nur_inf_plague_ogres,wh3_dlc25_nur_inf_plague_ogres,Plague Ogres,infantry,Monstrous Infantry
wh3_main_sc_nur_nurgle,wh3_main_sc_nur_nurgle|wh3_dlc25_nur_inf_plague_ogres_great_weapons,wh3_dlc25_nur_inf_plague_ogres_great_weapons,Plague Ogres (Great Weapons),infantry,Monstrous Infantry
wh3_main_sc_nur_nurgle,wh3_main_sc_nur_nurgle|wh3_dlc25_nur_mon_bile_trolls,wh3_dlc25_nur_mon_bile_trolls,Bile Trolls,monster_beasts,Monstrous Infantry
wh3_main_sc_nur_nurgle,wh3_main_sc_nur_nurgle|wh3_dlc25_nur_mon_soul_grinder_0_ror,wh3_dlc25_nur_mon_soul_grinder_0_ror,Noxbringer (Soul Grinder of Nurgle),missile_monster_beasts,Missile Monster
wh3_main_sc_nur_nurgle,wh3_main_sc_nur_nurgle|wh3_dlc25_nur_mon_toad_dragon,wh3_dlc25_nur_mon_toad_dragon,Toad Dragon,monster_beasts,Colossal Beast
wh3_main_sc_nur_nurgle,wh3_main_sc_nur_nurgle|wh3_dlc27_nor_inf_chaos_marauders_great_weapons_ror,wh3_dlc27_nor_inf_chaos_marauders_great_weapons_ror,Worshippers of the Crow (Marauders – Great Weapons),infantry,Great Axe Infantry
wh3_main_sc_nur_nurgle,wh3_main_sc_nur_nurgle|wh3_dlc29_chs_cha_bloab,wh3_dlc29_chs_cha_bloab,Bloab Rotspawned,heroes_agents,Wizard
wh3_main_sc_nur_nurgle,wh3_main_sc_nur_nurgle|wh3_dlc29_chs_cha_glottkin,wh3_dlc29_chs_cha_glottkin,The Glottkin,commander,Wizard Lord
wh3_main_sc_nur_nurgle,wh3_main_sc_nur_nurgle|wh3_dlc29_chs_cha_gutrot_spume,wh3_dlc29_chs_cha_gutrot_spume,Gutrot Spume,heroes_agents,Melee Specialist
wh3_main_sc_nur_nurgle,wh3_main_sc_nur_nurgle|wh3_dlc29_chs_cha_morbidex,wh3_dlc29_chs_cha_morbidex,Morbidex Twiceborn,heroes_agents,Melee Specialist
wh3_main_sc_nur_nurgle,wh3_main_sc_nur_nurgle|wh3_dlc29_chs_cha_orghotts,wh3_dlc29_chs_cha_orghotts,Orghotts Daemonspew,heroes_agents,Melee Specialist
wh3_main_sc_nur_nurgle,wh3_main_sc_nur_nurgle|wh3_dlc29_chs_inf_chosen_mnur_ror,wh3_dlc29_chs_inf_chosen_mnur_ror,Sons of the Last Plague (Chosen of Nurgle – Great Weapons),infantry,Great Axe Infantry
wh3_main_sc_nur_nurgle,wh3_main_sc_nur_nurgle|wh3_dlc29_chs_inf_putrid_blightkings_axe_shield,wh3_dlc29_chs_inf_putrid_blightkings_axe_shield,Putrid Blightkings,infantry,Axe Infantry
wh3_main_sc_nur_nurgle,wh3_main_sc_nur_nurgle|wh3_dlc29_chs_inf_putrid_blightkings_dual_axe,wh3_dlc29_chs_inf_putrid_blightkings_dual_axe,Putrid Blightkings (Dual Axes),infantry,Dual Axe Infantry
wh3_main_sc_nur_nurgle,wh3_main_sc_nur_nurgle|wh3_dlc29_chs_inf_putrid_blightkings_dual_axe_ror,wh3_dlc29_chs_inf_putrid_blightkings_dual_axe_ror,The Repugnauts of Brass Keep (Putrid Blightkings – Dual Axes),infantry,Dual Axe Infantry
wh3_main_sc_nur_nurgle,wh3_main_sc_nur_nurgle|wh3_dlc29_chs_inf_putrid_blightkings_great_weapons,wh3_dlc29_chs_inf_putrid_blightkings_great_weapons,Putrid Blightkings (Great Weapons),infantry,Great Axe Infantry
wh3_main_sc_nur_nurgle,wh3_main_sc_nur_nurgle|wh3_main_nur_cav_plague_drones_0,wh3_main_nur_cav_plague_drones_0,Plague Drones of Nurgle,monster_beasts,Flying War Beasts
wh3_main_sc_nur_nurgle,wh3_main_sc_nur_nurgle|wh3_main_nur_cav_plague_drones_1,wh3_main_nur_cav_plague_drones_1,Plague Drones of Nurgle (Death's Heads),missile_monster_beasts,Flying Missile War Beasts
wh3_main_sc_nur_nurgle,wh3_main_sc_nur_nurgle|wh3_main_nur_cav_pox_riders_of_nurgle_0,wh3_main_nur_cav_pox_riders_of_nurgle_0,Pox Riders of Nurgle,monster_beasts,War Beasts
wh3_main_sc_nur_nurgle,wh3_main_sc_nur_nurgle|wh3_main_nur_cha_cultist_0,wh3_main_nur_cha_cultist_0,Cultist of Nurgle,heroes_agents,Melee Specialist
wh3_main_sc_nur_nurgle,wh3_main_sc_nur_nurgle|wh3_main_nur_cha_exalted_great_unclean_one_death_0,wh3_main_nur_cha_exalted_great_unclean_one_death_0,Exalted Great Unclean One,commander,Wizard Lord
wh3_main_sc_nur_nurgle,wh3_main_sc_nur_nurgle|wh3_main_nur_cha_herald_of_nurgle_death_0,wh3_main_nur_cha_herald_of_nurgle_death_0,Herald of Nurgle,commander,Wizard Lord
wh3_main_sc_nur_nurgle,wh3_main_sc_nur_nurgle|wh3_main_nur_cha_ku_gath_plaguefather_0,wh3_main_nur_cha_ku_gath_plaguefather_0,Ku'gath Plaguefather,commander,Wizard Lord
wh3_main_sc_nur_nurgle,wh3_main_sc_nur_nurgle|wh3_main_nur_cha_plagueridden_death_0,wh3_main_nur_cha_plagueridden_death_0,Plagueridden,heroes_agents,Wizard
wh3_main_sc_nur_nurgle,wh3_main_sc_nur_nurgle|wh3_main_nur_inf_chaos_furies_0,wh3_main_nur_inf_chaos_furies_0,Chaos Furies,monster_beasts,Flying Melee Infantry
wh3_main_sc_nur_nurgle,wh3_main_sc_nur_nurgle|wh3_main_nur_inf_forsaken_0,wh3_main_nur_inf_forsaken_0,Forsaken of Nurgle,infantry,Melee Infantry
wh3_main_sc_nur_nurgle,wh3_main_sc_nur_nurgle|wh3_main_nur_inf_nurglings_0,wh3_main_nur_inf_nurglings_0,Nurglings,infantry,Swarm
wh3_main_sc_nur_nurgle,wh3_main_sc_nur_nurgle|wh3_main_nur_inf_plaguebearers_0,wh3_main_nur_inf_plaguebearers_0,Plaguebearers of Nurgle,infantry,Sword Infantry
wh3_main_sc_nur_nurgle,wh3_main_sc_nur_nurgle|wh3_main_nur_inf_plaguebearers_1,wh3_main_nur_inf_plaguebearers_1,Exalted Plaguebearers of Nurgle,infantry,Sword Infantry
wh3_main_sc_nur_nurgle,wh3_main_sc_nur_nurgle|wh3_main_nur_mon_beast_of_nurgle_0,wh3_main_nur_mon_beast_of_nurgle_0,Beast of Nurgle,monster_beasts,Monster
wh3_main_sc_nur_nurgle,wh3_main_sc_nur_nurgle|wh3_main_nur_mon_great_unclean_one_0,wh3_main_nur_mon_great_unclean_one_0,Great Unclean One,monster_beasts,Monster
wh3_main_sc_nur_nurgle,wh3_main_sc_nur_nurgle|wh3_main_nur_mon_plague_toads_0,wh3_main_nur_mon_plague_toads_0,Plague Toads of Nurgle,monster_beasts,War Beasts
wh3_main_sc_nur_nurgle,wh3_main_sc_nur_nurgle|wh3_main_nur_mon_rot_flies_0,wh3_main_nur_mon_rot_flies_0,Rot Flies,monster_beasts,Flying War Beasts
wh3_main_sc_nur_nurgle,wh3_main_sc_nur_nurgle|wh3_main_nur_mon_soul_grinder_0,wh3_main_nur_mon_soul_grinder_0,Soul Grinder of Nurgle,missile_monster_beasts,Missile Monster
wh3_main_sc_nur_nurgle,wh3_main_sc_nur_nurgle|wh3_main_nur_mon_spawn_of_nurgle_0,wh3_main_nur_mon_spawn_of_nurgle_0,Spawn of Nurgle,monster_beasts,Monstrous Infantry
wh3_main_sc_nur_nurgle,wh3_main_sc_nur_nurgle|wh3_twa06_nur_inf_plaguebearers_ror_0,wh3_twa06_nur_inf_plaguebearers_ror_0,Festering Stooges (Exalted Plaguebearers of Nurgle),infantry,Sword Infantry
wh3_main_sc_nur_nurgle,wh3_main_sc_nur_nurgle|wh3_twa07_nur_cav_pox_riders_of_nurgle_ror_0,wh3_twa07_nur_cav_pox_riders_of_nurgle_ror_0,Barons of the Bog (Pox Riders of Nurgle),monster_beasts,War Beasts
wh3_main_sc_nur_nurgle,wh3_main_sc_nur_nurgle|wh3_twa08_nur_mon_great_unclean_one_0_ror,wh3_twa08_nur_mon_great_unclean_one_0_ror,Uncle Furuncle (Great Unclean One),monster_beasts,Monster
wh3_main_sc_nur_nurgle,wh3_main_sc_nur_nurgle|wh3_twa10_nur_inf_nurglings_ror,wh3_twa10_nur_inf_nurglings_ror,The Frolickers Bubonic (Nurglings),infantry,Swarm
wh3_main_sc_nur_nurgle,wh3_main_sc_nur_nurgle|wh_main_chs_mon_chaos_warhounds_1,wh_main_chs_mon_chaos_warhounds_1,Chaos Warhounds (Poison),monster_beasts,War Beasts
wh3_main_sc_nur_nurgle,wh3_main_sc_nur_nurgle|wh_pro04_chs_inf_forsaken_ror_0,wh_pro04_chs_inf_forsaken_ror_0,The Daemonspew (Forsaken),infantry,Melee Infantry
wh3_main_sc_ogr_ogre_kingdoms,wh3_main_sc_ogr_ogre_kingdoms|wh3_dlc26_ogr_cha_bragg_the_gutsman,wh3_dlc26_ogr_cha_bragg_the_gutsman,Bragg the Gutsman,heroes_agents,Melee Specialist
wh3_main_sc_ogr_ogre_kingdoms,wh3_main_sc_ogr_ogre_kingdoms|wh3_dlc26_ogr_cha_bruiser,wh3_dlc26_ogr_cha_bruiser,Bruiser,heroes_agents,Melee Specialist
wh3_main_sc_ogr_ogre_kingdoms,wh3_main_sc_ogr_ogre_kingdoms|wh3_dlc26_ogr_cha_golgfag_maneater,wh3_dlc26_ogr_cha_golgfag_maneater,Golgfag Maneater,commander,Lord
wh3_main_sc_ogr_ogre_kingdoms,wh3_main_sc_ogr_ogre_kingdoms|wh3_dlc26_ogr_cha_paymaster,wh3_dlc26_ogr_cha_paymaster,Ogre Paymaster,commander,Lord
wh3_main_sc_ogr_ogre_kingdoms,wh3_main_sc_ogr_ogre_kingdoms|wh3_dlc26_ogr_inf_eshin_maneater_ror,wh3_dlc26_ogr_inf_eshin_maneater_ror,Eshin Maneater,infantry,Monstrous Infantry
wh3_main_sc_ogr_ogre_kingdoms,wh3_main_sc_ogr_ogre_kingdoms|wh3_dlc26_ogr_inf_golgfags_maneaters,wh3_dlc26_ogr_inf_golgfags_maneaters,Golgfag's Maneaters,infantry,Monstrous Infantry
wh3_main_sc_ogr_ogre_kingdoms,wh3_main_sc_ogr_ogre_kingdoms|wh3_dlc26_ogr_inf_pigback_riders,wh3_dlc26_ogr_inf_pigback_riders,Pigback Riders,infantry,Spear Infantry
wh3_main_sc_ogr_ogre_kingdoms,wh3_main_sc_ogr_ogre_kingdoms|wh3_dlc26_ogr_inf_pigback_riders_ror,wh3_dlc26_ogr_inf_pigback_riders_ror,Piggyback Knights (Pigback Riders),infantry,Spear Infantry
wh3_main_sc_ogr_ogre_kingdoms,wh3_main_sc_ogr_ogre_kingdoms|wh3_dlc26_ogr_mon_blood_vultures,wh3_dlc26_ogr_mon_blood_vultures,Blood Vultures,monster_beasts,Flying War Beasts
wh3_main_sc_ogr_ogre_kingdoms,wh3_main_sc_ogr_ogre_kingdoms|wh3_dlc26_ogr_mon_thundertusk,wh3_dlc26_ogr_mon_thundertusk,Thundertusk,missile_monster_beasts,Missile Monster
wh3_main_sc_ogr_ogre_kingdoms,wh3_main_sc_ogr_ogre_kingdoms|wh3_dlc26_ogr_mon_yhetees,wh3_dlc26_ogr_mon_yhetees,Yhetees,monster_beasts,Monstrous Infantry
wh3_main_sc_ogr_ogre_kingdoms,wh3_main_sc_ogr_ogre_kingdoms|wh3_dlc26_ogr_mon_yhetees_ror,wh3_dlc26_ogr_mon_yhetees_ror,Amblepeak Greybacks (Yhetees),monster_beasts,Monstrous Infantry
wh3_main_sc_ogr_ogre_kingdoms,wh3_main_sc_ogr_ogre_kingdoms|wh3_main_ogr_cav_crushers_0,wh3_main_ogr_cav_crushers_0,Crushers (Ironfists),cavalry_chariots,Monstrous Cavalry
wh3_main_sc_ogr_ogre_kingdoms,wh3_main_sc_ogr_ogre_kingdoms|wh3_main_ogr_cav_crushers_1,wh3_main_ogr_cav_crushers_1,Crushers (Great Weapons),cavalry_chariots,Monstrous Cavalry
wh3_main_sc_ogr_ogre_kingdoms,wh3_main_sc_ogr_ogre_kingdoms|wh3_main_ogr_cav_mournfang_cavalry_0,wh3_main_ogr_cav_mournfang_cavalry_0,Mournfang Cavalry,cavalry_chariots,Monstrous Cavalry
wh3_main_sc_ogr_ogre_kingdoms,wh3_main_sc_ogr_ogre_kingdoms|wh3_main_ogr_cav_mournfang_cavalry_1,wh3_main_ogr_cav_mournfang_cavalry_1,Mournfang Cavalry (Ironfists),cavalry_chariots,Monstrous Cavalry
wh3_main_sc_ogr_ogre_kingdoms,wh3_main_sc_ogr_ogre_kingdoms|wh3_main_ogr_cav_mournfang_cavalry_2,wh3_main_ogr_cav_mournfang_cavalry_2,Mournfang Cavalry (Great Weapons),cavalry_chariots,Monstrous Cavalry
wh3_main_sc_ogr_ogre_kingdoms,wh3_main_sc_ogr_ogre_kingdoms|wh3_main_ogr_cha_butcher_beasts_0,wh3_main_ogr_cha_butcher_beasts_0,Butcher,heroes_agents,Wizard
wh3_main_sc_ogr_ogre_kingdoms,wh3_main_sc_ogr_ogre_kingdoms|wh3_main_ogr_cha_firebelly_0,wh3_main_ogr_cha_firebelly_0,Firebelly,heroes_agents,Wizard
wh3_main_sc_ogr_ogre_kingdoms,wh3_main_sc_ogr_ogre_kingdoms|wh3_main_ogr_cha_greasus_goldtooth_0,wh3_main_ogr_cha_greasus_goldtooth_0,Greasus Goldtooth,commander,Lord
wh3_main_sc_ogr_ogre_kingdoms,wh3_main_sc_ogr_ogre_kingdoms|wh3_main_ogr_cha_hunter_0,wh3_main_ogr_cha_hunter_0,Hunter,heroes_agents,Missile Specialist
wh3_main_sc_ogr_ogre_kingdoms,wh3_main_sc_ogr_ogre_kingdoms|wh3_main_ogr_cha_skrag_the_slaughterer_0,wh3_main_ogr_cha_skrag_the_slaughterer_0,Skrag the Slaughterer,commander,Wizard Lord
wh3_main_sc_ogr_ogre_kingdoms,wh3_main_sc_ogr_ogre_kingdoms|wh3_main_ogr_cha_slaughtermaster_beasts_0,wh3_main_ogr_cha_slaughtermaster_beasts_0,Slaughtermaster,commander,Wizard Lord
wh3_main_sc_ogr_ogre_kingdoms,wh3_main_sc_ogr_ogre_kingdoms|wh3_main_ogr_cha_tyrant_0,wh3_main_ogr_cha_tyrant_0,Tyrant,commander,Lord
wh3_main_sc_ogr_ogre_kingdoms,wh3_main_sc_ogr_ogre_kingdoms|wh3_main_ogr_inf_gnoblars_0,wh3_main_ogr_inf_gnoblars_0,Gnoblars,infantry,Spear Infantry
wh3_main_sc_ogr_ogre_kingdoms,wh3_main_sc_ogr_ogre_kingdoms|wh3_main_ogr_inf_gnoblars_1,wh3_main_ogr_inf_gnoblars_1,Gnoblar Trappers,missile_infantry,Missile Infantry
wh3_main_sc_ogr_ogre_kingdoms,wh3_main_sc_ogr_ogre_kingdoms|wh3_main_ogr_inf_gnoblars_flingers,wh3_main_ogr_inf_gnoblars_flingers,Gnoblar Flingers,missile_infantry,Missile Infantry
wh3_main_sc_ogr_ogre_kingdoms,wh3_main_sc_ogr_ogre_kingdoms|wh3_main_ogr_inf_ironguts_0,wh3_main_ogr_inf_ironguts_0,Ironguts,infantry,Monstrous Infantry
wh3_main_sc_ogr_ogre_kingdoms,wh3_main_sc_ogr_ogre_kingdoms|wh3_main_ogr_inf_leadbelchers_0,wh3_main_ogr_inf_leadbelchers_0,Leadbelchers,missile_infantry,Monstrous Cannon Infantry
wh3_main_sc_ogr_ogre_kingdoms,wh3_main_sc_ogr_ogre_kingdoms|wh3_main_ogr_inf_maneaters_0,wh3_main_ogr_inf_maneaters_0,Maneaters,infantry,Monstrous Infantry
wh3_main_sc_ogr_ogre_kingdoms,wh3_main_sc_ogr_ogre_kingdoms|wh3_main_ogr_inf_maneaters_1,wh3_main_ogr_inf_maneaters_1,Maneaters (Ironfists),infantry,Monstrous Infantry
wh3_main_sc_ogr_ogre_kingdoms,wh3_main_sc_ogr_ogre_kingdoms|wh3_main_ogr_inf_maneaters_2,wh3_main_ogr_inf_maneaters_2,Maneaters (Great Weapons),infantry,Monstrous Infantry
wh3_main_sc_ogr_ogre_kingdoms,wh3_main_sc_ogr_ogre_kingdoms|wh3_main_ogr_inf_maneaters_3,wh3_main_ogr_inf_maneaters_3,Maneaters (Ogre Pistols),missile_infantry,Monstrous Missile Infantry
wh3_main_sc_ogr_ogre_kingdoms,wh3_main_sc_ogr_ogre_kingdoms|wh3_main_ogr_inf_ogres_0,wh3_main_ogr_inf_ogres_0,Ogre Bulls,infantry,Monstrous Infantry
wh3_main_sc_ogr_ogre_kingdoms,wh3_main_sc_ogr_ogre_kingdoms|wh3_main_ogr_inf_ogres_1,wh3_main_ogr_inf_ogres_1,Ogre Bulls (Dual Weapons),infantry,Monstrous Infantry
wh3_main_sc_ogr_ogre_kingdoms,wh3_main_sc_ogr_ogre_kingdoms|wh3_main_ogr_inf_ogres_2,wh3_main_ogr_inf_ogres_2,Ogre Bulls (Ironfists),infantry,Monstrous Infantry
wh3_main_sc_ogr_ogre_kingdoms,wh3_main_sc_ogr_ogre_kingdoms|wh3_main_ogr_mon_giant_0,wh3_main_ogr_mon_giant_0,Giant,monster_beasts,Monster
wh3_main_sc_ogr_ogre_kingdoms,wh3_main_sc_ogr_ogre_kingdoms|wh3_main_ogr_mon_gorgers_0,wh3_main_ogr_mon_gorgers_0,Gorgers,monster_beasts,Monstrous Infantry
wh3_main_sc_ogr_ogre_kingdoms,wh3_main_sc_ogr_ogre_kingdoms|wh3_main_ogr_mon_sabretusk_pack_0,wh3_main_ogr_mon_sabretusk_pack_0,Sabretusk Pack,monster_beasts,War Beasts
wh3_main_sc_ogr_ogre_kingdoms,wh3_main_sc_ogr_ogre_kingdoms|wh3_main_ogr_mon_stonehorn_0,wh3_main_ogr_mon_stonehorn_0,Stonehorn,monster_beasts,Monster
wh3_main_sc_ogr_ogre_kingdoms,wh3_main_sc_ogr_ogre_kingdoms|wh3_main_ogr_mon_stonehorn_1,wh3_main_ogr_mon_stonehorn_1,Stonehorn (Harpoon Launcher),missile_monster_beasts,Missile Monster
wh3_main_sc_ogr_ogre_kingdoms,wh3_main_sc_ogr_ogre_kingdoms|wh3_main_ogr_veh_gnoblar_scraplauncher_0,wh3_main_ogr_veh_gnoblar_scraplauncher_0,Gnoblar Scraplauncher,artillery_war_machines,Catapult
wh3_main_sc_ogr_ogre_kingdoms,wh3_main_sc_ogr_ogre_kingdoms|wh3_main_ogr_veh_ironblaster_0,wh3_main_ogr_veh_ironblaster_0,Ironblaster,artillery_war_machines,Siege Artillery
wh3_main_sc_ogr_ogre_kingdoms,wh3_main_sc_ogr_ogre_kingdoms|wh3_twa06_ogr_inf_maneaters_ror_0,wh3_twa06_ogr_inf_maneaters_ror_0,Powder-Guts (Maneaters – Ogre Pistols),missile_infantry,Monstrous Missile Infantry
wh3_main_sc_ogr_ogre_kingdoms,wh3_main_sc_ogr_ogre_kingdoms|wh3_twa07_ogr_cav_crushers_ror_0,wh3_twa07_ogr_cav_crushers_ror_0,Sky-Striders (Crushers – Great Weapons),cavalry_chariots,Monstrous Cavalry
wh3_main_sc_ogr_ogre_kingdoms,wh3_main_sc_ogr_ogre_kingdoms|wh3_twa08_ogr_mon_stonehorn_0_ror,wh3_twa08_ogr_mon_stonehorn_0_ror,The Snowhorn of Mourn (Stonehorn),monster_beasts,Monster
wh3_main_sc_ogr_ogre_kingdoms,wh3_main_sc_ogr_ogre_kingdoms|wh3_twa10_ogr_inf_gnoblars_ror,wh3_twa10_ogr_inf_gnoblars_ror,Boglars of the Mad Marshes (Gnoblars),missile_infantry,Missile Infantry
wh3_main_sc_sla_slaanesh,wh3_main_sc_sla_slaanesh|wh3_dlc20_chs_cav_chaos_chariot_msla,wh3_dlc20_chs_cav_chaos_chariot_msla,Chaos Chariots of Slaanesh,cavalry_chariots,Chariot
wh3_main_sc_sla_slaanesh,wh3_main_sc_sla_slaanesh|wh3_dlc20_chs_cav_chaos_chariot_msla_ror,wh3_dlc20_chs_cav_chaos_chariot_msla_ror,The Sibilant Slaughtercade (Chaos Chariots),cavalry_chariots,Chariot
wh3_main_sc_sla_slaanesh,wh3_main_sc_sla_slaanesh|wh3_dlc20_chs_cav_chaos_knights_msla,wh3_dlc20_chs_cav_chaos_knights_msla,Chaos Knights of Slaanesh,cavalry_chariots,Cavalry
wh3_main_sc_sla_slaanesh,wh3_main_sc_sla_slaanesh|wh3_dlc20_chs_cav_chaos_knights_msla_lances,wh3_dlc20_chs_cav_chaos_knights_msla_lances,Chaos Knights of Slaanesh (Lances),cavalry_chariots,Shock Cavalry
wh3_main_sc_sla_slaanesh,wh3_main_sc_sla_slaanesh|wh3_dlc20_chs_cav_marauder_horsemen_msla_javelins,wh3_dlc20_chs_cav_marauder_horsemen_msla_javelins,Marauder Horsemen of Slaanesh,missile_cavalry_chariots,Missile Cavalry
wh3_main_sc_sla_slaanesh,wh3_main_sc_sla_slaanesh|wh3_dlc20_chs_cha_chaos_lord_msla,wh3_dlc20_chs_cha_chaos_lord_msla,Chaos Lord of Slaanesh,commander,Lord
wh3_main_sc_sla_slaanesh,wh3_main_sc_sla_slaanesh|wh3_dlc20_chs_cha_chaos_sorcerer_shadows_msla,wh3_dlc20_chs_cha_chaos_sorcerer_shadows_msla,Chaos Sorcerer of Slaanesh,heroes_agents,Wizard
wh3_main_sc_sla_slaanesh,wh3_main_sc_sla_slaanesh|wh3_dlc20_chs_cha_daemon_prince_msla,wh3_dlc20_chs_cha_daemon_prince_msla,Daemon Prince of Slaanesh,commander,Wizard Lord
wh3_main_sc_sla_slaanesh,wh3_main_sc_sla_slaanesh|wh3_dlc20_chs_inf_chaos_warriors_msla,wh3_dlc20_chs_inf_chaos_warriors_msla,Chaos Warriors of Slaanesh,infantry,Sword Infantry
wh3_main_sc_sla_slaanesh,wh3_main_sc_sla_slaanesh|wh3_dlc20_chs_inf_chaos_warriors_msla_hellscourges,wh3_dlc20_chs_inf_chaos_warriors_msla_hellscourges,Chaos Warriors of Slaanesh (Hellscourges),infantry,Whip Infantry
wh3_main_sc_sla_slaanesh,wh3_main_sc_sla_slaanesh|wh3_dlc20_chs_inf_chosen_msla,wh3_dlc20_chs_inf_chosen_msla,Chosen of Slaanesh,infantry,Sword Infantry
wh3_main_sc_sla_slaanesh,wh3_main_sc_sla_slaanesh|wh3_dlc20_chs_inf_chosen_msla_hellscourges,wh3_dlc20_chs_inf_chosen_msla_hellscourges,Chosen of Slaanesh (Hellscourges),infantry,Whip Infantry
wh3_main_sc_sla_slaanesh,wh3_main_sc_sla_slaanesh|wh3_dlc20_chs_inf_forsaken_msla,wh3_dlc20_chs_inf_forsaken_msla,Forsaken of Slaanesh,infantry,Melee Infantry
wh3_main_sc_sla_slaanesh,wh3_main_sc_sla_slaanesh|wh3_dlc20_chs_mon_warshrine_msla,wh3_dlc20_chs_mon_warshrine_msla,Chaos Warshrine of Slaanesh,monster_beasts,Support Monster
wh3_main_sc_sla_slaanesh,wh3_main_sc_sla_slaanesh|wh3_dlc20_sla_cha_azazel,wh3_dlc20_sla_cha_azazel,Azazel,commander,Wizard Lord
wh3_main_sc_sla_slaanesh,wh3_main_sc_sla_slaanesh|wh3_dlc27_chs_cha_exalted_hero_msla,wh3_dlc27_chs_cha_exalted_hero_msla,Exalted Hero of Slaanesh,heroes_agents,Melee Specialist
wh3_main_sc_sla_slaanesh,wh3_main_sc_sla_slaanesh|wh3_dlc27_chs_cha_sorcerer_lord_shadows_msla,wh3_dlc27_chs_cha_sorcerer_lord_shadows_msla,Chaos Sorcerer Lord of Slaanesh,commander,Wizard Lord
wh3_main_sc_sla_slaanesh,wh3_main_sc_sla_slaanesh|wh3_dlc27_nor_cav_marauder_horsemen_ror,wh3_dlc27_nor_cav_marauder_horsemen_ror,Riders of the Mighty Serpent (Marauder Horsemen),missile_cavalry_chariots,Missile Cavalry
wh3_main_sc_sla_slaanesh,wh3_main_sc_sla_slaanesh|wh3_dlc27_sla_cav_pleasureseekers,wh3_dlc27_sla_cav_pleasureseekers,Pleasureseekers,cavalry_chariots,Monstrous Cavalry
wh3_main_sc_sla_slaanesh,wh3_main_sc_sla_slaanesh|wh3_dlc27_sla_cha_dechala,wh3_dlc27_sla_cha_dechala,"Dechala, the Denied One",commander,Lord
wh3_main_sc_sla_slaanesh,wh3_main_sc_sla_slaanesh|wh3_dlc27_sla_cha_druchii_anointed,wh3_dlc27_sla_cha_druchii_anointed,Druchii Anointed,heroes_agents,Melee Specialist
wh3_main_sc_sla_slaanesh,wh3_main_sc_sla_slaanesh|wh3_dlc27_sla_cha_masque_of_slaanesh,wh3_dlc27_sla_cha_masque_of_slaanesh,The Masque of Slaanesh,commander,Lord
wh3_main_sc_sla_slaanesh,wh3_main_sc_sla_slaanesh|wh3_dlc27_sla_cha_styrkaar_the_sortsvinaer,wh3_dlc27_sla_cha_styrkaar_the_sortsvinaer,Styrkaar of the Sortsvinaer,heroes_agents,Melee Specialist
wh3_main_sc_sla_slaanesh,wh3_main_sc_sla_slaanesh|wh3_dlc27_sla_inf_devotees_of_slaanesh,wh3_dlc27_sla_inf_devotees_of_slaanesh,Devotees of Slaanesh,infantry,Dual Sword Infantry
wh3_main_sc_sla_slaanesh,wh3_main_sc_sla_slaanesh|wh3_dlc27_sla_inf_devotees_of_slaanesh_crossbows,wh3_dlc27_sla_inf_devotees_of_slaanesh_crossbows,Devotees of Slaanesh (Crossbows),missile_infantry,Missile Infantry
wh3_main_sc_sla_slaanesh,wh3_main_sc_sla_slaanesh|wh3_dlc27_sla_inf_slaangors,wh3_dlc27_sla_inf_slaangors,Slaangors,infantry,Dual Sword Infantry
wh3_main_sc_sla_slaanesh,wh3_main_sc_sla_slaanesh|wh3_dlc27_sla_mon_champions_of_slaanesh,wh3_dlc27_sla_mon_champions_of_slaanesh,Champions Of Slaanesh,monster_beasts,Monstrous Infantry
wh3_main_sc_sla_slaanesh,wh3_main_sc_sla_slaanesh|wh3_dlc27_sla_mon_champions_of_slaanesh_ror,wh3_dlc27_sla_mon_champions_of_slaanesh_ror,Pleasure Guard (Champions of Slaanesh),monster_beasts,Monstrous Infantry
wh3_main_sc_sla_slaanesh,wh3_main_sc_sla_slaanesh|wh3_dlc27_sla_mon_preyton,wh3_dlc27_sla_mon_preyton,Preyton,monster_beasts,Flying Monster
wh3_main_sc_sla_slaanesh,wh3_main_sc_sla_slaanesh|wh3_dlc27_sla_mon_preyton_ror,wh3_dlc27_sla_mon_preyton_ror,Scourge of Arden (Preyton),monster_beasts,Flying Monster
wh3_main_sc_sla_slaanesh,wh3_main_sc_sla_slaanesh|wh3_dlc27_sla_veh_seeker_chariot_ror,wh3_dlc27_sla_veh_seeker_chariot_ror,Heralds of Excess (Seeker Chariots),cavalry_chariots,Chariots
wh3_main_sc_sla_slaanesh,wh3_main_sc_sla_slaanesh|wh3_main_sla_cav_heartseekers_of_slaanesh_0,wh3_main_sla_cav_heartseekers_of_slaanesh_0,Heartseekers of Slaanesh,cavalry_chariots,Shock Cavalry
wh3_main_sc_sla_slaanesh,wh3_main_sc_sla_slaanesh|wh3_main_sla_cav_hellstriders_0,wh3_main_sla_cav_hellstriders_0,Hellstriders of Slaanesh,cavalry_chariots,Spear Cavalry
wh3_main_sc_sla_slaanesh,wh3_main_sc_sla_slaanesh|wh3_main_sla_cav_hellstriders_1,wh3_main_sla_cav_hellstriders_1,Hellstriders of Slaanesh (Hellscourges),cavalry_chariots,Melee Cavalry
wh3_main_sc_sla_slaanesh,wh3_main_sc_sla_slaanesh|wh3_main_sla_cav_seekers_of_slaanesh_0,wh3_main_sla_cav_seekers_of_slaanesh_0,Seekers of Slaanesh,cavalry_chariots,Shock Cavalry
wh3_main_sc_sla_slaanesh,wh3_main_sc_sla_slaanesh|wh3_main_sla_cha_alluress_shadow_0,wh3_main_sla_cha_alluress_shadow_0,Alluress,heroes_agents,Wizard
wh3_main_sc_sla_slaanesh,wh3_main_sc_sla_slaanesh|wh3_main_sla_cha_cultist_0,wh3_main_sla_cha_cultist_0,Cultist of Slaanesh,heroes_agents,Melee Specialist
wh3_main_sc_sla_slaanesh,wh3_main_sc_sla_slaanesh|wh3_main_sla_cha_exalted_keeper_of_secrets_shadow_0,wh3_main_sla_cha_exalted_keeper_of_secrets_shadow_0,Exalted Keeper of Secrets,commander,Wizard Lord
wh3_main_sc_sla_slaanesh,wh3_main_sc_sla_slaanesh|wh3_main_sla_cha_herald_of_slaanesh_shadow_0,wh3_main_sla_cha_herald_of_slaanesh_shadow_0,Herald of Slaanesh,commander,Wizard Lord
wh3_main_sc_sla_slaanesh,wh3_main_sc_sla_slaanesh|wh3_main_sla_cha_nkari_0,wh3_main_sla_cha_nkari_0,N'Kari,commander,Wizard Lord
wh3_main_sc_sla_slaanesh,wh3_main_sc_sla_slaanesh|wh3_main_sla_inf_chaos_furies_0,wh3_main_sla_inf_chaos_furies_0,Chaos Furies,monster_beasts,Flying Melee Infantry
wh3_main_sc_sla_slaanesh,wh3_main_sc_sla_slaanesh|wh3_main_sla_inf_daemonette_0,wh3_main_sla_inf_daemonette_0,Daemonettes of Slaanesh,infantry,Melee Infantry
wh3_main_sc_sla_slaanesh,wh3_main_sc_sla_slaanesh|wh3_main_sla_inf_daemonette_1,wh3_main_sla_inf_daemonette_1,Exalted Daemonettes of Slaanesh,infantry,Melee Infantry
wh3_main_sc_sla_slaanesh,wh3_main_sc_sla_slaanesh|wh3_main_sla_inf_marauders_0,wh3_main_sla_inf_marauders_0,Devoted Marauders of Slaanesh,infantry,Sword Infantry
wh3_main_sc_sla_slaanesh,wh3_main_sc_sla_slaanesh|wh3_main_sla_inf_marauders_1,wh3_main_sla_inf_marauders_1,Devoted Marauders of Slaanesh (Spears),infantry,Spear Infantry
wh3_main_sc_sla_slaanesh,wh3_main_sc_sla_slaanesh|wh3_main_sla_inf_marauders_2,wh3_main_sla_inf_marauders_2,Devoted Marauders of Slaanesh (Hellscourges),infantry,Whip Infantry
wh3_main_sc_sla_slaanesh,wh3_main_sc_sla_slaanesh|wh3_main_sla_mon_fiends_of_slaanesh_0,wh3_main_sla_mon_fiends_of_slaanesh_0,Fiends of Slaanesh,monster_beasts,Monstrous Infantry
wh3_main_sc_sla_slaanesh,wh3_main_sc_sla_slaanesh|wh3_main_sla_mon_keeper_of_secrets_0,wh3_main_sla_mon_keeper_of_secrets_0,Keeper of Secrets,monster_beasts,Monster
wh3_main_sc_sla_slaanesh,wh3_main_sc_sla_slaanesh|wh3_main_sla_mon_soul_grinder_0,wh3_main_sla_mon_soul_grinder_0,Soul Grinder of Slaanesh,monster_beasts,Monster
wh3_main_sc_sla_slaanesh,wh3_main_sc_sla_slaanesh|wh3_main_sla_mon_spawn_of_slaanesh_0,wh3_main_sla_mon_spawn_of_slaanesh_0,Spawn of Slaanesh,monster_beasts,Monstrous Infantry
wh3_main_sc_sla_slaanesh,wh3_main_sc_sla_slaanesh|wh3_main_sla_veh_exalted_seeker_chariot_0,wh3_main_sla_veh_exalted_seeker_chariot_0,Exalted Seeker Chariot,cavalry_chariots,Chariot
wh3_main_sc_sla_slaanesh,wh3_main_sc_sla_slaanesh|wh3_main_sla_veh_hellflayer_0,wh3_main_sla_veh_hellflayer_0,Hellflayers,cavalry_chariots,Chariots
wh3_main_sc_sla_slaanesh,wh3_main_sc_sla_slaanesh|wh3_main_sla_veh_seeker_chariot_0,wh3_main_sla_veh_seeker_chariot_0,Seeker Chariots,cavalry_chariots,Chariots
wh3_main_sc_sla_slaanesh,wh3_main_sc_sla_slaanesh|wh3_twa06_sla_inf_daemonette_ror_0,wh3_twa06_sla_inf_daemonette_ror_0,Bringers of Beguilement (Exalted Daemonettes of Slaanesh),infantry,Melee Infantry
wh3_main_sc_sla_slaanesh,wh3_main_sc_sla_slaanesh|wh3_twa07_sla_cav_heartseekers_of_slaanesh_ror_0,wh3_twa07_sla_cav_heartseekers_of_slaanesh_ror_0,Eternal Entourage (Heartseekers of Slaanesh),cavalry_chariots,Shock Cavalry
wh3_main_sc_sla_slaanesh,wh3_main_sc_sla_slaanesh|wh3_twa08_sla_mon_keeper_of_secrets_0_ror,wh3_twa08_sla_mon_keeper_of_secrets_0_ror,The Marquis of Masochism (Keeper of Secrets),monster_beasts,Monster
wh3_main_sc_sla_slaanesh,wh3_main_sc_sla_slaanesh|wh3_twa10_sla_inf_marauders_spears_ror,wh3_twa10_sla_inf_marauders_spears_ror,The Princes of Perfection (Devoted Marauders of Slaanesh – Spears),infantry,Spear Infantry
wh3_main_sc_sla_slaanesh,wh3_main_sc_sla_slaanesh|wh_dlc01_chs_cha_prince_sigvald_the_magnificent,wh_dlc01_chs_cha_prince_sigvald_the_magnificent,Prince Sigvald the Magnificent,commander,Lord
wh3_main_sc_sla_slaanesh,wh3_main_sc_sla_slaanesh|wh_pro04_chs_inf_chaos_warriors_ror_0,wh_pro04_chs_inf_chaos_warriors_ror_0,Mirror Guard (Chaos Warriors),infantry,Sword Infantry
wh3_main_sc_tze_tzeentch,wh3_main_sc_tze_tzeentch|wh3_dlc20_chs_cav_chaos_chariot_mtze,wh3_dlc20_chs_cav_chaos_chariot_mtze,Chaos Chariots of Tzeentch,cavalry_chariots,Chariot
wh3_main_sc_tze_tzeentch,wh3_main_sc_tze_tzeentch|wh3_dlc20_chs_cav_chaos_knights_mtze_lances,wh3_dlc20_chs_cav_chaos_knights_mtze_lances,Chaos Knights of Tzeentch (Lances),cavalry_chariots,Shock Cavalry
wh3_main_sc_tze_tzeentch,wh3_main_sc_tze_tzeentch|wh3_dlc20_chs_cav_marauder_horsemen_mtze_javelins,wh3_dlc20_chs_cav_marauder_horsemen_mtze_javelins,Marauder Horsemen of Tzeentch,missile_cavalry_chariots,Missile Cavalry
wh3_main_sc_tze_tzeentch,wh3_main_sc_tze_tzeentch|wh3_dlc20_chs_cha_chaos_sorcerer_lord_metal_mtze,wh3_dlc20_chs_cha_chaos_sorcerer_lord_metal_mtze,Chaos Sorcerer Lord of Tzeentch,commander,Wizard Lord
wh3_main_sc_tze_tzeentch,wh3_main_sc_tze_tzeentch|wh3_dlc20_chs_cha_chaos_sorcerer_metal_mtze,wh3_dlc20_chs_cha_chaos_sorcerer_metal_mtze,Chaos Sorcerer of Tzeentch,heroes_agents,Wizard
wh3_main_sc_tze_tzeentch,wh3_main_sc_tze_tzeentch|wh3_dlc20_chs_cha_daemon_prince_mtze,wh3_dlc20_chs_cha_daemon_prince_mtze,Daemon Prince of Tzeentch,commander,Wizard Lord
wh3_main_sc_tze_tzeentch,wh3_main_sc_tze_tzeentch|wh3_dlc20_chs_inf_aspiring_champions_mtze_ror,wh3_dlc20_chs_inf_aspiring_champions_mtze_ror,The Severed Claw (Aspiring Champions),infantry,Halberd Infantry
wh3_main_sc_tze_tzeentch,wh3_main_sc_tze_tzeentch|wh3_dlc20_chs_inf_chaos_marauders_mtze,wh3_dlc20_chs_inf_chaos_marauders_mtze,Marauders of Tzeentch,infantry,Axe Infantry
wh3_main_sc_tze_tzeentch,wh3_main_sc_tze_tzeentch|wh3_dlc20_chs_inf_chaos_marauders_mtze_spears,wh3_dlc20_chs_inf_chaos_marauders_mtze_spears,Marauders of Tzeentch (Spears),infantry,Spear Infantry
wh3_main_sc_tze_tzeentch,wh3_main_sc_tze_tzeentch|wh3_dlc20_chs_inf_chaos_warriors_mtze,wh3_dlc20_chs_inf_chaos_warriors_mtze,Chaos Warriors of Tzeentch,infantry,Sword Infantry
wh3_main_sc_tze_tzeentch,wh3_main_sc_tze_tzeentch|wh3_dlc20_chs_inf_chaos_warriors_mtze_halberds,wh3_dlc20_chs_inf_chaos_warriors_mtze_halberds,Chaos Warriors of Tzeentch (Halberds),infantry,Halberd Infantry
wh3_main_sc_tze_tzeentch,wh3_main_sc_tze_tzeentch|wh3_dlc20_chs_inf_chosen_mtze,wh3_dlc20_chs_inf_chosen_mtze,Chosen of Tzeentch,infantry,Sword Infantry
wh3_main_sc_tze_tzeentch,wh3_main_sc_tze_tzeentch|wh3_dlc20_chs_inf_chosen_mtze_halberds,wh3_dlc20_chs_inf_chosen_mtze_halberds,Chosen of Tzeentch (Halberds),infantry,Halberd Infantry
wh3_main_sc_tze_tzeentch,wh3_main_sc_tze_tzeentch|wh3_dlc20_chs_mon_warshrine_mtze,wh3_dlc20_chs_mon_warshrine_mtze,Chaos Warshrine of Tzeentch,monster_beasts,Support Monster
wh3_main_sc_tze_tzeentch,wh3_main_sc_tze_tzeentch|wh3_dlc20_tze_cha_vilitch,wh3_dlc20_tze_cha_vilitch,Vilitch the Curseling,commander,Wizard Lord
wh3_main_sc_tze_tzeentch,wh3_main_sc_tze_tzeentch|wh3_dlc24_chs_cha_chaos_lord_mtze,wh3_dlc24_chs_cha_chaos_lord_mtze,Chaos Lord of Tzeentch,commander,Lord
wh3_main_sc_tze_tzeentch,wh3_main_sc_tze_tzeentch|wh3_dlc24_chs_cha_exalted_hero_mtze,wh3_dlc24_chs_cha_exalted_hero_mtze,Exalted Hero of Tzeentch,heroes_agents,Melee Specialist
wh3_main_sc_tze_tzeentch,wh3_main_sc_tze_tzeentch|wh3_dlc24_tze_cha_aekold_helbrass,wh3_dlc24_tze_cha_aekold_helbrass,Aekold Helbrass,heroes_agents,Melee Specialist
wh3_main_sc_tze_tzeentch,wh3_main_sc_tze_tzeentch|wh3_dlc24_tze_cha_blue_scribes,wh3_dlc24_tze_cha_blue_scribes,The Blue Scribes,heroes_agents,Wizard
wh3_main_sc_tze_tzeentch,wh3_main_sc_tze_tzeentch|wh3_dlc24_tze_cha_changeling,wh3_dlc24_tze_cha_changeling,The Changeling,commander,Wizard Lord
wh3_main_sc_tze_tzeentch,wh3_main_sc_tze_tzeentch|wh3_dlc24_tze_inf_centigors_great_weapons,wh3_dlc24_tze_inf_centigors_great_weapons,Centigors of Tzeentch,cavalry_chariots,Bestial Cavalry Great Weapons
wh3_main_sc_tze_tzeentch,wh3_main_sc_tze_tzeentch|wh3_dlc24_tze_inf_pink_horrors_ror,wh3_dlc24_tze_inf_pink_horrors_ror,The Sourguts (Pink Horrors of Tzeentch),missile_infantry,Missile Infantry
wh3_main_sc_tze_tzeentch,wh3_main_sc_tze_tzeentch|wh3_dlc24_tze_inf_tzaangors,wh3_dlc24_tze_inf_tzaangors,Tzaangors,infantry,Axe Infantry
wh3_main_sc_tze_tzeentch,wh3_main_sc_tze_tzeentch|wh3_dlc24_tze_mon_cockatrice,wh3_dlc24_tze_mon_cockatrice,Cockatrice,monster_beasts,Flying Monster
wh3_main_sc_tze_tzeentch,wh3_main_sc_tze_tzeentch|wh3_dlc24_tze_mon_flamers_changebringers,wh3_dlc24_tze_mon_flamers_changebringers,Changebringers,missile_cavalry_chariots,Monstrous Missile Infantry
wh3_main_sc_tze_tzeentch,wh3_main_sc_tze_tzeentch|wh3_dlc24_tze_mon_mutalith_vortex_beast,wh3_dlc24_tze_mon_mutalith_vortex_beast,Mutalith Vortex Beast,monster_beasts,Monster
wh3_main_sc_tze_tzeentch,wh3_main_sc_tze_tzeentch|wh3_dlc24_tze_mon_mutalith_vortex_beast_ror,wh3_dlc24_tze_mon_mutalith_vortex_beast_ror,Aeson the Fallen (Mutalith Vortex Beast),monster_beasts,Monster
wh3_main_sc_tze_tzeentch,wh3_main_sc_tze_tzeentch|wh3_dlc24_tze_mon_screamers_ror,wh3_dlc24_tze_mon_screamers_ror,Shrieking Skyrays (Screamers of Tzeentch),monster_beasts,Flying Monstrous Infantry
wh3_main_sc_tze_tzeentch,wh3_main_sc_tze_tzeentch|wh3_dlc27_nor_cav_chaos_chariot_ror,wh3_dlc27_nor_cav_chaos_chariot_ror,Followers of the Great Eagle (Marauder Chariots),cavalry_chariots,Chariot
wh3_main_sc_tze_tzeentch,wh3_main_sc_tze_tzeentch|wh3_main_tze_cav_chaos_knights_0,wh3_main_tze_cav_chaos_knights_0,Chaos Knights of Tzeentch,cavalry_chariots,Cavalry
wh3_main_sc_tze_tzeentch,wh3_main_sc_tze_tzeentch|wh3_main_tze_cav_doom_knights_0,wh3_main_tze_cav_doom_knights_0,Doom Knights of Tzeentch,cavalry_chariots,Flying Cavalry
wh3_main_sc_tze_tzeentch,wh3_main_sc_tze_tzeentch|wh3_main_tze_cha_cultist_0,wh3_main_tze_cha_cultist_0,Cultist of Tzeentch,heroes_agents,Wizard
wh3_main_sc_tze_tzeentch,wh3_main_sc_tze_tzeentch|wh3_main_tze_cha_exalted_lord_of_change_metal_0,wh3_main_tze_cha_exalted_lord_of_change_metal_0,Exalted Lord of Change,commander,Wizard Lord
wh3_main_sc_tze_tzeentch,wh3_main_sc_tze_tzeentch|wh3_main_tze_cha_herald_of_tzeentch_metal_0,wh3_main_tze_cha_herald_of_tzeentch_metal_0,Herald of Tzeentch,commander,Wizard Lord
wh3_main_sc_tze_tzeentch,wh3_main_sc_tze_tzeentch|wh3_main_tze_cha_iridescent_horror_metal_0,wh3_main_tze_cha_iridescent_horror_metal_0,Iridescent Horror,heroes_agents,Wizard
wh3_main_sc_tze_tzeentch,wh3_main_sc_tze_tzeentch|wh3_main_tze_cha_kairos_fateweaver_custom_battle_0,wh3_main_tze_cha_kairos_fateweaver_custom_battle_0,Kairos Fateweaver,commander,Wizard Lord
wh3_main_sc_tze_tzeentch,wh3_main_sc_tze_tzeentch|wh3_main_tze_inf_blue_horrors_0,wh3_main_tze_inf_blue_horrors_0,Blue Horrors of Tzeentch,infantry,Melee Infantry
wh3_main_sc_tze_tzeentch,wh3_main_sc_tze_tzeentch|wh3_main_tze_inf_chaos_furies_0,wh3_main_tze_inf_chaos_furies_0,Chaos Furies,monster_beasts,Flying Melee Infantry
wh3_main_sc_tze_tzeentch,wh3_main_sc_tze_tzeentch|wh3_main_tze_inf_forsaken_0,wh3_main_tze_inf_forsaken_0,Forsaken of Tzeentch,infantry,Melee Infantry
wh3_main_sc_tze_tzeentch,wh3_main_sc_tze_tzeentch|wh3_main_tze_inf_pink_horrors_0,wh3_main_tze_inf_pink_horrors_0,Pink Horrors of Tzeentch,missile_infantry,Missile Infantry
wh3_main_sc_tze_tzeentch,wh3_main_sc_tze_tzeentch|wh3_main_tze_inf_pink_horrors_1,wh3_main_tze_inf_pink_horrors_1,Exalted Pink Horrors of Tzeentch,missile_infantry,Missile Infantry
wh3_main_sc_tze_tzeentch,wh3_main_sc_tze_tzeentch|wh3_main_tze_mon_exalted_flamers_0,wh3_main_tze_mon_exalted_flamers_0,Exalted Flamer of Tzeentch,missile_monster_beasts,Missile Monster
wh3_main_sc_tze_tzeentch,wh3_main_sc_tze_tzeentch|wh3_main_tze_mon_flamers_0,wh3_main_tze_mon_flamers_0,Flamers of Tzeentch,missile_monster_beasts,Monstrous Missile Infantry
wh3_main_sc_tze_tzeentch,wh3_main_sc_tze_tzeentch|wh3_main_tze_mon_lord_of_change_0,wh3_main_tze_mon_lord_of_change_0,Lord of Change,monster_beasts,Flying Monster
wh3_main_sc_tze_tzeentch,wh3_main_sc_tze_tzeentch|wh3_main_tze_mon_screamers_0,wh3_main_tze_mon_screamers_0,Screamers of Tzeentch,monster_beasts,Flying Monstrous Infantry
wh3_main_sc_tze_tzeentch,wh3_main_sc_tze_tzeentch|wh3_main_tze_mon_soul_grinder_0,wh3_main_tze_mon_soul_grinder_0,Soul Grinder of Tzeentch,missile_monster_beasts,Missile Monster
wh3_main_sc_tze_tzeentch,wh3_main_sc_tze_tzeentch|wh3_main_tze_mon_spawn_of_tzeentch_0,wh3_main_tze_mon_spawn_of_tzeentch_0,Spawn of Tzeentch,monster_beasts,Monstrous Infantry
wh3_main_sc_tze_tzeentch,wh3_main_sc_tze_tzeentch|wh3_main_tze_veh_burning_chariot_0,wh3_main_tze_veh_burning_chariot_0,Burning Chariot of Tzeentch,missile_cavalry_chariots,Flying Missile Chariot
wh3_main_sc_tze_tzeentch,wh3_main_sc_tze_tzeentch|wh3_twa06_tze_inf_pink_horrors_ror_0,wh3_twa06_tze_inf_pink_horrors_ror_0,Blazing Squealers (Exalted Pink Horrors of Tzeentch),missile_infantry,Missile Infantry
wh3_main_sc_tze_tzeentch,wh3_main_sc_tze_tzeentch|wh3_twa07_tze_cav_doom_knights_ror_0,wh3_twa07_tze_cav_doom_knights_ror_0,Knights of Immolation (Doom Knights of Tzeentch),cavalry_chariots,Flying Cavalry
wh3_main_sc_tze_tzeentch,wh3_main_sc_tze_tzeentch|wh3_twa08_tze_mon_lord_of_change_0_ror,wh3_twa08_tze_mon_lord_of_change_0_ror,The Golden Griffin of Theurgy (Lord of Change),monster_beasts,Flying Monster
wh3_main_sc_tze_tzeentch,wh3_main_sc_tze_tzeentch|wh3_twa10_tze_inf_blue_horrors_ror,wh3_twa10_tze_inf_blue_horrors_ror,The Chromatic Abominations (Blue Horrors of Tzeentch),infantry,Melee Infantry
wh3_main_sc_tze_tzeentch,wh3_main_sc_tze_tzeentch|wh_main_chs_cha_lord_of_change_0,wh_main_chs_cha_lord_of_change_0,Sarthorael the Everwatcher,commander,Wizard Lord
wh3_main_sc_tze_tzeentch,wh3_main_sc_tze_tzeentch|wh_pro04_chs_mon_chaos_spawn_ror_0,wh_pro04_chs_mon_chaos_spawn_ror_0,Wyrd Spawn (Chaos Spawn),monster_beasts,Monstrous Infantry
wh_dlc03_sc_bst_beastmen,wh_dlc03_sc_bst_beastmen|wh2_dlc17_bst_cav_tuskgor_chariot_0,wh2_dlc17_bst_cav_tuskgor_chariot_0,Tuskgor Chariots,cavalry_chariots,Chariot
wh_dlc03_sc_bst_beastmen,wh_dlc03_sc_bst_beastmen|wh2_dlc17_bst_cha_doombull_0,wh2_dlc17_bst_cha_doombull_0,Doombull,commander,Lord
wh_dlc03_sc_bst_beastmen,wh_dlc03_sc_bst_beastmen|wh2_dlc17_bst_cha_taurox_the_brass_bull_0,wh2_dlc17_bst_cha_taurox_the_brass_bull_0,Taurox the Brass Bull,commander,Lord
wh_dlc03_sc_bst_beastmen,wh_dlc03_sc_bst_beastmen|wh2_dlc17_bst_cha_wargor_0,wh2_dlc17_bst_cha_wargor_0,Wargor,heroes_agents,Melee Specialist
wh_dlc03_sc_bst_beastmen,wh_dlc03_sc_bst_beastmen|wh2_dlc17_bst_inf_centigors_ror_1,wh2_dlc17_bst_inf_centigors_ror_1,Groghooves of Wolf's Run (Centigors – Throwing Axes),missile_cavalry_chariots,Bestial Missile Cavalry
wh_dlc03_sc_bst_beastmen,wh_dlc03_sc_bst_beastmen|wh2_dlc17_bst_mon_ghorgon_0,wh2_dlc17_bst_mon_ghorgon_0,Ghorgon,monster_beasts,Monster
wh_dlc03_sc_bst_beastmen,wh_dlc03_sc_bst_beastmen|wh2_dlc17_bst_mon_ghorgon_ror_0,wh2_dlc17_bst_mon_ghorgon_ror_0,The Bloodbrute Behemoth (Ghorgon),monster_beasts,Monster
wh_dlc03_sc_bst_beastmen,wh_dlc03_sc_bst_beastmen|wh2_dlc17_bst_mon_jabberslythe_0,wh2_dlc17_bst_mon_jabberslythe_0,Jabberslythe,monster_beasts,Monster
wh_dlc03_sc_bst_beastmen,wh_dlc03_sc_bst_beastmen|wh2_dlc17_bst_mon_jabberslythe_ror_0,wh2_dlc17_bst_mon_jabberslythe_ror_0,The Vorbergland Broodmother (Jabberslythe),monster_beasts,Monster
wh_dlc03_sc_bst_beastmen,wh_dlc03_sc_bst_beastmen|wh2_twa04_bst_cha_great_bray_shaman_beasts_0,wh2_twa04_bst_cha_great_bray_shaman_beasts_0,Great Bray-Shaman,commander,Wizard Lord
wh_dlc03_sc_bst_beastmen,wh_dlc03_sc_bst_beastmen|wh3_dlc24_bst_inf_centigors_great_weapons_mtze,wh3_dlc24_bst_inf_centigors_great_weapons_mtze,Centigors of Tzeentch,cavalry_chariots,Bestial Cavalry Great Weapons
wh_dlc03_sc_bst_beastmen,wh_dlc03_sc_bst_beastmen|wh3_dlc24_bst_inf_tzaangors,wh3_dlc24_bst_inf_tzaangors,Tzaangors,infantry,Axe Infantry
wh_dlc03_sc_bst_beastmen,wh_dlc03_sc_bst_beastmen|wh3_dlc24_bst_mon_cockatrice,wh3_dlc24_bst_mon_cockatrice,Cockatrice,monster_beasts,Flying Monster
wh_dlc03_sc_bst_beastmen,wh_dlc03_sc_bst_beastmen|wh3_dlc24_bst_mon_incarnate_elemental_of_beasts,wh3_dlc24_bst_mon_incarnate_elemental_of_beasts,Incarnate Elemental of Beasts,monster_beasts,Monster
wh_dlc03_sc_bst_beastmen,wh_dlc03_sc_bst_beastmen|wh3_dlc25_bst_inf_pestigors,wh3_dlc25_bst_inf_pestigors,Pestigors,infantry,Great Axe Infantry
wh_dlc03_sc_bst_beastmen,wh_dlc03_sc_bst_beastmen|wh3_dlc26_bst_inf_khorngors,wh3_dlc26_bst_inf_khorngors,Khorngors,infantry,Halberd Infantry
wh_dlc03_sc_bst_beastmen,wh_dlc03_sc_bst_beastmen|wh3_dlc27_bst_inf_slaangors,wh3_dlc27_bst_inf_slaangors,Slaangors,infantry,Dual Sword Infantry
wh_dlc03_sc_bst_beastmen,wh_dlc03_sc_bst_beastmen|wh3_dlc27_bst_mon_chimera,wh3_dlc27_bst_mon_chimera,Chimera,monster_beasts,Flying Monster
wh_dlc03_sc_bst_beastmen,wh_dlc03_sc_bst_beastmen|wh3_dlc27_bst_mon_chimera_ror,wh3_dlc27_bst_mon_chimera_ror,Bloodshriek Chimera (Chimera),monster_beasts,Flying Monster
wh_dlc03_sc_bst_beastmen,wh_dlc03_sc_bst_beastmen|wh3_dlc27_bst_mon_preyton,wh3_dlc27_bst_mon_preyton,Preyton,monster_beasts,Flying Monster
wh_dlc03_sc_bst_beastmen,wh_dlc03_sc_bst_beastmen|wh3_dlc27_bst_mon_preyton_ror,wh3_dlc27_bst_mon_preyton_ror,Scourge of Arden (Preyton),monster_beasts,Flying Monster
wh_dlc03_sc_bst_beastmen,wh_dlc03_sc_bst_beastmen|wh3_dlc29_bst_mon_basilisk,wh3_dlc29_bst_mon_basilisk,Basilisk,monster_beasts,Support Monster
wh_dlc03_sc_bst_beastmen,wh_dlc03_sc_bst_beastmen|wh3_dlc29_bst_mon_giant_spined_chaos_beast,wh3_dlc29_bst_mon_giant_spined_chaos_beast,Giant Spined Chaos Beast,monster_beasts,Monster
wh_dlc03_sc_bst_beastmen,wh_dlc03_sc_bst_beastmen|wh3_dlc29_bst_mon_giant_spined_chaos_beast_ror,wh3_dlc29_bst_mon_giant_spined_chaos_beast_ror,Bane of Wittengast (Giant Spined Chaos Beast),monster_beasts,Monster
wh_dlc03_sc_bst_beastmen,wh_dlc03_sc_bst_beastmen|wh_dlc03_bst_cav_razorgor_chariot_0,wh_dlc03_bst_cav_razorgor_chariot_0,Razorgor Chariots,cavalry_chariots,Monstrous Chariot
wh_dlc03_sc_bst_beastmen,wh_dlc03_sc_bst_beastmen|wh_dlc03_bst_cha_beastlord_0,wh_dlc03_bst_cha_beastlord_0,Beastlord,commander,Lord
wh_dlc03_sc_bst_beastmen,wh_dlc03_sc_bst_beastmen|wh_dlc03_bst_cha_bray_shaman_beasts_0,wh_dlc03_bst_cha_bray_shaman_beasts_0,Bray-Shaman,heroes_agents,Wizard
wh_dlc03_sc_bst_beastmen,wh_dlc03_sc_bst_beastmen|wh_dlc03_bst_cha_gorebull_0,wh_dlc03_bst_cha_gorebull_0,Gorebull,heroes_agents,Melee Specialist
wh_dlc03_sc_bst_beastmen,wh_dlc03_sc_bst_beastmen|wh_dlc03_bst_cha_khazrak_one_eye_0,wh_dlc03_bst_cha_khazrak_one_eye_0,Khazrak the One-Eye,commander,Lord
wh_dlc03_sc_bst_beastmen,wh_dlc03_sc_bst_beastmen|wh_dlc03_bst_cha_malagor_the_dark_omen_0,wh_dlc03_bst_cha_malagor_the_dark_omen_0,Malagor the Dark Omen,commander,Wizard Lord
wh_dlc03_sc_bst_beastmen,wh_dlc03_sc_bst_beastmen|wh_dlc03_bst_feral_manticore,wh_dlc03_bst_feral_manticore,Feral Manticore,monster_beasts,Flying Monster
wh_dlc03_sc_bst_beastmen,wh_dlc03_sc_bst_beastmen|wh_dlc03_bst_inf_bestigor_herd_0,wh_dlc03_bst_inf_bestigor_herd_0,Bestigor Herd,infantry,Great Axe Infantry
wh_dlc03_sc_bst_beastmen,wh_dlc03_sc_bst_beastmen|wh_dlc03_bst_inf_centigors_0,wh_dlc03_bst_inf_centigors_0,Centigors,cavalry_chariots,Bestial Cavalry
wh_dlc03_sc_bst_beastmen,wh_dlc03_sc_bst_beastmen|wh_dlc03_bst_inf_centigors_1,wh_dlc03_bst_inf_centigors_1,Centigors (Throwing Axes),missile_cavalry_chariots,Bestial Missile Cavalry
wh_dlc03_sc_bst_beastmen,wh_dlc03_sc_bst_beastmen|wh_dlc03_bst_inf_centigors_2,wh_dlc03_bst_inf_centigors_2,Centigors (Great Weapons),cavalry_chariots,Bestial Cavalry Great Weapons
wh_dlc03_sc_bst_beastmen,wh_dlc03_sc_bst_beastmen|wh_dlc03_bst_inf_chaos_warhounds_0,wh_dlc03_bst_inf_chaos_warhounds_0,Chaos Warhounds,monster_beasts,War Beasts
wh_dlc03_sc_bst_beastmen,wh_dlc03_sc_bst_beastmen|wh_dlc03_bst_inf_chaos_warhounds_1,wh_dlc03_bst_inf_chaos_warhounds_1,Chaos Warhounds (Poison),monster_beasts,War Beasts
wh_dlc03_sc_bst_beastmen,wh_dlc03_sc_bst_beastmen|wh_dlc03_bst_inf_cygor_0,wh_dlc03_bst_inf_cygor_0,Cygor,monster_beasts,Specialist Artillery
wh_dlc03_sc_bst_beastmen,wh_dlc03_sc_bst_beastmen|wh_dlc03_bst_inf_gor_herd_0,wh_dlc03_bst_inf_gor_herd_0,Gor Herd,infantry,Axe Infantry
wh_dlc03_sc_bst_beastmen,wh_dlc03_sc_bst_beastmen|wh_dlc03_bst_inf_gor_herd_1,wh_dlc03_bst_inf_gor_herd_1,Gor Herd (Shields),infantry,Axe Infantry
wh_dlc03_sc_bst_beastmen,wh_dlc03_sc_bst_beastmen|wh_dlc03_bst_inf_minotaurs_0,wh_dlc03_bst_inf_minotaurs_0,Minotaurs,monster_beasts,Monstrous Infantry
wh_dlc03_sc_bst_beastmen,wh_dlc03_sc_bst_beastmen|wh_dlc03_bst_inf_minotaurs_1,wh_dlc03_bst_inf_minotaurs_1,Minotaurs (Shields),monster_beasts,Monstrous Infantry
wh_dlc03_sc_bst_beastmen,wh_dlc03_sc_bst_beastmen|wh_dlc03_bst_inf_minotaurs_2,wh_dlc03_bst_inf_minotaurs_2,Minotaurs (Great Weapons),monster_beasts,Monstrous Infantry
wh_dlc03_sc_bst_beastmen,wh_dlc03_sc_bst_beastmen|wh_dlc03_bst_inf_razorgor_herd_0,wh_dlc03_bst_inf_razorgor_herd_0,Razorgor Herd,monster_beasts,Monstrous Beast
wh_dlc03_sc_bst_beastmen,wh_dlc03_sc_bst_beastmen|wh_dlc03_bst_inf_ungor_herd_1,wh_dlc03_bst_inf_ungor_herd_1,Ungor Herd,infantry,Axe Infantry
wh_dlc03_sc_bst_beastmen,wh_dlc03_sc_bst_beastmen|wh_dlc03_bst_inf_ungor_raiders_0,wh_dlc03_bst_inf_ungor_raiders_0,Ungor Raiders,missile_infantry,Missile Infantry
wh_dlc03_sc_bst_beastmen,wh_dlc03_sc_bst_beastmen|wh_dlc03_bst_inf_ungor_spearmen_0,wh_dlc03_bst_inf_ungor_spearmen_0,Ungor Spearmen Herd,infantry,Spear Infantry
wh_dlc03_sc_bst_beastmen,wh_dlc03_sc_bst_beastmen|wh_dlc03_bst_inf_ungor_spearmen_1,wh_dlc03_bst_inf_ungor_spearmen_1,Ungor Spearmen Herd (Shields),infantry,Spear Infantry
wh_dlc03_sc_bst_beastmen,wh_dlc03_sc_bst_beastmen|wh_dlc03_bst_mon_chaos_spawn_0,wh_dlc03_bst_mon_chaos_spawn_0,Chaos Spawn,monster_beasts,Monstrous Infantry
wh_dlc03_sc_bst_beastmen,wh_dlc03_sc_bst_beastmen|wh_dlc03_bst_mon_giant_0,wh_dlc03_bst_mon_giant_0,Giant,monster_beasts,Monster
wh_dlc03_sc_bst_beastmen,wh_dlc03_sc_bst_beastmen|wh_dlc05_bst_cha_morghur_0,wh_dlc05_bst_cha_morghur_0,Morghur the Shadowgave,commander,Lord
wh_dlc03_sc_bst_beastmen,wh_dlc03_sc_bst_beastmen|wh_dlc05_bst_mon_harpies_0,wh_dlc05_bst_mon_harpies_0,Harpies,monster_beasts,Flying Melee Infantry
wh_dlc03_sc_bst_beastmen,wh_dlc03_sc_bst_beastmen|wh_pro04_bst_inf_bestigor_herd_ror_0,wh_pro04_bst_inf_bestigor_herd_ror_0,Khorrok's Manrippers (Bestigor Herd),infantry,Halberd Infantry
wh_dlc03_sc_bst_beastmen,wh_dlc03_sc_bst_beastmen|wh_pro04_bst_inf_centigors_ror_0,wh_pro04_bst_inf_centigors_ror_0,Sons of Ghorros (Centigors – Great Weapons),cavalry_chariots,Bestial Cavalry Great Weapons
wh_dlc03_sc_bst_beastmen,wh_dlc03_sc_bst_beastmen|wh_pro04_bst_inf_cygor_ror_0,wh_pro04_bst_inf_cygor_ror_0,The Eye of Morrslieb (Cygor),monster_beasts,Specialist Artillery
wh_dlc03_sc_bst_beastmen,wh_dlc03_sc_bst_beastmen|wh_pro04_bst_inf_gor_herd_ror_0,wh_pro04_bst_inf_gor_herd_ror_0,Black-Horn's Ravagers (Gor Herd – Shields),infantry,Axe Infantry
wh_dlc03_sc_bst_beastmen,wh_dlc03_sc_bst_beastmen|wh_pro04_bst_inf_minotaurs_ror_0,wh_pro04_bst_inf_minotaurs_ror_0,Butchers of Kalkengard (Minotaurs – Shields),monster_beasts,Monstrous Infantry
wh_dlc03_sc_bst_beastmen,wh_dlc03_sc_bst_beastmen|wh_pro04_bst_inf_ungor_spearmen_ror_0,wh_pro04_bst_inf_ungor_spearmen_ror_0,Destroyers of the Drakwald (Ungor Spearmen Herd – Shields),infantry,Spear Infantry
wh_dlc05_sc_wef_wood_elves,wh_dlc05_sc_wef_wood_elves|wh2_dlc16_wef_cav_glade_riders_2,wh2_dlc16_wef_cav_glade_riders_2,Glade Riders (Spears),cavalry_chariots,Shock Cavalry
wh_dlc05_sc_wef_wood_elves,wh_dlc05_sc_wef_wood_elves|wh2_dlc16_wef_cav_great_stag_knights_0,wh2_dlc16_wef_cav_great_stag_knights_0,Great Stag Knights,cavalry_chariots,Monstrous Shock Cavalry
wh_dlc05_sc_wef_wood_elves,wh_dlc05_sc_wef_wood_elves|wh2_dlc16_wef_cav_great_stag_knights_ror_0,wh2_dlc16_wef_cav_great_stag_knights_ror_0,Lost Sylvan Knights (Great Stag Knights),cavalry_chariots,Monstrous Shock Cavalry
wh_dlc05_sc_wef_wood_elves,wh_dlc05_sc_wef_wood_elves|wh2_dlc16_wef_cha_ancient_treeman_coeddil_0,wh2_dlc16_wef_cha_ancient_treeman_coeddil_0,Coeddil,heroes_agents,Wizard
wh_dlc05_sc_wef_wood_elves,wh_dlc05_sc_wef_wood_elves|wh2_dlc16_wef_cha_ariel_0,wh2_dlc16_wef_cha_ariel_0,Ariel,heroes_agents,Wizard
wh_dlc05_sc_wef_wood_elves,wh_dlc05_sc_wef_wood_elves|wh2_dlc16_wef_cha_drycha_0,wh2_dlc16_wef_cha_drycha_0,Drycha,heroes_agents,Wizard
wh_dlc05_sc_wef_wood_elves,wh_dlc05_sc_wef_wood_elves|wh2_dlc16_wef_cha_sisters_of_twilight_0,wh2_dlc16_wef_cha_sisters_of_twilight_0,Sisters of Twilight,commander,Lord
wh_dlc05_sc_wef_wood_elves,wh_dlc05_sc_wef_wood_elves|wh2_dlc16_wef_cha_spellweaver_beasts_0,wh2_dlc16_wef_cha_spellweaver_beasts_0,Spellweaver,commander,Wizard Lord
wh_dlc05_sc_wef_wood_elves,wh_dlc05_sc_wef_wood_elves|wh2_dlc16_wef_inf_bladesingers_0,wh2_dlc16_wef_inf_bladesingers_0,Bladesingers,infantry,Dual Sword Infantry
wh_dlc05_sc_wef_wood_elves,wh_dlc05_sc_wef_wood_elves|wh2_dlc16_wef_inf_dryads_ror_0,wh2_dlc16_wef_inf_dryads_ror_0,Wraiths of the Frozen Heart (Dryads),infantry,Creature Infantry
wh_dlc05_sc_wef_wood_elves,wh_dlc05_sc_wef_wood_elves|wh2_dlc16_wef_mon_cave_bats,wh2_dlc16_wef_mon_cave_bats,Cave Bats,monster_beasts,Flying War Beasts
wh_dlc05_sc_wef_wood_elves,wh_dlc05_sc_wef_wood_elves|wh2_dlc16_wef_mon_ceithin_har_summoned,wh2_dlc16_wef_mon_ceithin_har_summoned,Ceithin-Har,monster_beasts,Flying Monster
wh_dlc05_sc_wef_wood_elves,wh_dlc05_sc_wef_wood_elves|wh2_dlc16_wef_mon_feral_manticore,wh2_dlc16_wef_mon_feral_manticore,Feral Manticore,monster_beasts,Flying Monster
wh_dlc05_sc_wef_wood_elves,wh_dlc05_sc_wef_wood_elves|wh2_dlc16_wef_mon_giant_spiders_0,wh2_dlc16_wef_mon_giant_spiders_0,Giant Spiders,monster_beasts,Spider
wh_dlc05_sc_wef_wood_elves,wh_dlc05_sc_wef_wood_elves|wh2_dlc16_wef_mon_gwindalor_summoned,wh2_dlc16_wef_mon_gwindalor_summoned,Gwindalor,monster_beasts,Flying Monster
wh_dlc05_sc_wef_wood_elves,wh_dlc05_sc_wef_wood_elves|wh2_dlc16_wef_mon_hawks_0,wh2_dlc16_wef_mon_hawks_0,Great Hawks,monster_beasts,Flying War Beasts
wh_dlc05_sc_wef_wood_elves,wh_dlc05_sc_wef_wood_elves|wh2_dlc16_wef_mon_wolves_0,wh2_dlc16_wef_mon_wolves_0,Giant Wolves,monster_beasts,War Beasts
wh_dlc05_sc_wef_wood_elves,wh_dlc05_sc_wef_wood_elves|wh2_dlc16_wef_mon_zoats,wh2_dlc16_wef_mon_zoats,Zoats,monster_beasts,Monstrous Beasts
wh_dlc05_sc_wef_wood_elves,wh_dlc05_sc_wef_wood_elves|wh2_dlc16_wef_mon_zoats_ror_0,wh2_dlc16_wef_mon_zoats_ror_0,Enigmas of Ghyran (Zoats),monster_beasts,Monstrous Beasts
wh_dlc05_sc_wef_wood_elves,wh_dlc05_sc_wef_wood_elves|wh2_twa02_wef_cha_glade_captain_0,wh2_twa02_wef_cha_glade_captain_0,Glade Captain,heroes_agents,Hybrid Weapon Specialist
wh_dlc05_sc_wef_wood_elves,wh_dlc05_sc_wef_wood_elves|wh3_main_monster_feral_bears,wh3_main_monster_feral_bears,Feral Bears,monster_beasts,Monster
wh_dlc05_sc_wef_wood_elves,wh_dlc05_sc_wef_wood_elves|wh_dlc05_wef_cav_glade_riders_0,wh_dlc05_wef_cav_glade_riders_0,Glade Riders,missile_cavalry_chariots,Missile Cavalry
wh_dlc05_sc_wef_wood_elves,wh_dlc05_sc_wef_wood_elves|wh_dlc05_wef_cav_glade_riders_1,wh_dlc05_wef_cav_glade_riders_1,Glade Riders (Hagbane Tips),missile_cavalry_chariots,Missile Cavalry
wh_dlc05_sc_wef_wood_elves,wh_dlc05_sc_wef_wood_elves|wh_dlc05_wef_cav_hawk_riders_0,wh_dlc05_wef_cav_hawk_riders_0,Hawk Riders,missile_cavalry_chariots,Flying Missile Cavalry
wh_dlc05_sc_wef_wood_elves,wh_dlc05_sc_wef_wood_elves|wh_dlc05_wef_cav_sisters_thorn_0,wh_dlc05_wef_cav_sisters_thorn_0,Sisters of the Thorn,missile_cavalry_chariots,Magical Cavalry
wh_dlc05_sc_wef_wood_elves,wh_dlc05_sc_wef_wood_elves|wh_dlc05_wef_cav_wild_riders_0,wh_dlc05_wef_cav_wild_riders_0,Wild Riders,cavalry_chariots,Melee Cavalry
wh_dlc05_sc_wef_wood_elves,wh_dlc05_sc_wef_wood_elves|wh_dlc05_wef_cav_wild_riders_1,wh_dlc05_wef_cav_wild_riders_1,Wild Riders (Shields),cavalry_chariots,Melee Cavalry
wh_dlc05_sc_wef_wood_elves,wh_dlc05_sc_wef_wood_elves|wh_dlc05_wef_cha_ancient_treeman_0,wh_dlc05_wef_cha_ancient_treeman_0,Ancient Treeman,commander,Wizard Lord
wh_dlc05_sc_wef_wood_elves,wh_dlc05_sc_wef_wood_elves|wh_dlc05_wef_cha_branchwraith_0,wh_dlc05_wef_cha_branchwraith_0,Branchwraith,heroes_agents,Wizard
wh_dlc05_sc_wef_wood_elves,wh_dlc05_sc_wef_wood_elves|wh_dlc05_wef_cha_durthu_0,wh_dlc05_wef_cha_durthu_0,Durthu,commander,Wizard Lord
wh_dlc05_sc_wef_wood_elves,wh_dlc05_sc_wef_wood_elves|wh_dlc05_wef_cha_female_glade_lord_0,wh_dlc05_wef_cha_female_glade_lord_0,Glade Lord,commander,Lord
wh_dlc05_sc_wef_wood_elves,wh_dlc05_sc_wef_wood_elves|wh_dlc05_wef_cha_glade_lord_0,wh_dlc05_wef_cha_glade_lord_0,Glade Lord,commander,Lord
wh_dlc05_sc_wef_wood_elves,wh_dlc05_sc_wef_wood_elves|wh_dlc05_wef_cha_orion_0,wh_dlc05_wef_cha_orion_0,Orion,commander,Lord
wh_dlc05_sc_wef_wood_elves,wh_dlc05_sc_wef_wood_elves|wh_dlc05_wef_cha_spellsinger_beasts_0,wh_dlc05_wef_cha_spellsinger_beasts_0,Spellsinger,heroes_agents,Wizard
wh_dlc05_sc_wef_wood_elves,wh_dlc05_sc_wef_wood_elves|wh_dlc05_wef_cha_waystalker_0,wh_dlc05_wef_cha_waystalker_0,Waystalker,heroes_agents,Hybrid Weapon Specialist
wh_dlc05_sc_wef_wood_elves,wh_dlc05_sc_wef_wood_elves|wh_dlc05_wef_forest_dragon_0,wh_dlc05_wef_forest_dragon_0,Forest Dragon,monster_beasts,Flying Monster
wh_dlc05_sc_wef_wood_elves,wh_dlc05_sc_wef_wood_elves|wh_dlc05_wef_inf_deepwood_scouts_0,wh_dlc05_wef_inf_deepwood_scouts_0,Deepwood Scouts,missile_infantry,Missile Infantry
wh_dlc05_sc_wef_wood_elves,wh_dlc05_sc_wef_wood_elves|wh_dlc05_wef_inf_deepwood_scouts_1,wh_dlc05_wef_inf_deepwood_scouts_1,Deepwood Scouts (Swiftshiver Shards),missile_infantry,Missile Infantry
wh_dlc05_sc_wef_wood_elves,wh_dlc05_sc_wef_wood_elves|wh_dlc05_wef_inf_dryads_0,wh_dlc05_wef_inf_dryads_0,Dryads,infantry,Creature Infantry
wh_dlc05_sc_wef_wood_elves,wh_dlc05_sc_wef_wood_elves|wh_dlc05_wef_inf_eternal_guard_0,wh_dlc05_wef_inf_eternal_guard_0,Eternal Guard,infantry,Spear Infantry
wh_dlc05_sc_wef_wood_elves,wh_dlc05_sc_wef_wood_elves|wh_dlc05_wef_inf_eternal_guard_1,wh_dlc05_wef_inf_eternal_guard_1,Eternal Guard (Shields),infantry,Spear Infantry
wh_dlc05_sc_wef_wood_elves,wh_dlc05_sc_wef_wood_elves|wh_dlc05_wef_inf_glade_guard_0,wh_dlc05_wef_inf_glade_guard_0,Glade Guard,missile_infantry,Missile Infantry
wh_dlc05_sc_wef_wood_elves,wh_dlc05_sc_wef_wood_elves|wh_dlc05_wef_inf_glade_guard_1,wh_dlc05_wef_inf_glade_guard_1,Glade Guard (Starfire Shafts),missile_infantry,Missile Infantry
wh_dlc05_sc_wef_wood_elves,wh_dlc05_sc_wef_wood_elves|wh_dlc05_wef_inf_glade_guard_2,wh_dlc05_wef_inf_glade_guard_2,Glade Guard (Hagbane Tips),missile_infantry,Missile Infantry
wh_dlc05_sc_wef_wood_elves,wh_dlc05_sc_wef_wood_elves|wh_dlc05_wef_inf_wardancers_0,wh_dlc05_wef_inf_wardancers_0,Wardancers,infantry,Dual Sword Infantry
wh_dlc05_sc_wef_wood_elves,wh_dlc05_sc_wef_wood_elves|wh_dlc05_wef_inf_wardancers_1,wh_dlc05_wef_inf_wardancers_1,Wardancers (Asrai Spears),infantry,Spear Infantry
wh_dlc05_sc_wef_wood_elves,wh_dlc05_sc_wef_wood_elves|wh_dlc05_wef_inf_waywatchers_0,wh_dlc05_wef_inf_waywatchers_0,Waywatchers,missile_infantry,Missile Infantry
wh_dlc05_sc_wef_wood_elves,wh_dlc05_sc_wef_wood_elves|wh_dlc05_wef_inf_wildwood_rangers_0,wh_dlc05_wef_inf_wildwood_rangers_0,Wildwood Rangers,infantry,Glaive Infantry
wh_dlc05_sc_wef_wood_elves,wh_dlc05_sc_wef_wood_elves|wh_dlc05_wef_mon_great_eagle_0,wh_dlc05_wef_mon_great_eagle_0,Great Eagle,monster_beasts,Flying Monster
wh_dlc05_sc_wef_wood_elves,wh_dlc05_sc_wef_wood_elves|wh_dlc05_wef_mon_treekin_0,wh_dlc05_wef_mon_treekin_0,Tree Kin,monster_beasts,Monstrous Infantry
wh_dlc05_sc_wef_wood_elves,wh_dlc05_sc_wef_wood_elves|wh_dlc05_wef_mon_treeman_0,wh_dlc05_wef_mon_treeman_0,Treeman,monster_beasts,Monster
wh_dlc05_sc_wef_wood_elves,wh_dlc05_sc_wef_wood_elves|wh_pro04_wef_cav_wild_riders_ror_0,wh_pro04_wef_cav_wild_riders_ror_0,Wild Hunters of Kurnous (Wild Riders – Shields),cavalry_chariots,Melee Cavalry
wh_dlc05_sc_wef_wood_elves,wh_dlc05_sc_wef_wood_elves|wh_pro04_wef_inf_eternal_guard_ror_0,wh_pro04_wef_inf_eternal_guard_ror_0,Winterheart Guard (Eternal Guard – Shields),infantry,Spear Infantry
wh_dlc05_sc_wef_wood_elves,wh_dlc05_sc_wef_wood_elves|wh_pro04_wef_inf_wardancers_ror_0,wh_pro04_wef_inf_wardancers_ror_0,Loec's Tricksters (Wardancers – Asrai Spears),infantry,Spear Infantry
wh_dlc05_sc_wef_wood_elves,wh_dlc05_sc_wef_wood_elves|wh_pro04_wef_inf_waywatchers_ror_0,wh_pro04_wef_inf_waywatchers_ror_0,Hawk-Eyes of Drakira (Waywatchers),missile_infantry,Missile Infantry
wh_dlc05_sc_wef_wood_elves,wh_dlc05_sc_wef_wood_elves|wh_pro04_wef_inf_wildwood_rangers_ror_0,wh_pro04_wef_inf_wildwood_rangers_ror_0,Wardens of Cythral (Wildwood Rangers),infantry,Spear Infantry
wh_dlc05_sc_wef_wood_elves,wh_dlc05_sc_wef_wood_elves|wh_pro04_wef_mon_treekin_ror_0,wh_pro04_wef_mon_treekin_ror_0,Firebark Elders (Tree Kin),monster_beasts,Monstrous Infantry
wh_dlc08_sc_nor_norsca,wh_dlc08_sc_nor_norsca|wh3_dlc26_kho_cha_scyla_anfingrimm,wh3_dlc26_kho_cha_scyla_anfingrimm,Scyla Anfingrimm,heroes_agents,Monster
wh_dlc08_sc_nor_norsca,wh_dlc08_sc_nor_norsca|wh3_dlc27_nor_cav_chaos_chariot_ror,wh3_dlc27_nor_cav_chaos_chariot_ror,Followers of the Great Eagle (Marauder Chariots),cavalry_chariots,Chariot
wh_dlc08_sc_nor_norsca,wh_dlc08_sc_nor_norsca|wh3_dlc27_nor_cav_kurgan_horsemen_dualweapons,wh3_dlc27_nor_cav_kurgan_horsemen_dualweapons,Kurgan Horsemen (Dual Weapons),cavalry_chariots,Cavalry
wh_dlc08_sc_nor_norsca,wh_dlc08_sc_nor_norsca|wh3_dlc27_nor_cav_kurgan_horsemen_greatweapons,wh3_dlc27_nor_cav_kurgan_horsemen_greatweapons,Kurgan Horsemen (Great Weapons),cavalry_chariots,Cavalry
wh_dlc08_sc_nor_norsca,wh_dlc08_sc_nor_norsca|wh3_dlc27_nor_cav_marauder_horsemen_ror,wh3_dlc27_nor_cav_marauder_horsemen_ror,Riders of the Mighty Serpent (Marauder Horsemen),missile_cavalry_chariots,Missile Cavalry
wh_dlc08_sc_nor_norsca,wh_dlc08_sc_nor_norsca|wh3_dlc27_nor_cha_beorg_bearstruck,wh3_dlc27_nor_cha_beorg_bearstruck,Beorg Bearstruck,heroes_agents,Melee Specialist
wh_dlc08_sc_nor_norsca,wh_dlc08_sc_nor_norsca|wh3_dlc27_nor_cha_fimir_noble,wh3_dlc27_nor_cha_fimir_noble,Fimir Noble,heroes_agents,Melee Specialist
wh_dlc08_sc_nor_norsca,wh_dlc08_sc_nor_norsca|wh3_dlc27_nor_cha_great_shaman_sorcerer_death,wh3_dlc27_nor_cha_great_shaman_sorcerer_death,Great Shaman-Sorcerer,heroes_agents,Wizard
wh_dlc08_sc_nor_norsca,wh_dlc08_sc_nor_norsca|wh3_dlc27_nor_cha_sayl_the_faithless,wh3_dlc27_nor_cha_sayl_the_faithless,Sayl the Faithless,commander,Wizard Lord
wh_dlc08_sc_nor_norsca,wh_dlc08_sc_nor_norsca|wh3_dlc27_nor_inf_chaos_marauders_great_weapons_ror,wh3_dlc27_nor_inf_chaos_marauders_great_weapons_ror,Worshippers of the Crow (Marauders – Great Weapons),infantry,Great Axe Infantry
wh_dlc08_sc_nor_norsca,wh_dlc08_sc_nor_norsca|wh3_dlc27_nor_inf_marauder_bearmen,wh3_dlc27_nor_inf_marauder_bearmen,Marauder Bearmen,infantry,Axe Infantry
wh_dlc08_sc_nor_norsca,wh_dlc08_sc_nor_norsca|wh3_dlc27_nor_inf_marauder_bearmen_greatweapons,wh3_dlc27_nor_inf_marauder_bearmen_greatweapons,Marauder Bearmen (Great Weapons),infantry,Great Axe Infantry
wh_dlc08_sc_nor_norsca,wh_dlc08_sc_nor_norsca|wh3_dlc27_nor_mon_chimera,wh3_dlc27_nor_mon_chimera,Chimera,monster_beasts,Flying Monster
wh_dlc08_sc_nor_norsca,wh_dlc08_sc_nor_norsca|wh3_dlc27_nor_mon_chimera_ror,wh3_dlc27_nor_mon_chimera_ror,Bloodshriek Chimera (Chimera),monster_beasts,Flying Monster
wh_dlc08_sc_nor_norsca,wh_dlc08_sc_nor_norsca|wh3_dlc27_nor_mon_cursd_ettin,wh3_dlc27_nor_mon_cursd_ettin,Curs'd Ettin,monster_beasts,Monster
wh_dlc08_sc_nor_norsca,wh_dlc08_sc_nor_norsca|wh3_dlc27_nor_mon_cursd_ettin_runecaller,wh3_dlc27_nor_mon_cursd_ettin_runecaller,Curs'd Ettin (Runecaller),monster_beasts,Monster
wh_dlc08_sc_nor_norsca,wh_dlc08_sc_nor_norsca|wh3_dlc27_nor_mon_dread_maw_underground,wh3_dlc27_nor_mon_dread_maw_underground,Dread Maw,monster_beasts,Monster
wh_dlc08_sc_nor_norsca,wh_dlc08_sc_nor_norsca|wh3_dlc27_throgg_mon_bile_trolls,wh3_dlc27_throgg_mon_bile_trolls,Bile Trolls,monster_beasts,Monstrous Infantry
wh_dlc08_sc_nor_norsca,wh_dlc08_sc_nor_norsca|wh3_dlc27_throgg_mon_chs_trolls_0,wh3_dlc27_throgg_mon_chs_trolls_0,Chaos Trolls,monster_beasts,Monstrous Infantry
wh_dlc08_sc_nor_norsca,wh_dlc08_sc_nor_norsca|wh3_dlc27_throgg_mon_chs_trolls_1,wh3_dlc27_throgg_mon_chs_trolls_1,Chaos Trolls (Armoured),monster_beasts,Monstrous Infantry
wh_dlc08_sc_nor_norsca,wh_dlc08_sc_nor_norsca|wh3_dlc27_throgg_mon_river_trolls_0,wh3_dlc27_throgg_mon_river_trolls_0,River Trolls,monster_beasts,Monstrous Infantry
wh_dlc08_sc_nor_norsca,wh_dlc08_sc_nor_norsca|wh3_dlc27_throgg_mon_stone_trolls_0,wh3_dlc27_throgg_mon_stone_trolls_0,Stone Trolls,monster_beasts,Monstrous Infantry
wh_dlc08_sc_nor_norsca,wh_dlc08_sc_nor_norsca|wh3_dlc29_chs_cha_gutrot_spume,wh3_dlc29_chs_cha_gutrot_spume,Gutrot Spume,heroes_agents,Melee Specialist
wh_dlc08_sc_nor_norsca,wh_dlc08_sc_nor_norsca|wh3_dlc29_chs_inf_flayerkin,wh3_dlc29_chs_inf_flayerkin,Flayerkin,infantry,Melee Infantry
wh_dlc08_sc_nor_norsca,wh_dlc08_sc_nor_norsca|wh3_main_ie_nor_cha_exalted_great_unclean_one_burplesmirk_spewpit,wh3_main_ie_nor_cha_exalted_great_unclean_one_burplesmirk_spewpit,Burplesmirk Spewpit,commander,Wizard Lord
wh_dlc08_sc_nor_norsca,wh_dlc08_sc_nor_norsca|wh3_main_ie_nor_cha_exalted_hero_mkho_killgore_slaymaim,wh3_main_ie_nor_cha_exalted_hero_mkho_killgore_slaymaim,Killgore Slaymaim,heroes_agents,Melee Specialist
wh_dlc08_sc_nor_norsca,wh_dlc08_sc_nor_norsca|wh_dlc08_nor_art_hellcannon_battery,wh_dlc08_nor_art_hellcannon_battery,The Ice-Forged Legion (Hellcannons),artillery_war_machines,Siege Artillery
wh_dlc08_sc_nor_norsca,wh_dlc08_sc_nor_norsca|wh_dlc08_nor_cav_marauder_horsemasters_0,wh_dlc08_nor_cav_marauder_horsemasters_0,Marauder Horsemasters,missile_cavalry_chariots,Missile Cavalry
wh_dlc08_sc_nor_norsca,wh_dlc08_sc_nor_norsca|wh_dlc08_nor_cha_arzik_0,wh_dlc08_nor_cha_arzik_0,Azrik the Maze Keeper,commander,Wizard Lord
wh_dlc08_sc_nor_norsca,wh_dlc08_sc_nor_norsca|wh_dlc08_nor_cha_fimir_balefiend_fire_0,wh_dlc08_nor_cha_fimir_balefiend_fire_0,Fimir Balefiend,heroes_agents,Wizard
wh_dlc08_sc_nor_norsca,wh_dlc08_sc_nor_norsca|wh_dlc08_nor_cha_kihar_0,wh_dlc08_nor_cha_kihar_0,Kihar the Tormentor,heroes_agents,Wizard
wh_dlc08_sc_nor_norsca,wh_dlc08_sc_nor_norsca|wh_dlc08_nor_cha_shaman_sorcerer_death_0,wh_dlc08_nor_cha_shaman_sorcerer_death_0,Shaman-Sorcerer,heroes_agents,Wizard
wh_dlc08_sc_nor_norsca,wh_dlc08_sc_nor_norsca|wh_dlc08_nor_cha_skin_wolf_werekin_0,wh_dlc08_nor_cha_skin_wolf_werekin_0,Skin Wolf Werekin,heroes_agents,Melee Specialist
wh_dlc08_sc_nor_norsca,wh_dlc08_sc_nor_norsca|wh_dlc08_nor_cha_throgg_0,wh_dlc08_nor_cha_throgg_0,Throgg,commander,Lord
wh_dlc08_sc_nor_norsca,wh_dlc08_sc_nor_norsca|wh_dlc08_nor_cha_wulfrik_0,wh_dlc08_nor_cha_wulfrik_0,Wulfrik the Wanderer,commander,Lord
wh_dlc08_sc_nor_norsca,wh_dlc08_sc_nor_norsca|wh_dlc08_nor_feral_manticore,wh_dlc08_nor_feral_manticore,Feral Manticore,monster_beasts,Flying Monster
wh_dlc08_sc_nor_norsca,wh_dlc08_sc_nor_norsca|wh_dlc08_nor_inf_marauder_berserkers_0,wh_dlc08_nor_inf_marauder_berserkers_0,Marauder Berserkers,infantry,Dual Axe Infantry
wh_dlc08_sc_nor_norsca,wh_dlc08_sc_nor_norsca|wh_dlc08_nor_inf_marauder_champions_0,wh_dlc08_nor_inf_marauder_champions_0,Marauder Champions,infantry,Axe Infantry
wh_dlc08_sc_nor_norsca,wh_dlc08_sc_nor_norsca|wh_dlc08_nor_inf_marauder_champions_1,wh_dlc08_nor_inf_marauder_champions_1,Marauder Champions (Great Weapons),infantry,Hammer Infantry
wh_dlc08_sc_nor_norsca,wh_dlc08_sc_nor_norsca|wh_dlc08_nor_inf_marauder_hunters_0,wh_dlc08_nor_inf_marauder_hunters_0,Marauder Hunters,missile_infantry,Close-Quarters Infantry
wh_dlc08_sc_nor_norsca,wh_dlc08_sc_nor_norsca|wh_dlc08_nor_inf_marauder_hunters_1,wh_dlc08_nor_inf_marauder_hunters_1,Marauder Hunters (Javelins),missile_infantry,Javelin Infantry
wh_dlc08_sc_nor_norsca,wh_dlc08_sc_nor_norsca|wh_dlc08_nor_inf_marauder_spearman_0,wh_dlc08_nor_inf_marauder_spearman_0,Marauder Spearmen,infantry,Spear Infantry
wh_dlc08_sc_nor_norsca,wh_dlc08_sc_nor_norsca|wh_dlc08_nor_mon_fimir_0,wh_dlc08_nor_mon_fimir_0,Fimir Warriors,monster_beasts,Monstrous Infantry
wh_dlc08_sc_nor_norsca,wh_dlc08_sc_nor_norsca|wh_dlc08_nor_mon_fimir_1,wh_dlc08_nor_mon_fimir_1,Fimir Warriors (Great Weapons),monster_beasts,Monstrous Infantry
wh_dlc08_sc_nor_norsca,wh_dlc08_sc_nor_norsca|wh_dlc08_nor_mon_frost_wyrm_0,wh_dlc08_nor_mon_frost_wyrm_0,Chaos Frost Dragon,monster_beasts,Flying Monster
wh_dlc08_sc_nor_norsca,wh_dlc08_sc_nor_norsca|wh_dlc08_nor_mon_frost_wyrm_ror_0,wh_dlc08_nor_mon_frost_wyrm_ror_0,The Cold-Voider (Chaos Frost Dragon),monster_beasts,Flying Monster
wh_dlc08_sc_nor_norsca,wh_dlc08_sc_nor_norsca|wh_dlc08_nor_mon_norscan_giant_0,wh_dlc08_nor_mon_norscan_giant_0,Norscan Giant,monster_beasts,Monster
wh_dlc08_sc_nor_norsca,wh_dlc08_sc_nor_norsca|wh_dlc08_nor_mon_norscan_ice_trolls_0,wh_dlc08_nor_mon_norscan_ice_trolls_0,Norscan Ice Trolls,monster_beasts,Monstrous Infantry
wh_dlc08_sc_nor_norsca,wh_dlc08_sc_nor_norsca|wh_dlc08_nor_mon_skinwolves_0,wh_dlc08_nor_mon_skinwolves_0,Skin Wolves,monster_beasts,Monstrous Infantry
wh_dlc08_sc_nor_norsca,wh_dlc08_sc_nor_norsca|wh_dlc08_nor_mon_skinwolves_1,wh_dlc08_nor_mon_skinwolves_1,Skin Wolves (Armoured),monster_beasts,Monstrous Infantry
wh_dlc08_sc_nor_norsca,wh_dlc08_sc_nor_norsca|wh_dlc08_nor_mon_war_mammoth_0,wh_dlc08_nor_mon_war_mammoth_0,Feral Mammoth,monster_beasts,War Mammoth
wh_dlc08_sc_nor_norsca,wh_dlc08_sc_nor_norsca|wh_dlc08_nor_mon_war_mammoth_1,wh_dlc08_nor_mon_war_mammoth_1,War Mammoth,monster_beasts,War Mammoth
wh_dlc08_sc_nor_norsca,wh_dlc08_sc_nor_norsca|wh_dlc08_nor_mon_war_mammoth_2,wh_dlc08_nor_mon_war_mammoth_2,War Mammoth (Warshrine),monster_beasts,War Mammoth
wh_dlc08_sc_nor_norsca,wh_dlc08_sc_nor_norsca|wh_dlc08_nor_mon_war_mammoth_ror_1,wh_dlc08_nor_mon_war_mammoth_ror_1,The Great Mawherd of Bloodfjord (Feral Mammoths),monster_beasts,War Mammoth
wh_dlc08_sc_nor_norsca,wh_dlc08_sc_nor_norsca|wh_dlc08_nor_mon_warwolves_0,wh_dlc08_nor_mon_warwolves_0,Norscan Ice Wolves,monster_beasts,War Beasts
wh_dlc08_sc_nor_norsca,wh_dlc08_sc_nor_norsca|wh_dlc08_nor_veh_marauder_warwolves_chariot_0,wh_dlc08_nor_veh_marauder_warwolves_chariot_0,Marauder Ice Wolf Chariots,missile_cavalry_chariots,Missile Chariot
wh_dlc08_sc_nor_norsca,wh_dlc08_sc_nor_norsca|wh_main_nor_cav_chaos_chariot,wh_main_nor_cav_chaos_chariot,Marauder Chariots,cavalry_chariots,Chariot
wh_dlc08_sc_nor_norsca,wh_dlc08_sc_nor_norsca|wh_main_nor_cav_marauder_horsemen_0,wh_main_nor_cav_marauder_horsemen_0,Marauder Horsemen,missile_cavalry_chariots,Missile Cavalry
wh_dlc08_sc_nor_norsca,wh_dlc08_sc_nor_norsca|wh_main_nor_cav_marauder_horsemen_1,wh_main_nor_cav_marauder_horsemen_1,Marauder Horsemen (Throwing Axes),missile_cavalry_chariots,Missile Cavalry
wh_dlc08_sc_nor_norsca,wh_dlc08_sc_nor_norsca|wh_main_nor_cha_marauder_chieftan_0,wh_main_nor_cha_marauder_chieftan_0,Marauder Chieftain,commander,Lord
wh_dlc08_sc_nor_norsca,wh_dlc08_sc_nor_norsca|wh_main_nor_inf_chaos_marauders_0,wh_main_nor_inf_chaos_marauders_0,Marauders,infantry,Axe Infantry
wh_dlc08_sc_nor_norsca,wh_dlc08_sc_nor_norsca|wh_main_nor_inf_chaos_marauders_1,wh_main_nor_inf_chaos_marauders_1,Marauders (Great Weapons),infantry,Great Axe Infantry
wh_dlc08_sc_nor_norsca,wh_dlc08_sc_nor_norsca|wh_main_nor_mon_chaos_trolls,wh_main_nor_mon_chaos_trolls,Norscan Trolls,monster_beasts,Monstrous Infantry
wh_dlc08_sc_nor_norsca,wh_dlc08_sc_nor_norsca|wh_main_nor_mon_chaos_warhounds_0,wh_main_nor_mon_chaos_warhounds_0,Norscan Warhounds,monster_beasts,War Beasts
wh_dlc08_sc_nor_norsca,wh_dlc08_sc_nor_norsca|wh_main_nor_mon_chaos_warhounds_1,wh_main_nor_mon_chaos_warhounds_1,Norscan Warhounds (Poison),monster_beasts,War Beasts
wh_dlc08_sc_nor_norsca,wh_dlc08_sc_nor_norsca|wh_pro04_nor_inf_chaos_marauders_ror_0,wh_pro04_nor_inf_chaos_marauders_ror_0,Icehorn Marauders (Marauders),infantry,Axe Infantry
wh_dlc08_sc_nor_norsca,wh_dlc08_sc_nor_norsca|wh_pro04_nor_inf_marauder_berserkers_ror_0,wh_pro04_nor_inf_marauder_berserkers_ror_0,Brutes of the Hound (Marauder Berserkers),infantry,Dual Axe Infantry
wh_dlc08_sc_nor_norsca,wh_dlc08_sc_nor_norsca|wh_pro04_nor_mon_fimir_ror_0,wh_pro04_nor_mon_fimir_ror_0,Mist Stalkers (Fimir Warriors),monster_beasts,Monstrous Infantry
wh_dlc08_sc_nor_norsca,wh_dlc08_sc_nor_norsca|wh_pro04_nor_mon_marauder_warwolves_ror_0,wh_pro04_nor_mon_marauder_warwolves_ror_0,Beasts of Tashnar (Norscan Warhounds),monster_beasts,War Beasts
wh_dlc08_sc_nor_norsca,wh_dlc08_sc_nor_norsca|wh_pro04_nor_mon_skinwolves_ror_0,wh_pro04_nor_mon_skinwolves_ror_0,Maws of Savagery (Skin Wolves – Armoured),monster_beasts,Monstrous Infantry
wh_dlc08_sc_nor_norsca,wh_dlc08_sc_nor_norsca|wh_pro04_nor_mon_war_mammoth_ror_0,wh_pro04_nor_mon_war_mammoth_ror_0,Soulcrusher (War Mammoth),monster_beasts,War Mammoth
wh_main_sc_brt_bretonnia,wh_main_sc_brt_bretonnia|wh2_dlc14_brt_cha_henri_le_massif_0,wh2_dlc14_brt_cha_henri_le_massif_0,Henri le Massif,heroes_agents,Melee Specialist
wh_main_sc_brt_bretonnia,wh_main_sc_brt_bretonnia|wh2_dlc14_brt_cha_repanse_de_lyonesse_0,wh2_dlc14_brt_cha_repanse_de_lyonesse_0,Repanse de Lyonesse,commander,Lord
wh_main_sc_brt_bretonnia,wh_main_sc_brt_bretonnia|wh2_pro08_neu_cha_felix,wh2_pro08_neu_cha_felix,Felix,heroes_agents,Melee Specialist
wh_main_sc_brt_bretonnia,wh_main_sc_brt_bretonnia|wh2_pro08_neu_cha_gotrek,wh2_pro08_neu_cha_gotrek,Gotrek,heroes_agents,Melee Specialist
wh_main_sc_brt_bretonnia,wh_main_sc_brt_bretonnia|wh_dlc07_brt_art_blessed_field_trebuchet_0,wh_dlc07_brt_art_blessed_field_trebuchet_0,Blessed Field Trebuchets,artillery_war_machines,Catapult
wh_main_sc_brt_bretonnia,wh_main_sc_brt_bretonnia|wh_dlc07_brt_cav_grail_guardians_0,wh_dlc07_brt_cav_grail_guardians_0,Grail Guardians,cavalry_chariots,Cavalry
wh_main_sc_brt_bretonnia,wh_main_sc_brt_bretonnia|wh_dlc07_brt_cav_knights_errant_0,wh_dlc07_brt_cav_knights_errant_0,Knights Errant,cavalry_chariots,Shock Cavalry
wh_main_sc_brt_bretonnia,wh_main_sc_brt_bretonnia|wh_dlc07_brt_cav_questing_knights_0,wh_dlc07_brt_cav_questing_knights_0,Questing Knights,cavalry_chariots,Cavalry
wh_main_sc_brt_bretonnia,wh_main_sc_brt_bretonnia|wh_dlc07_brt_cav_royal_hippogryph_knights_0,wh_dlc07_brt_cav_royal_hippogryph_knights_0,Royal Hippogryph Knights,cavalry_chariots,Flying Monstrous Cavalry
wh_main_sc_brt_bretonnia,wh_main_sc_brt_bretonnia|wh_dlc07_brt_cav_royal_pegasus_knights_0,wh_dlc07_brt_cav_royal_pegasus_knights_0,Royal Pegasus Knights,cavalry_chariots,Flying Cavalry
wh_main_sc_brt_bretonnia,wh_main_sc_brt_bretonnia|wh_dlc07_brt_cha_alberic_bordeleaux_0,wh_dlc07_brt_cha_alberic_bordeleaux_0,Alberic de Bordeleaux,commander,Lord
wh_main_sc_brt_bretonnia,wh_main_sc_brt_bretonnia|wh_dlc07_brt_cha_damsel_beasts_0,wh_dlc07_brt_cha_damsel_beasts_0,Damsel,heroes_agents,Wizard
wh_main_sc_brt_bretonnia,wh_main_sc_brt_bretonnia|wh_dlc07_brt_cha_fay_enchantress_0,wh_dlc07_brt_cha_fay_enchantress_0,Fay Enchantress,commander,Wizard Lord
wh_main_sc_brt_bretonnia,wh_main_sc_brt_bretonnia|wh_dlc07_brt_cha_green_knight_0,wh_dlc07_brt_cha_green_knight_0,The Green Knight,heroes_agents,Melee Specialist
wh_main_sc_brt_bretonnia,wh_main_sc_brt_bretonnia|wh_dlc07_brt_cha_prophetess_beasts_0,wh_dlc07_brt_cha_prophetess_beasts_0,Prophetess,commander,Wizard Lord
wh_main_sc_brt_bretonnia,wh_main_sc_brt_bretonnia|wh_dlc07_brt_inf_battle_pilgrims_0,wh_dlc07_brt_inf_battle_pilgrims_0,Battle Pilgrims,infantry,Sword Infantry
wh_main_sc_brt_bretonnia,wh_main_sc_brt_bretonnia|wh_dlc07_brt_inf_foot_squires_0,wh_dlc07_brt_inf_foot_squires_0,Foot Squires,infantry,Greatsword Infantry
wh_main_sc_brt_bretonnia,wh_main_sc_brt_bretonnia|wh_dlc07_brt_inf_grail_reliquae_0,wh_dlc07_brt_inf_grail_reliquae_0,Grail Reliquae,infantry,Support Infantry
wh_main_sc_brt_bretonnia,wh_main_sc_brt_bretonnia|wh_dlc07_brt_inf_men_at_arms_1,wh_dlc07_brt_inf_men_at_arms_1,Men-at-Arms,infantry,Sword Infantry
wh_main_sc_brt_bretonnia,wh_main_sc_brt_bretonnia|wh_dlc07_brt_inf_men_at_arms_2,wh_dlc07_brt_inf_men_at_arms_2,Men-at-Arms (Shields),infantry,Sword Infantry
wh_main_sc_brt_bretonnia,wh_main_sc_brt_bretonnia|wh_dlc07_brt_inf_peasant_bowmen_1,wh_dlc07_brt_inf_peasant_bowmen_1,Peasant Bowmen (Fire Arrows),missile_infantry,Missile Infantry
wh_main_sc_brt_bretonnia,wh_main_sc_brt_bretonnia|wh_dlc07_brt_inf_peasant_bowmen_2,wh_dlc07_brt_inf_peasant_bowmen_2,Peasant Bowmen (Pox Arrows),missile_infantry,Missile Infantry
wh_main_sc_brt_bretonnia,wh_main_sc_brt_bretonnia|wh_dlc07_brt_inf_spearmen_at_arms_1,wh_dlc07_brt_inf_spearmen_at_arms_1,Spearmen-at-Arms,infantry,Spear Infantry
wh_main_sc_brt_bretonnia,wh_main_sc_brt_bretonnia|wh_dlc07_brt_peasant_mob_0,wh_dlc07_brt_peasant_mob_0,Peasant Mob,infantry,Axe Infantry
wh_main_sc_brt_bretonnia,wh_main_sc_brt_bretonnia|wh_main_brt_art_field_trebuchet,wh_main_brt_art_field_trebuchet,Field Trebuchets,artillery_war_machines,Catapult
wh_main_sc_brt_bretonnia,wh_main_sc_brt_bretonnia|wh_main_brt_cav_grail_knights,wh_main_brt_cav_grail_knights,Grail Knights,cavalry_chariots,Shock Cavalry
wh_main_sc_brt_bretonnia,wh_main_sc_brt_bretonnia|wh_main_brt_cav_knights_of_the_realm,wh_main_brt_cav_knights_of_the_realm,Knights of the Realm,cavalry_chariots,Shock Cavalry
wh_main_sc_brt_bretonnia,wh_main_sc_brt_bretonnia|wh_main_brt_cav_mounted_yeomen_0,wh_main_brt_cav_mounted_yeomen_0,Mounted Yeomen,cavalry_chariots,Cavalry
wh_main_sc_brt_bretonnia,wh_main_sc_brt_bretonnia|wh_main_brt_cav_mounted_yeomen_1,wh_main_brt_cav_mounted_yeomen_1,Mounted Yeomen Archers,missile_cavalry_chariots,Missile Cavalry
wh_main_sc_brt_bretonnia,wh_main_sc_brt_bretonnia|wh_main_brt_cav_pegasus_knights,wh_main_brt_cav_pegasus_knights,Pegasus Knights,cavalry_chariots,Flying Cavalry
wh_main_sc_brt_bretonnia,wh_main_sc_brt_bretonnia|wh_main_brt_cha_king_louen_leoncoeur_0,wh_main_brt_cha_king_louen_leoncoeur_0,King Louen Leoncoeur,commander,Lord
wh_main_sc_brt_bretonnia,wh_main_sc_brt_bretonnia|wh_main_brt_cha_lord_0,wh_main_brt_cha_lord_0,Lord,commander,Lord
wh_main_sc_brt_bretonnia,wh_main_sc_brt_bretonnia|wh_main_brt_cha_paladin_0,wh_main_brt_cha_paladin_0,Paladin,heroes_agents,Melee Specialist
wh_main_sc_brt_bretonnia,wh_main_sc_brt_bretonnia|wh_main_brt_inf_men_at_arms,wh_main_brt_inf_men_at_arms,Men-at-Arms (Polearms),infantry,Halberd Infantry
wh_main_sc_brt_bretonnia,wh_main_sc_brt_bretonnia|wh_main_brt_inf_peasant_bowmen,wh_main_brt_inf_peasant_bowmen,Peasant Bowmen,missile_infantry,Missile Infantry
wh_main_sc_brt_bretonnia,wh_main_sc_brt_bretonnia|wh_main_brt_inf_spearmen_at_arms,wh_main_brt_inf_spearmen_at_arms,Spearmen-at-Arms (Shields),infantry,Spear Infantry
wh_main_sc_brt_bretonnia,wh_main_sc_brt_bretonnia|wh_pro04_brt_cav_knights_errant_ror_0,wh_pro04_brt_cav_knights_errant_ror_0,Defenders of the Fleur-de-lis (Knights Errant),cavalry_chariots,Shock Cavalry
wh_main_sc_brt_bretonnia,wh_main_sc_brt_bretonnia|wh_pro04_brt_cav_knights_of_the_realm_ror_0,wh_pro04_brt_cav_knights_of_the_realm_ror_0,Knights of the Lionhearted (Knights of the Realm),cavalry_chariots,Shock Cavalry
wh_main_sc_brt_bretonnia,wh_main_sc_brt_bretonnia|wh_pro04_brt_cav_mounted_yeomen_ror_0,wh_pro04_brt_cav_mounted_yeomen_ror_0,Wardens of Montfort (Mounted Yeomen Archers),missile_cavalry_chariots,Missile Cavalry
wh_main_sc_brt_bretonnia,wh_main_sc_brt_bretonnia|wh_pro04_brt_cav_questing_knights_ror_0,wh_pro04_brt_cav_questing_knights_ror_0,The Companions of Quenelles (Questing Knights),cavalry_chariots,Cavalry
wh_main_sc_brt_bretonnia,wh_main_sc_brt_bretonnia|wh_pro04_brt_inf_battle_pilgrims_ror_0,wh_pro04_brt_inf_battle_pilgrims_ror_0,The Holy Wardens of La Maisontaal (Battle Pilgrims),infantry,Sword Infantry
wh_main_sc_brt_bretonnia,wh_main_sc_brt_bretonnia|wh_pro04_brt_inf_foot_squires_ror_0,wh_pro04_brt_inf_foot_squires_ror_0,Beastslayers of Bastonne (Foot Squires),infantry,Halberd Infantry
wh_main_sc_chs_chaos,wh_main_sc_chs_chaos|wh3_dlc20_chs_cav_chaos_chariot_msla_ror,wh3_dlc20_chs_cav_chaos_chariot_msla_ror,The Sibilant Slaughtercade (Chaos Chariots),cavalry_chariots,Chariot
wh_main_sc_chs_chaos,wh_main_sc_chs_chaos|wh3_dlc20_chs_cha_daemon_prince,wh3_dlc20_chs_cha_daemon_prince,Daemon Prince,commander,Wizard Lord
wh_main_sc_chs_chaos,wh_main_sc_chs_chaos|wh3_dlc20_chs_inf_aspiring_champions_mtze_ror,wh3_dlc20_chs_inf_aspiring_champions_mtze_ror,The Severed Claw (Aspiring Champions),infantry,Halberd Infantry
wh_main_sc_chs_chaos,wh_main_sc_chs_chaos|wh3_dlc20_chs_inf_chaos_marauders_mkho_dualweapons,wh3_dlc20_chs_inf_chaos_marauders_mkho_dualweapons,Marauders of Khorne (Dual Weapons),infantry,Dual Axe Infantry
wh_main_sc_chs_chaos,wh_main_sc_chs_chaos|wh3_dlc20_chs_inf_chaos_marauders_msla_hellscourges,wh3_dlc20_chs_inf_chaos_marauders_msla_hellscourges,Marauders of Slaanesh (Hellscourges),infantry,Whip Infantry
wh_main_sc_chs_chaos,wh_main_sc_chs_chaos|wh3_dlc20_chs_inf_chaos_marauders_mtze_spears,wh3_dlc20_chs_inf_chaos_marauders_mtze_spears,Marauders of Tzeentch (Spears),infantry,Spear Infantry
wh_main_sc_chs_chaos,wh_main_sc_chs_chaos|wh3_dlc20_chs_inf_chaos_warriors_msla_hellscourges,wh3_dlc20_chs_inf_chaos_warriors_msla_hellscourges,Chaos Warriors of Slaanesh (Hellscourges),infantry,Whip Infantry
wh_main_sc_chs_chaos,wh_main_sc_chs_chaos|wh3_dlc20_chs_inf_chosen_mkho_dualweapons,wh3_dlc20_chs_inf_chosen_mkho_dualweapons,Chosen of Khorne (Dual Weapons),infantry,Dual Axe Infantry
wh_main_sc_chs_chaos,wh_main_sc_chs_chaos|wh3_dlc20_chs_inf_chosen_msla_hellscourges,wh3_dlc20_chs_inf_chosen_msla_hellscourges,Chosen of Slaanesh (Hellscourges),infantry,Whip Infantry
wh_main_sc_chs_chaos,wh_main_sc_chs_chaos|wh3_dlc20_chs_mon_giant_mnur_ror,wh3_dlc20_chs_mon_giant_mnur_ror,Bilious Thunderguff (Chaos Giant),monster_beasts,Monster
wh_main_sc_chs_chaos,wh_main_sc_chs_chaos|wh3_dlc20_chs_mon_warshrine,wh3_dlc20_chs_mon_warshrine,Chaos Warshrine,monster_beasts,Support Monster
wh_main_sc_chs_chaos,wh_main_sc_chs_chaos|wh3_dlc20_kho_cav_skullcrushers_mkho_ror,wh3_dlc20_kho_cav_skullcrushers_mkho_ror,Knights of the Brazen Throne (Skullcrushers of Khorne),cavalry_chariots,Monstrous Shock Cavalry
wh_main_sc_chs_chaos,wh_main_sc_chs_chaos|wh3_dlc20_kho_cha_valkia,wh3_dlc20_kho_cha_valkia,Valkia the Bloody,commander,Lord
wh_main_sc_chs_chaos,wh_main_sc_chs_chaos|wh3_dlc20_nur_cha_festus,wh3_dlc20_nur_cha_festus,Festus the Leechlord,commander,Wizard Lord
wh_main_sc_chs_chaos,wh_main_sc_chs_chaos|wh3_dlc20_sla_cha_azazel,wh3_dlc20_sla_cha_azazel,Azazel,commander,Wizard Lord
wh_main_sc_chs_chaos,wh_main_sc_chs_chaos|wh3_dlc20_tze_cha_vilitch,wh3_dlc20_tze_cha_vilitch,Vilitch the Curseling,commander,Wizard Lord
wh_main_sc_chs_chaos,wh_main_sc_chs_chaos|wh3_dlc24_tze_cha_aekold_helbrass,wh3_dlc24_tze_cha_aekold_helbrass,Aekold Helbrass,heroes_agents,Melee Specialist
wh_main_sc_chs_chaos,wh_main_sc_chs_chaos|wh3_dlc24_tze_inf_pink_horrors_ror,wh3_dlc24_tze_inf_pink_horrors_ror,The Sourguts (Pink Horrors of Tzeentch),missile_infantry,Missile Infantry
wh_main_sc_chs_chaos,wh_main_sc_chs_chaos|wh3_dlc24_tze_inf_tzaangors,wh3_dlc24_tze_inf_tzaangors,Tzaangors,infantry,Axe Infantry
wh_main_sc_chs_chaos,wh_main_sc_chs_chaos|wh3_dlc24_tze_mon_cockatrice,wh3_dlc24_tze_mon_cockatrice,Cockatrice,monster_beasts,Flying Monster
wh_main_sc_chs_chaos,wh_main_sc_chs_chaos|wh3_dlc24_tze_mon_flamers_changebringers,wh3_dlc24_tze_mon_flamers_changebringers,Changebringers,missile_cavalry_chariots,Monstrous Missile Infantry
wh_main_sc_chs_chaos,wh_main_sc_chs_chaos|wh3_dlc24_tze_mon_mutalith_vortex_beast,wh3_dlc24_tze_mon_mutalith_vortex_beast,Mutalith Vortex Beast,monster_beasts,Monster
wh_main_sc_chs_chaos,wh_main_sc_chs_chaos|wh3_dlc24_tze_mon_mutalith_vortex_beast_ror,wh3_dlc24_tze_mon_mutalith_vortex_beast_ror,Aeson the Fallen (Mutalith Vortex Beast),monster_beasts,Monster
wh_main_sc_chs_chaos,wh_main_sc_chs_chaos|wh3_dlc24_tze_mon_screamers_ror,wh3_dlc24_tze_mon_screamers_ror,Shrieking Skyrays (Screamers of Tzeentch),monster_beasts,Flying Monstrous Infantry
wh_main_sc_chs_chaos,wh_main_sc_chs_chaos|wh3_dlc25_nur_cav_rot_knights,wh3_dlc25_nur_cav_rot_knights,Rot Knights,cavalry_chariots,Monstrous Cavalry
wh_main_sc_chs_chaos,wh_main_sc_chs_chaos|wh3_dlc25_nur_cav_rot_knights_ror,wh3_dlc25_nur_cav_rot_knights_ror,The Rotting Riders (Rot Knights),cavalry_chariots,Monstrous Cavalry
wh_main_sc_chs_chaos,wh_main_sc_chs_chaos|wh3_dlc25_nur_inf_pestigors,wh3_dlc25_nur_inf_pestigors,Pestigors,infantry,Great Axe Infantry
wh_main_sc_chs_chaos,wh_main_sc_chs_chaos|wh3_dlc25_nur_inf_plague_ogres,wh3_dlc25_nur_inf_plague_ogres,Plague Ogres,infantry,Monstrous Infantry
wh_main_sc_chs_chaos,wh_main_sc_chs_chaos|wh3_dlc25_nur_inf_plague_ogres_great_weapons,wh3_dlc25_nur_inf_plague_ogres_great_weapons,Plague Ogres (Great Weapons),infantry,Monstrous Infantry
wh_main_sc_chs_chaos,wh_main_sc_chs_chaos|wh3_dlc25_nur_mon_bile_trolls,wh3_dlc25_nur_mon_bile_trolls,Bile Trolls,monster_beasts,Monstrous Infantry
wh_main_sc_chs_chaos,wh_main_sc_chs_chaos|wh3_dlc25_nur_mon_toad_dragon,wh3_dlc25_nur_mon_toad_dragon,Toad Dragon,monster_beasts,Colossal Beast
wh_main_sc_chs_chaos,wh_main_sc_chs_chaos|wh3_dlc26_chs_inf_chosen_mkho_ror,wh3_dlc26_chs_inf_chosen_mkho_ror,The Slaughtergard (Chosen of Khorne – Halberds),infantry,Halberd Infantry
wh_main_sc_chs_chaos,wh_main_sc_chs_chaos|wh3_dlc26_kho_cha_scyla_anfingrimm,wh3_dlc26_kho_cha_scyla_anfingrimm,Scyla Anfingrimm,heroes_agents,Monster
wh_main_sc_chs_chaos,wh_main_sc_chs_chaos|wh3_dlc26_kho_inf_khorngors,wh3_dlc26_kho_inf_khorngors,Khorngors,infantry,Halberd Infantry
wh_main_sc_chs_chaos,wh_main_sc_chs_chaos|wh3_dlc26_kho_mon_bloodbeast_of_khorne,wh3_dlc26_kho_mon_bloodbeast_of_khorne,Bloodbeasts of Khorne,monster_beasts,Monstrous Infantry
wh_main_sc_chs_chaos,wh_main_sc_chs_chaos|wh3_dlc26_kho_mon_slaughterbrute,wh3_dlc26_kho_mon_slaughterbrute,Slaughterbrute,monster_beasts,Monster
wh_main_sc_chs_chaos,wh_main_sc_chs_chaos|wh3_dlc26_kho_veh_skullcannon_ror,wh3_dlc26_kho_veh_skullcannon_ror,Hellforged Bellowers (Skullcannon),artillery_war_machines,Siege Artillery
wh_main_sc_chs_chaos,wh_main_sc_chs_chaos|wh3_dlc27_nor_cav_chaos_chariot_ror,wh3_dlc27_nor_cav_chaos_chariot_ror,Followers of the Great Eagle (Marauder Chariots),cavalry_chariots,Chariot
wh_main_sc_chs_chaos,wh_main_sc_chs_chaos|wh3_dlc27_nor_cav_marauder_horsemen_ror,wh3_dlc27_nor_cav_marauder_horsemen_ror,Riders of the Mighty Serpent (Marauder Horsemen),missile_cavalry_chariots,Missile Cavalry
wh_main_sc_chs_chaos,wh_main_sc_chs_chaos|wh3_dlc27_nor_cha_beorg_bearstruck,wh3_dlc27_nor_cha_beorg_bearstruck,Beorg Bearstruck,heroes_agents,Melee Specialist
wh_main_sc_chs_chaos,wh_main_sc_chs_chaos|wh3_dlc27_nor_inf_chaos_marauders_great_weapons_ror,wh3_dlc27_nor_inf_chaos_marauders_great_weapons_ror,Worshippers of the Crow (Marauders – Great Weapons),infantry,Great Axe Infantry
wh_main_sc_chs_chaos,wh_main_sc_chs_chaos|wh3_dlc27_nor_inf_marauder_bearmen,wh3_dlc27_nor_inf_marauder_bearmen,Marauder Bearmen,infantry,Axe Infantry
wh_main_sc_chs_chaos,wh_main_sc_chs_chaos|wh3_dlc27_nor_inf_marauder_bearmen_greatweapons,wh3_dlc27_nor_inf_marauder_bearmen_greatweapons,Marauder Bearmen (Great Weapons),infantry,Great Axe Infantry
wh_main_sc_chs_chaos,wh_main_sc_chs_chaos|wh3_dlc27_nor_mon_chimera,wh3_dlc27_nor_mon_chimera,Chimera,monster_beasts,Flying Monster
wh_main_sc_chs_chaos,wh_main_sc_chs_chaos|wh3_dlc27_nor_mon_dread_maw_underground,wh3_dlc27_nor_mon_dread_maw_underground,Dread Maw,monster_beasts,Monster
wh_main_sc_chs_chaos,wh_main_sc_chs_chaos|wh3_dlc27_sla_cav_pleasureseekers,wh3_dlc27_sla_cav_pleasureseekers,Pleasureseekers,cavalry_chariots,Monstrous Cavalry
wh_main_sc_chs_chaos,wh_main_sc_chs_chaos|wh3_dlc27_sla_cha_styrkaar_the_sortsvinaer,wh3_dlc27_sla_cha_styrkaar_the_sortsvinaer,Styrkaar of the Sortsvinaer,heroes_agents,Melee Specialist
wh_main_sc_chs_chaos,wh_main_sc_chs_chaos|wh3_dlc27_sla_inf_slaangors,wh3_dlc27_sla_inf_slaangors,Slaangors,infantry,Dual Sword Infantry
wh_main_sc_chs_chaos,wh_main_sc_chs_chaos|wh3_dlc27_sla_mon_champions_of_slaanesh,wh3_dlc27_sla_mon_champions_of_slaanesh,Champions Of Slaanesh,monster_beasts,Monstrous Infantry
wh_main_sc_chs_chaos,wh_main_sc_chs_chaos|wh3_dlc27_sla_mon_champions_of_slaanesh_ror,wh3_dlc27_sla_mon_champions_of_slaanesh_ror,Pleasure Guard (Champions of Slaanesh),monster_beasts,Monstrous Infantry
wh_main_sc_chs_chaos,wh_main_sc_chs_chaos|wh3_dlc27_woc_mon_chimera_ror,wh3_dlc27_woc_mon_chimera_ror,Bloodshriek Chimera (Chimera),monster_beasts,Flying Monster
wh_main_sc_chs_chaos,wh_main_sc_chs_chaos|wh3_dlc29_chs_cha_bloab,wh3_dlc29_chs_cha_bloab,Bloab Rotspawned,heroes_agents,Wizard
wh_main_sc_chs_chaos,wh_main_sc_chs_chaos|wh3_dlc29_chs_cha_glottkin,wh3_dlc29_chs_cha_glottkin,The Glottkin,commander,Wizard Lord
wh_main_sc_chs_chaos,wh_main_sc_chs_chaos|wh3_dlc29_chs_cha_gutrot_spume,wh3_dlc29_chs_cha_gutrot_spume,Gutrot Spume,heroes_agents,Melee Specialist
wh_main_sc_chs_chaos,wh_main_sc_chs_chaos|wh3_dlc29_chs_cha_morbidex,wh3_dlc29_chs_cha_morbidex,Morbidex Twiceborn,heroes_agents,Melee Specialist
wh_main_sc_chs_chaos,wh_main_sc_chs_chaos|wh3_dlc29_chs_cha_orghotts,wh3_dlc29_chs_cha_orghotts,Orghotts Daemonspew,heroes_agents,Melee Specialist
wh_main_sc_chs_chaos,wh_main_sc_chs_chaos|wh3_dlc29_chs_inf_chosen_mnur_ror,wh3_dlc29_chs_inf_chosen_mnur_ror,Sons of the Last Plague (Chosen of Nurgle – Great Weapons),infantry,Great Axe Infantry
wh_main_sc_chs_chaos,wh_main_sc_chs_chaos|wh3_dlc29_chs_inf_flayerkin,wh3_dlc29_chs_inf_flayerkin,Flayerkin,infantry,Melee Infantry
wh_main_sc_chs_chaos,wh_main_sc_chs_chaos|wh3_dlc29_chs_inf_putrid_blightkings_axe_shield,wh3_dlc29_chs_inf_putrid_blightkings_axe_shield,Putrid Blightkings,infantry,Axe Infantry
wh_main_sc_chs_chaos,wh_main_sc_chs_chaos|wh3_dlc29_chs_inf_putrid_blightkings_dual_axe,wh3_dlc29_chs_inf_putrid_blightkings_dual_axe,Putrid Blightkings (Dual Axes),infantry,Dual Axe Infantry
wh_main_sc_chs_chaos,wh_main_sc_chs_chaos|wh3_dlc29_chs_inf_putrid_blightkings_dual_axe_ror,wh3_dlc29_chs_inf_putrid_blightkings_dual_axe_ror,The Repugnauts of Brass Keep (Putrid Blightkings – Dual Axes),infantry,Dual Axe Infantry
wh_main_sc_chs_chaos,wh_main_sc_chs_chaos|wh3_dlc29_chs_inf_putrid_blightkings_great_weapons,wh3_dlc29_chs_inf_putrid_blightkings_great_weapons,Putrid Blightkings (Great Weapons),infantry,Great Axe Infantry
wh_main_sc_chs_chaos,wh_main_sc_chs_chaos|wh3_dlc29_chs_mon_basilisk,wh3_dlc29_chs_mon_basilisk,Basilisk,monster_beasts,Support Monster
wh_main_sc_chs_chaos,wh_main_sc_chs_chaos|wh3_dlc29_chs_mon_chaos_siege_giant,wh3_dlc29_chs_mon_chaos_siege_giant,Chaos Siege Giant,monster_beasts,Monster
wh_main_sc_chs_chaos,wh_main_sc_chs_chaos|wh3_dlc29_chs_mon_giant_spined_chaos_beast,wh3_dlc29_chs_mon_giant_spined_chaos_beast,Giant Spined Chaos Beast,monster_beasts,Monster
wh_main_sc_chs_chaos,wh_main_sc_chs_chaos|wh3_dlc29_chs_mon_giant_spined_chaos_beast_ror,wh3_dlc29_chs_mon_giant_spined_chaos_beast_ror,Bane of Wittengast (Giant Spined Chaos Beast),monster_beasts,Monster
wh_main_sc_chs_chaos,wh_main_sc_chs_chaos|wh3_main_dae_cha_be_lakor_0,wh3_main_dae_cha_be_lakor_0,Be'lakor,commander,Wizard Lord
wh_main_sc_chs_chaos,wh_main_sc_chs_chaos|wh3_main_dae_inf_chaos_furies_0,wh3_main_dae_inf_chaos_furies_0,Chaos Furies,monster_beasts,Flying Melee Infantry
wh_main_sc_chs_chaos,wh_main_sc_chs_chaos|wh3_main_kho_cav_bloodcrushers_0,wh3_main_kho_cav_bloodcrushers_0,Bloodcrushers of Khorne,cavalry_chariots,Monstrous Cavalry
wh_main_sc_chs_chaos,wh_main_sc_chs_chaos|wh3_main_kho_cav_skullcrushers_0,wh3_main_kho_cav_skullcrushers_0,Skullcrushers of Khorne,cavalry_chariots,Monstrous Shock Cavalry
wh_main_sc_chs_chaos,wh_main_sc_chs_chaos|wh3_main_kho_inf_bloodletters_0,wh3_main_kho_inf_bloodletters_0,Bloodletters of Khorne,infantry,Greatsword Infantry
wh_main_sc_chs_chaos,wh_main_sc_chs_chaos|wh3_main_kho_inf_chaos_warriors_2,wh3_main_kho_inf_chaos_warriors_2,Chaos Warriors of Khorne (Dual Weapons),infantry,Dual Axe Infantry
wh_main_sc_chs_chaos,wh_main_sc_chs_chaos|wh3_main_kho_inf_flesh_hounds_of_khorne_0,wh3_main_kho_inf_flesh_hounds_of_khorne_0,Flesh Hounds of Khorne,monster_beasts,War Beasts
wh_main_sc_chs_chaos,wh_main_sc_chs_chaos|wh3_main_kho_mon_bloodthirster_0,wh3_main_kho_mon_bloodthirster_0,Bloodthirster,monster_beasts,Flying Monster
wh_main_sc_chs_chaos,wh_main_sc_chs_chaos|wh3_main_kho_veh_skullcannon_0,wh3_main_kho_veh_skullcannon_0,Skullcannon,artillery_war_machines,Siege Artillery
wh_main_sc_chs_chaos,wh_main_sc_chs_chaos|wh3_main_nur_cav_plague_drones_0,wh3_main_nur_cav_plague_drones_0,Plague Drones of Nurgle,monster_beasts,Flying War Beasts
wh_main_sc_chs_chaos,wh_main_sc_chs_chaos|wh3_main_nur_cav_pox_riders_of_nurgle_0,wh3_main_nur_cav_pox_riders_of_nurgle_0,Pox Riders of Nurgle,monster_beasts,War Beasts
wh_main_sc_chs_chaos,wh_main_sc_chs_chaos|wh3_main_nur_inf_nurglings_0,wh3_main_nur_inf_nurglings_0,Nurglings,infantry,Swarm
wh_main_sc_chs_chaos,wh_main_sc_chs_chaos|wh3_main_nur_inf_plaguebearers_0,wh3_main_nur_inf_plaguebearers_0,Plaguebearers of Nurgle,infantry,Sword Infantry
wh_main_sc_chs_chaos,wh_main_sc_chs_chaos|wh3_main_nur_mon_beast_of_nurgle_0,wh3_main_nur_mon_beast_of_nurgle_0,Beast of Nurgle,monster_beasts,Monster
wh_main_sc_chs_chaos,wh_main_sc_chs_chaos|wh3_main_nur_mon_great_unclean_one_0,wh3_main_nur_mon_great_unclean_one_0,Great Unclean One,monster_beasts,Monster
wh_main_sc_chs_chaos,wh_main_sc_chs_chaos|wh3_main_nur_mon_plague_toads_0,wh3_main_nur_mon_plague_toads_0,Plague Toads of Nurgle,monster_beasts,War Beasts
wh_main_sc_chs_chaos,wh_main_sc_chs_chaos|wh3_main_nur_mon_rot_flies_0,wh3_main_nur_mon_rot_flies_0,Rot Flies,monster_beasts,Flying War Beasts
wh_main_sc_chs_chaos,wh_main_sc_chs_chaos|wh3_main_sla_cav_hellstriders_0,wh3_main_sla_cav_hellstriders_0,Hellstriders of Slaanesh,cavalry_chariots,Spear Cavalry
wh_main_sc_chs_chaos,wh_main_sc_chs_chaos|wh3_main_sla_cav_hellstriders_1,wh3_main_sla_cav_hellstriders_1,Hellstriders of Slaanesh (Hellscourges),cavalry_chariots,Melee Cavalry
wh_main_sc_chs_chaos,wh_main_sc_chs_chaos|wh3_main_sla_inf_daemonette_0,wh3_main_sla_inf_daemonette_0,Daemonettes of Slaanesh,infantry,Melee Infantry
wh_main_sc_chs_chaos,wh_main_sc_chs_chaos|wh3_main_sla_mon_fiends_of_slaanesh_0,wh3_main_sla_mon_fiends_of_slaanesh_0,Fiends of Slaanesh,monster_beasts,Monstrous Infantry
wh_main_sc_chs_chaos,wh_main_sc_chs_chaos|wh3_main_sla_mon_keeper_of_secrets_0,wh3_main_sla_mon_keeper_of_secrets_0,Keeper of Secrets,monster_beasts,Monster
wh_main_sc_chs_chaos,wh_main_sc_chs_chaos|wh3_main_tze_cav_doom_knights_0,wh3_main_tze_cav_doom_knights_0,Doom Knights of Tzeentch,cavalry_chariots,Flying Cavalry
wh_main_sc_chs_chaos,wh_main_sc_chs_chaos|wh3_main_tze_inf_blue_horrors_0,wh3_main_tze_inf_blue_horrors_0,Blue Horrors of Tzeentch,infantry,Melee Infantry
wh_main_sc_chs_chaos,wh_main_sc_chs_chaos|wh3_main_tze_inf_pink_horrors_0,wh3_main_tze_inf_pink_horrors_0,Pink Horrors of Tzeentch,missile_infantry,Missile Infantry
wh_main_sc_chs_chaos,wh_main_sc_chs_chaos|wh3_main_tze_mon_flamers_0,wh3_main_tze_mon_flamers_0,Flamers of Tzeentch,missile_monster_beasts,Monstrous Missile Infantry
wh_main_sc_chs_chaos,wh_main_sc_chs_chaos|wh3_main_tze_mon_lord_of_change_0,wh3_main_tze_mon_lord_of_change_0,Lord of Change,monster_beasts,Flying Monster
wh_main_sc_chs_chaos,wh_main_sc_chs_chaos|wh3_main_tze_mon_screamers_0,wh3_main_tze_mon_screamers_0,Screamers of Tzeentch,monster_beasts,Flying Monstrous Infantry
wh_main_sc_chs_chaos,wh_main_sc_chs_chaos|wh3_pro11_chs_cha_harald_hammerstorm,wh3_pro11_chs_cha_harald_hammerstorm,Harald Hammerstorm,heroes_agents,Melee Specialist
wh_main_sc_chs_chaos,wh_main_sc_chs_chaos|wh3_twa07_tze_cav_doom_knights_ror_0,wh3_twa07_tze_cav_doom_knights_ror_0,Knights of Immolation (Doom Knights of Tzeentch),cavalry_chariots,Flying Cavalry
wh_main_sc_chs_chaos,wh_main_sc_chs_chaos|wh3_twa08_kho_mon_bloodthirster_0_ror,wh3_twa08_kho_mon_bloodthirster_0_ror,Khorne’s Bloody Fist (Bloodthirster),monster_beasts,Flying Monster
wh_main_sc_chs_chaos,wh_main_sc_chs_chaos|wh3_twa08_nur_mon_great_unclean_one_0_ror,wh3_twa08_nur_mon_great_unclean_one_0_ror,Uncle Furuncle (Great Unclean One),monster_beasts,Monster
wh_main_sc_chs_chaos,wh_main_sc_chs_chaos|wh3_twa08_sla_mon_keeper_of_secrets_0_ror,wh3_twa08_sla_mon_keeper_of_secrets_0_ror,The Marquis of Masochism (Keeper of Secrets),monster_beasts,Monster
wh_main_sc_chs_chaos,wh_main_sc_chs_chaos|wh3_twa08_tze_mon_lord_of_change_0_ror,wh3_twa08_tze_mon_lord_of_change_0_ror,The Golden Griffin of Theurgy (Lord of Change),monster_beasts,Flying Monster
wh_main_sc_chs_chaos,wh_main_sc_chs_chaos|wh3_twa10_kho_inf_flesh_hounds_of_khorne_ror,wh3_twa10_kho_inf_flesh_hounds_of_khorne_ror,Hounds of the Blood Hunt (Flesh Hounds of Khorne),monster_beasts,War Beasts
wh_main_sc_chs_chaos,wh_main_sc_chs_chaos|wh3_twa10_nur_inf_nurglings_ror,wh3_twa10_nur_inf_nurglings_ror,The Frolickers Bubonic (Nurglings),infantry,Swarm
wh_main_sc_chs_chaos,wh_main_sc_chs_chaos|wh3_twa10_tze_inf_blue_horrors_ror,wh3_twa10_tze_inf_blue_horrors_ror,The Chromatic Abominations (Blue Horrors of Tzeentch),infantry,Melee Infantry
wh_main_sc_chs_chaos,wh_main_sc_chs_chaos|wh_dlc01_chs_cav_gorebeast_chariot,wh_dlc01_chs_cav_gorebeast_chariot,Gorebeast Chariots,cavalry_chariots,Monstrous Chariot
wh_main_sc_chs_chaos,wh_main_sc_chs_chaos|wh_dlc01_chs_cha_chaos_sorcerer_lord_death_0,wh_dlc01_chs_cha_chaos_sorcerer_lord_death_0,Chaos Sorcerer Lord,commander,Wizard Lord
wh_main_sc_chs_chaos,wh_main_sc_chs_chaos|wh_dlc01_chs_cha_kholek,wh_dlc01_chs_cha_kholek,Kholek Suneater,commander,Lord
wh_main_sc_chs_chaos,wh_main_sc_chs_chaos|wh_dlc01_chs_cha_prince_sigvald_the_magnificent,wh_dlc01_chs_cha_prince_sigvald_the_magnificent,Prince Sigvald the Magnificent,commander,Lord
wh_main_sc_chs_chaos,wh_main_sc_chs_chaos|wh_dlc01_chs_inf_chaos_warriors_2,wh_dlc01_chs_inf_chaos_warriors_2,Chaos Warriors (Great Weapons),infantry,Great Axe Infantry
wh_main_sc_chs_chaos,wh_main_sc_chs_chaos|wh_dlc01_chs_inf_chosen_2,wh_dlc01_chs_inf_chosen_2,Chosen (Halberds),infantry,Halberd Infantry
wh_main_sc_chs_chaos,wh_main_sc_chs_chaos|wh_dlc01_chs_inf_forsaken_0,wh_dlc01_chs_inf_forsaken_0,Forsaken,infantry,Melee Infantry
wh_main_sc_chs_chaos,wh_main_sc_chs_chaos|wh_dlc01_chs_mon_dragon_ogre,wh_dlc01_chs_mon_dragon_ogre,Dragon Ogres,monster_beasts,Dragon Ogres
wh_main_sc_chs_chaos,wh_main_sc_chs_chaos|wh_dlc01_chs_mon_dragon_ogre_shaggoth,wh_dlc01_chs_mon_dragon_ogre_shaggoth,Dragon Ogre Shaggoth,monster_beasts,Dragon Ogre Shaggoth
wh_main_sc_chs_chaos,wh_main_sc_chs_chaos|wh_dlc01_chs_mon_trolls_1,wh_dlc01_chs_mon_trolls_1,Chaos Trolls (Armoured),monster_beasts,Monstrous Infantry
wh_main_sc_chs_chaos,wh_main_sc_chs_chaos|wh_dlc06_chs_cav_marauder_horsemasters_0,wh_dlc06_chs_cav_marauder_horsemasters_0,Marauder Horsemasters,missile_cavalry_chariots,Missile Cavalry
wh_main_sc_chs_chaos,wh_main_sc_chs_chaos|wh_dlc06_chs_feral_manticore,wh_dlc06_chs_feral_manticore,Chaos Feral Manticore,monster_beasts,Flying Monster
wh_main_sc_chs_chaos,wh_main_sc_chs_chaos|wh_dlc06_chs_inf_aspiring_champions_0,wh_dlc06_chs_inf_aspiring_champions_0,Aspiring Champions,infantry,Sword Infantry
wh_main_sc_chs_chaos,wh_main_sc_chs_chaos|wh_main_chs_art_hellcannon,wh_main_chs_art_hellcannon,Hellcannon,artillery_war_machines,Siege Artillery
wh_main_sc_chs_chaos,wh_main_sc_chs_chaos|wh_main_chs_cav_chaos_chariot,wh_main_chs_cav_chaos_chariot,Chaos Chariots,cavalry_chariots,Chariot
wh_main_sc_chs_chaos,wh_main_sc_chs_chaos|wh_main_chs_cav_chaos_knights_0,wh_main_chs_cav_chaos_knights_0,Chaos Knights,cavalry_chariots,Cavalry
wh_main_sc_chs_chaos,wh_main_sc_chs_chaos|wh_main_chs_cav_chaos_knights_1,wh_main_chs_cav_chaos_knights_1,Chaos Knights (Lances),cavalry_chariots,Shock Cavalry
wh_main_sc_chs_chaos,wh_main_sc_chs_chaos|wh_main_chs_cav_marauder_horsemen_0,wh_main_chs_cav_marauder_horsemen_0,Marauder Horsemen,missile_cavalry_chariots,Missile Cavalry
wh_main_sc_chs_chaos,wh_main_sc_chs_chaos|wh_main_chs_cav_marauder_horsemen_1,wh_main_chs_cav_marauder_horsemen_1,Marauder Horsemen (Throwing Axes),missile_cavalry_chariots,Missile Cavalry
wh_main_sc_chs_chaos,wh_main_sc_chs_chaos|wh_main_chs_cha_archaon_the_everchosen_0,wh_main_chs_cha_archaon_the_everchosen_0,Archaon the Everchosen,commander,Wizard Lord
wh_main_sc_chs_chaos,wh_main_sc_chs_chaos|wh_main_chs_cha_chaos_lord_0,wh_main_chs_cha_chaos_lord_0,Chaos Lord,commander,Lord
wh_main_sc_chs_chaos,wh_main_sc_chs_chaos|wh_main_chs_cha_chaos_sorcerer_death_0,wh_main_chs_cha_chaos_sorcerer_death_0,Chaos Sorcerer,heroes_agents,Wizard
wh_main_sc_chs_chaos,wh_main_sc_chs_chaos|wh_main_chs_cha_exalted_hero_0,wh_main_chs_cha_exalted_hero_0,Exalted Hero,heroes_agents,Melee Specialist
wh_main_sc_chs_chaos,wh_main_sc_chs_chaos|wh_main_chs_cha_lord_of_change_0,wh_main_chs_cha_lord_of_change_0,Sarthorael the Everwatcher,commander,Wizard Lord
wh_main_sc_chs_chaos,wh_main_sc_chs_chaos|wh_main_chs_inf_chaos_marauders_0,wh_main_chs_inf_chaos_marauders_0,Marauders,infantry,Axe Infantry
wh_main_sc_chs_chaos,wh_main_sc_chs_chaos|wh_main_chs_inf_chaos_marauders_1,wh_main_chs_inf_chaos_marauders_1,Marauders (Great Weapons),infantry,Great Axe Infantry
wh_main_sc_chs_chaos,wh_main_sc_chs_chaos|wh_main_chs_inf_chaos_warriors_0,wh_main_chs_inf_chaos_warriors_0,Chaos Warriors,infantry,Axe Infantry
wh_main_sc_chs_chaos,wh_main_sc_chs_chaos|wh_main_chs_inf_chaos_warriors_1,wh_main_chs_inf_chaos_warriors_1,Chaos Warriors (Halberds),infantry,Halberd Infantry
wh_main_sc_chs_chaos,wh_main_sc_chs_chaos|wh_main_chs_inf_chosen_0,wh_main_chs_inf_chosen_0,Chosen,infantry,Axe Infantry
wh_main_sc_chs_chaos,wh_main_sc_chs_chaos|wh_main_chs_inf_chosen_1,wh_main_chs_inf_chosen_1,Chosen (Great Weapons),infantry,Great Axe Infantry
wh_main_sc_chs_chaos,wh_main_sc_chs_chaos|wh_main_chs_mon_chaos_spawn,wh_main_chs_mon_chaos_spawn,Chaos Spawn,monster_beasts,Monstrous Infantry
wh_main_sc_chs_chaos,wh_main_sc_chs_chaos|wh_main_chs_mon_chaos_warhounds_0,wh_main_chs_mon_chaos_warhounds_0,Chaos Warhounds,monster_beasts,War Beasts
wh_main_sc_chs_chaos,wh_main_sc_chs_chaos|wh_main_chs_mon_chaos_warhounds_1,wh_main_chs_mon_chaos_warhounds_1,Chaos Warhounds (Poison),monster_beasts,War Beasts
wh_main_sc_chs_chaos,wh_main_sc_chs_chaos|wh_main_chs_mon_giant,wh_main_chs_mon_giant,Chaos Giant,monster_beasts,Monster
wh_main_sc_chs_chaos,wh_main_sc_chs_chaos|wh_main_chs_mon_trolls,wh_main_chs_mon_trolls,Chaos Trolls,monster_beasts,Monstrous Infantry
wh_main_sc_chs_chaos,wh_main_sc_chs_chaos|wh_pro04_chs_art_hellcannon_ror_0,wh_pro04_chs_art_hellcannon_ror_0,The Soul of Damnation (Hellcannon),artillery_war_machines,Siege Artillery
wh_main_sc_chs_chaos,wh_main_sc_chs_chaos|wh_pro04_chs_cav_chaos_knights_ror_0,wh_pro04_chs_cav_chaos_knights_ror_0,Swords of Chaos (Chaos Knights),cavalry_chariots,Cavalry
wh_main_sc_chs_chaos,wh_main_sc_chs_chaos|wh_pro04_chs_inf_chaos_warriors_ror_0,wh_pro04_chs_inf_chaos_warriors_ror_0,Mirror Guard (Chaos Warriors),infantry,Sword Infantry
wh_main_sc_chs_chaos,wh_main_sc_chs_chaos|wh_pro04_chs_inf_forsaken_ror_0,wh_pro04_chs_inf_forsaken_ror_0,The Daemonspew (Forsaken),infantry,Melee Infantry
wh_main_sc_chs_chaos,wh_main_sc_chs_chaos|wh_pro04_chs_mon_chaos_spawn_ror_0,wh_pro04_chs_mon_chaos_spawn_ror_0,Wyrd Spawn (Chaos Spawn),monster_beasts,Monstrous Infantry
wh_main_sc_chs_chaos,wh_main_sc_chs_chaos|wh_pro04_chs_mon_dragon_ogre_ror_0,wh_pro04_chs_mon_dragon_ogre_ror_0,Summoners of Rage (Dragon Ogres),monster_beasts,Dragon Ogres
wh_main_sc_chs_chaos,wh_main_sc_chs_chaos|wh_pro04_nor_inf_marauder_berserkers_ror_0,wh_pro04_nor_inf_marauder_berserkers_ror_0,Brutes of the Hound (Marauder Berserkers),infantry,Dual Axe Infantry
wh_main_sc_dwf_dwarfs,wh_main_sc_dwf_dwarfs|wh2_dlc10_dwf_inf_giant_slayers,wh2_dlc10_dwf_inf_giant_slayers,Giant Slayers,infantry,Great Axe Infantry
wh_main_sc_dwf_dwarfs,wh_main_sc_dwf_dwarfs|wh2_dlc17_dwf_cha_thane_ghost_2,wh2_dlc17_dwf_cha_thane_ghost_2,Hans Valhirsson,campaign_exclusives,Melee Specialist
wh_main_sc_dwf_dwarfs,wh_main_sc_dwf_dwarfs|wh2_dlc17_dwf_cha_thorek_ironbrow_0,wh2_dlc17_dwf_cha_thorek_ironbrow_0,Thorek Ironbrow,commander,Runelord
wh_main_sc_dwf_dwarfs,wh_main_sc_dwf_dwarfs|wh2_dlc17_dwf_mon_carnosaur_thorek_0,wh2_dlc17_dwf_mon_carnosaur_thorek_0,Yoked Carnosaur,monster_beasts,Monster
wh_main_sc_dwf_dwarfs,wh_main_sc_dwf_dwarfs|wh2_pro08_neu_cha_felix,wh2_pro08_neu_cha_felix,Felix,heroes_agents,Melee Specialist
wh_main_sc_dwf_dwarfs,wh_main_sc_dwf_dwarfs|wh2_pro08_neu_cha_gotrek,wh2_pro08_neu_cha_gotrek,Gotrek,heroes_agents,Melee Specialist
wh_main_sc_dwf_dwarfs,wh_main_sc_dwf_dwarfs|wh3_dlc23_neu_cha_ulrika,wh3_dlc23_neu_cha_ulrika,Ulrika Magdova,heroes_agents,Hybrid Weapon Wizard
wh_main_sc_dwf_dwarfs,wh_main_sc_dwf_dwarfs|wh3_dlc25_dwf_art_goblin_hewer,wh3_dlc25_dwf_art_goblin_hewer,Goblin Hewers,artillery_war_machines,Specialist Artillery
wh_main_sc_dwf_dwarfs,wh_main_sc_dwf_dwarfs|wh3_dlc25_dwf_art_grudge_thrower_grudge_reward,wh3_dlc25_dwf_art_grudge_thrower_grudge_reward,Grudge Throwers (Grudge Settlers),artillery_war_machines,Catapult
wh_main_sc_dwf_dwarfs,wh_main_sc_dwf_dwarfs|wh3_dlc25_dwf_cha_daemon_slayer,wh3_dlc25_dwf_cha_daemon_slayer,Daemon Slayer,commander,Lord
wh_main_sc_dwf_dwarfs,wh_main_sc_dwf_dwarfs|wh3_dlc25_dwf_cha_dragon_slayer,wh3_dlc25_dwf_cha_dragon_slayer,Dragon Slayer,heroes_agents,Melee Specialist
wh_main_sc_dwf_dwarfs,wh_main_sc_dwf_dwarfs|wh3_dlc25_dwf_cha_garagrim_ironfist,wh3_dlc25_dwf_cha_garagrim_ironfist,Garagrim Ironfist,heroes_agents,Melee Specialist
wh_main_sc_dwf_dwarfs,wh_main_sc_dwf_dwarfs|wh3_dlc25_dwf_cha_malakai_makaisson,wh3_dlc25_dwf_cha_malakai_makaisson,Malakai Makaisson,commander,Lord
wh_main_sc_dwf_dwarfs,wh_main_sc_dwf_dwarfs|wh3_dlc25_dwf_inf_doomseekers,wh3_dlc25_dwf_inf_doomseekers,Doomseekers,infantry,Dual Axe Infantry
wh_main_sc_dwf_dwarfs,wh_main_sc_dwf_dwarfs|wh3_dlc25_dwf_inf_doomseekers_ror,wh3_dlc25_dwf_inf_doomseekers_ror,The Brotherhood of Grimnir (Doomseekers),infantry,Dual Axe Infantry
wh_main_sc_dwf_dwarfs,wh_main_sc_dwf_dwarfs|wh3_dlc25_dwf_inf_slayer_pirates,wh3_dlc25_dwf_inf_slayer_pirates,Slayer Pirates,missile_infantry,Close-Quarters Infantry
wh_main_sc_dwf_dwarfs,wh_main_sc_dwf_dwarfs|wh3_dlc25_dwf_inf_slayer_pirates_ror,wh3_dlc25_dwf_inf_slayer_pirates_ror,Long Drong's Slayer Pirates,missile_infantry,Close-Quarters Infantry
wh_main_sc_dwf_dwarfs,wh_main_sc_dwf_dwarfs|wh3_dlc25_dwf_inf_thunderers_grudge_rakers,wh3_dlc25_dwf_inf_thunderers_grudge_rakers,Thunderers (Grudge-Rakers),missile_infantry,Close-Quarters Missile Infantry
wh_main_sc_dwf_dwarfs,wh_main_sc_dwf_dwarfs|wh3_dlc25_dwf_inf_thunderers_ror,wh3_dlc25_dwf_inf_thunderers_ror,The Grimdelvers (Thunderers),missile_infantry,Close-Quarters Missile Infantry
wh_main_sc_dwf_dwarfs,wh_main_sc_dwf_dwarfs|wh3_dlc25_dwf_veh_thunderbarge,wh3_dlc25_dwf_veh_thunderbarge,Thunderbarge,flying_war_machine,Flying War Machine
wh_main_sc_dwf_dwarfs,wh_main_sc_dwf_dwarfs|wh3_dlc25_dwf_veh_thunderbarge_grungni_mp,wh3_dlc25_dwf_veh_thunderbarge_grungni_mp,The Spirit of Grungni,flying_war_machine,Flying War Machine
wh_main_sc_dwf_dwarfs,wh_main_sc_dwf_dwarfs|wh_dlc06_dwf_art_bolt_thrower_0,wh_dlc06_dwf_art_bolt_thrower_0,Bolt Throwers,artillery_war_machines,Field Artillery
wh_main_sc_dwf_dwarfs,wh_main_sc_dwf_dwarfs|wh_dlc06_dwf_art_gob_lobber_0,wh_dlc06_dwf_art_gob_lobber_0,Gob-Lobbers (Grudge Throwers),artillery_war_machines,Catapult
wh_main_sc_dwf_dwarfs,wh_main_sc_dwf_dwarfs|wh_dlc06_dwf_cha_belegar_ironhammer_0,wh_dlc06_dwf_cha_belegar_ironhammer_0,Belegar Ironhammer,commander,Lord
wh_main_sc_dwf_dwarfs,wh_main_sc_dwf_dwarfs|wh_dlc06_dwf_cha_master_engineer_ghost_0,wh_dlc06_dwf_cha_master_engineer_ghost_0,Dramar Hammerfist,campaign_exclusives,Missile Specialist
wh_main_sc_dwf_dwarfs,wh_main_sc_dwf_dwarfs|wh_dlc06_dwf_cha_runelord_0,wh_dlc06_dwf_cha_runelord_0,Runelord,commander,Runelord
wh_main_sc_dwf_dwarfs,wh_main_sc_dwf_dwarfs|wh_dlc06_dwf_cha_runesmith_ghost_0,wh_dlc06_dwf_cha_runesmith_ghost_0,Throni Ironbrow,campaign_exclusives,Support Specialist
wh_main_sc_dwf_dwarfs,wh_main_sc_dwf_dwarfs|wh_dlc06_dwf_cha_thane_ghost_0,wh_dlc06_dwf_cha_thane_ghost_0,King Lunn Ironhammer,campaign_exclusives,Melee Specialist
wh_main_sc_dwf_dwarfs,wh_main_sc_dwf_dwarfs|wh_dlc06_dwf_cha_thane_ghost_1,wh_dlc06_dwf_cha_thane_ghost_1,Halkenhaf Stonebeard,campaign_exclusives,Melee Specialist
wh_main_sc_dwf_dwarfs,wh_main_sc_dwf_dwarfs|wh_dlc06_dwf_inf_bugmans_rangers_0,wh_dlc06_dwf_inf_bugmans_rangers_0,Bugman's Rangers,missile_infantry,Missile Infantry
wh_main_sc_dwf_dwarfs,wh_main_sc_dwf_dwarfs|wh_dlc06_dwf_inf_dragonback_slayers_0,wh_dlc06_dwf_inf_dragonback_slayers_0,Dragonback Slayers (Slayers),infantry,Dual Axe Infantry
wh_main_sc_dwf_dwarfs,wh_main_sc_dwf_dwarfs|wh_dlc06_dwf_inf_ekrund_miners_0,wh_dlc06_dwf_inf_ekrund_miners_0,Ekrund Miners (Miners – Blasting Charges),infantry,Pickaxe Infantry
wh_main_sc_dwf_dwarfs,wh_main_sc_dwf_dwarfs|wh_dlc06_dwf_inf_norgrimlings_ironbreakers_0,wh_dlc06_dwf_inf_norgrimlings_ironbreakers_0,Norgrimlings Ironbreakers (Ironbreakers),infantry,Axe Infantry
wh_main_sc_dwf_dwarfs,wh_main_sc_dwf_dwarfs|wh_dlc06_dwf_inf_norgrimlings_irondrakes_0,wh_dlc06_dwf_inf_norgrimlings_irondrakes_0,The Skolder Guard (Irondrakes),missile_infantry,Flamethrower Infantry
wh_main_sc_dwf_dwarfs,wh_main_sc_dwf_dwarfs|wh_dlc06_dwf_inf_old_grumblers_0,wh_dlc06_dwf_inf_old_grumblers_0,The Grumbling Guard (Longbeards – Great Weapons),infantry,Great Axe Infantry
wh_main_sc_dwf_dwarfs,wh_main_sc_dwf_dwarfs|wh_dlc06_dwf_inf_peak_gate_guard_0,wh_dlc06_dwf_inf_peak_gate_guard_0,Peak Gate Guard (Hammerers),infantry,Hammer Infantry
wh_main_sc_dwf_dwarfs,wh_main_sc_dwf_dwarfs|wh_dlc06_dwf_inf_rangers_0,wh_dlc06_dwf_inf_rangers_0,Rangers,missile_infantry,Missile Infantry
wh_main_sc_dwf_dwarfs,wh_main_sc_dwf_dwarfs|wh_dlc06_dwf_inf_rangers_1,wh_dlc06_dwf_inf_rangers_1,Rangers (Great Weapons),missile_infantry,Close-Quarters Infantry
wh_main_sc_dwf_dwarfs,wh_main_sc_dwf_dwarfs|wh_dlc06_dwf_inf_ulthars_raiders_0,wh_dlc06_dwf_inf_ulthars_raiders_0,Ulthar's Raiders (Rangers – Great Weapons),missile_infantry,Close-Quarters Infantry
wh_main_sc_dwf_dwarfs,wh_main_sc_dwf_dwarfs|wh_dlc06_dwf_inf_warriors_dragonfire_pass_0,wh_dlc06_dwf_inf_warriors_dragonfire_pass_0,Warriors of Dragonfire Pass (Dwarf Warriors),infantry,Axe Infantry
wh_main_sc_dwf_dwarfs,wh_main_sc_dwf_dwarfs|wh_dlc06_dwf_veh_skyhammer_0,wh_dlc06_dwf_veh_skyhammer_0,Skyhammer Squadron (Gyrobombers),flying_war_machine,Flying War Machine
wh_main_sc_dwf_dwarfs,wh_main_sc_dwf_dwarfs|wh_main_dwf_art_cannon,wh_main_dwf_art_cannon,Cannons,artillery_war_machines,Siege Artillery
wh_main_sc_dwf_dwarfs,wh_main_sc_dwf_dwarfs|wh_main_dwf_art_flame_cannon,wh_main_dwf_art_flame_cannon,Flame Cannons,artillery_war_machines,Field Gun
wh_main_sc_dwf_dwarfs,wh_main_sc_dwf_dwarfs|wh_main_dwf_art_flame_cannon_grudge_reward,wh_main_dwf_art_flame_cannon_grudge_reward,Flame Cannons (Grudge Settlers),artillery_war_machines,Field Gun
wh_main_sc_dwf_dwarfs,wh_main_sc_dwf_dwarfs|wh_main_dwf_art_grudge_thrower,wh_main_dwf_art_grudge_thrower,Grudge Throwers,artillery_war_machines,Catapult
wh_main_sc_dwf_dwarfs,wh_main_sc_dwf_dwarfs|wh_main_dwf_art_organ_gun,wh_main_dwf_art_organ_gun,Organ Guns,artillery_war_machines,Field Gun
wh_main_sc_dwf_dwarfs,wh_main_sc_dwf_dwarfs|wh_main_dwf_cha_high_king_thorgrim_grudgebearer_1,wh_main_dwf_cha_high_king_thorgrim_grudgebearer_1,Thorgrim Grudgebearer,commander,Lord
wh_main_sc_dwf_dwarfs,wh_main_sc_dwf_dwarfs|wh_main_dwf_cha_lord_0,wh_main_dwf_cha_lord_0,Lord,commander,Lord
wh_main_sc_dwf_dwarfs,wh_main_sc_dwf_dwarfs|wh_main_dwf_cha_master_engineer_0,wh_main_dwf_cha_master_engineer_0,Master Engineer,heroes_agents,Missile Specialist
wh_main_sc_dwf_dwarfs,wh_main_sc_dwf_dwarfs|wh_main_dwf_cha_rune_smith_0,wh_main_dwf_cha_rune_smith_0,Runesmith,heroes_agents,Support Specialist
wh_main_sc_dwf_dwarfs,wh_main_sc_dwf_dwarfs|wh_main_dwf_cha_thane,wh_main_dwf_cha_thane,Thane,heroes_agents,Melee Specialist
wh_main_sc_dwf_dwarfs,wh_main_sc_dwf_dwarfs|wh_main_dwf_cha_ungrim_ironfist,wh_main_dwf_cha_ungrim_ironfist,Ungrim Ironfist,commander,Lord
wh_main_sc_dwf_dwarfs,wh_main_sc_dwf_dwarfs|wh_main_dwf_inf_dwarf_warrior_0,wh_main_dwf_inf_dwarf_warrior_0,Dwarf Warriors,infantry,Axe Infantry
wh_main_sc_dwf_dwarfs,wh_main_sc_dwf_dwarfs|wh_main_dwf_inf_dwarf_warrior_1,wh_main_dwf_inf_dwarf_warrior_1,Dwarf Warriors (Great Weapons),infantry,Great Axe Infantry
wh_main_sc_dwf_dwarfs,wh_main_sc_dwf_dwarfs|wh_main_dwf_inf_hammerers,wh_main_dwf_inf_hammerers,Hammerers,infantry,Hammer Infantry
wh_main_sc_dwf_dwarfs,wh_main_sc_dwf_dwarfs|wh_main_dwf_inf_hammerers_grudge_reward,wh_main_dwf_inf_hammerers_grudge_reward,Hammerers (Grudge Settlers),infantry,Hammer Infantry
wh_main_sc_dwf_dwarfs,wh_main_sc_dwf_dwarfs|wh_main_dwf_inf_ironbreakers,wh_main_dwf_inf_ironbreakers,Ironbreakers,infantry,Axe Infantry
wh_main_sc_dwf_dwarfs,wh_main_sc_dwf_dwarfs|wh_main_dwf_inf_irondrakes_0,wh_main_dwf_inf_irondrakes_0,Irondrakes,missile_infantry,Flamethrower Infantry
wh_main_sc_dwf_dwarfs,wh_main_sc_dwf_dwarfs|wh_main_dwf_inf_irondrakes_0_grudge_reward,wh_main_dwf_inf_irondrakes_0_grudge_reward,Irondrakes (Grudge Settlers),missile_infantry,Flamethrower Infantry
wh_main_sc_dwf_dwarfs,wh_main_sc_dwf_dwarfs|wh_main_dwf_inf_irondrakes_2,wh_main_dwf_inf_irondrakes_2,Irondrakes (Trollhammer Torpedoes),missile_infantry,Torpedo Missile Infantry
wh_main_sc_dwf_dwarfs,wh_main_sc_dwf_dwarfs|wh_main_dwf_inf_longbeards,wh_main_dwf_inf_longbeards,Longbeards,infantry,Axe Infantry
wh_main_sc_dwf_dwarfs,wh_main_sc_dwf_dwarfs|wh_main_dwf_inf_longbeards_1,wh_main_dwf_inf_longbeards_1,Longbeards (Great Weapons),infantry,Great Axe Infantry
wh_main_sc_dwf_dwarfs,wh_main_sc_dwf_dwarfs|wh_main_dwf_inf_longbeards_1_grudge_reward,wh_main_dwf_inf_longbeards_1_grudge_reward,Longbeards (Great Weapons – Grudge Settlers),infantry,Great Axe Infantry
wh_main_sc_dwf_dwarfs,wh_main_sc_dwf_dwarfs|wh_main_dwf_inf_miners_0,wh_main_dwf_inf_miners_0,Miners,infantry,Pickaxe Infantry
wh_main_sc_dwf_dwarfs,wh_main_sc_dwf_dwarfs|wh_main_dwf_inf_miners_1,wh_main_dwf_inf_miners_1,Miners (Blasting Charges),infantry,Pickaxe Infantry
wh_main_sc_dwf_dwarfs,wh_main_sc_dwf_dwarfs|wh_main_dwf_inf_quarrellers_0,wh_main_dwf_inf_quarrellers_0,Quarrellers,missile_infantry,Missile Infantry
wh_main_sc_dwf_dwarfs,wh_main_sc_dwf_dwarfs|wh_main_dwf_inf_quarrellers_1,wh_main_dwf_inf_quarrellers_1,Quarrellers (Great Weapons),missile_infantry,Missile Infantry
wh_main_sc_dwf_dwarfs,wh_main_sc_dwf_dwarfs|wh_main_dwf_inf_quarrellers_1_grudge_reward,wh_main_dwf_inf_quarrellers_1_grudge_reward,Quarrellers (Great Weapons – Grudge Settlers),missile_infantry,Missile Infantry
wh_main_sc_dwf_dwarfs,wh_main_sc_dwf_dwarfs|wh_main_dwf_inf_slayers,wh_main_dwf_inf_slayers,Slayers,infantry,Dual Axe Infantry
wh_main_sc_dwf_dwarfs,wh_main_sc_dwf_dwarfs|wh_main_dwf_inf_slayers_grudge_reward,wh_main_dwf_inf_slayers_grudge_reward,Slayers (Grudge Settlers),infantry,Dual Axe Infantry
wh_main_sc_dwf_dwarfs,wh_main_sc_dwf_dwarfs|wh_main_dwf_inf_thunderers_0,wh_main_dwf_inf_thunderers_0,Thunderers,missile_infantry,Missile Infantry
wh_main_sc_dwf_dwarfs,wh_main_sc_dwf_dwarfs|wh_main_dwf_veh_gyrobomber,wh_main_dwf_veh_gyrobomber,Gyrobombers,flying_war_machine,Flying War Machine
wh_main_sc_dwf_dwarfs,wh_main_sc_dwf_dwarfs|wh_main_dwf_veh_gyrocopter_0,wh_main_dwf_veh_gyrocopter_0,Gyrocopters,flying_war_machine,Flying War Machine
wh_main_sc_dwf_dwarfs,wh_main_sc_dwf_dwarfs|wh_main_dwf_veh_gyrocopter_1,wh_main_dwf_veh_gyrocopter_1,Gyrocopters (Brimstone Guns),flying_war_machine,Flying War Machine
wh_main_sc_dwf_dwarfs,wh_main_sc_dwf_dwarfs|wh_main_dwf_veh_gyrocopter_1_grudge_reward,wh_main_dwf_veh_gyrocopter_1_grudge_reward,Gyrocopters (Trollhammers – Grudge Settlers),flying_war_machine,Flying War Machine
wh_main_sc_dwf_dwarfs,wh_main_sc_dwf_dwarfs|wh_pro01_dwf_cha_grombrindal_0,wh_pro01_dwf_cha_grombrindal_0,Grombrindal – The White Dwarf,commander,Lord
wh_main_sc_emp_empire,wh_main_sc_emp_empire|wh2_dlc13_emp_art_mortar_ror_0,wh2_dlc13_emp_art_mortar_ror_0,Sootson's Guns (Mortars),artillery_war_machines,Siege Artillery
wh_main_sc_emp_empire,wh_main_sc_emp_empire|wh2_dlc13_emp_cav_empire_knights_ror_0,wh2_dlc13_emp_cav_empire_knights_ror_0,Knights of the Everlasting Light (Empire Knights),cavalry_chariots,Shock Cavalry
wh_main_sc_emp_empire,wh_main_sc_emp_empire|wh2_dlc13_emp_cav_empire_knights_ror_1,wh2_dlc13_emp_cav_empire_knights_ror_1,Knights of Morr (Empire Knights),cavalry_chariots,Shock Cavalry
wh_main_sc_emp_empire,wh_main_sc_emp_empire|wh2_dlc13_emp_cav_empire_knights_ror_2,wh2_dlc13_emp_cav_empire_knights_ror_2,The Stubborn Bulls (Empire Knights – Greatswords),cavalry_chariots,Cavalry
wh_main_sc_emp_empire,wh_main_sc_emp_empire|wh2_dlc13_emp_cav_outriders_ror_0,wh2_dlc13_emp_cav_outriders_ror_0,The Bordermen (Outriders – Grenade Launchers),missile_cavalry_chariots,Missile Cavalry
wh_main_sc_emp_empire,wh_main_sc_emp_empire|wh2_dlc13_emp_cav_pistoliers_ror_0,wh2_dlc13_emp_cav_pistoliers_ror_0,The Noble Sons Abroad (Pistoliers),missile_cavalry_chariots,Missile Cavalry
wh_main_sc_emp_empire,wh_main_sc_emp_empire|wh2_dlc13_emp_cha_hunter_doctor_hertwig_van_hal_0,wh2_dlc13_emp_cha_hunter_doctor_hertwig_van_hal_0,Hertwig van Hal,heroes_agents,Missile Specialist
wh_main_sc_emp_empire,wh_main_sc_emp_empire|wh2_dlc13_emp_cha_hunter_jorek_grimm_0,wh2_dlc13_emp_cha_hunter_jorek_grimm_0,Jorek Grimm,heroes_agents,Missile Specialist
wh_main_sc_emp_empire,wh_main_sc_emp_empire|wh2_dlc13_emp_cha_hunter_kalara_of_wydrioth_0,wh2_dlc13_emp_cha_hunter_kalara_of_wydrioth_0,Kalara,heroes_agents,Hybrid Weapon Specialist
wh_main_sc_emp_empire,wh_main_sc_emp_empire|wh2_dlc13_emp_cha_hunter_rodrik_l_anguille_0,wh2_dlc13_emp_cha_hunter_rodrik_l_anguille_0,Rodrik L'Anguille,heroes_agents,Melee Specialist
wh_main_sc_emp_empire,wh_main_sc_emp_empire|wh2_dlc13_emp_cha_huntsmarshal_0,wh2_dlc13_emp_cha_huntsmarshal_0,Huntsman General,commander,Lord
wh_main_sc_emp_empire,wh_main_sc_emp_empire|wh2_dlc13_emp_cha_markus_wulfhart_0,wh2_dlc13_emp_cha_markus_wulfhart_0,Markus Wulfhart,commander,Lord
wh_main_sc_emp_empire,wh_main_sc_emp_empire|wh2_dlc13_emp_inf_archers_0,wh2_dlc13_emp_inf_archers_0,Archers,missile_infantry,Missile Infantry
wh_main_sc_emp_empire,wh_main_sc_emp_empire|wh2_dlc13_emp_inf_archers_ror_0,wh2_dlc13_emp_inf_archers_ror_0,Deathjacks (Archers),missile_infantry,Missile Infantry
wh_main_sc_emp_empire,wh_main_sc_emp_empire|wh2_dlc13_emp_inf_crossbowmen_ror_0,wh2_dlc13_emp_inf_crossbowmen_ror_0,Stir River Patrol (Crossbowmen),missile_infantry,Missile Infantry
wh_main_sc_emp_empire,wh_main_sc_emp_empire|wh2_dlc13_emp_inf_greatswords_ror_0,wh2_dlc13_emp_inf_greatswords_ror_0,Carroburg Greatswords (Greatswords),infantry,Greatsword Infantry
wh_main_sc_emp_empire,wh_main_sc_emp_empire|wh2_dlc13_emp_inf_halberdiers_ror_0,wh2_dlc13_emp_inf_halberdiers_ror_0,Nordland Mariners (Halberdiers),infantry,Halberd Infantry
wh_main_sc_emp_empire,wh_main_sc_emp_empire|wh2_dlc13_emp_inf_handgunners_ror_0,wh2_dlc13_emp_inf_handgunners_ror_0,Gunderman's Surefires (Handgunners),missile_infantry,Missile Infantry
wh_main_sc_emp_empire,wh_main_sc_emp_empire|wh2_dlc13_emp_inf_huntsmen_0,wh2_dlc13_emp_inf_huntsmen_0,Huntsmen,missile_infantry,Missile Infantry
wh_main_sc_emp_empire,wh_main_sc_emp_empire|wh2_dlc13_emp_inf_huntsmen_ror_0,wh2_dlc13_emp_inf_huntsmen_ror_0,The White Wolves (Huntsmen),missile_infantry,Missile Infantry
wh_main_sc_emp_empire,wh_main_sc_emp_empire|wh2_dlc13_emp_inf_spearmen_ror_0,wh2_dlc13_emp_inf_spearmen_ror_0,Eldred's Guard (Spearmen – Shields),infantry,Spear Infantry
wh_main_sc_emp_empire,wh_main_sc_emp_empire|wh2_dlc13_emp_inf_swordsmen_ror_0,wh2_dlc13_emp_inf_swordsmen_ror_0,Swords of Ulric (Swordsmen),infantry,Sword Infantry
wh_main_sc_emp_empire,wh_main_sc_emp_empire|wh2_dlc13_emp_veh_steam_tank_ror_0,wh2_dlc13_emp_veh_steam_tank_ror_0,The Emperor's Wrath (Steam Tank),artillery_war_machines,War Machine
wh_main_sc_emp_empire,wh_main_sc_emp_empire|wh2_dlc13_emp_veh_war_wagon_0,wh2_dlc13_emp_veh_war_wagon_0,War Wagons,missile_cavalry_chariots,Missile Chariot
wh_main_sc_emp_empire,wh_main_sc_emp_empire|wh2_dlc13_emp_veh_war_wagon_1,wh2_dlc13_emp_veh_war_wagon_1,War Wagons (Mortars),missile_cavalry_chariots,Siege Artillery Chariot
wh_main_sc_emp_empire,wh_main_sc_emp_empire|wh2_dlc13_emp_veh_war_wagon_ror_0,wh2_dlc13_emp_veh_war_wagon_ror_0,The Black Lions (War Wagons – Helblasters),missile_cavalry_chariots,Field Gun Chariot
wh_main_sc_emp_empire,wh_main_sc_emp_empire|wh2_dlc13_huntmarshall_veh_obsinite_gyrocopter_0,wh2_dlc13_huntmarshall_veh_obsinite_gyrocopter_0,Obsinite Gyrocopters,flying_war_machine,Flying War Machine
wh_main_sc_emp_empire,wh_main_sc_emp_empire|wh2_pro08_neu_cha_felix,wh2_pro08_neu_cha_felix,Felix,heroes_agents,Melee Specialist
wh_main_sc_emp_empire,wh_main_sc_emp_empire|wh2_pro08_neu_cha_gotrek,wh2_pro08_neu_cha_gotrek,Gotrek,heroes_agents,Melee Specialist
wh_main_sc_emp_empire,wh_main_sc_emp_empire|wh3_dlc23_neu_cha_ulrika,wh3_dlc23_neu_cha_ulrika,Ulrika Magdova,heroes_agents,Hybrid Weapon Wizard
wh_main_sc_emp_empire,wh_main_sc_emp_empire|wh3_dlc25_emp_art_helstorm_rocket_battery_morr,wh3_dlc25_emp_art_helstorm_rocket_battery_morr,Amethyst Helstorm Rocket Battery,artillery_war_machines,Rocket Battery
wh_main_sc_emp_empire,wh_main_sc_emp_empire|wh3_dlc25_emp_cav_knights_of_the_black_rose,wh3_dlc25_emp_cav_knights_of_the_black_rose,Knights of the Black Rose,cavalry_chariots,Cavalry
wh_main_sc_emp_empire,wh_main_sc_emp_empire|wh3_dlc25_emp_cav_outriders_morr,wh3_dlc25_emp_cav_outriders_morr,Amethyst Outriders,missile_cavalry_chariots,Missile Cavalry
wh_main_sc_emp_empire,wh_main_sc_emp_empire|wh3_dlc25_emp_cha_elspeth_von_draken,wh3_dlc25_emp_cha_elspeth_von_draken,Elspeth von Draken,commander,Wizard Lord
wh_main_sc_emp_empire,wh_main_sc_emp_empire|wh3_dlc25_emp_cha_engineer,wh3_dlc25_emp_cha_engineer,Engineer,heroes_agents,Support Specialist
wh_main_sc_emp_empire,wh_main_sc_emp_empire|wh3_dlc25_emp_cha_master_engineer,wh3_dlc25_emp_cha_master_engineer,Master Engineer,commander,Lord
wh_main_sc_emp_empire,wh_main_sc_emp_empire|wh3_dlc25_emp_cha_theodore_bruckner,wh3_dlc25_emp_cha_theodore_bruckner,Theodore Bruckner,heroes_agents,Melee Specialist
wh_main_sc_emp_empire,wh_main_sc_emp_empire|wh3_dlc25_emp_inf_hochland_long_rifles,wh3_dlc25_emp_inf_hochland_long_rifles,Hochland Long Rifles,missile_infantry,Specialist Missile Infantry
wh_main_sc_emp_empire,wh_main_sc_emp_empire|wh3_dlc25_emp_inf_hochland_long_rifles_ror,wh3_dlc25_emp_inf_hochland_long_rifles_ror,The Hergig Jaegerkorps (Hochland Long Rifles),missile_infantry,Specialist Missile Infantry
wh_main_sc_emp_empire,wh_main_sc_emp_empire|wh3_dlc25_emp_inf_nuln_ironsides,wh3_dlc25_emp_inf_nuln_ironsides,Nuln Ironsides,missile_infantry,Missile Infantry
wh_main_sc_emp_empire,wh_main_sc_emp_empire|wh3_dlc25_emp_inf_nuln_ironsides_morr,wh3_dlc25_emp_inf_nuln_ironsides_morr,Amethyst Ironsides,missile_infantry,Missile Infantry
wh_main_sc_emp_empire,wh_main_sc_emp_empire|wh3_dlc25_emp_inf_spearmen_shields_ror,wh3_dlc25_emp_inf_spearmen_shields_ror,Grundel's Defenders (Spearmen – Shields),infantry,Spear Infantry
wh_main_sc_emp_empire,wh_main_sc_emp_empire|wh3_dlc25_emp_veh_marienburg_land_ship,wh3_dlc25_emp_veh_marienburg_land_ship,Land Ship,artillery_war_machines,War Machine
wh_main_sc_emp_empire,wh_main_sc_emp_empire|wh3_dlc25_emp_veh_marienburg_land_ship_morr,wh3_dlc25_emp_veh_marienburg_land_ship_morr,Amethyst Land Ship,artillery_war_machines,War Machine
wh_main_sc_emp_empire,wh_main_sc_emp_empire|wh3_dlc25_emp_veh_marienburg_land_ship_ror,wh3_dlc25_emp_veh_marienburg_land_ship_ror,The Wonder of the Age (Land Ship),artillery_war_machines,War Machine
wh_main_sc_emp_empire,wh_main_sc_emp_empire|wh3_dlc25_emp_veh_steam_tank_volley_gun,wh3_dlc25_emp_veh_steam_tank_volley_gun,Steam Tank (Volley Gun),artillery_war_machines,War Machine
wh_main_sc_emp_empire,wh_main_sc_emp_empire|wh3_dlc29_emp_cav_knights_of_the_white_wolf,wh3_dlc29_emp_cav_knights_of_the_white_wolf,Knights of the White Wolf,cavalry_chariots,Cavalry
wh_main_sc_emp_empire,wh_main_sc_emp_empire|wh3_dlc29_emp_cav_knights_of_the_white_wolf_ror,wh3_dlc29_emp_cav_knights_of_the_white_wolf_ror,Fellwolf Brotherhood (Knights of the White Wolf),cavalry_chariots,Cavalry
wh_main_sc_emp_empire,wh_main_sc_emp_empire|wh3_dlc29_emp_cav_knights_panther,wh3_dlc29_emp_cav_knights_panther,Knights Panther,cavalry_chariots,Shock Cavalry
wh_main_sc_emp_empire,wh_main_sc_emp_empire|wh3_dlc29_emp_cha_emil_valgeir,wh3_dlc29_emp_cha_emil_valgeir,Emil Valgeir,heroes_agents,Support Specialist
wh_main_sc_emp_empire,wh_main_sc_emp_empire|wh3_dlc29_emp_cha_priest_of_ulric,wh3_dlc29_emp_cha_priest_of_ulric,Priest of Ulric,heroes_agents,Support Specialist
wh_main_sc_emp_empire,wh_main_sc_emp_empire|wh3_dlc29_emp_cha_seneschal_of_the_white_wolf,wh3_dlc29_emp_cha_seneschal_of_the_white_wolf,Seneschal of the White Wolf,commander,Lord
wh_main_sc_emp_empire,wh_main_sc_emp_empire|wh3_dlc29_emp_inf_hunting_hounds,wh3_dlc29_emp_inf_hunting_hounds,Hunting Hounds,monster_beasts,War Beasts
wh_main_sc_emp_empire,wh_main_sc_emp_empire|wh3_dlc29_emp_inf_hunting_hounds_ror,wh3_dlc29_emp_inf_hunting_hounds_ror,Hounds of Ulricsberg (Hunting Hounds),monster_beasts,War Beasts
wh_main_sc_emp_empire,wh_main_sc_emp_empire|wh3_dlc29_emp_inf_teutogen_guard,wh3_dlc29_emp_inf_teutogen_guard,Teutogen Guard,infantry,Hammer Infantry
wh_main_sc_emp_empire,wh_main_sc_emp_empire|wh3_dlc29_emp_inf_teutogen_guard_ror,wh3_dlc29_emp_inf_teutogen_guard_ror,Order of the Axe (Teutogen Guard),infantry,Great Axe Infantry
wh_main_sc_emp_empire,wh_main_sc_emp_empire|wh3_dlc29_emp_inf_warriors_of_ulric,wh3_dlc29_emp_inf_warriors_of_ulric,Warriors of Ulric,infantry,Dual Sword Infantry
wh_main_sc_emp_empire,wh_main_sc_emp_empire|wh3_dlc29_emp_inf_wolf_kin,wh3_dlc29_emp_inf_wolf_kin,Wolf-kin,infantry,Great Axe Infantry
wh_main_sc_emp_empire,wh_main_sc_emp_empire|wh3_dlc29_emp_veh_celestial_hurricanum_0,wh3_dlc29_emp_veh_celestial_hurricanum_0,Celestial Hurricanum,artillery_war_machines,Magic Chariot
wh_main_sc_emp_empire,wh_main_sc_emp_empire|wh_dlc03_emp_cha_boris_todbringer_0,wh_dlc03_emp_cha_boris_todbringer_0,Boris Todbringer,commander,Lord
wh_main_sc_emp_empire,wh_main_sc_emp_empire|wh_dlc04_emp_art_hammer_of_the_witches_0,wh_dlc04_emp_art_hammer_of_the_witches_0,Hammer of the Witches (Great Cannons),artillery_war_machines,Siege Artillery
wh_main_sc_emp_empire,wh_main_sc_emp_empire|wh_dlc04_emp_art_sunmaker_0,wh_dlc04_emp_art_sunmaker_0,The Sunmaker (Helstorm Rocket Battery),artillery_war_machines,Rocket Battery
wh_main_sc_emp_empire,wh_main_sc_emp_empire|wh_dlc04_emp_cav_knights_blazing_sun_0,wh_dlc04_emp_cav_knights_blazing_sun_0,Knights of the Blazing Sun,cavalry_chariots,Shock Cavalry
wh_main_sc_emp_empire,wh_main_sc_emp_empire|wh_dlc04_emp_cav_royal_altdorf_gryphites_0,wh_dlc04_emp_cav_royal_altdorf_gryphites_0,The Royal Altdorf Gryphites (Demigryph Knights),cavalry_chariots,Monstrous Cavalry
wh_main_sc_emp_empire,wh_main_sc_emp_empire|wh_dlc04_emp_cav_zintlers_reiksguard_0,wh_dlc04_emp_cav_zintlers_reiksguard_0,Zintler's Reiksguard (Reiksguard),cavalry_chariots,Shock Cavalry
wh_main_sc_emp_empire,wh_main_sc_emp_empire|wh_dlc04_emp_cha_arch_lector_0,wh_dlc04_emp_cha_arch_lector_0,Arch Lector,commander,Lord
wh_main_sc_emp_empire,wh_main_sc_emp_empire|wh_dlc04_emp_cha_volkmar_the_grim_0,wh_dlc04_emp_cha_volkmar_the_grim_0,Volkmar the Grim,commander,Lord
wh_main_sc_emp_empire,wh_main_sc_emp_empire|wh_dlc04_emp_inf_flagellants_0,wh_dlc04_emp_inf_flagellants_0,Flagellants,infantry,Mace Infantry
wh_main_sc_emp_empire,wh_main_sc_emp_empire|wh_dlc04_emp_inf_free_company_militia_0,wh_dlc04_emp_inf_free_company_militia_0,Free Company Militia,missile_infantry,Close-Quarters Infantry
wh_main_sc_emp_empire,wh_main_sc_emp_empire|wh_dlc04_emp_inf_sigmars_sons_0,wh_dlc04_emp_inf_sigmars_sons_0,Sigmar's Sons (Swordsmen),infantry,Sword Infantry
wh_main_sc_emp_empire,wh_main_sc_emp_empire|wh_dlc04_emp_inf_silver_bullets_0,wh_dlc04_emp_inf_silver_bullets_0,The Silver Bullets (Handgunners),missile_infantry,Missile Infantry
wh_main_sc_emp_empire,wh_main_sc_emp_empire|wh_dlc04_emp_inf_stirlands_revenge_0,wh_dlc04_emp_inf_stirlands_revenge_0,Stirland's Revenge (Free Company Militia),missile_infantry,Close-Quarters Infantry
wh_main_sc_emp_empire,wh_main_sc_emp_empire|wh_dlc04_emp_inf_tattersouls_0,wh_dlc04_emp_inf_tattersouls_0,The Tattersouls (Flagellants),infantry,Mace Infantry
wh_main_sc_emp_empire,wh_main_sc_emp_empire|wh_dlc04_emp_veh_templehof_luminark_0,wh_dlc04_emp_veh_templehof_luminark_0,Templehof Luminark (Luminark of Hysh),artillery_war_machines,Magic Chariot
wh_main_sc_emp_empire,wh_main_sc_emp_empire|wh_main_emp_art_great_cannon,wh_main_emp_art_great_cannon,Great Cannons,artillery_war_machines,Siege Artillery
wh_main_sc_emp_empire,wh_main_sc_emp_empire|wh_main_emp_art_helblaster_volley_gun,wh_main_emp_art_helblaster_volley_gun,Helblaster Volley Guns,artillery_war_machines,Field Gun
wh_main_sc_emp_empire,wh_main_sc_emp_empire|wh_main_emp_art_helstorm_rocket_battery,wh_main_emp_art_helstorm_rocket_battery,Helstorm Rocket Battery,artillery_war_machines,Rocket Battery
wh_main_sc_emp_empire,wh_main_sc_emp_empire|wh_main_emp_art_mortar,wh_main_emp_art_mortar,Mortars,artillery_war_machines,Siege Artillery
wh_main_sc_emp_empire,wh_main_sc_emp_empire|wh_main_emp_cav_demigryph_knights_0,wh_main_emp_cav_demigryph_knights_0,Demigryph Knights,cavalry_chariots,Monstrous Shock Cavalry
wh_main_sc_emp_empire,wh_main_sc_emp_empire|wh_main_emp_cav_demigryph_knights_1,wh_main_emp_cav_demigryph_knights_1,Demigryph Knights (Halberds),cavalry_chariots,Monstrous Cavalry
wh_main_sc_emp_empire,wh_main_sc_emp_empire|wh_main_emp_cav_empire_knights,wh_main_emp_cav_empire_knights,Empire Knights,cavalry_chariots,Shock Cavalry
wh_main_sc_emp_empire,wh_main_sc_emp_empire|wh_main_emp_cav_outriders_0,wh_main_emp_cav_outriders_0,Outriders,missile_cavalry_chariots,Missile Cavalry
wh_main_sc_emp_empire,wh_main_sc_emp_empire|wh_main_emp_cav_outriders_1,wh_main_emp_cav_outriders_1,Outriders (Grenade Launchers),missile_cavalry_chariots,Missile Cavalry
wh_main_sc_emp_empire,wh_main_sc_emp_empire|wh_main_emp_cav_pistoliers_1,wh_main_emp_cav_pistoliers_1,Pistoliers,missile_cavalry_chariots,Missile Cavalry
wh_main_sc_emp_empire,wh_main_sc_emp_empire|wh_main_emp_cav_reiksguard,wh_main_emp_cav_reiksguard,Reiksguard,cavalry_chariots,Shock Cavalry
wh_main_sc_emp_empire,wh_main_sc_emp_empire|wh_main_emp_cha_balthasar_gelt_0,wh_main_emp_cha_balthasar_gelt_0,Balthasar Gelt,commander,Wizard Lord
wh_main_sc_emp_empire,wh_main_sc_emp_empire|wh_main_emp_cha_captain_0,wh_main_emp_cha_captain_0,Empire Captain,heroes_agents,Melee Specialist
wh_main_sc_emp_empire,wh_main_sc_emp_empire|wh_main_emp_cha_general_0,wh_main_emp_cha_general_0,General of the Empire,commander,Lord
wh_main_sc_emp_empire,wh_main_sc_emp_empire|wh_main_emp_cha_karl_franz_0,wh_main_emp_cha_karl_franz_0,Emperor Karl Franz,commander,Lord
wh_main_sc_emp_empire,wh_main_sc_emp_empire|wh_main_emp_cha_warrior_priest_0,wh_main_emp_cha_warrior_priest_0,Warrior Priest,heroes_agents,Support Specialist
wh_main_sc_emp_empire,wh_main_sc_emp_empire|wh_main_emp_cha_witch_hunter,wh_main_emp_cha_witch_hunter,Witch Hunter,heroes_agents,Missile Specialist
wh_main_sc_emp_empire,wh_main_sc_emp_empire|wh_main_emp_cha_wizard_fire_0,wh_main_emp_cha_wizard_fire_0,Bright Wizard,heroes_agents,Wizard
wh_main_sc_emp_empire,wh_main_sc_emp_empire|wh_main_emp_inf_crossbowmen,wh_main_emp_inf_crossbowmen,Crossbowmen,missile_infantry,Missile Infantry
wh_main_sc_emp_empire,wh_main_sc_emp_empire|wh_main_emp_inf_greatswords,wh_main_emp_inf_greatswords,Greatswords,infantry,Greatsword Infantry
wh_main_sc_emp_empire,wh_main_sc_emp_empire|wh_main_emp_inf_halberdiers,wh_main_emp_inf_halberdiers,Halberdiers,infantry,Halberd Infantry
wh_main_sc_emp_empire,wh_main_sc_emp_empire|wh_main_emp_inf_handgunners,wh_main_emp_inf_handgunners,Handgunners,missile_infantry,Missile Infantry
wh_main_sc_emp_empire,wh_main_sc_emp_empire|wh_main_emp_inf_spearmen_0,wh_main_emp_inf_spearmen_0,Spearmen,infantry,Spear Infantry
wh_main_sc_emp_empire,wh_main_sc_emp_empire|wh_main_emp_inf_spearmen_1,wh_main_emp_inf_spearmen_1,Spearmen (Shields),infantry,Spear Infantry
wh_main_sc_emp_empire,wh_main_sc_emp_empire|wh_main_emp_inf_swordsmen,wh_main_emp_inf_swordsmen,Swordsmen,infantry,Sword Infantry
wh_main_sc_emp_empire,wh_main_sc_emp_empire|wh_main_emp_veh_luminark_of_hysh_0,wh_main_emp_veh_luminark_of_hysh_0,Luminark of Hysh,artillery_war_machines,Magic Chariot
wh_main_sc_emp_empire,wh_main_sc_emp_empire|wh_main_emp_veh_steam_tank,wh_main_emp_veh_steam_tank,Steam Tank,artillery_war_machines,War Machine
wh_main_sc_grn_greenskins,wh_main_sc_grn_greenskins|wh2_dlc15_grn_cav_forest_goblin_spider_riders_waaagh_0,wh2_dlc15_grn_cav_forest_goblin_spider_riders_waaagh_0,Lava Spider Rider Archers,missile_cavalry_chariots,Missile Cavalry
wh_main_sc_grn_greenskins,wh_main_sc_grn_greenskins|wh2_dlc15_grn_cav_squig_hoppers_waaagh_0,wh2_dlc15_grn_cav_squig_hoppers_waaagh_0,Armoured Squig Hoppers,cavalry_chariots,Cavalry
wh_main_sc_grn_greenskins,wh_main_sc_grn_greenskins|wh2_dlc15_grn_cha_grom_the_paunch_0,wh2_dlc15_grn_cha_grom_the_paunch_0,Grom the Paunch,commander,Lord
wh_main_sc_grn_greenskins,wh_main_sc_grn_greenskins|wh2_dlc15_grn_cha_river_troll_hag_0,wh2_dlc15_grn_cha_river_troll_hag_0,Giant River Troll Hag,heroes_agents,Wizard
wh_main_sc_grn_greenskins,wh_main_sc_grn_greenskins|wh2_dlc15_grn_mon_feral_hydra_waaagh_0,wh2_dlc15_grn_mon_feral_hydra_waaagh_0,Feral Hydra,monster_beasts,Monster
wh_main_sc_grn_greenskins,wh_main_sc_grn_greenskins|wh2_dlc15_grn_mon_river_trolls_0,wh2_dlc15_grn_mon_river_trolls_0,River Trolls,monster_beasts,Monstrous Infantry
wh_main_sc_grn_greenskins,wh_main_sc_grn_greenskins|wh2_dlc15_grn_mon_river_trolls_ror_0,wh2_dlc15_grn_mon_river_trolls_ror_0,Da Swamp Fings (River Trolls),monster_beasts,Monstrous Infantry
wh_main_sc_grn_greenskins,wh_main_sc_grn_greenskins|wh2_dlc15_grn_mon_rogue_idol_0,wh2_dlc15_grn_mon_rogue_idol_0,Rogue Idol,monster_beasts,Monster
wh_main_sc_grn_greenskins,wh_main_sc_grn_greenskins|wh2_dlc15_grn_mon_rogue_idol_ror_0,wh2_dlc15_grn_mon_rogue_idol_ror_0,Da Big Un (Rogue Idol),monster_beasts,Specialist Artillery
wh_main_sc_grn_greenskins,wh_main_sc_grn_greenskins|wh2_dlc15_grn_mon_stone_trolls_0,wh2_dlc15_grn_mon_stone_trolls_0,Stone Trolls,monster_beasts,Monstrous Infantry
wh_main_sc_grn_greenskins,wh_main_sc_grn_greenskins|wh2_dlc15_grn_mon_wyvern_waaagh_0,wh2_dlc15_grn_mon_wyvern_waaagh_0,Feral Wyvern,monster_beasts,Flying Monster
wh_main_sc_grn_greenskins,wh_main_sc_grn_greenskins|wh2_dlc15_grn_veh_snotling_pump_wagon_0,wh2_dlc15_grn_veh_snotling_pump_wagon_0,Snotling Pump Wagons,artillery_war_machines,War Machine
wh_main_sc_grn_greenskins,wh_main_sc_grn_greenskins|wh2_dlc15_grn_veh_snotling_pump_wagon_flappas_0,wh2_dlc15_grn_veh_snotling_pump_wagon_flappas_0,Snotling Pump Wagons (Flappas),artillery_war_machines,War Machine
wh_main_sc_grn_greenskins,wh_main_sc_grn_greenskins|wh2_dlc15_grn_veh_snotling_pump_wagon_roller_0,wh2_dlc15_grn_veh_snotling_pump_wagon_roller_0,Snotling Pump Wagons (Spiky Rollers),artillery_war_machines,War Machine
wh_main_sc_grn_greenskins,wh_main_sc_grn_greenskins|wh2_dlc15_grn_veh_snotling_pump_wagon_ror_0,wh2_dlc15_grn_veh_snotling_pump_wagon_ror_0,Logey Bogey’s Spore ‘Splodaz (Snotling Pump Wagons),artillery_war_machines,War Machine
wh_main_sc_grn_greenskins,wh_main_sc_grn_greenskins|wh2_pro09_grn_cha_black_orc_big_boss_0,wh2_pro09_grn_cha_black_orc_big_boss_0,Black Orc Big Boss,heroes_agents,Melee Specialist
wh_main_sc_grn_greenskins,wh_main_sc_grn_greenskins|wh2_twa03_grn_mon_wyvern_0,wh2_twa03_grn_mon_wyvern_0,Feral Wyvern,monster_beasts,Flying Monster
wh_main_sc_grn_greenskins,wh_main_sc_grn_greenskins|wh3_dlc26_grn_art_bolt_throwa,wh3_dlc26_grn_art_bolt_throwa,Goblin Bolt Throwa,artillery_war_machines,Field Artillery
wh_main_sc_grn_greenskins,wh_main_sc_grn_greenskins|wh3_dlc26_grn_art_bolt_throwa_ror,wh3_dlc26_grn_art_bolt_throwa_ror,Snagla's Deff Throwa (Goblin Bolt Throwa),artillery_war_machines,Field Artillery
wh_main_sc_grn_greenskins,wh_main_sc_grn_greenskins|wh3_dlc26_grn_cav_mangler_squig,wh3_dlc26_grn_cav_mangler_squig,Mangler Squigs,monster_beasts,Monstrous Beasts
wh_main_sc_grn_greenskins,wh_main_sc_grn_greenskins|wh3_dlc26_grn_cha_gorbad_ironclaw,wh3_dlc26_grn_cha_gorbad_ironclaw,Gorbad Ironclaw,commander,Lord
wh_main_sc_grn_greenskins,wh_main_sc_grn_greenskins|wh3_dlc26_grn_cha_night_goblin_big_boss,wh3_dlc26_grn_cha_night_goblin_big_boss,Night Goblin Big Boss,heroes_agents,Support Specialist
wh_main_sc_grn_greenskins,wh_main_sc_grn_greenskins|wh3_dlc26_grn_cha_savage_orc_great_shaman,wh3_dlc26_grn_cha_savage_orc_great_shaman,Savage Orc Great Shaman,commander,Wizard Lord
wh_main_sc_grn_greenskins,wh_main_sc_grn_greenskins|wh3_dlc26_grn_cha_snagla_grobspit,wh3_dlc26_grn_cha_snagla_grobspit,Snagla Grobspit,heroes_agents,Melee Specialist
wh_main_sc_grn_greenskins,wh_main_sc_grn_greenskins|wh3_dlc26_grn_inf_black_orcs_shield,wh3_dlc26_grn_inf_black_orcs_shield,Black Orcs,infantry,Axe & Shield Infantry
wh_main_sc_grn_greenskins,wh_main_sc_grn_greenskins|wh3_dlc26_grn_inf_rugluds_armoured_orcs,wh3_dlc26_grn_inf_rugluds_armoured_orcs,Ruglud's Armoured Orcs,missile_infantry,Missile Infantry
wh_main_sc_grn_greenskins,wh_main_sc_grn_greenskins|wh3_dlc26_grn_mon_arachnarok_spider_flinger,wh3_dlc26_grn_mon_arachnarok_spider_flinger,Arachnarok Spider (Flinger),monster_beasts,Specialist Artillery
wh_main_sc_grn_greenskins,wh_main_sc_grn_greenskins|wh3_dlc26_grn_mon_colossal_squig,wh3_dlc26_grn_mon_colossal_squig,Colossal Squig,monster_beasts,Monster
wh_main_sc_grn_greenskins,wh_main_sc_grn_greenskins|wh3_dlc26_grn_mon_colossal_squig_ror,wh3_dlc26_grn_mon_colossal_squig_ror,Da Acid Burpa (Colossal Squig),monster_beasts,Monster
wh_main_sc_grn_greenskins,wh_main_sc_grn_greenskins|wh3_main_grn_inf_goblins_sword_shield,wh3_main_grn_inf_goblins_sword_shield,Goblins,infantry,Sword Infantry
wh_main_sc_grn_greenskins,wh_main_sc_grn_greenskins|wh3_main_grn_inf_orc_boyz_spear_shield,wh3_main_grn_inf_orc_boyz_spear_shield,Orc Boyz (Spears),infantry,Spear Infantry
wh_main_sc_grn_greenskins,wh_main_sc_grn_greenskins|wh_dlc06_grn_art_hammer_of_gork_0,wh_dlc06_grn_art_hammer_of_gork_0,Hammer of Gork (Goblin Rock Lobbers),artillery_war_machines,Catapult
wh_main_sc_grn_greenskins,wh_main_sc_grn_greenskins|wh_dlc06_grn_cav_broken_tusks_mob_0,wh_dlc06_grn_cav_broken_tusks_mob_0,Broken Tusks Mob (Orc Boar Boy Big 'Uns),cavalry_chariots,Shock Cavalry
wh_main_sc_grn_greenskins,wh_main_sc_grn_greenskins|wh_dlc06_grn_cav_deff_creepers_0,wh_dlc06_grn_cav_deff_creepers_0,Deff Creepers (Forest Goblin Spider Rider Archers),missile_cavalry_chariots,Missile Cavalry
wh_main_sc_grn_greenskins,wh_main_sc_grn_greenskins|wh_dlc06_grn_cav_durkits_squigs_0,wh_dlc06_grn_cav_durkits_squigs_0,Durkit's Squigs (Night Goblin Squig Hoppers),cavalry_chariots,Cavalry
wh_main_sc_grn_greenskins,wh_main_sc_grn_greenskins|wh_dlc06_grn_cav_mogrubbs_marauders_0,wh_dlc06_grn_cav_mogrubbs_marauders_0,Mogrubb's Mangy Marauders (Goblin Wolf Archers),missile_cavalry_chariots,Missile Cavalry
wh_main_sc_grn_greenskins,wh_main_sc_grn_greenskins|wh_dlc06_grn_cav_moon_howlers_0,wh_dlc06_grn_cav_moon_howlers_0,Moon-howlers (Goblin Wolf Riders),cavalry_chariots,Cavalry
wh_main_sc_grn_greenskins,wh_main_sc_grn_greenskins|wh_dlc06_grn_cav_squig_hoppers_0,wh_dlc06_grn_cav_squig_hoppers_0,Night Goblin Squig Hoppers,cavalry_chariots,Cavalry
wh_main_sc_grn_greenskins,wh_main_sc_grn_greenskins|wh_dlc06_grn_cav_teef_robbers_0,wh_dlc06_grn_cav_teef_robbers_0,Teef Robbers (Goblin Wolf Chariots),missile_cavalry_chariots,Missile Chariot
wh_main_sc_grn_greenskins,wh_main_sc_grn_greenskins|wh_dlc06_grn_cha_night_goblin_warboss_0,wh_dlc06_grn_cha_night_goblin_warboss_0,Night Goblin Warboss,commander,Lord
wh_main_sc_grn_greenskins,wh_main_sc_grn_greenskins|wh_dlc06_grn_cha_skarsnik_0,wh_dlc06_grn_cha_skarsnik_0,Skarsnik,commander,Lord
wh_main_sc_grn_greenskins,wh_main_sc_grn_greenskins|wh_dlc06_grn_cha_wurrzag_0,wh_dlc06_grn_cha_wurrzag_0,Wurrzag,commander,Wizard Lord
wh_main_sc_grn_greenskins,wh_main_sc_grn_greenskins|wh_dlc06_grn_inf_da_eight_peaks_loonies_0,wh_dlc06_grn_inf_da_eight_peaks_loonies_0,Da Eight Peak Loonies (Night Goblins – Fanatics),infantry,Sword Infantry
wh_main_sc_grn_greenskins,wh_main_sc_grn_greenskins|wh_dlc06_grn_inf_da_rusty_arrers_0,wh_dlc06_grn_inf_da_rusty_arrers_0,Da Rusty Arrers (Night Goblin Archers),missile_infantry,Missile Infantry
wh_main_sc_grn_greenskins,wh_main_sc_grn_greenskins|wh_dlc06_grn_inf_da_warlords_boyz_0,wh_dlc06_grn_inf_da_warlords_boyz_0,Da Warlord's Boyz (Night Goblins),infantry,Sword Infantry
wh_main_sc_grn_greenskins,wh_main_sc_grn_greenskins|wh_dlc06_grn_inf_krimson_killerz_0,wh_dlc06_grn_inf_krimson_killerz_0,Krimson Killerz (Black Orcs),infantry,Dual Axe Infantry
wh_main_sc_grn_greenskins,wh_main_sc_grn_greenskins|wh_dlc06_grn_inf_nasty_skulkers_0,wh_dlc06_grn_inf_nasty_skulkers_0,Nasty Skulkers,infantry,Sneaky Infantry
wh_main_sc_grn_greenskins,wh_main_sc_grn_greenskins|wh_dlc06_grn_inf_squig_explosive_0,wh_dlc06_grn_inf_squig_explosive_0,Soopa-Squig!,monster_beasts,Exploding Beast
wh_main_sc_grn_greenskins,wh_main_sc_grn_greenskins|wh_dlc06_grn_inf_squig_herd_0,wh_dlc06_grn_inf_squig_herd_0,Squig Herd,monster_beasts,War Beasts
wh_main_sc_grn_greenskins,wh_main_sc_grn_greenskins|wh_dlc06_grn_mon_spider_hatchlings_0,wh_dlc06_grn_mon_spider_hatchlings_0,Spider Hatchlings,monster_beasts,Spider
wh_main_sc_grn_greenskins,wh_main_sc_grn_greenskins|wh_dlc06_grn_mon_venom_queen_0,wh_dlc06_grn_mon_venom_queen_0,The Arachnarok Queen (Arachnarok Spider),monster_beasts,Monster
wh_main_sc_grn_greenskins,wh_main_sc_grn_greenskins|wh_dlc15_grn_mon_arachnarok_spider_waaagh_0,wh_dlc15_grn_mon_arachnarok_spider_waaagh_0,Lava Arachnarok Spider,monster_beasts,Monster
wh_main_sc_grn_greenskins,wh_main_sc_grn_greenskins|wh_main_grn_art_doom_diver_catapult,wh_main_grn_art_doom_diver_catapult,Doom Diver Catapults,artillery_war_machines,Catapult
wh_main_sc_grn_greenskins,wh_main_sc_grn_greenskins|wh_main_grn_art_goblin_rock_lobber,wh_main_grn_art_goblin_rock_lobber,Goblin Rock Lobbers,artillery_war_machines,Catapult
wh_main_sc_grn_greenskins,wh_main_sc_grn_greenskins|wh_main_grn_cav_forest_goblin_spider_riders_0,wh_main_grn_cav_forest_goblin_spider_riders_0,Forest Goblin Spider Riders,cavalry_chariots,Cavalry
wh_main_sc_grn_greenskins,wh_main_sc_grn_greenskins|wh_main_grn_cav_forest_goblin_spider_riders_1,wh_main_grn_cav_forest_goblin_spider_riders_1,Forest Goblin Spider Rider Archers,missile_cavalry_chariots,Missile Cavalry
wh_main_sc_grn_greenskins,wh_main_sc_grn_greenskins|wh_main_grn_cav_goblin_wolf_chariot,wh_main_grn_cav_goblin_wolf_chariot,Goblin Wolf Chariots,missile_cavalry_chariots,Missile Chariot
wh_main_sc_grn_greenskins,wh_main_sc_grn_greenskins|wh_main_grn_cav_goblin_wolf_riders_0,wh_main_grn_cav_goblin_wolf_riders_0,Goblin Wolf Riders,cavalry_chariots,Cavalry
wh_main_sc_grn_greenskins,wh_main_sc_grn_greenskins|wh_main_grn_cav_goblin_wolf_riders_1,wh_main_grn_cav_goblin_wolf_riders_1,Goblin Wolf Rider Archers,missile_cavalry_chariots,Missile Cavalry
wh_main_sc_grn_greenskins,wh_main_sc_grn_greenskins|wh_main_grn_cav_orc_boar_boy_big_uns,wh_main_grn_cav_orc_boar_boy_big_uns,Orc Boar Boy Big 'Uns,cavalry_chariots,Shock Cavalry
wh_main_sc_grn_greenskins,wh_main_sc_grn_greenskins|wh_main_grn_cav_orc_boar_boyz,wh_main_grn_cav_orc_boar_boyz,Orc Boar Boyz,cavalry_chariots,Cavalry
wh_main_sc_grn_greenskins,wh_main_sc_grn_greenskins|wh_main_grn_cav_orc_boar_chariot,wh_main_grn_cav_orc_boar_chariot,Orc Boar Chariots,cavalry_chariots,Chariot
wh_main_sc_grn_greenskins,wh_main_sc_grn_greenskins|wh_main_grn_cav_savage_orc_boar_boy_big_uns,wh_main_grn_cav_savage_orc_boar_boy_big_uns,Savage Orc Boar Boy Big 'Uns,cavalry_chariots,Shock Cavalry
wh_main_sc_grn_greenskins,wh_main_sc_grn_greenskins|wh_main_grn_cav_savage_orc_boar_boyz,wh_main_grn_cav_savage_orc_boar_boyz,Savage Orc Boar Boyz,cavalry_chariots,Shock Cavalry
wh_main_sc_grn_greenskins,wh_main_sc_grn_greenskins|wh_main_grn_cha_azhag_the_slaughterer_0,wh_main_grn_cha_azhag_the_slaughterer_0,Azhag the Slaughterer,commander,Wizard Lord
wh_main_sc_grn_greenskins,wh_main_sc_grn_greenskins|wh_main_grn_cha_goblin_big_boss_0,wh_main_grn_cha_goblin_big_boss_0,Goblin Big Boss,heroes_agents,Melee Specialist
wh_main_sc_grn_greenskins,wh_main_sc_grn_greenskins|wh_main_grn_cha_goblin_great_shaman_0,wh_main_grn_cha_goblin_great_shaman_0,Goblin Great Shaman,commander,Wizard Lord
wh_main_sc_grn_greenskins,wh_main_sc_grn_greenskins|wh_main_grn_cha_grimgor_ironhide,wh_main_grn_cha_grimgor_ironhide,Grimgor Ironhide,commander,Lord
wh_main_sc_grn_greenskins,wh_main_sc_grn_greenskins|wh_main_grn_cha_night_goblin_shaman,wh_main_grn_cha_night_goblin_shaman,Night Goblin Shaman,heroes_agents,Wizard
wh_main_sc_grn_greenskins,wh_main_sc_grn_greenskins|wh_main_grn_cha_orc_shaman_0,wh_main_grn_cha_orc_shaman_0,Orc Shaman,heroes_agents,Wizard
wh_main_sc_grn_greenskins,wh_main_sc_grn_greenskins|wh_main_grn_cha_orc_warboss_0,wh_main_grn_cha_orc_warboss_0,Orc Warboss,commander,Lord
wh_main_sc_grn_greenskins,wh_main_sc_grn_greenskins|wh_main_grn_inf_black_orcs,wh_main_grn_inf_black_orcs,Black Orcs (Great Weapons),infantry,Great Axe Infantry
wh_main_sc_grn_greenskins,wh_main_sc_grn_greenskins|wh_main_grn_inf_goblin_archers,wh_main_grn_inf_goblin_archers,Goblin Archers,missile_infantry,Missile Infantry
wh_main_sc_grn_greenskins,wh_main_sc_grn_greenskins|wh_main_grn_inf_goblin_spearmen,wh_main_grn_inf_goblin_spearmen,Goblins (Spears),infantry,Spear Infantry
wh_main_sc_grn_greenskins,wh_main_sc_grn_greenskins|wh_main_grn_inf_night_goblin_archers,wh_main_grn_inf_night_goblin_archers,Night Goblin Archers,missile_infantry,Missile Infantry
wh_main_sc_grn_greenskins,wh_main_sc_grn_greenskins|wh_main_grn_inf_night_goblin_fanatics,wh_main_grn_inf_night_goblin_fanatics,Night Goblins (Fanatics),infantry,Sword Infantry
wh_main_sc_grn_greenskins,wh_main_sc_grn_greenskins|wh_main_grn_inf_night_goblin_fanatics_1,wh_main_grn_inf_night_goblin_fanatics_1,Night Goblin Archers (Fanatics),missile_infantry,Missile Infantry
wh_main_sc_grn_greenskins,wh_main_sc_grn_greenskins|wh_main_grn_inf_night_goblins,wh_main_grn_inf_night_goblins,Night Goblins,infantry,Sword Infantry
wh_main_sc_grn_greenskins,wh_main_sc_grn_greenskins|wh_main_grn_inf_orc_arrer_boyz,wh_main_grn_inf_orc_arrer_boyz,Orc Arrer Boyz,missile_infantry,Missile Infantry
wh_main_sc_grn_greenskins,wh_main_sc_grn_greenskins|wh_main_grn_inf_orc_big_uns,wh_main_grn_inf_orc_big_uns,Orc Big 'Uns,infantry,Dual Sword Infantry
wh_main_sc_grn_greenskins,wh_main_sc_grn_greenskins|wh_main_grn_inf_orc_boyz,wh_main_grn_inf_orc_boyz,Orc Boyz,infantry,Sword Infantry
wh_main_sc_grn_greenskins,wh_main_sc_grn_greenskins|wh_main_grn_inf_savage_orc_arrer_boyz,wh_main_grn_inf_savage_orc_arrer_boyz,Savage Orc Arrer Boyz,missile_infantry,Missile Infantry
wh_main_sc_grn_greenskins,wh_main_sc_grn_greenskins|wh_main_grn_inf_savage_orc_big_uns,wh_main_grn_inf_savage_orc_big_uns,Savage Orc Big 'Uns,infantry,Dual Club Infantry
wh_main_sc_grn_greenskins,wh_main_sc_grn_greenskins|wh_main_grn_inf_savage_orcs,wh_main_grn_inf_savage_orcs,Savage Orcs,infantry,Club Infantry
wh_main_sc_grn_greenskins,wh_main_sc_grn_greenskins|wh_main_grn_mon_arachnarok_spider_0,wh_main_grn_mon_arachnarok_spider_0,Arachnarok Spider,monster_beasts,Monster
wh_main_sc_grn_greenskins,wh_main_sc_grn_greenskins|wh_main_grn_mon_giant,wh_main_grn_mon_giant,Giant,monster_beasts,Monster
wh_main_sc_grn_greenskins,wh_main_sc_grn_greenskins|wh_main_grn_mon_trolls,wh_main_grn_mon_trolls,Trolls,monster_beasts,Monstrous Infantry
wh_main_sc_vmp_vampire_counts,wh_main_sc_vmp_vampire_counts|wh2_dlc11_cst_cha_mourngul_haunter,wh2_dlc11_cst_cha_mourngul_haunter,Mourngul Haunter,heroes_agents,Melee Specialist
wh_main_sc_vmp_vampire_counts,wh_main_sc_vmp_vampire_counts|wh2_dlc11_cst_mon_mournguls_0,wh2_dlc11_cst_mon_mournguls_0,Mournguls,monster_beasts,Monstrous Infantry
wh_main_sc_vmp_vampire_counts,wh_main_sc_vmp_vampire_counts|wh2_dlc11_cst_mon_mournguls_ror_0,wh2_dlc11_cst_mon_mournguls_ror_0,Night Terrors (Mournguls),monster_beasts,Monstrous Infantry
wh_main_sc_vmp_vampire_counts,wh_main_sc_vmp_vampire_counts|wh2_dlc11_vmp_inf_crossbowmen,wh2_dlc11_vmp_inf_crossbowmen,Sylvanian Crossbowmen,missile_infantry,Missile Infantry
wh_main_sc_vmp_vampire_counts,wh_main_sc_vmp_vampire_counts|wh2_dlc11_vmp_inf_handgunners,wh2_dlc11_vmp_inf_handgunners,Sylvanian Handgunners,missile_infantry,Missile Infantry
wh_main_sc_vmp_vampire_counts,wh_main_sc_vmp_vampire_counts|wh3_dlc23_neu_cha_ulrika,wh3_dlc23_neu_cha_ulrika,Ulrika Magdova,heroes_agents,Hybrid Weapon Wizard
wh_main_sc_vmp_vampire_counts,wh_main_sc_vmp_vampire_counts|wh3_dlc29_vmp_cav_drakenhof_templars,wh3_dlc29_vmp_cav_drakenhof_templars,Drakenhof Templars,cavalry_chariots,Shock Cavalry
wh_main_sc_vmp_vampire_counts,wh_main_sc_vmp_vampire_counts|wh3_dlc29_vmp_cha_dieter_helsnicht,wh3_dlc29_vmp_cha_dieter_helsnicht,Dieter Helsnicht,heroes_agents,Wizard
wh_main_sc_vmp_vampire_counts,wh_main_sc_vmp_vampire_counts|wh3_dlc29_vmp_cha_krell,wh3_dlc29_vmp_cha_krell,Krell,heroes_agents,Melee Specialist
wh_main_sc_vmp_vampire_counts,wh_main_sc_vmp_vampire_counts|wh3_dlc29_vmp_cha_lahmian_vampire,wh3_dlc29_vmp_cha_lahmian_vampire,Lahmian Vampire,heroes_agents,Wizard
wh_main_sc_vmp_vampire_counts,wh_main_sc_vmp_vampire_counts|wh3_dlc29_vmp_cha_mannfred_von_carstein_mp,wh3_dlc29_vmp_cha_mannfred_von_carstein_mp,Mannfred von Carstein,commander,Wizard Lord
wh_main_sc_vmp_vampire_counts,wh_main_sc_vmp_vampire_counts|wh3_dlc29_vmp_cha_neferata_mp,wh3_dlc29_vmp_cha_neferata_mp,Neferata,commander,Wizard Lord
wh_main_sc_vmp_vampire_counts,wh_main_sc_vmp_vampire_counts|wh3_dlc29_vmp_cha_walach_harkon,wh3_dlc29_vmp_cha_walach_harkon,Walach Harkon,heroes_agents,Wizard
wh_main_sc_vmp_vampire_counts,wh_main_sc_vmp_vampire_counts|wh3_dlc29_vmp_inf_lahmian_handmaidens_death,wh3_dlc29_vmp_inf_lahmian_handmaidens_death,Lahmian Handmaidens (Death),infantry,Sword Infantry
wh_main_sc_vmp_vampire_counts,wh_main_sc_vmp_vampire_counts|wh3_dlc29_vmp_inf_lahmian_handmaidens_shadow,wh3_dlc29_vmp_inf_lahmian_handmaidens_shadow,Lahmian Handmaidens (Shadows),infantry,Dual Sword Infantry
wh_main_sc_vmp_vampire_counts,wh_main_sc_vmp_vampire_counts|wh3_dlc29_vmp_inf_spirit_host,wh3_dlc29_vmp_inf_spirit_host,Spirit Host,infantry,Dagger Infantry
wh_main_sc_vmp_vampire_counts,wh_main_sc_vmp_vampire_counts|wh3_dlc29_vmp_mon_zombie_dragon,wh3_dlc29_vmp_mon_zombie_dragon,Zombie Dragon,monster_beasts,Flying Monster
wh_main_sc_vmp_vampire_counts,wh_main_sc_vmp_vampire_counts|wh3_dlc29_vmp_veh_coven_throne,wh3_dlc29_vmp_veh_coven_throne,Coven Throne,artillery_war_machines,Magic Chariot
wh_main_sc_vmp_vampire_counts,wh_main_sc_vmp_vampire_counts|wh3_main_vmp_blood_knights_sword_shield,wh3_main_vmp_blood_knights_sword_shield,Blood Knights,cavalry_chariots,Cavalry
wh_main_sc_vmp_vampire_counts,wh_main_sc_vmp_vampire_counts|wh3_main_vmp_inf_grave_guard_2,wh3_main_vmp_inf_grave_guard_2,Grave Guard (Halberds),infantry,Halberd Infantry
wh_main_sc_vmp_vampire_counts,wh_main_sc_vmp_vampire_counts|wh_dlc02_vmp_cav_blood_knights_0,wh_dlc02_vmp_cav_blood_knights_0,Blood Knights (Lances),cavalry_chariots,Shock Cavalry
wh_main_sc_vmp_vampire_counts,wh_main_sc_vmp_vampire_counts|wh_dlc04_vmp_cav_chillgheists_0,wh_dlc04_vmp_cav_chillgheists_0,The Chillgheists (Hexwraiths),cavalry_chariots,Cavalry
wh_main_sc_vmp_vampire_counts,wh_main_sc_vmp_vampire_counts|wh_dlc04_vmp_cav_vereks_reavers_0,wh_dlc04_vmp_cav_vereks_reavers_0,Verek's Reavers (Black Knights – Lances & Barding),cavalry_chariots,Shock Cavalry
wh_main_sc_vmp_vampire_counts,wh_main_sc_vmp_vampire_counts|wh_dlc04_vmp_cha_helman_ghorst_0,wh_dlc04_vmp_cha_helman_ghorst_0,Helman Ghorst,commander,Wizard Lord
wh_main_sc_vmp_vampire_counts,wh_main_sc_vmp_vampire_counts|wh_dlc04_vmp_cha_strigoi_ghoul_king_0,wh_dlc04_vmp_cha_strigoi_ghoul_king_0,Strigoi Ghoul King,commander,Wizard Lord
wh_main_sc_vmp_vampire_counts,wh_main_sc_vmp_vampire_counts|wh_dlc04_vmp_cha_vlad_von_carstein_0,wh_dlc04_vmp_cha_vlad_von_carstein_0,Vlad von Carstein,heroes_agents,Wizard
wh_main_sc_vmp_vampire_counts,wh_main_sc_vmp_vampire_counts|wh_dlc04_vmp_inf_feasters_in_the_dusk_0,wh_dlc04_vmp_inf_feasters_in_the_dusk_0,The Feasters in the Dusk (Crypt Ghouls),infantry,Cudgel Infantry
wh_main_sc_vmp_vampire_counts,wh_main_sc_vmp_vampire_counts|wh_dlc04_vmp_inf_konigstein_stalkers_0,wh_dlc04_vmp_inf_konigstein_stalkers_0,The Konigstein Stalkers (Skeleton Warriors),infantry,Sword Infantry
wh_main_sc_vmp_vampire_counts,wh_main_sc_vmp_vampire_counts|wh_dlc04_vmp_inf_sternsmen_0,wh_dlc04_vmp_inf_sternsmen_0,The Sternsmen (Grave Guard),infantry,Sword Infantry
wh_main_sc_vmp_vampire_counts,wh_main_sc_vmp_vampire_counts|wh_dlc04_vmp_inf_tithe_0,wh_dlc04_vmp_inf_tithe_0,The Tithe (Zombies),infantry,Sword Infantry
wh_main_sc_vmp_vampire_counts,wh_main_sc_vmp_vampire_counts|wh_dlc04_vmp_mon_devils_swartzhafen_0,wh_dlc04_vmp_mon_devils_swartzhafen_0,The Devils of Swartzhafen (Vargheists),monster_beasts,Flying Monstrous Infantry
wh_main_sc_vmp_vampire_counts,wh_main_sc_vmp_vampire_counts|wh_dlc04_vmp_mon_direpack_0,wh_dlc04_vmp_mon_direpack_0,The Direpack (Dire Wolves),monster_beasts,War Beasts
wh_main_sc_vmp_vampire_counts,wh_main_sc_vmp_vampire_counts|wh_dlc04_vmp_veh_claw_of_nagash_0,wh_dlc04_vmp_veh_claw_of_nagash_0,The Claw of Nagash (Mortis Engine),artillery_war_machines,Magic Chariot
wh_main_sc_vmp_vampire_counts,wh_main_sc_vmp_vampire_counts|wh_dlc04_vmp_veh_corpse_cart_0,wh_dlc04_vmp_veh_corpse_cart_0,Corpse Cart,artillery_war_machines,Magic Chariot
wh_main_sc_vmp_vampire_counts,wh_main_sc_vmp_vampire_counts|wh_dlc04_vmp_veh_corpse_cart_1,wh_dlc04_vmp_veh_corpse_cart_1,Corpse Cart (Balefire),artillery_war_machines,Magic Chariot
wh_main_sc_vmp_vampire_counts,wh_main_sc_vmp_vampire_counts|wh_dlc04_vmp_veh_corpse_cart_2,wh_dlc04_vmp_veh_corpse_cart_2,Corpse Cart (Unholy Lodestone),artillery_war_machines,Magic Chariot
wh_main_sc_vmp_vampire_counts,wh_main_sc_vmp_vampire_counts|wh_dlc04_vmp_veh_mortis_engine_0,wh_dlc04_vmp_veh_mortis_engine_0,Mortis Engine,artillery_war_machines,Magic Chariot
wh_main_sc_vmp_vampire_counts,wh_main_sc_vmp_vampire_counts|wh_dlc05_vmp_cha_red_duke_0,wh_dlc05_vmp_cha_red_duke_0,The Red Duke,commander,Wizard Lord
wh_main_sc_vmp_vampire_counts,wh_main_sc_vmp_vampire_counts|wh_dlc05_vmp_cha_vampire_shadows_0,wh_dlc05_vmp_cha_vampire_shadows_0,Vampire,heroes_agents,Wizard
wh_main_sc_vmp_vampire_counts,wh_main_sc_vmp_vampire_counts|wh_main_vmp_cav_black_knights_0,wh_main_vmp_cav_black_knights_0,Black Knights,cavalry_chariots,Cavalry
wh_main_sc_vmp_vampire_counts,wh_main_sc_vmp_vampire_counts|wh_main_vmp_cav_black_knights_3,wh_main_vmp_cav_black_knights_3,Black Knights (Lances & Barding),cavalry_chariots,Shock Cavalry
wh_main_sc_vmp_vampire_counts,wh_main_sc_vmp_vampire_counts|wh_main_vmp_cav_hexwraiths,wh_main_vmp_cav_hexwraiths,Hexwraiths,cavalry_chariots,Cavalry
wh_main_sc_vmp_vampire_counts,wh_main_sc_vmp_vampire_counts|wh_main_vmp_cha_banshee,wh_main_vmp_cha_banshee,Banshee,heroes_agents,Melee Specialist
wh_main_sc_vmp_vampire_counts,wh_main_sc_vmp_vampire_counts|wh_main_vmp_cha_heinrich_kemmler,wh_main_vmp_cha_heinrich_kemmler,Heinrich Kemmler,commander,Wizard Lord
wh_main_sc_vmp_vampire_counts,wh_main_sc_vmp_vampire_counts|wh_main_vmp_cha_master_necromancer_0,wh_main_vmp_cha_master_necromancer_0,Master Necromancer,commander,Wizard Lord
wh_main_sc_vmp_vampire_counts,wh_main_sc_vmp_vampire_counts|wh_main_vmp_cha_necromancer_0,wh_main_vmp_cha_necromancer_0,Necromancer,heroes_agents,Wizard
wh_main_sc_vmp_vampire_counts,wh_main_sc_vmp_vampire_counts|wh_main_vmp_cha_vampire_lord_0,wh_main_vmp_cha_vampire_lord_0,Vampire Lord,commander,Wizard Lord
wh_main_sc_vmp_vampire_counts,wh_main_sc_vmp_vampire_counts|wh_main_vmp_cha_wight_king_0,wh_main_vmp_cha_wight_king_0,Wight King,heroes_agents,Melee Specialist
wh_main_sc_vmp_vampire_counts,wh_main_sc_vmp_vampire_counts|wh_main_vmp_inf_cairn_wraiths,wh_main_vmp_inf_cairn_wraiths,Cairn Wraiths,infantry,Scythe Infantry
wh_main_sc_vmp_vampire_counts,wh_main_sc_vmp_vampire_counts|wh_main_vmp_inf_crypt_ghouls,wh_main_vmp_inf_crypt_ghouls,Crypt Ghouls,infantry,Cudgel Infantry
wh_main_sc_vmp_vampire_counts,wh_main_sc_vmp_vampire_counts|wh_main_vmp_inf_grave_guard_0,wh_main_vmp_inf_grave_guard_0,Grave Guard,infantry,Sword Infantry
wh_main_sc_vmp_vampire_counts,wh_main_sc_vmp_vampire_counts|wh_main_vmp_inf_grave_guard_1,wh_main_vmp_inf_grave_guard_1,Grave Guard (Great Weapons),infantry,Greatsword Infantry
wh_main_sc_vmp_vampire_counts,wh_main_sc_vmp_vampire_counts|wh_main_vmp_inf_skeleton_warriors_0,wh_main_vmp_inf_skeleton_warriors_0,Skeleton Warriors,infantry,Sword Infantry
wh_main_sc_vmp_vampire_counts,wh_main_sc_vmp_vampire_counts|wh_main_vmp_inf_skeleton_warriors_1,wh_main_vmp_inf_skeleton_warriors_1,Skeleton Spearmen,infantry,Spear Infantry
wh_main_sc_vmp_vampire_counts,wh_main_sc_vmp_vampire_counts|wh_main_vmp_inf_zombie,wh_main_vmp_inf_zombie,Zombies,infantry,Sword Infantry
wh_main_sc_vmp_vampire_counts,wh_main_sc_vmp_vampire_counts|wh_main_vmp_mon_crypt_horrors,wh_main_vmp_mon_crypt_horrors,Crypt Horrors,monster_beasts,Monstrous Infantry
wh_main_sc_vmp_vampire_counts,wh_main_sc_vmp_vampire_counts|wh_main_vmp_mon_dire_wolves,wh_main_vmp_mon_dire_wolves,Dire Wolves,monster_beasts,War Beasts
wh_main_sc_vmp_vampire_counts,wh_main_sc_vmp_vampire_counts|wh_main_vmp_mon_fell_bats,wh_main_vmp_mon_fell_bats,Fell Bats,monster_beasts,Flying War Beasts
wh_main_sc_vmp_vampire_counts,wh_main_sc_vmp_vampire_counts|wh_main_vmp_mon_terrorgheist,wh_main_vmp_mon_terrorgheist,Terrorgheist,monster_beasts,Flying Monster
wh_main_sc_vmp_vampire_counts,wh_main_sc_vmp_vampire_counts|wh_main_vmp_mon_vargheists,wh_main_vmp_mon_vargheists,Vargheists,monster_beasts,Flying Monstrous Infantry
wh_main_sc_vmp_vampire_counts,wh_main_sc_vmp_vampire_counts|wh_main_vmp_mon_varghulf,wh_main_vmp_mon_varghulf,Varghulf,monster_beasts,Monster
wh_main_sc_vmp_vampire_counts,wh_main_sc_vmp_vampire_counts|wh_main_vmp_veh_black_coach,wh_main_vmp_veh_black_coach,Black Coach,artillery_war_machines,Magic Chariot
wh_main_sc_vmp_vampire_counts,wh_main_sc_vmp_vampire_counts|wh_pro02_vmp_cha_isabella_von_carstein_0,wh_pro02_vmp_cha_isabella_von_carstein_0,Isabella von Carstein,heroes_agents,Wizard
