race_key,card_id,unit_key,unit_name,lore,mark,forest_spirit,other_variant,mount,is_selectable_pvp
wh2_dlc09_sc_tmb_tomb_kings,wh2_dlc09_sc_tmb_tomb_kings|wh2_dlc09_tmb_art_casket_of_souls_0,wh2_dlc09_tmb_art_casket_of_souls_0,Casket of Souls,,,,,,true
wh2_dlc09_sc_tmb_tomb_kings,wh2_dlc09_sc_tmb_tomb_kings|wh2_dlc09_tmb_art_screaming_skull_catapult_0,wh2_dlc09_tmb_art_screaming_skull_catapult_0,Screaming Skull Catapults,,,,,,true
wh2_dlc09_sc_tmb_tomb_kings,wh2_dlc09_sc_tmb_tomb_kings|wh2_dlc09_tmb_cav_hexwraiths,wh2_dlc09_tmb_cav_hexwraiths,Hexwraiths,,,,,,false
wh2_dlc09_sc_tmb_tomb_kings,wh2_dlc09_sc_tmb_tomb_kings|wh2_dlc09_tmb_cav_necropolis_knights_0,wh2_dlc09_tmb_cav_necropolis_knights_0,Necropolis Knights,,,,,,true
wh2_dlc09_sc_tmb_tomb_kings,wh2_dlc09_sc_tmb_tomb_kings|wh2_dlc09_tmb_cav_necropolis_knights_1,wh2_dlc09_tmb_cav_necropolis_knights_1,Necropolis Knights (Halberds),,,,,,true
wh2_dlc09_sc_tmb_tomb_kings,wh2_dlc09_sc_tmb_tomb_kings|wh2_dlc09_tmb_cav_necropolis_knights_ror,wh2_dlc09_tmb_cav_necropolis_knights_ror,Venom Knights of Asaph (Necropolis Knights),,,,,,false
wh2_dlc09_sc_tmb_tomb_kings,wh2_dlc09_sc_tmb_tomb_kings|wh2_dlc09_tmb_cav_nehekhara_horsemen_0,wh2_dlc09_tmb_cav_nehekhara_horsemen_0,Nehekharan Horsemen,,,,,,true
wh2_dlc09_sc_tmb_tomb_kings,wh2_dlc09_sc_tmb_tomb_kings|wh2_dlc09_tmb_cav_nehekhara_horsemen_ror,wh2_dlc09_tmb_cav_nehekhara_horsemen_ror,Storm Riders of Khsar (Nehekharan Horsemen),,,,,,false
wh2_dlc09_sc_tmb_tomb_kings,wh2_dlc09_sc_tmb_tomb_kings|wh2_dlc09_tmb_cav_skeleton_horsemen_0,wh2_dlc09_tmb_cav_skeleton_horsemen_0,Skeleton Horsemen,,,,,,true
wh2_dlc09_sc_tmb_tomb_kings,wh2_dlc09_sc_tmb_tomb_kings|wh2_dlc09_tmb_cav_skeleton_horsemen_archers_0,wh2_dlc09_tmb_cav_skeleton_horsemen_archers_0,Skeleton Horse Archers,,,,,,true
wh2_dlc09_sc_tmb_tomb_kings,wh2_dlc09_sc_tmb_tomb_kings|wh2_dlc09_tmb_cha_khalida_0,wh2_dlc09_tmb_cha_khalida_0,High Queen Khalida,,,,,On foot,true
wh2_dlc09_sc_tmb_tomb_kings,wh2_dlc09_sc_tmb_tomb_kings|wh2_dlc09_tmb_cha_khalida_0,wh2_dlc09_tmb_cha_khalida_1,High Queen Khalida,,,,,Necroserpent,true
wh2_dlc09_sc_tmb_tomb_kings,wh2_dlc09_sc_tmb_tomb_kings|wh2_dlc09_tmb_cha_khalida_0,wh2_dlc09_tmb_cha_khalida_2,High Queen Khalida,,,,,Skeleton Chariot,true
wh2_dlc09_sc_tmb_tomb_kings,wh2_dlc09_sc_tmb_tomb_kings|wh2_dlc09_tmb_cha_khatep_0,wh2_dlc09_tmb_cha_khatep_0,Grand Hierophant Khatep,,,,,On foot,true
wh2_dlc09_sc_tmb_tomb_kings,wh2_dlc09_sc_tmb_tomb_kings|wh2_dlc09_tmb_cha_khatep_0,wh2_dlc09_tmb_cha_khatep_1,Grand Hierophant Khatep,,,,,Skeletal Steed,true
wh2_dlc09_sc_tmb_tomb_kings,wh2_dlc09_sc_tmb_tomb_kings|wh2_dlc09_tmb_cha_khatep_0,wh2_dlc09_tmb_cha_khatep_2,Grand Hierophant Khatep,,,,,Skeleton Chariot,true
wh2_dlc09_sc_tmb_tomb_kings,wh2_dlc09_sc_tmb_tomb_kings|wh2_dlc09_tmb_cha_khatep_0,wh2_dlc09_tmb_cha_khatep_3,Grand Hierophant Khatep,,,,,Casket of Souls,true
wh2_dlc09_sc_tmb_tomb_kings,wh2_dlc09_sc_tmb_tomb_kings|wh2_dlc09_tmb_cha_liche_priest_death_0,wh2_dlc09_tmb_cha_liche_priest_death_0,Liche Priest (Death),Death,,,,On foot,true
wh2_dlc09_sc_tmb_tomb_kings,wh2_dlc09_sc_tmb_tomb_kings|wh2_dlc09_tmb_cha_liche_priest_death_0,wh2_dlc09_tmb_cha_liche_priest_death_1,Liche Priest (Death),Death,,,,Skeletal Steed,true
wh2_dlc09_sc_tmb_tomb_kings,wh2_dlc09_sc_tmb_tomb_kings|wh2_dlc09_tmb_cha_liche_priest_death_0,wh2_dlc09_tmb_cha_liche_priest_light_0,Liche Priest (Light),Light,,,,On foot,true
wh2_dlc09_sc_tmb_tomb_kings,wh2_dlc09_sc_tmb_tomb_kings|wh2_dlc09_tmb_cha_liche_priest_death_0,wh2_dlc09_tmb_cha_liche_priest_light_1,Liche Priest (Light),Light,,,,Skeletal Steed,true
wh2_dlc09_sc_tmb_tomb_kings,wh2_dlc09_sc_tmb_tomb_kings|wh2_dlc09_tmb_cha_liche_priest_death_0,wh2_dlc09_tmb_cha_liche_priest_nehekhara_0,Liche Priest (Nehekhara),Nehekhara,,,,On foot,true
wh2_dlc09_sc_tmb_tomb_kings,wh2_dlc09_sc_tmb_tomb_kings|wh2_dlc09_tmb_cha_liche_priest_death_0,wh2_dlc09_tmb_cha_liche_priest_nehekhara_1,Liche Priest (Nehekhara),Nehekhara,,,,Skeletal Steed,true
wh2_dlc09_sc_tmb_tomb_kings,wh2_dlc09_sc_tmb_tomb_kings|wh2_dlc09_tmb_cha_liche_priest_death_0,wh2_dlc09_tmb_cha_liche_priest_shadow_0,Liche Priest (Shadows),Shadows,,,,On foot,false
wh2_dlc09_sc_tmb_tomb_kings,wh2_dlc09_sc_tmb_tomb_kings|wh2_dlc09_tmb_cha_liche_priest_death_0,wh2_dlc09_tmb_cha_liche_priest_shadow_1,Liche Priest (Shadows),Shadows,,,,Skeletal Steed,false
wh2_dlc09_sc_tmb_tomb_kings,wh2_dlc09_sc_tmb_tomb_kings|wh2_dlc09_tmb_cha_liche_priest_death_0,wh3_dlc29_tmb_cha_liche_priest_undeath,Liche Priest (Undeath),Undeath,,,,On foot,false
wh2_dlc09_sc_tmb_tomb_kings,wh2_dlc09_sc_tmb_tomb_kings|wh2_dlc09_tmb_cha_liche_priest_death_0,wh3_dlc29_tmb_cha_liche_priest_undeath_skeletal_steed,Liche Priest (Undeath),Undeath,,,,Skeletal Steed,false
wh2_dlc09_sc_tmb_tomb_kings,wh2_dlc09_sc_tmb_tomb_kings|wh2_dlc09_tmb_cha_necrotect_0,wh2_dlc09_tmb_cha_necrotect_0,Necrotect,,,,,On foot,true
wh2_dlc09_sc_tmb_tomb_kings,wh2_dlc09_sc_tmb_tomb_kings|wh2_dlc09_tmb_cha_necrotect_0,wh2_dlc09_tmb_cha_necrotect_1,Necrotect,,,,,Skeleton Chariot,true
wh2_dlc09_sc_tmb_tomb_kings,wh2_dlc09_sc_tmb_tomb_kings|wh2_dlc09_tmb_cha_settra_0,wh2_dlc09_tmb_cha_settra_0,Settra the Imperishable,,,,,On foot,true
wh2_dlc09_sc_tmb_tomb_kings,wh2_dlc09_sc_tmb_tomb_kings|wh2_dlc09_tmb_cha_settra_0,wh2_dlc09_tmb_cha_settra_1,Settra the Imperishable,,,,,Skeletal Steed,true
wh2_dlc09_sc_tmb_tomb_kings,wh2_dlc09_sc_tmb_tomb_kings|wh2_dlc09_tmb_cha_settra_0,wh2_dlc09_tmb_cha_settra_2,Settra the Imperishable,,,,,Chariot of the Gods,true
wh2_dlc09_sc_tmb_tomb_kings,wh2_dlc09_sc_tmb_tomb_kings|wh2_dlc09_tmb_cha_settra_0,wh2_dlc09_tmb_cha_settra_3,Settra the Imperishable,,,,,Khemrian Warsphinx,true
wh2_dlc09_sc_tmb_tomb_kings,wh2_dlc09_sc_tmb_tomb_kings|wh2_dlc09_tmb_cha_tomb_king_0,wh2_dlc09_tmb_cha_tomb_king_0,Tomb King,,,,,On foot,true
wh2_dlc09_sc_tmb_tomb_kings,wh2_dlc09_sc_tmb_tomb_kings|wh2_dlc09_tmb_cha_tomb_king_0,wh2_dlc09_tmb_cha_tomb_king_1,Tomb King,,,,,Skeletal Steed,true
wh2_dlc09_sc_tmb_tomb_kings,wh2_dlc09_sc_tmb_tomb_kings|wh2_dlc09_tmb_cha_tomb_king_0,wh2_dlc09_tmb_cha_tomb_king_2,Tomb King,,,,,Skeleton Chariot,true
wh2_dlc09_sc_tmb_tomb_kings,wh2_dlc09_sc_tmb_tomb_kings|wh2_dlc09_tmb_cha_tomb_king_0,wh2_dlc09_tmb_cha_tomb_king_3,Tomb King,,,,,Khemrian Warsphinx,true
wh2_dlc09_sc_tmb_tomb_kings,wh2_dlc09_sc_tmb_tomb_kings|wh2_dlc09_tmb_cha_tomb_prince_0,wh2_dlc09_tmb_cha_tomb_prince_0,Tomb Prince,,,,,On foot,true
wh2_dlc09_sc_tmb_tomb_kings,wh2_dlc09_sc_tmb_tomb_kings|wh2_dlc09_tmb_cha_tomb_prince_0,wh2_dlc09_tmb_cha_tomb_prince_1,Tomb Prince,,,,,Skeletal Steed,true
wh2_dlc09_sc_tmb_tomb_kings,wh2_dlc09_sc_tmb_tomb_kings|wh2_dlc09_tmb_cha_tomb_prince_0,wh2_dlc09_tmb_cha_tomb_prince_2,Tomb Prince,,,,,Skeleton Chariot,true
wh2_dlc09_sc_tmb_tomb_kings,wh2_dlc09_sc_tmb_tomb_kings|wh2_dlc09_tmb_inf_cairn_wraiths,wh2_dlc09_tmb_inf_cairn_wraiths,Cairn Wraiths,,,,,,false
wh2_dlc09_sc_tmb_tomb_kings,wh2_dlc09_sc_tmb_tomb_kings|wh2_dlc09_tmb_inf_crypt_ghouls,wh2_dlc09_tmb_inf_crypt_ghouls,Crypt Ghouls,,,,,,false
wh2_dlc09_sc_tmb_tomb_kings,wh2_dlc09_sc_tmb_tomb_kings|wh2_dlc09_tmb_inf_nehekhara_warriors_0,wh2_dlc09_tmb_inf_nehekhara_warriors_0,Nehekharan Warriors,,,,,,true
wh2_dlc09_sc_tmb_tomb_kings,wh2_dlc09_sc_tmb_tomb_kings|wh2_dlc09_tmb_inf_nehekhara_warriors_ror,wh2_dlc09_tmb_inf_nehekhara_warriors_ror,Usirian's Legion of the Netherworld (Nehekharan Warriors),,,,,,false
wh2_dlc09_sc_tmb_tomb_kings,wh2_dlc09_sc_tmb_tomb_kings|wh2_dlc09_tmb_inf_skeleton_archers_0,wh2_dlc09_tmb_inf_skeleton_archers_0,Skeleton Archers,,,,,,true
wh2_dlc09_sc_tmb_tomb_kings,wh2_dlc09_sc_tmb_tomb_kings|wh2_dlc09_tmb_inf_skeleton_archers_ror,wh2_dlc09_tmb_inf_skeleton_archers_ror,Blessed Legion of Phakth (Skeleton Archers),,,,,,true
wh2_dlc09_sc_tmb_tomb_kings,wh2_dlc09_sc_tmb_tomb_kings|wh2_dlc09_tmb_inf_skeleton_spearmen_0,wh2_dlc09_tmb_inf_skeleton_spearmen_0,Skeleton Spearmen,,,,,,true
wh2_dlc09_sc_tmb_tomb_kings,wh2_dlc09_sc_tmb_tomb_kings|wh2_dlc09_tmb_inf_skeleton_spearmen_ror,wh2_dlc09_tmb_inf_skeleton_spearmen_ror,King Nekhesh's Scorpion Legion (Skeleton Spearmen),,,,,,true
wh2_dlc09_sc_tmb_tomb_kings,wh2_dlc09_sc_tmb_tomb_kings|wh2_dlc09_tmb_inf_skeleton_warriors_0,wh2_dlc09_tmb_inf_skeleton_warriors_0,Skeleton Warriors,,,,,,true
wh2_dlc09_sc_tmb_tomb_kings,wh2_dlc09_sc_tmb_tomb_kings|wh2_dlc09_tmb_inf_spirit_host,wh2_dlc09_tmb_inf_spirit_host,Spirit Host,,,,,,false
wh2_dlc09_sc_tmb_tomb_kings,wh2_dlc09_sc_tmb_tomb_kings|wh2_dlc09_tmb_inf_tomb_guard_0,wh2_dlc09_tmb_inf_tomb_guard_0,Tomb Guard,,,,,,true
wh2_dlc09_sc_tmb_tomb_kings,wh2_dlc09_sc_tmb_tomb_kings|wh2_dlc09_tmb_inf_tomb_guard_1,wh2_dlc09_tmb_inf_tomb_guard_1,Tomb Guard (Halberds),,,,,,true
wh2_dlc09_sc_tmb_tomb_kings,wh2_dlc09_sc_tmb_tomb_kings|wh2_dlc09_tmb_inf_tomb_guard_ror,wh2_dlc09_tmb_inf_tomb_guard_ror,The Khepra Guard (Tomb Guard),,,,,,true
wh2_dlc09_sc_tmb_tomb_kings,wh2_dlc09_sc_tmb_tomb_kings|wh2_dlc09_tmb_mon_carrion_0,wh2_dlc09_tmb_mon_carrion_0,Carrion,,,,,,true
wh2_dlc09_sc_tmb_tomb_kings,wh2_dlc09_sc_tmb_tomb_kings|wh2_dlc09_tmb_mon_carrion_ror,wh2_dlc09_tmb_mon_carrion_ror,The Flock of Djaf (Carrion),,,,,,false
wh2_dlc09_sc_tmb_tomb_kings,wh2_dlc09_sc_tmb_tomb_kings|wh2_dlc09_tmb_mon_crypt_horrors,wh2_dlc09_tmb_mon_crypt_horrors,Crypt Horrors,,,,,,false
wh2_dlc09_sc_tmb_tomb_kings,wh2_dlc09_sc_tmb_tomb_kings|wh2_dlc09_tmb_mon_dire_wolves,wh2_dlc09_tmb_mon_dire_wolves,Dire Wolves,,,,,,false
wh2_dlc09_sc_tmb_tomb_kings,wh2_dlc09_sc_tmb_tomb_kings|wh2_dlc09_tmb_mon_fell_bats,wh2_dlc09_tmb_mon_fell_bats,Fell Bats,,,,,,false
wh2_dlc09_sc_tmb_tomb_kings,wh2_dlc09_sc_tmb_tomb_kings|wh2_dlc09_tmb_mon_heirotitan_0,wh2_dlc09_tmb_mon_heirotitan_0,Hierotitan,,,,,,true
wh2_dlc09_sc_tmb_tomb_kings,wh2_dlc09_sc_tmb_tomb_kings|wh2_dlc09_tmb_mon_morghast_archai,wh2_dlc09_tmb_mon_morghast_archai,Morghast Archai,,,,,,false
wh2_dlc09_sc_tmb_tomb_kings,wh2_dlc09_sc_tmb_tomb_kings|wh2_dlc09_tmb_mon_morghast_harbingers,wh2_dlc09_tmb_mon_morghast_harbingers,Morghast Harbingers,,,,,,false
wh2_dlc09_sc_tmb_tomb_kings,wh2_dlc09_sc_tmb_tomb_kings|wh2_dlc09_tmb_mon_necrosphinx_0,wh2_dlc09_tmb_mon_necrosphinx_0,Necrosphinx,,,,,,true
wh2_dlc09_sc_tmb_tomb_kings,wh2_dlc09_sc_tmb_tomb_kings|wh2_dlc09_tmb_mon_necrosphinx_ror,wh2_dlc09_tmb_mon_necrosphinx_ror,The Sphinx of Usekph (Necrosphinx),,,,,,true
wh2_dlc09_sc_tmb_tomb_kings,wh2_dlc09_sc_tmb_tomb_kings|wh2_dlc09_tmb_mon_sepulchral_stalkers_0,wh2_dlc09_tmb_mon_sepulchral_stalkers_0,Sepulchral Stalkers,,,,,,true
wh2_dlc09_sc_tmb_tomb_kings,wh2_dlc09_sc_tmb_tomb_kings|wh2_dlc09_tmb_mon_sepulchral_stalkers_ror,wh2_dlc09_tmb_mon_sepulchral_stalkers_ror,Eyes of the Desert (Sepulchral Stalkers),,,,,,true
wh2_dlc09_sc_tmb_tomb_kings,wh2_dlc09_sc_tmb_tomb_kings|wh2_dlc09_tmb_mon_tomb_scorpion_0,wh2_dlc09_tmb_mon_tomb_scorpion_0,Tomb Scorpion,,,,,,true
wh2_dlc09_sc_tmb_tomb_kings,wh2_dlc09_sc_tmb_tomb_kings|wh2_dlc09_tmb_mon_ushabti_0,wh2_dlc09_tmb_mon_ushabti_0,Ushabti,,,,,,true
wh2_dlc09_sc_tmb_tomb_kings,wh2_dlc09_sc_tmb_tomb_kings|wh2_dlc09_tmb_mon_ushabti_1,wh2_dlc09_tmb_mon_ushabti_1,Ushabti (Great Bows),,,,,,true
wh2_dlc09_sc_tmb_tomb_kings,wh2_dlc09_sc_tmb_tomb_kings|wh2_dlc09_tmb_mon_ushabti_ror,wh2_dlc09_tmb_mon_ushabti_ror,Chosen of the Gods (Ushabti – Great Bows),,,,,,true
wh2_dlc09_sc_tmb_tomb_kings,wh2_dlc09_sc_tmb_tomb_kings|wh2_dlc09_tmb_veh_khemrian_warsphinx_0,wh2_dlc09_tmb_veh_khemrian_warsphinx_0,Khemrian Warsphinx,,,,,,true
wh2_dlc09_sc_tmb_tomb_kings,wh2_dlc09_sc_tmb_tomb_kings|wh2_dlc09_tmb_veh_skeleton_archer_chariot_0,wh2_dlc09_tmb_veh_skeleton_archer_chariot_0,Skeleton Archer Chariots,,,,,,true
wh2_dlc09_sc_tmb_tomb_kings,wh2_dlc09_sc_tmb_tomb_kings|wh2_dlc09_tmb_veh_skeleton_chariot_0,wh2_dlc09_tmb_veh_skeleton_chariot_0,Skeleton Chariots,,,,,,true
wh2_dlc09_sc_tmb_tomb_kings,wh2_dlc09_sc_tmb_tomb_kings|wh2_pro06_tmb_mon_bone_giant_0,wh2_pro06_tmb_mon_bone_giant_0,Bone Giant,,,,,,true
wh2_dlc09_sc_tmb_tomb_kings,wh2_dlc09_sc_tmb_tomb_kings|wh3_dlc29_tmb_cha_arkhan_the_black_mp,wh3_dlc29_tmb_cha_arkhan_the_black_mp,Arkhan the Black,,,,,On foot,true
wh2_dlc09_sc_tmb_tomb_kings,wh2_dlc09_sc_tmb_tomb_kings|wh3_dlc29_tmb_cha_arkhan_the_black_mp,wh3_dlc29_tmb_cha_arkhan_the_black_skeletal_steed_mp,Arkhan the Black,,,,,Skeletal Steed,true
wh2_dlc09_sc_tmb_tomb_kings,wh2_dlc09_sc_tmb_tomb_kings|wh3_dlc29_tmb_cha_arkhan_the_black_mp,wh3_dlc29_tmb_cha_arkhan_the_black_skeleton_chariot_mp,Arkhan the Black,,,,,Skeleton Chariot,true
wh2_dlc09_sc_tmb_tomb_kings,wh2_dlc09_sc_tmb_tomb_kings|wh3_dlc29_tmb_cha_liche_high_priest_death,wh3_dlc29_tmb_cha_liche_high_priest_death,Liche High Priest (Death),Death,,,,On foot,true
wh2_dlc09_sc_tmb_tomb_kings,wh2_dlc09_sc_tmb_tomb_kings|wh3_dlc29_tmb_cha_liche_high_priest_death,wh3_dlc29_tmb_cha_liche_high_priest_death_skeletal_steed,Liche High Priest (Death),Death,,,,Skeletal Steed,true
wh2_dlc09_sc_tmb_tomb_kings,wh2_dlc09_sc_tmb_tomb_kings|wh3_dlc29_tmb_cha_liche_high_priest_death,wh3_dlc29_tmb_cha_liche_high_priest_light,Liche High Priest (Light),Light,,,,On foot,true
wh2_dlc09_sc_tmb_tomb_kings,wh2_dlc09_sc_tmb_tomb_kings|wh3_dlc29_tmb_cha_liche_high_priest_death,wh3_dlc29_tmb_cha_liche_high_priest_light_skeletal_steed,Liche High Priest (Light),Light,,,,Skeletal Steed,true
wh2_dlc09_sc_tmb_tomb_kings,wh2_dlc09_sc_tmb_tomb_kings|wh3_dlc29_tmb_cha_liche_high_priest_death,wh3_dlc29_tmb_cha_liche_high_priest_nehekhara,Liche High Priest (Nehekhara),Nehekhara,,,,On foot,true
wh2_dlc09_sc_tmb_tomb_kings,wh2_dlc09_sc_tmb_tomb_kings|wh3_dlc29_tmb_cha_liche_high_priest_death,wh3_dlc29_tmb_cha_liche_high_priest_nehekhara_skeletal_steed,Liche High Priest (Nehekhara),Nehekhara,,,,Skeletal Steed,true
wh2_dlc09_sc_tmb_tomb_kings,wh2_dlc09_sc_tmb_tomb_kings|wh3_dlc29_tmb_cha_liche_high_priest_death,wh3_dlc29_tmb_cha_liche_high_priest_shadow,Liche High Priest (Shadows),Shadows,,,,On foot,true
wh2_dlc09_sc_tmb_tomb_kings,wh2_dlc09_sc_tmb_tomb_kings|wh3_dlc29_tmb_cha_liche_high_priest_death,wh3_dlc29_tmb_cha_liche_high_priest_shadow_skeletal_steed,Liche High Priest (Shadows),Shadows,,,,Skeletal Steed,true
wh2_dlc09_sc_tmb_tomb_kings,wh2_dlc09_sc_tmb_tomb_kings|wh3_dlc29_tmb_cha_liche_high_priest_death,wh3_dlc29_tmb_cha_liche_high_priest_undeath,Liche High Priest (Undeath),Undeath,,,,On foot,true
wh2_dlc09_sc_tmb_tomb_kings,wh2_dlc09_sc_tmb_tomb_kings|wh3_dlc29_tmb_cha_liche_high_priest_death,wh3_dlc29_tmb_cha_liche_high_priest_undeath_skeletal_steed,Liche High Priest (Undeath),Undeath,,,,Skeletal Steed,true
wh2_dlc09_sc_tmb_tomb_kings,wh2_dlc09_sc_tmb_tomb_kings|wh3_dlc29_tmb_cha_tomb_herald,wh3_dlc29_tmb_cha_tomb_herald,Tomb Herald,,,,,On foot,true
wh2_dlc09_sc_tmb_tomb_kings,wh2_dlc09_sc_tmb_tomb_kings|wh3_dlc29_tmb_cha_tomb_herald,wh3_dlc29_tmb_cha_tomb_herald_skeletal_steed,Tomb Herald,,,,,Skeletal Steed,true
wh2_dlc09_sc_tmb_tomb_kings,wh2_dlc09_sc_tmb_tomb_kings|wh3_dlc29_tmb_cha_tomb_herald,wh3_dlc29_tmb_cha_tomb_herald_skeleton_chariot,Tomb Herald,,,,,Skeleton Chariot,true
wh2_dlc09_sc_tmb_tomb_kings,wh2_dlc09_sc_tmb_tomb_kings|wh3_dlc29_tmb_mon_khemric_titan,wh3_dlc29_tmb_mon_khemric_titan,Khemric Titan,,,,,,true
wh2_dlc09_sc_tmb_tomb_kings,wh2_dlc09_sc_tmb_tomb_kings|wh3_dlc29_tmb_mon_khemric_titan_ror,wh3_dlc29_tmb_mon_khemric_titan_ror,Icon of Usirian (Khemric Titan),,,,,,true
wh2_dlc11_sc_cst_vampire_coast,wh2_dlc11_sc_cst_vampire_coast|wh2_dlc11_cst_art_carronade,wh2_dlc11_cst_art_carronade,Carronades,,,,,,true
wh2_dlc11_sc_cst_vampire_coast,wh2_dlc11_sc_cst_vampire_coast|wh2_dlc11_cst_art_mortar,wh2_dlc11_cst_art_mortar,Mortars,,,,,,true
wh2_dlc11_sc_cst_vampire_coast,wh2_dlc11_sc_cst_vampire_coast|wh2_dlc11_cst_art_queen_bess,wh2_dlc11_cst_art_queen_bess,Queen Bess,,,,,,true
wh2_dlc11_sc_cst_vampire_coast,wh2_dlc11_sc_cst_vampire_coast|wh2_dlc11_cst_cav_deck_droppers_0,wh2_dlc11_cst_cav_deck_droppers_0,Deck Droppers,,,,,,true
wh2_dlc11_sc_cst_vampire_coast,wh2_dlc11_sc_cst_vampire_coast|wh2_dlc11_cst_cav_deck_droppers_1,wh2_dlc11_cst_cav_deck_droppers_1,Deck Droppers (Bombers),,,,,,true
wh2_dlc11_sc_cst_vampire_coast,wh2_dlc11_sc_cst_vampire_coast|wh2_dlc11_cst_cav_deck_droppers_2,wh2_dlc11_cst_cav_deck_droppers_2,Deck Droppers (Handgunners),,,,,,true
wh2_dlc11_sc_cst_vampire_coast,wh2_dlc11_sc_cst_vampire_coast|wh2_dlc11_cst_cav_deck_droppers_ror_0,wh2_dlc11_cst_cav_deck_droppers_ror_0,Salt Lord Scuttlers (Deck Droppers – Bombers),,,,,,true
wh2_dlc11_sc_cst_vampire_coast,wh2_dlc11_sc_cst_vampire_coast|wh2_dlc11_cst_cha_aranessa_0,wh2_dlc11_cst_cha_aranessa_0,Aranessa Saltspite,,,,,On foot,true
wh2_dlc11_sc_cst_vampire_coast,wh2_dlc11_sc_cst_vampire_coast|wh2_dlc11_cst_cha_aranessa_0,wh2_dlc11_cst_cha_aranessa_1,Aranessa Saltspite,,,,,Rotting Promethean,true
wh2_dlc11_sc_cst_vampire_coast,wh2_dlc11_sc_cst_vampire_coast|wh2_dlc11_cst_cha_cylostra_direfin_0,wh2_dlc11_cst_cha_cylostra_direfin_0,Cylostra Direfin,,,,,On foot,true
wh2_dlc11_sc_cst_vampire_coast,wh2_dlc11_sc_cst_vampire_coast|wh2_dlc11_cst_cha_cylostra_direfin_0,wh2_dlc11_cst_cha_cylostra_direfin_1,Cylostra Direfin,,,,,Rotting Leviathan,true
wh2_dlc11_sc_cst_vampire_coast,wh2_dlc11_sc_cst_vampire_coast|wh2_dlc11_cst_cha_damned_paladin_0,wh2_dlc11_cst_cha_damned_paladin_0,Damned Paladin,,,,,On foot,false
wh2_dlc11_sc_cst_vampire_coast,wh2_dlc11_sc_cst_vampire_coast|wh2_dlc11_cst_cha_damned_paladin_0,wh2_dlc11_cst_cha_damned_paladin_1,Damned Paladin,,,,,Barded Warhorse,false
wh2_dlc11_sc_cst_vampire_coast,wh2_dlc11_sc_cst_vampire_coast|wh2_dlc11_cst_cha_gunnery_wight_0,wh2_dlc11_cst_cha_gunnery_wight_0,Gunnery Wight,,,,,On foot,true
wh2_dlc11_sc_cst_vampire_coast,wh2_dlc11_sc_cst_vampire_coast|wh2_dlc11_cst_cha_gunnery_wight_0,wh2_dlc11_cst_cha_gunnery_wight_1,Gunnery Wight,,,,,Rotting Promethean,true
wh2_dlc11_sc_cst_vampire_coast,wh2_dlc11_sc_cst_vampire_coast|wh2_dlc11_cst_cha_luthor_harkon_0,wh2_dlc11_cst_cha_luthor_harkon_0,Luthor Harkon,,,,,On foot,true
wh2_dlc11_sc_cst_vampire_coast,wh2_dlc11_sc_cst_vampire_coast|wh2_dlc11_cst_cha_luthor_harkon_0,wh2_dlc11_cst_cha_luthor_harkon_1,Luthor Harkon,,,,,Death Shriek Terrorgheist,true
wh2_dlc11_sc_cst_vampire_coast,wh2_dlc11_sc_cst_vampire_coast|wh2_dlc11_cst_cha_mourngul_haunter,wh2_dlc11_cst_cha_mourngul_haunter,Mourngul Haunter,,,,,,true
wh2_dlc11_sc_cst_vampire_coast,wh2_dlc11_sc_cst_vampire_coast|wh2_dlc11_cst_cha_vampire_fleet_admiral_death_0,wh2_dlc11_cst_cha_vampire_fleet_admiral_0,Vampire Fleet Admiral (Polearms – Vampires),Polearms – Vampires,,,,On foot,true
wh2_dlc11_sc_cst_vampire_coast,wh2_dlc11_sc_cst_vampire_coast|wh2_dlc11_cst_cha_vampire_fleet_admiral_death_0,wh2_dlc11_cst_cha_vampire_fleet_admiral_1,Vampire Fleet Admiral (Polearms – Vampires),Polearms – Vampires,,,,Rotting Promethean,true
wh2_dlc11_sc_cst_vampire_coast,wh2_dlc11_sc_cst_vampire_coast|wh2_dlc11_cst_cha_vampire_fleet_admiral_death_0,wh2_dlc11_cst_cha_vampire_fleet_admiral_death_0,Vampire Fleet Admiral (Polearms – Death),Polearms – Death,,,,On foot,true
wh2_dlc11_sc_cst_vampire_coast,wh2_dlc11_sc_cst_vampire_coast|wh2_dlc11_cst_cha_vampire_fleet_admiral_death_0,wh2_dlc11_cst_cha_vampire_fleet_admiral_death_1,Vampire Fleet Admiral (Polearms – Death),Polearms – Death,,,,Rotting Promethean,true
wh2_dlc11_sc_cst_vampire_coast,wh2_dlc11_sc_cst_vampire_coast|wh2_dlc11_cst_cha_vampire_fleet_admiral_death_0,wh2_dlc11_cst_cha_vampire_fleet_admiral_deeps_0,Vampire Fleet Admiral (Polearms – Deep),Polearms – Deep,,,,On foot,true
wh2_dlc11_sc_cst_vampire_coast,wh2_dlc11_sc_cst_vampire_coast|wh2_dlc11_cst_cha_vampire_fleet_admiral_death_0,wh2_dlc11_cst_cha_vampire_fleet_admiral_deeps_1,Vampire Fleet Admiral (Polearms – Deep),Polearms – Deep,,,,Rotting Promethean,true
wh2_dlc11_sc_cst_vampire_coast,wh2_dlc11_sc_cst_vampire_coast|wh2_dlc11_cst_cha_vampire_fleet_admiral_death_0,wh3_dlc29_cst_cha_vampire_fleet_admiral_undeath,Vampire Fleet Admiral (Polearms – Undeath),Polearms – Undeath,,,,On foot,true
wh2_dlc11_sc_cst_vampire_coast,wh2_dlc11_sc_cst_vampire_coast|wh2_dlc11_cst_cha_vampire_fleet_admiral_death_0,wh3_dlc29_cst_cha_vampire_fleet_admiral_undeath_rotting_promethean,Vampire Fleet Admiral (Polearms – Undeath),Polearms – Undeath,,,,Rotting Promethean,true
wh2_dlc11_sc_cst_vampire_coast,wh2_dlc11_sc_cst_vampire_coast|wh2_dlc11_cst_cha_vampire_fleet_admiral_female_death_0,wh2_dlc11_cst_cha_vampire_fleet_admiral_female_0,Vampire Fleet Admiral (Pistol – Vampires),Pistol – Vampires,,,,On foot,true
wh2_dlc11_sc_cst_vampire_coast,wh2_dlc11_sc_cst_vampire_coast|wh2_dlc11_cst_cha_vampire_fleet_admiral_female_death_0,wh2_dlc11_cst_cha_vampire_fleet_admiral_female_1,Vampire Fleet Admiral (Pistol – Vampires),Pistol – Vampires,,,,Rotting Promethean,true
wh2_dlc11_sc_cst_vampire_coast,wh2_dlc11_sc_cst_vampire_coast|wh2_dlc11_cst_cha_vampire_fleet_admiral_female_death_0,wh2_dlc11_cst_cha_vampire_fleet_admiral_female_death_0,Vampire Fleet Admiral (Pistol – Death),Pistol – Death,,,,On foot,true
wh2_dlc11_sc_cst_vampire_coast,wh2_dlc11_sc_cst_vampire_coast|wh2_dlc11_cst_cha_vampire_fleet_admiral_female_death_0,wh2_dlc11_cst_cha_vampire_fleet_admiral_female_death_1,Vampire Fleet Admiral (Pistol – Death),Pistol – Death,,,,Rotting Promethean,true
wh2_dlc11_sc_cst_vampire_coast,wh2_dlc11_sc_cst_vampire_coast|wh2_dlc11_cst_cha_vampire_fleet_admiral_female_death_0,wh2_dlc11_cst_cha_vampire_fleet_admiral_female_deeps_0,Vampire Fleet Admiral (Pistol – Deep),Pistol – Deep,,,,On foot,true
wh2_dlc11_sc_cst_vampire_coast,wh2_dlc11_sc_cst_vampire_coast|wh2_dlc11_cst_cha_vampire_fleet_admiral_female_death_0,wh2_dlc11_cst_cha_vampire_fleet_admiral_female_deeps_1,Vampire Fleet Admiral (Pistol – Deep),Pistol – Deep,,,,Rotting Promethean,true
wh2_dlc11_sc_cst_vampire_coast,wh2_dlc11_sc_cst_vampire_coast|wh2_dlc11_cst_cha_vampire_fleet_admiral_female_death_0,wh3_dlc29_cst_cha_vampire_fleet_admiral_female_undeath,Vampire Fleet Admiral (Pistol – Undeath),Pistol – Undeath,,,,On foot,true
wh2_dlc11_sc_cst_vampire_coast,wh2_dlc11_sc_cst_vampire_coast|wh2_dlc11_cst_cha_vampire_fleet_admiral_female_death_0,wh3_dlc29_cst_cha_vampire_fleet_admiral_female_undeath_rotting_promethean,Vampire Fleet Admiral (Pistol – Undeath),Pistol – Undeath,,,,Rotting Promethean,true
wh2_dlc11_sc_cst_vampire_coast,wh2_dlc11_sc_cst_vampire_coast|wh2_dlc11_cst_cha_vampire_fleet_captain_death_0,wh2_dlc11_cst_cha_vampire_fleet_captain_0,Vampire Fleet Captain (Vampires),Vampires,,,,On foot,true
wh2_dlc11_sc_cst_vampire_coast,wh2_dlc11_sc_cst_vampire_coast|wh2_dlc11_cst_cha_vampire_fleet_captain_death_0,wh2_dlc11_cst_cha_vampire_fleet_captain_1,Vampire Fleet Captain (Vampires),Vampires,,,,Rotting Promethean,true
wh2_dlc11_sc_cst_vampire_coast,wh2_dlc11_sc_cst_vampire_coast|wh2_dlc11_cst_cha_vampire_fleet_captain_death_0,wh2_dlc11_cst_cha_vampire_fleet_captain_death_0,Vampire Fleet Captain (Death),Death,,,,On foot,true
wh2_dlc11_sc_cst_vampire_coast,wh2_dlc11_sc_cst_vampire_coast|wh2_dlc11_cst_cha_vampire_fleet_captain_death_0,wh2_dlc11_cst_cha_vampire_fleet_captain_death_1,Vampire Fleet Captain (Death),Death,,,,Rotting Promethean,true
wh2_dlc11_sc_cst_vampire_coast,wh2_dlc11_sc_cst_vampire_coast|wh2_dlc11_cst_cha_vampire_fleet_captain_death_0,wh2_dlc11_cst_cha_vampire_fleet_captain_deeps_0,Vampire Fleet Captain (Deep),Deep,,,,On foot,true
wh2_dlc11_sc_cst_vampire_coast,wh2_dlc11_sc_cst_vampire_coast|wh2_dlc11_cst_cha_vampire_fleet_captain_death_0,wh2_dlc11_cst_cha_vampire_fleet_captain_deeps_1,Vampire Fleet Captain (Deep),Deep,,,,Rotting Promethean,true
wh2_dlc11_sc_cst_vampire_coast,wh2_dlc11_sc_cst_vampire_coast|wh2_dlc11_cst_cha_vampire_fleet_captain_death_0,wh3_dlc29_cst_cha_vampire_fleet_captain_undeath,Vampire Fleet Captain (Undeath),Undeath,,,,On foot,true
wh2_dlc11_sc_cst_vampire_coast,wh2_dlc11_sc_cst_vampire_coast|wh2_dlc11_cst_cha_vampire_fleet_captain_death_0,wh3_dlc29_cst_cha_vampire_fleet_captain_undeath_rotting_promethean,Vampire Fleet Captain (Undeath),Undeath,,,,Rotting Promethean,true
wh2_dlc11_sc_cst_vampire_coast,wh2_dlc11_sc_cst_vampire_coast|wh2_dlc11_cst_inf_count_noctilus_0,wh2_dlc11_cst_inf_count_noctilus_0,Count Noctilus,,,,,On foot,true
wh2_dlc11_sc_cst_vampire_coast,wh2_dlc11_sc_cst_vampire_coast|wh2_dlc11_cst_inf_count_noctilus_0,wh2_dlc11_cst_inf_count_noctilus_1,Count Noctilus,,,,,Necrofex Colossus,true
wh2_dlc11_sc_cst_vampire_coast,wh2_dlc11_sc_cst_vampire_coast|wh2_dlc11_cst_inf_deck_gunners_0,wh2_dlc11_cst_inf_deck_gunners_0,Deck Gunners,,,,,,true
wh2_dlc11_sc_cst_vampire_coast,wh2_dlc11_sc_cst_vampire_coast|wh2_dlc11_cst_inf_deck_gunners_ror_0,wh2_dlc11_cst_inf_deck_gunners_ror_0,Shadewraith Gunners (Deck Gunners),,,,,,true
wh2_dlc11_sc_cst_vampire_coast,wh2_dlc11_sc_cst_vampire_coast|wh2_dlc11_cst_inf_depth_guard_0,wh2_dlc11_cst_inf_depth_guard_0,Depth Guard,,,,,,true
wh2_dlc11_sc_cst_vampire_coast,wh2_dlc11_sc_cst_vampire_coast|wh2_dlc11_cst_inf_depth_guard_1,wh2_dlc11_cst_inf_depth_guard_1,Depth Guard (Polearms),,,,,,true
wh2_dlc11_sc_cst_vampire_coast,wh2_dlc11_sc_cst_vampire_coast|wh2_dlc11_cst_inf_depth_guard_ror_0,wh2_dlc11_cst_inf_depth_guard_ror_0,The Bloody Reaver Deck Guard (Depth Guard),,,,,,true
wh2_dlc11_sc_cst_vampire_coast,wh2_dlc11_sc_cst_vampire_coast|wh2_dlc11_cst_inf_sartosa_free_company_0,wh2_dlc11_cst_inf_sartosa_free_company_0,Sartosa Free Company,,,,,,false
wh2_dlc11_sc_cst_vampire_coast,wh2_dlc11_sc_cst_vampire_coast|wh2_dlc11_cst_inf_sartosa_militia_0,wh2_dlc11_cst_inf_sartosa_militia_0,Sartosa Militia,,,,,,false
wh2_dlc11_sc_cst_vampire_coast,wh2_dlc11_sc_cst_vampire_coast|wh2_dlc11_cst_inf_syreens,wh2_dlc11_cst_inf_syreens,Syreens,,,,,,true
wh2_dlc11_sc_cst_vampire_coast,wh2_dlc11_sc_cst_vampire_coast|wh2_dlc11_cst_inf_zombie_deckhands_mob_0,wh2_dlc11_cst_inf_zombie_deckhands_mob_0,Zombie Pirate Deckhand Mob,,,,,,true
wh2_dlc11_sc_cst_vampire_coast,wh2_dlc11_sc_cst_vampire_coast|wh2_dlc11_cst_inf_zombie_deckhands_mob_1,wh2_dlc11_cst_inf_zombie_deckhands_mob_1,Zombie Pirate Deckhand Mob (Polearms),,,,,,true
wh2_dlc11_sc_cst_vampire_coast,wh2_dlc11_sc_cst_vampire_coast|wh2_dlc11_cst_inf_zombie_deckhands_mob_ror_0,wh2_dlc11_cst_inf_zombie_deckhands_mob_ror_0,The Tide of Skjold (Zombie Pirate Deckhand Mob),,,,,,true
wh2_dlc11_sc_cst_vampire_coast,wh2_dlc11_sc_cst_vampire_coast|wh2_dlc11_cst_inf_zombie_gunnery_mob_0,wh2_dlc11_cst_inf_zombie_gunnery_mob_0,Zombie Pirate Gunnery Mob,,,,,,true
wh2_dlc11_sc_cst_vampire_coast,wh2_dlc11_sc_cst_vampire_coast|wh2_dlc11_cst_inf_zombie_gunnery_mob_1,wh2_dlc11_cst_inf_zombie_gunnery_mob_1,Zombie Pirate Gunnery Mob (Handgunners),,,,,,true
wh2_dlc11_sc_cst_vampire_coast,wh2_dlc11_sc_cst_vampire_coast|wh2_dlc11_cst_inf_zombie_gunnery_mob_2,wh2_dlc11_cst_inf_zombie_gunnery_mob_2,Zombie Pirate Gunnery Mob (Hand Cannons),,,,,,true
wh2_dlc11_sc_cst_vampire_coast,wh2_dlc11_sc_cst_vampire_coast|wh2_dlc11_cst_inf_zombie_gunnery_mob_3,wh2_dlc11_cst_inf_zombie_gunnery_mob_3,Zombie Pirate Gunnery Mob (Bombers),,,,,,true
wh2_dlc11_sc_cst_vampire_coast,wh2_dlc11_sc_cst_vampire_coast|wh2_dlc11_cst_inf_zombie_gunnery_mob_ror_0,wh2_dlc11_cst_inf_zombie_gunnery_mob_ror_0,The Black Spot (Zombie Pirate Gunnery Mob – Handgunners),,,,,,true
wh2_dlc11_sc_cst_vampire_coast,wh2_dlc11_sc_cst_vampire_coast|wh2_dlc11_cst_mon_animated_hulks_0,wh2_dlc11_cst_mon_animated_hulks_0,Animated Hulks,,,,,,true
wh2_dlc11_sc_cst_vampire_coast,wh2_dlc11_sc_cst_vampire_coast|wh2_dlc11_cst_mon_bloated_corpse_0,wh2_dlc11_cst_mon_bloated_corpse_0,Bloated Corpse,,,,,,true
wh2_dlc11_sc_cst_vampire_coast,wh2_dlc11_sc_cst_vampire_coast|wh2_dlc11_cst_mon_fell_bats,wh2_dlc11_cst_mon_fell_bats,Fell Bats,,,,,,true
wh2_dlc11_sc_cst_vampire_coast,wh2_dlc11_sc_cst_vampire_coast|wh2_dlc11_cst_mon_mournguls_0,wh2_dlc11_cst_mon_mournguls_0,Mournguls,,,,,,true
wh2_dlc11_sc_cst_vampire_coast,wh2_dlc11_sc_cst_vampire_coast|wh2_dlc11_cst_mon_mournguls_ror_0,wh2_dlc11_cst_mon_mournguls_ror_0,Night Terrors (Mournguls),,,,,,true
wh2_dlc11_sc_cst_vampire_coast,wh2_dlc11_sc_cst_vampire_coast|wh2_dlc11_cst_mon_necrofex_colossus_0,wh2_dlc11_cst_mon_necrofex_colossus_0,Necrofex Colossus,,,,,,true
wh2_dlc11_sc_cst_vampire_coast,wh2_dlc11_sc_cst_vampire_coast|wh2_dlc11_cst_mon_necrofex_colossus_ror_0,wh2_dlc11_cst_mon_necrofex_colossus_ror_0,Gallows Giant (Necrofex Colossus),,,,,,true
wh2_dlc11_sc_cst_vampire_coast,wh2_dlc11_sc_cst_vampire_coast|wh2_dlc11_cst_mon_rotting_leviathan_0,wh2_dlc11_cst_mon_rotting_leviathan_0,Rotting Leviathan,,,,,,true
wh2_dlc11_sc_cst_vampire_coast,wh2_dlc11_sc_cst_vampire_coast|wh2_dlc11_cst_mon_rotting_prometheans_0,wh2_dlc11_cst_mon_rotting_prometheans_0,Rotting Prometheans,,,,,,true
wh2_dlc11_sc_cst_vampire_coast,wh2_dlc11_sc_cst_vampire_coast|wh2_dlc11_cst_mon_rotting_prometheans_gunnery_mob_0,wh2_dlc11_cst_mon_rotting_prometheans_gunnery_mob_0,Rotting Prometheans (Gunnery Mob),,,,,,true
wh2_dlc11_sc_cst_vampire_coast,wh2_dlc11_sc_cst_vampire_coast|wh2_dlc11_cst_mon_rotting_prometheans_gunnery_mob_ror,wh2_dlc11_cst_mon_rotting_prometheans_gunnery_mob_ror,The Lamprey's Revenge (Rotting Promethean Gunnery Mob),,,,,,true
wh2_dlc11_sc_cst_vampire_coast,wh2_dlc11_sc_cst_vampire_coast|wh2_dlc11_cst_mon_scurvy_dogs,wh2_dlc11_cst_mon_scurvy_dogs,Scurvy Dogs,,,,,,true
wh2_dlc11_sc_cst_vampire_coast,wh2_dlc11_sc_cst_vampire_coast|wh2_dlc11_cst_mon_terrorgheist,wh2_dlc11_cst_mon_terrorgheist,Death Shriek Terrorgheist,,,,,,true
wh2_main_sc_def_dark_elves,wh2_main_sc_def_dark_elves|wh2_dlc10_def_cav_doomfire_warlocks_0,wh2_dlc10_def_cav_doomfire_warlocks_0,Doomfire Warlocks,,,,,,true
wh2_main_sc_def_dark_elves,wh2_main_sc_def_dark_elves|wh2_dlc10_def_cav_knights_of_the_ebon_claw_ror_0,wh2_dlc10_def_cav_knights_of_the_ebon_claw_ror_0,Knights of the Ebon Claw (Dread Knights),,,,,,true
wh2_main_sc_def_dark_elves,wh2_main_sc_def_dark_elves|wh2_dlc10_def_cav_raven_heralds_ror_0,wh2_dlc10_def_cav_raven_heralds_ror_0,Raven Heralds (Dark Riders),,,,,,true
wh2_main_sc_def_dark_elves,wh2_main_sc_def_dark_elves|wh2_dlc10_def_cav_slaanesh_harvesters_ror_0,wh2_dlc10_def_cav_slaanesh_harvesters_ror_0,Slaanesh's Harvesters (Doomfire Warlocks),,,,,,true
wh2_main_sc_def_dark_elves,wh2_main_sc_def_dark_elves|wh2_dlc10_def_cha_crone_0,wh2_dlc10_def_cha_crone_0,Crone Hellebron,,,,,On foot,true
wh2_main_sc_def_dark_elves,wh2_main_sc_def_dark_elves|wh2_dlc10_def_cha_crone_0,wh2_dlc10_def_cha_crone_1,Crone Hellebron,,,,,Dark Steed,true
wh2_main_sc_def_dark_elves,wh2_main_sc_def_dark_elves|wh2_dlc10_def_cha_crone_0,wh2_dlc10_def_cha_crone_4,Crone Hellebron,,,,,Cauldron of Blood,true
wh2_main_sc_def_dark_elves,wh2_main_sc_def_dark_elves|wh2_dlc10_def_cha_crone_0,wh2_dlc10_def_cha_crone_5,Crone Hellebron,,,,,Manticore,true
wh2_main_sc_def_dark_elves,wh2_main_sc_def_dark_elves|wh2_dlc10_def_cha_sorceress_beasts_0,wh2_dlc10_def_cha_sorceress_beasts_0,Sorceress (Beasts),Beasts,,,,On foot,true
wh2_main_sc_def_dark_elves,wh2_main_sc_def_dark_elves|wh2_dlc10_def_cha_sorceress_beasts_0,wh2_dlc10_def_cha_sorceress_beasts_1,Sorceress (Beasts),Beasts,,,,Dark Steed,true
wh2_main_sc_def_dark_elves,wh2_main_sc_def_dark_elves|wh2_dlc10_def_cha_sorceress_beasts_0,wh2_dlc10_def_cha_sorceress_beasts_2,Sorceress (Beasts),Beasts,,,,Cold One,true
wh2_main_sc_def_dark_elves,wh2_main_sc_def_dark_elves|wh2_dlc10_def_cha_sorceress_beasts_0,wh2_dlc10_def_cha_sorceress_beasts_3,Sorceress (Beasts),Beasts,,,,Dark Pegasus,true
wh2_main_sc_def_dark_elves,wh2_main_sc_def_dark_elves|wh2_dlc10_def_cha_sorceress_beasts_0,wh2_dlc10_def_cha_sorceress_death_0,Sorceress (Death),Death,,,,On foot,true
wh2_main_sc_def_dark_elves,wh2_main_sc_def_dark_elves|wh2_dlc10_def_cha_sorceress_beasts_0,wh2_dlc10_def_cha_sorceress_death_1,Sorceress (Death),Death,,,,Dark Steed,true
wh2_main_sc_def_dark_elves,wh2_main_sc_def_dark_elves|wh2_dlc10_def_cha_sorceress_beasts_0,wh2_dlc10_def_cha_sorceress_death_2,Sorceress (Death),Death,,,,Cold One,true
wh2_main_sc_def_dark_elves,wh2_main_sc_def_dark_elves|wh2_dlc10_def_cha_sorceress_beasts_0,wh2_dlc10_def_cha_sorceress_death_3,Sorceress (Death),Death,,,,Dark Pegasus,true
wh2_main_sc_def_dark_elves,wh2_main_sc_def_dark_elves|wh2_dlc10_def_cha_sorceress_beasts_0,wh2_main_def_cha_sorceress_dark_0,Sorceress (Dark),Dark,,,,On foot,true
wh2_main_sc_def_dark_elves,wh2_main_sc_def_dark_elves|wh2_dlc10_def_cha_sorceress_beasts_0,wh2_main_def_cha_sorceress_dark_1,Sorceress (Dark),Dark,,,,Dark Steed,true
wh2_main_sc_def_dark_elves,wh2_main_sc_def_dark_elves|wh2_dlc10_def_cha_sorceress_beasts_0,wh2_main_def_cha_sorceress_dark_2,Sorceress (Dark),Dark,,,,Cold One,true
wh2_main_sc_def_dark_elves,wh2_main_sc_def_dark_elves|wh2_dlc10_def_cha_sorceress_beasts_0,wh2_main_def_cha_sorceress_dark_3,Sorceress (Dark),Dark,,,,Dark Pegasus,true
wh2_main_sc_def_dark_elves,wh2_main_sc_def_dark_elves|wh2_dlc10_def_cha_sorceress_beasts_0,wh2_main_def_cha_sorceress_fire_0,Sorceress (Fire),Fire,,,,On foot,true
wh2_main_sc_def_dark_elves,wh2_main_sc_def_dark_elves|wh2_dlc10_def_cha_sorceress_beasts_0,wh2_main_def_cha_sorceress_fire_1,Sorceress (Fire),Fire,,,,Dark Steed,true
wh2_main_sc_def_dark_elves,wh2_main_sc_def_dark_elves|wh2_dlc10_def_cha_sorceress_beasts_0,wh2_main_def_cha_sorceress_fire_2,Sorceress (Fire),Fire,,,,Cold One,true
wh2_main_sc_def_dark_elves,wh2_main_sc_def_dark_elves|wh2_dlc10_def_cha_sorceress_beasts_0,wh2_main_def_cha_sorceress_fire_3,Sorceress (Fire),Fire,,,,Dark Pegasus,true
wh2_main_sc_def_dark_elves,wh2_main_sc_def_dark_elves|wh2_dlc10_def_cha_sorceress_beasts_0,wh2_main_def_cha_sorceress_shadow_0,Sorceress (Shadows),Shadows,,,,On foot,true
wh2_main_sc_def_dark_elves,wh2_main_sc_def_dark_elves|wh2_dlc10_def_cha_sorceress_beasts_0,wh2_main_def_cha_sorceress_shadow_1,Sorceress (Shadows),Shadows,,,,Dark Steed,true
wh2_main_sc_def_dark_elves,wh2_main_sc_def_dark_elves|wh2_dlc10_def_cha_sorceress_beasts_0,wh2_main_def_cha_sorceress_shadow_2,Sorceress (Shadows),Shadows,,,,Cold One,true
wh2_main_sc_def_dark_elves,wh2_main_sc_def_dark_elves|wh2_dlc10_def_cha_sorceress_beasts_0,wh2_main_def_cha_sorceress_shadow_3,Sorceress (Shadows),Shadows,,,,Dark Pegasus,true
wh2_main_sc_def_dark_elves,wh2_main_sc_def_dark_elves|wh2_dlc10_def_cha_supreme_sorceress_beasts_0,wh2_dlc10_def_cha_supreme_sorceress_beasts_0,Supreme Sorceress (Beasts),Beasts,,,,On foot,true
wh2_main_sc_def_dark_elves,wh2_main_sc_def_dark_elves|wh2_dlc10_def_cha_supreme_sorceress_beasts_0,wh2_dlc10_def_cha_supreme_sorceress_beasts_1,Supreme Sorceress (Beasts),Beasts,,,,Dark Steed,true
wh2_main_sc_def_dark_elves,wh2_main_sc_def_dark_elves|wh2_dlc10_def_cha_supreme_sorceress_beasts_0,wh2_dlc10_def_cha_supreme_sorceress_beasts_2,Supreme Sorceress (Beasts),Beasts,,,,Cold One,true
wh2_main_sc_def_dark_elves,wh2_main_sc_def_dark_elves|wh2_dlc10_def_cha_supreme_sorceress_beasts_0,wh2_dlc10_def_cha_supreme_sorceress_beasts_3,Supreme Sorceress (Beasts),Beasts,,,,Dark Pegasus,true
wh2_main_sc_def_dark_elves,wh2_main_sc_def_dark_elves|wh2_dlc10_def_cha_supreme_sorceress_beasts_0,wh2_dlc10_def_cha_supreme_sorceress_beasts_4,Supreme Sorceress (Beasts),Beasts,,,,Manticore,true
wh2_main_sc_def_dark_elves,wh2_main_sc_def_dark_elves|wh2_dlc10_def_cha_supreme_sorceress_beasts_0,wh2_dlc10_def_cha_supreme_sorceress_beasts_5,Supreme Sorceress (Beasts),Beasts,,,,Black Dragon,true
wh2_main_sc_def_dark_elves,wh2_main_sc_def_dark_elves|wh2_dlc10_def_cha_supreme_sorceress_beasts_0,wh2_dlc10_def_cha_supreme_sorceress_dark_0,Supreme Sorceress (Dark),Dark,,,,On foot,true
wh2_main_sc_def_dark_elves,wh2_main_sc_def_dark_elves|wh2_dlc10_def_cha_supreme_sorceress_beasts_0,wh2_dlc10_def_cha_supreme_sorceress_dark_1,Supreme Sorceress (Dark),Dark,,,,Dark Steed,true
wh2_main_sc_def_dark_elves,wh2_main_sc_def_dark_elves|wh2_dlc10_def_cha_supreme_sorceress_beasts_0,wh2_dlc10_def_cha_supreme_sorceress_dark_2,Supreme Sorceress (Dark),Dark,,,,Cold One,true
wh2_main_sc_def_dark_elves,wh2_main_sc_def_dark_elves|wh2_dlc10_def_cha_supreme_sorceress_beasts_0,wh2_dlc10_def_cha_supreme_sorceress_dark_3,Supreme Sorceress (Dark),Dark,,,,Dark Pegasus,true
wh2_main_sc_def_dark_elves,wh2_main_sc_def_dark_elves|wh2_dlc10_def_cha_supreme_sorceress_beasts_0,wh2_dlc10_def_cha_supreme_sorceress_dark_4,Supreme Sorceress (Dark),Dark,,,,Manticore,true
wh2_main_sc_def_dark_elves,wh2_main_sc_def_dark_elves|wh2_dlc10_def_cha_supreme_sorceress_beasts_0,wh2_dlc10_def_cha_supreme_sorceress_dark_5,Supreme Sorceress (Dark),Dark,,,,Black Dragon,true
wh2_main_sc_def_dark_elves,wh2_main_sc_def_dark_elves|wh2_dlc10_def_cha_supreme_sorceress_beasts_0,wh2_dlc10_def_cha_supreme_sorceress_death_0,Supreme Sorceress (Death),Death,,,,On foot,true
wh2_main_sc_def_dark_elves,wh2_main_sc_def_dark_elves|wh2_dlc10_def_cha_supreme_sorceress_beasts_0,wh2_dlc10_def_cha_supreme_sorceress_death_1,Supreme Sorceress (Death),Death,,,,Dark Steed,true
wh2_main_sc_def_dark_elves,wh2_main_sc_def_dark_elves|wh2_dlc10_def_cha_supreme_sorceress_beasts_0,wh2_dlc10_def_cha_supreme_sorceress_death_2,Supreme Sorceress (Death),Death,,,,Cold One,true
wh2_main_sc_def_dark_elves,wh2_main_sc_def_dark_elves|wh2_dlc10_def_cha_supreme_sorceress_beasts_0,wh2_dlc10_def_cha_supreme_sorceress_death_3,Supreme Sorceress (Death),Death,,,,Dark Pegasus,true
wh2_main_sc_def_dark_elves,wh2_main_sc_def_dark_elves|wh2_dlc10_def_cha_supreme_sorceress_beasts_0,wh2_dlc10_def_cha_supreme_sorceress_death_4,Supreme Sorceress (Death),Death,,,,Manticore,true
wh2_main_sc_def_dark_elves,wh2_main_sc_def_dark_elves|wh2_dlc10_def_cha_supreme_sorceress_beasts_0,wh2_dlc10_def_cha_supreme_sorceress_death_5,Supreme Sorceress (Death),Death,,,,Black Dragon,true
wh2_main_sc_def_dark_elves,wh2_main_sc_def_dark_elves|wh2_dlc10_def_cha_supreme_sorceress_beasts_0,wh2_dlc10_def_cha_supreme_sorceress_fire_0,Supreme Sorceress (Fire),Fire,,,,On foot,true
wh2_main_sc_def_dark_elves,wh2_main_sc_def_dark_elves|wh2_dlc10_def_cha_supreme_sorceress_beasts_0,wh2_dlc10_def_cha_supreme_sorceress_fire_1,Supreme Sorceress (Fire),Fire,,,,Dark Steed,true
wh2_main_sc_def_dark_elves,wh2_main_sc_def_dark_elves|wh2_dlc10_def_cha_supreme_sorceress_beasts_0,wh2_dlc10_def_cha_supreme_sorceress_fire_2,Supreme Sorceress (Fire),Fire,,,,Cold One,true
wh2_main_sc_def_dark_elves,wh2_main_sc_def_dark_elves|wh2_dlc10_def_cha_supreme_sorceress_beasts_0,wh2_dlc10_def_cha_supreme_sorceress_fire_3,Supreme Sorceress (Fire),Fire,,,,Dark Pegasus,true
wh2_main_sc_def_dark_elves,wh2_main_sc_def_dark_elves|wh2_dlc10_def_cha_supreme_sorceress_beasts_0,wh2_dlc10_def_cha_supreme_sorceress_fire_4,Supreme Sorceress (Fire),Fire,,,,Manticore,true
wh2_main_sc_def_dark_elves,wh2_main_sc_def_dark_elves|wh2_dlc10_def_cha_supreme_sorceress_beasts_0,wh2_dlc10_def_cha_supreme_sorceress_fire_5,Supreme Sorceress (Fire),Fire,,,,Black Dragon,true
wh2_main_sc_def_dark_elves,wh2_main_sc_def_dark_elves|wh2_dlc10_def_cha_supreme_sorceress_beasts_0,wh2_dlc10_def_cha_supreme_sorceress_shadow_0,Supreme Sorceress (Shadows),Shadows,,,,On foot,true
wh2_main_sc_def_dark_elves,wh2_main_sc_def_dark_elves|wh2_dlc10_def_cha_supreme_sorceress_beasts_0,wh2_dlc10_def_cha_supreme_sorceress_shadow_1,Supreme Sorceress (Shadows),Shadows,,,,Dark Steed,true
wh2_main_sc_def_dark_elves,wh2_main_sc_def_dark_elves|wh2_dlc10_def_cha_supreme_sorceress_beasts_0,wh2_dlc10_def_cha_supreme_sorceress_shadow_2,Supreme Sorceress (Shadows),Shadows,,,,Cold One,true
wh2_main_sc_def_dark_elves,wh2_main_sc_def_dark_elves|wh2_dlc10_def_cha_supreme_sorceress_beasts_0,wh2_dlc10_def_cha_supreme_sorceress_shadow_3,Supreme Sorceress (Shadows),Shadows,,,,Dark Pegasus,true
wh2_main_sc_def_dark_elves,wh2_main_sc_def_dark_elves|wh2_dlc10_def_cha_supreme_sorceress_beasts_0,wh2_dlc10_def_cha_supreme_sorceress_shadow_4,Supreme Sorceress (Shadows),Shadows,,,,Manticore,true
wh2_main_sc_def_dark_elves,wh2_main_sc_def_dark_elves|wh2_dlc10_def_cha_supreme_sorceress_beasts_0,wh2_dlc10_def_cha_supreme_sorceress_shadow_5,Supreme Sorceress (Shadows),Shadows,,,,Black Dragon,true
wh2_main_sc_def_dark_elves,wh2_main_sc_def_dark_elves|wh2_dlc10_def_inf_blades_of_the_blood_queen_ror_0,wh2_dlc10_def_inf_blades_of_the_blood_queen_ror_0,Blades of the Blood Queen (Har Ganeth Executioners),,,,,,true
wh2_main_sc_def_dark_elves,wh2_main_sc_def_dark_elves|wh2_dlc10_def_inf_sisters_of_slaughter,wh2_dlc10_def_inf_sisters_of_slaughter,Sisters of Slaughter,,,,,,true
wh2_main_sc_def_dark_elves,wh2_main_sc_def_dark_elves|wh2_dlc10_def_inf_sisters_of_the_singing_doom_ror_0,wh2_dlc10_def_inf_sisters_of_the_singing_doom_ror_0,Sisters of the Singing Doom (Witch Elves),,,,,,true
wh2_main_sc_def_dark_elves,wh2_main_sc_def_dark_elves|wh2_dlc10_def_inf_the_bolt_fiends_ror_0,wh2_dlc10_def_inf_the_bolt_fiends_ror_0,The Bolt-fiends (Darkshards – Shields),,,,,,true
wh2_main_sc_def_dark_elves,wh2_main_sc_def_dark_elves|wh2_dlc10_def_inf_the_hellebronai_ror_0,wh2_dlc10_def_inf_the_hellebronai_ror_0,The Hellebronai (Dreadspears),,,,,,true
wh2_main_sc_def_dark_elves,wh2_main_sc_def_dark_elves|wh2_dlc10_def_mon_chill_of_sontar_ror_0,wh2_dlc10_def_mon_chill_of_sontar_ror_0,Chill of Sontar (War Hydra),,,,,,true
wh2_main_sc_def_dark_elves,wh2_main_sc_def_dark_elves|wh2_dlc10_def_mon_feral_manticore_0,wh2_dlc10_def_mon_feral_manticore_0,Feral Manticore,,,,,,true
wh2_main_sc_def_dark_elves,wh2_main_sc_def_dark_elves|wh2_dlc10_def_mon_kharibdyss_0,wh2_dlc10_def_mon_kharibdyss_0,Kharibdyss,,,,,,true
wh2_main_sc_def_dark_elves,wh2_main_sc_def_dark_elves|wh2_dlc11_def_cha_lokhir_fellheart_0,wh2_dlc11_def_cha_lokhir_fellheart_0,Lokhir Fellheart,,,,,On foot,true
wh2_main_sc_def_dark_elves,wh2_main_sc_def_dark_elves|wh2_dlc11_def_cha_lokhir_fellheart_0,wh2_dlc11_def_cha_lokhir_fellheart_1,Lokhir Fellheart,,,,,Maelstrom,true
wh2_main_sc_def_dark_elves,wh2_main_sc_def_dark_elves|wh2_dlc14_def_cav_scourgerunner_chariot_0,wh2_dlc14_def_cav_scourgerunner_chariot_0,Scourgerunner Chariots,,,,,,true
wh2_main_sc_def_dark_elves,wh2_main_sc_def_dark_elves|wh2_dlc14_def_cav_scourgerunner_chariot_ror_0,wh2_dlc14_def_cav_scourgerunner_chariot_ror_0,Ravagers of Rakarth (Scourgerunner Chariots),,,,,,true
wh2_main_sc_def_dark_elves,wh2_main_sc_def_dark_elves|wh2_dlc14_def_cha_high_beastmaster_0,wh2_dlc14_def_cha_high_beastmaster_0,High Beastmaster,,,,,On foot,true
wh2_main_sc_def_dark_elves,wh2_main_sc_def_dark_elves|wh2_dlc14_def_cha_high_beastmaster_0,wh2_dlc14_def_cha_high_beastmaster_1,High Beastmaster,,,,,Scourgerunner Chariot,true
wh2_main_sc_def_dark_elves,wh2_main_sc_def_dark_elves|wh2_dlc14_def_cha_high_beastmaster_0,wh2_dlc14_def_cha_high_beastmaster_2,High Beastmaster,,,,,Manticore,true
wh2_main_sc_def_dark_elves,wh2_main_sc_def_dark_elves|wh2_dlc14_def_cha_malus_darkblade_0_mp,wh2_dlc14_def_cha_malus_darkblade_0_mp,Malus Darkblade,,,,,On foot,true
wh2_main_sc_def_dark_elves,wh2_main_sc_def_dark_elves|wh2_dlc14_def_cha_malus_darkblade_0_mp,wh2_dlc14_def_cha_malus_darkblade_1_mp,Malus Darkblade,,,,,Spite,true
wh2_main_sc_def_dark_elves,wh2_main_sc_def_dark_elves|wh2_dlc14_def_cha_master_0,wh2_dlc14_def_cha_master_0,Master,,,,,On foot,true
wh2_main_sc_def_dark_elves,wh2_main_sc_def_dark_elves|wh2_dlc14_def_cha_master_0,wh2_dlc14_def_cha_master_1,Master,,,,,Dark Steed,true
wh2_main_sc_def_dark_elves,wh2_main_sc_def_dark_elves|wh2_dlc14_def_cha_master_0,wh2_dlc14_def_cha_master_2,Master,,,,,Cold One,true
wh2_main_sc_def_dark_elves,wh2_main_sc_def_dark_elves|wh2_dlc14_def_cha_master_0,wh2_dlc14_def_cha_master_3,Master,,,,,Dark Pegasus,true
wh2_main_sc_def_dark_elves,wh2_main_sc_def_dark_elves|wh2_dlc14_def_cha_master_0,wh2_dlc14_def_cha_master_4,Master,,,,,Cold One Chariot,true
wh2_main_sc_def_dark_elves,wh2_main_sc_def_dark_elves|wh2_dlc14_def_inf_harpies_ror_0,wh2_dlc14_def_inf_harpies_ror_0,The Crows of Khaine (Harpies),,,,,,true
wh2_main_sc_def_dark_elves,wh2_main_sc_def_dark_elves|wh2_dlc14_def_mon_bloodwrack_medusa_0,wh2_dlc14_def_mon_bloodwrack_medusa_0,Bloodwrack Medusa,,,,,,true
wh2_main_sc_def_dark_elves,wh2_main_sc_def_dark_elves|wh2_dlc14_def_mon_bloodwrack_medusa_ror_0,wh2_dlc14_def_mon_bloodwrack_medusa_ror_0,The Siren of Red Ruin (Bloodwrack Medusa),,,,,,true
wh2_main_sc_def_dark_elves,wh2_main_sc_def_dark_elves|wh2_dlc14_def_veh_bloodwrack_shrine_0,wh2_dlc14_def_veh_bloodwrack_shrine_0,Bloodwrack Shrine,,,,,,true
wh2_main_sc_def_dark_elves,wh2_main_sc_def_dark_elves|wh2_dlc16_wef_mon_giant_spiders_0,wh2_dlc16_wef_mon_giant_spiders_0,Giant Spiders,,,,,,false
wh2_main_sc_def_dark_elves,wh2_main_sc_def_dark_elves|wh2_main_def_art_reaper_bolt_thrower,wh2_main_def_art_reaper_bolt_thrower,Reaper Bolt Throwers,,,,,,true
wh2_main_sc_def_dark_elves,wh2_main_sc_def_dark_elves|wh2_main_def_cav_cold_one_chariot,wh2_main_def_cav_cold_one_chariot,Cold One Chariots,,,,,,true
wh2_main_sc_def_dark_elves,wh2_main_sc_def_dark_elves|wh2_main_def_cav_cold_one_knights_0,wh2_main_def_cav_cold_one_knights_0,Cold One Knights,,,,,,true
wh2_main_sc_def_dark_elves,wh2_main_sc_def_dark_elves|wh2_main_def_cav_cold_one_knights_1,wh2_main_def_cav_cold_one_knights_1,Cold One Dread Knights,,,,,,true
wh2_main_sc_def_dark_elves,wh2_main_sc_def_dark_elves|wh2_main_def_cav_dark_riders_0,wh2_main_def_cav_dark_riders_0,Dark Riders,,,,,,true
wh2_main_sc_def_dark_elves,wh2_main_sc_def_dark_elves|wh2_main_def_cav_dark_riders_1,wh2_main_def_cav_dark_riders_1,Dark Riders (Shields),,,,,,true
wh2_main_sc_def_dark_elves,wh2_main_sc_def_dark_elves|wh2_main_def_cav_dark_riders_2,wh2_main_def_cav_dark_riders_2,Dark Riders (Repeater Crossbows),,,,,,true
wh2_main_sc_def_dark_elves,wh2_main_sc_def_dark_elves|wh2_main_def_cha_death_hag_0,wh2_main_def_cha_death_hag_0,Death Hag,,,,,On foot,true
wh2_main_sc_def_dark_elves,wh2_main_sc_def_dark_elves|wh2_main_def_cha_death_hag_0,wh2_main_def_cha_death_hag_1,Death Hag,,,,,Cauldron of Blood,true
wh2_main_sc_def_dark_elves,wh2_main_sc_def_dark_elves|wh2_main_def_cha_dreadlord_0,wh2_main_def_cha_dreadlord_0,Dreadlord (Sword & Crossbow),,,,,On foot,true
wh2_main_sc_def_dark_elves,wh2_main_sc_def_dark_elves|wh2_main_def_cha_dreadlord_0,wh2_main_def_cha_dreadlord_1,Dreadlord (Sword & Crossbow),,,,,Dark Steed,true
wh2_main_sc_def_dark_elves,wh2_main_sc_def_dark_elves|wh2_main_def_cha_dreadlord_0,wh2_main_def_cha_dreadlord_2,Dreadlord (Sword & Crossbow),,,,,Cold One,true
wh2_main_sc_def_dark_elves,wh2_main_sc_def_dark_elves|wh2_main_def_cha_dreadlord_0,wh2_main_def_cha_dreadlord_4,Dreadlord (Sword & Crossbow),,,,,Black Dragon,true
wh2_main_sc_def_dark_elves,wh2_main_sc_def_dark_elves|wh2_main_def_cha_dreadlord_0,wh2_main_def_cha_dreadlord_5,Dreadlord (Sword & Crossbow),,,,,Dark Pegasus,true
wh2_main_sc_def_dark_elves,wh2_main_sc_def_dark_elves|wh2_main_def_cha_dreadlord_female_0,wh2_main_def_cha_dreadlord_female_0,Dreadlord (Sword & Shield),,,,,On foot,true
wh2_main_sc_def_dark_elves,wh2_main_sc_def_dark_elves|wh2_main_def_cha_dreadlord_female_0,wh2_main_def_cha_dreadlord_female_1,Dreadlord (Sword & Shield),,,,,Dark Steed,true
wh2_main_sc_def_dark_elves,wh2_main_sc_def_dark_elves|wh2_main_def_cha_dreadlord_female_0,wh2_main_def_cha_dreadlord_female_2,Dreadlord (Sword & Shield),,,,,Cold One,true
wh2_main_sc_def_dark_elves,wh2_main_sc_def_dark_elves|wh2_main_def_cha_dreadlord_female_0,wh2_main_def_cha_dreadlord_female_4,Dreadlord (Sword & Shield),,,,,Black Dragon,true
wh2_main_sc_def_dark_elves,wh2_main_sc_def_dark_elves|wh2_main_def_cha_dreadlord_female_0,wh2_main_def_cha_dreadlord_female_5,Dreadlord (Sword & Shield),,,,,Dark Pegasus,true
wh2_main_sc_def_dark_elves,wh2_main_sc_def_dark_elves|wh2_main_def_cha_khainite_assassin_0,wh2_main_def_cha_khainite_assassin_0,Khainite Assassin,,,,,,true
wh2_main_sc_def_dark_elves,wh2_main_sc_def_dark_elves|wh2_main_def_cha_malekith_0,wh2_main_def_cha_malekith_0,Malekith,,,,,On foot,true
wh2_main_sc_def_dark_elves,wh2_main_sc_def_dark_elves|wh2_main_def_cha_malekith_0,wh2_main_def_cha_malekith_1,Malekith,,,,,Cold One,true
wh2_main_sc_def_dark_elves,wh2_main_sc_def_dark_elves|wh2_main_def_cha_malekith_0,wh2_main_def_cha_malekith_2,Malekith,,,,,Cold One Chariot,true
wh2_main_sc_def_dark_elves,wh2_main_sc_def_dark_elves|wh2_main_def_cha_malekith_0,wh2_main_def_cha_malekith_3,Malekith,,,,,Seraphon,true
wh2_main_sc_def_dark_elves,wh2_main_sc_def_dark_elves|wh2_main_def_cha_morathi_0,wh2_main_def_cha_morathi_0,Morathi,,,,,On foot,true
wh2_main_sc_def_dark_elves,wh2_main_sc_def_dark_elves|wh2_main_def_cha_morathi_0,wh2_main_def_cha_morathi_1,Morathi,,,,,Sulephet,true
wh2_main_sc_def_dark_elves,wh2_main_sc_def_dark_elves|wh2_main_def_inf_black_ark_corsairs_0,wh2_main_def_inf_black_ark_corsairs_0,Black Ark Corsairs,,,,,,true
wh2_main_sc_def_dark_elves,wh2_main_sc_def_dark_elves|wh2_main_def_inf_black_ark_corsairs_1,wh2_main_def_inf_black_ark_corsairs_1,Black Ark Corsairs (Handbows),,,,,,true
wh2_main_sc_def_dark_elves,wh2_main_sc_def_dark_elves|wh2_main_def_inf_black_guard_0,wh2_main_def_inf_black_guard_0,Black Guard of Naggarond,,,,,,true
wh2_main_sc_def_dark_elves,wh2_main_sc_def_dark_elves|wh2_main_def_inf_bleakswords_0,wh2_main_def_inf_bleakswords_0,Bleakswords,,,,,,true
wh2_main_sc_def_dark_elves,wh2_main_sc_def_dark_elves|wh2_main_def_inf_darkshards_0,wh2_main_def_inf_darkshards_0,Darkshards,,,,,,true
wh2_main_sc_def_dark_elves,wh2_main_sc_def_dark_elves|wh2_main_def_inf_darkshards_1,wh2_main_def_inf_darkshards_1,Darkshards (Shields),,,,,,true
wh2_main_sc_def_dark_elves,wh2_main_sc_def_dark_elves|wh2_main_def_inf_dreadspears_0,wh2_main_def_inf_dreadspears_0,Dreadspears,,,,,,true
wh2_main_sc_def_dark_elves,wh2_main_sc_def_dark_elves|wh2_main_def_inf_har_ganeth_executioners_0,wh2_main_def_inf_har_ganeth_executioners_0,Har Ganeth Executioners,,,,,,true
wh2_main_sc_def_dark_elves,wh2_main_sc_def_dark_elves|wh2_main_def_inf_harpies,wh2_main_def_inf_harpies,Harpies,,,,,,true
wh2_main_sc_def_dark_elves,wh2_main_sc_def_dark_elves|wh2_main_def_inf_shades_0,wh2_main_def_inf_shades_0,Shades,,,,,,true
wh2_main_sc_def_dark_elves,wh2_main_sc_def_dark_elves|wh2_main_def_inf_shades_1,wh2_main_def_inf_shades_1,Shades (Dual Weapons),,,,,,true
wh2_main_sc_def_dark_elves,wh2_main_sc_def_dark_elves|wh2_main_def_inf_shades_2,wh2_main_def_inf_shades_2,Shades (Greatswords),,,,,,true
wh2_main_sc_def_dark_elves,wh2_main_sc_def_dark_elves|wh2_main_def_inf_witch_elves_0,wh2_main_def_inf_witch_elves_0,Witch Elves,,,,,,true
wh2_main_sc_def_dark_elves,wh2_main_sc_def_dark_elves|wh2_main_def_mon_black_dragon,wh2_main_def_mon_black_dragon,Black Dragon,,,,,,true
wh2_main_sc_def_dark_elves,wh2_main_sc_def_dark_elves|wh2_main_def_mon_war_hydra,wh2_main_def_mon_war_hydra,War Hydra,,,,,,true
wh2_main_sc_def_dark_elves,wh2_main_sc_def_dark_elves|wh2_main_lzd_cav_cold_ones_feral_0,wh2_main_lzd_cav_cold_ones_feral_0,Feral Cold Ones,,,,,,false
wh2_main_sc_def_dark_elves,wh2_main_sc_def_dark_elves|wh2_main_lzd_mon_carnosaur_0,wh2_main_lzd_mon_carnosaur_0,Feral Carnosaur,,,,,,false
wh2_main_sc_def_dark_elves,wh2_main_sc_def_dark_elves|wh2_main_lzd_mon_stegadon_0,wh2_main_lzd_mon_stegadon_0,Feral Stegadon,,,,,,false
wh2_main_sc_def_dark_elves,wh2_main_sc_def_dark_elves|wh2_twa03_def_cha_rakarth_0,wh2_twa03_def_cha_rakarth_0,Rakarth,,,,,On foot,true
wh2_main_sc_def_dark_elves,wh2_main_sc_def_dark_elves|wh2_twa03_def_cha_rakarth_0,wh2_twa03_def_cha_rakarth_1,Rakarth,,,,,Scourgerunner Chariot,true
wh2_main_sc_def_dark_elves,wh2_main_sc_def_dark_elves|wh2_twa03_def_cha_rakarth_0,wh2_twa03_def_cha_rakarth_2,Rakarth,,,,,Manticore,true
wh2_main_sc_def_dark_elves,wh2_main_sc_def_dark_elves|wh2_twa03_def_cha_rakarth_0,wh2_twa03_def_cha_rakarth_3,Rakarth,,,,,Bracchus,true
wh2_main_sc_def_dark_elves,wh2_main_sc_def_dark_elves|wh2_twa03_def_mon_war_mammoth_0,wh2_twa03_def_mon_war_mammoth_0,Feral Mammoth,,,,,,false
wh2_main_sc_def_dark_elves,wh2_main_sc_def_dark_elves|wh2_twa03_def_mon_wolves_0,wh2_twa03_def_mon_wolves_0,Giant Wolves,,,,,,false
wh2_main_sc_def_dark_elves,wh2_main_sc_def_dark_elves|wh2_twa03_grn_mon_wyvern_0,wh2_twa03_grn_mon_wyvern_0,Feral Wyvern,,,,,,false
wh2_main_sc_def_dark_elves,wh2_main_sc_def_dark_elves|wh3_main_monster_feral_bears,wh3_main_monster_feral_bears,Feral Bears,,,,,,false
wh2_main_sc_def_dark_elves,wh2_main_sc_def_dark_elves|wh3_main_monster_feral_ice_bears,wh3_main_monster_feral_ice_bears,Feral Ice Bears,,,,,,false
wh2_main_sc_def_dark_elves,wh2_main_sc_def_dark_elves|wh3_main_ogr_mon_sabretusk_pack_0,wh3_main_ogr_mon_sabretusk_pack_0,Sabretusk Pack,,,,,,false
wh2_main_sc_def_dark_elves,wh2_main_sc_def_dark_elves|wh_twa03_def_inf_squig_explosive_0,wh_twa03_def_inf_squig_explosive_0,Explosive Squig,,,,,,false
wh2_main_sc_hef_high_elves,wh2_main_sc_hef_high_elves|wh2_dlc10_hef_cav_the_fireborn_ror_0,wh2_dlc10_hef_cav_the_fireborn_ror_0,The Fireborn (Dragon Princes),,,,,,true
wh2_main_sc_hef_high_elves,wh2_main_sc_hef_high_elves|wh2_dlc10_hef_cav_the_heralds_of_the_wind_ror_0,wh2_dlc10_hef_cav_the_heralds_of_the_wind_ror_0,Heralds of the Wind (Ellyrian Reavers – Bows),,,,,,true
wh2_main_sc_hef_high_elves,wh2_main_sc_hef_high_elves|wh2_dlc10_hef_cha_alarielle_the_radiant_0,wh2_dlc10_hef_cha_alarielle_the_radiant_0,Alarielle the Radiant,,,,,On foot,true
wh2_main_sc_hef_high_elves,wh2_main_sc_hef_high_elves|wh2_dlc10_hef_cha_alarielle_the_radiant_0,wh2_dlc10_hef_cha_alarielle_the_radiant_2,Alarielle the Radiant,,,,,Barded Ithilmar Steed,true
wh2_main_sc_hef_high_elves,wh2_main_sc_hef_high_elves|wh2_dlc10_hef_cha_alarielle_the_radiant_0,wh2_dlc10_hef_cha_alarielle_the_radiant_3,Alarielle the Radiant,,,,,Great Eagle,true
wh2_main_sc_hef_high_elves,wh2_main_sc_hef_high_elves|wh2_dlc10_hef_cha_alith_anar_0,wh2_dlc10_hef_cha_alith_anar_0,Alith Anar,,,,,,true
wh2_main_sc_hef_high_elves,wh2_main_sc_hef_high_elves|wh2_dlc10_hef_cha_handmaiden_0,wh2_dlc10_hef_cha_handmaiden_0,Handmaiden of the Everqueen,,,,,On foot,true
wh2_main_sc_hef_high_elves,wh2_main_sc_hef_high_elves|wh2_dlc10_hef_cha_handmaiden_0,wh2_dlc10_hef_cha_handmaiden_2,Handmaiden of the Everqueen,,,,,Barded Ithilmar Steed,true
wh2_main_sc_hef_high_elves,wh2_main_sc_hef_high_elves|wh2_dlc10_hef_cha_shadow_walker,wh2_dlc10_hef_cha_shadow_walker,Hand of the Shadow Crown,,,,,,false
wh2_main_sc_hef_high_elves,wh2_main_sc_hef_high_elves|wh2_dlc10_hef_inf_dryads_0,wh2_dlc10_hef_inf_dryads_0,Dryads,,,Avelorn,,,false
wh2_main_sc_hef_high_elves,wh2_main_sc_hef_high_elves|wh2_dlc10_hef_inf_everqueens_court_guards_ror_0,wh2_dlc10_hef_inf_everqueens_court_guards_ror_0,Everqueen's Court Guards (Sisters of Avelorn),,,,,,true
wh2_main_sc_hef_high_elves,wh2_main_sc_hef_high_elves|wh2_dlc10_hef_inf_keepers_of_the_flame_ror_0,wh2_dlc10_hef_inf_keepers_of_the_flame_ror_0,Keepers of the Flame (Phoenix Guard),,,,,,true
wh2_main_sc_hef_high_elves,wh2_main_sc_hef_high_elves|wh2_dlc10_hef_inf_shadow_walkers_0,wh2_dlc10_hef_inf_shadow_walkers_0,Shadow-walkers,,,,,,true
wh2_main_sc_hef_high_elves,wh2_main_sc_hef_high_elves|wh2_dlc10_hef_inf_shadow_warriors_0,wh2_dlc10_hef_inf_shadow_warriors_0,Shadow Warriors,,,,,,true
wh2_main_sc_hef_high_elves,wh2_main_sc_hef_high_elves|wh2_dlc10_hef_inf_sisters_of_avelorn_0,wh2_dlc10_hef_inf_sisters_of_avelorn_0,Sisters of Avelorn,,,,,,true
wh2_main_sc_hef_high_elves,wh2_main_sc_hef_high_elves|wh2_dlc10_hef_inf_the_grey_ror_0,wh2_dlc10_hef_inf_the_grey_ror_0,The Grey (Shadow Warriors),,,,,,true
wh2_main_sc_hef_high_elves,wh2_main_sc_hef_high_elves|wh2_dlc10_hef_inf_the_scions_of_mathlann_ror_0,wh2_dlc10_hef_inf_the_scions_of_mathlann_ror_0,The Scions of Mathlann (Spearmen),,,,,,true
wh2_main_sc_hef_high_elves,wh2_main_sc_hef_high_elves|wh2_dlc10_hef_inf_the_silverpelts_ror_0,wh2_dlc10_hef_inf_the_silverpelts_ror_0,The Puremane Company (White Lions of Chrace),,,,,,true
wh2_main_sc_hef_high_elves,wh2_main_sc_hef_high_elves|wh2_dlc10_hef_inf_the_storm_riders_ror_0,wh2_dlc10_hef_inf_the_storm_riders_ror_0,The Storm Riders (Lothern Sea Guard),,,,,,true
wh2_main_sc_hef_high_elves,wh2_main_sc_hef_high_elves|wh2_dlc10_hef_mon_treekin_0,wh2_dlc10_hef_mon_treekin_0,Tree Kin,,,Avelorn,,,false
wh2_main_sc_hef_high_elves,wh2_main_sc_hef_high_elves|wh2_dlc10_hef_mon_treeman_0,wh2_dlc10_hef_mon_treeman_0,Treeman,,,Avelorn,,,false
wh2_main_sc_hef_high_elves,wh2_main_sc_hef_high_elves|wh2_dlc15_hef_cha_archmage_beasts_0,wh2_dlc15_hef_cha_archmage_beasts_0,Archmage (Beasts),Beasts,,,,On foot,true
wh2_main_sc_hef_high_elves,wh2_main_sc_hef_high_elves|wh2_dlc15_hef_cha_archmage_beasts_0,wh2_dlc15_hef_cha_archmage_beasts_1,Archmage (Beasts),Beasts,,,,Barded Ithilmar Steed,true
wh2_main_sc_hef_high_elves,wh2_main_sc_hef_high_elves|wh2_dlc15_hef_cha_archmage_beasts_0,wh2_dlc15_hef_cha_archmage_beasts_2,Archmage (Beasts),Beasts,,,,Ithilmar Chariot,true
wh2_main_sc_hef_high_elves,wh2_main_sc_hef_high_elves|wh2_dlc15_hef_cha_archmage_beasts_0,wh2_dlc15_hef_cha_archmage_beasts_3,Archmage (Beasts),Beasts,,,,Great Eagle,true
wh2_main_sc_hef_high_elves,wh2_main_sc_hef_high_elves|wh2_dlc15_hef_cha_archmage_beasts_0,wh2_dlc15_hef_cha_archmage_beasts_4,Archmage (Beasts),Beasts,,,,Moon Dragon,true
wh2_main_sc_hef_high_elves,wh2_main_sc_hef_high_elves|wh2_dlc15_hef_cha_archmage_beasts_0,wh2_dlc15_hef_cha_archmage_death_0,Archmage (Death),Death,,,,On foot,true
wh2_main_sc_hef_high_elves,wh2_main_sc_hef_high_elves|wh2_dlc15_hef_cha_archmage_beasts_0,wh2_dlc15_hef_cha_archmage_death_1,Archmage (Death),Death,,,,Barded Ithilmar Steed,true
wh2_main_sc_hef_high_elves,wh2_main_sc_hef_high_elves|wh2_dlc15_hef_cha_archmage_beasts_0,wh2_dlc15_hef_cha_archmage_death_2,Archmage (Death),Death,,,,Ithilmar Chariot,true
wh2_main_sc_hef_high_elves,wh2_main_sc_hef_high_elves|wh2_dlc15_hef_cha_archmage_beasts_0,wh2_dlc15_hef_cha_archmage_death_3,Archmage (Death),Death,,,,Great Eagle,true
wh2_main_sc_hef_high_elves,wh2_main_sc_hef_high_elves|wh2_dlc15_hef_cha_archmage_beasts_0,wh2_dlc15_hef_cha_archmage_death_4,Archmage (Death),Death,,,,Moon Dragon,true
wh2_main_sc_hef_high_elves,wh2_main_sc_hef_high_elves|wh2_dlc15_hef_cha_archmage_beasts_0,wh2_dlc15_hef_cha_archmage_fire_0,Archmage (Fire),Fire,,,,On foot,true
wh2_main_sc_hef_high_elves,wh2_main_sc_hef_high_elves|wh2_dlc15_hef_cha_archmage_beasts_0,wh2_dlc15_hef_cha_archmage_fire_1,Archmage (Fire),Fire,,,,Barded Ithilmar Steed,true
wh2_main_sc_hef_high_elves,wh2_main_sc_hef_high_elves|wh2_dlc15_hef_cha_archmage_beasts_0,wh2_dlc15_hef_cha_archmage_fire_2,Archmage (Fire),Fire,,,,Ithilmar Chariot,true
wh2_main_sc_hef_high_elves,wh2_main_sc_hef_high_elves|wh2_dlc15_hef_cha_archmage_beasts_0,wh2_dlc15_hef_cha_archmage_fire_3,Archmage (Fire),Fire,,,,Great Eagle,true
wh2_main_sc_hef_high_elves,wh2_main_sc_hef_high_elves|wh2_dlc15_hef_cha_archmage_beasts_0,wh2_dlc15_hef_cha_archmage_fire_4,Archmage (Fire),Fire,,,,Moon Dragon,true
wh2_main_sc_hef_high_elves,wh2_main_sc_hef_high_elves|wh2_dlc15_hef_cha_archmage_beasts_0,wh2_dlc15_hef_cha_archmage_heavens_0,Archmage (Heavens),Heavens,,,,On foot,true
wh2_main_sc_hef_high_elves,wh2_main_sc_hef_high_elves|wh2_dlc15_hef_cha_archmage_beasts_0,wh2_dlc15_hef_cha_archmage_heavens_1,Archmage (Heavens),Heavens,,,,Barded Ithilmar Steed,true
wh2_main_sc_hef_high_elves,wh2_main_sc_hef_high_elves|wh2_dlc15_hef_cha_archmage_beasts_0,wh2_dlc15_hef_cha_archmage_heavens_2,Archmage (Heavens),Heavens,,,,Ithilmar Chariot,true
wh2_main_sc_hef_high_elves,wh2_main_sc_hef_high_elves|wh2_dlc15_hef_cha_archmage_beasts_0,wh2_dlc15_hef_cha_archmage_heavens_3,Archmage (Heavens),Heavens,,,,Great Eagle,true
wh2_main_sc_hef_high_elves,wh2_main_sc_hef_high_elves|wh2_dlc15_hef_cha_archmage_beasts_0,wh2_dlc15_hef_cha_archmage_heavens_4,Archmage (Heavens),Heavens,,,,Moon Dragon,true
wh2_main_sc_hef_high_elves,wh2_main_sc_hef_high_elves|wh2_dlc15_hef_cha_archmage_beasts_0,wh2_dlc15_hef_cha_archmage_high_0,Archmage (High),High,,,,On foot,true
wh2_main_sc_hef_high_elves,wh2_main_sc_hef_high_elves|wh2_dlc15_hef_cha_archmage_beasts_0,wh2_dlc15_hef_cha_archmage_high_1,Archmage (High),High,,,,Barded Ithilmar Steed,true
wh2_main_sc_hef_high_elves,wh2_main_sc_hef_high_elves|wh2_dlc15_hef_cha_archmage_beasts_0,wh2_dlc15_hef_cha_archmage_high_2,Archmage (High),High,,,,Ithilmar Chariot,true
wh2_main_sc_hef_high_elves,wh2_main_sc_hef_high_elves|wh2_dlc15_hef_cha_archmage_beasts_0,wh2_dlc15_hef_cha_archmage_high_3,Archmage (High),High,,,,Great Eagle,true
wh2_main_sc_hef_high_elves,wh2_main_sc_hef_high_elves|wh2_dlc15_hef_cha_archmage_beasts_0,wh2_dlc15_hef_cha_archmage_high_4,Archmage (High),High,,,,Moon Dragon,true
wh2_main_sc_hef_high_elves,wh2_main_sc_hef_high_elves|wh2_dlc15_hef_cha_archmage_beasts_0,wh2_dlc15_hef_cha_archmage_life_0,Archmage (Life),Life,,,,On foot,true
wh2_main_sc_hef_high_elves,wh2_main_sc_hef_high_elves|wh2_dlc15_hef_cha_archmage_beasts_0,wh2_dlc15_hef_cha_archmage_life_1,Archmage (Life),Life,,,,Barded Ithilmar Steed,true
wh2_main_sc_hef_high_elves,wh2_main_sc_hef_high_elves|wh2_dlc15_hef_cha_archmage_beasts_0,wh2_dlc15_hef_cha_archmage_life_2,Archmage (Life),Life,,,,Ithilmar Chariot,true
wh2_main_sc_hef_high_elves,wh2_main_sc_hef_high_elves|wh2_dlc15_hef_cha_archmage_beasts_0,wh2_dlc15_hef_cha_archmage_life_3,Archmage (Life),Life,,,,Great Eagle,true
wh2_main_sc_hef_high_elves,wh2_main_sc_hef_high_elves|wh2_dlc15_hef_cha_archmage_beasts_0,wh2_dlc15_hef_cha_archmage_life_4,Archmage (Life),Life,,,,Moon Dragon,true
wh2_main_sc_hef_high_elves,wh2_main_sc_hef_high_elves|wh2_dlc15_hef_cha_archmage_beasts_0,wh2_dlc15_hef_cha_archmage_light_0,Archmage (Light),Light,,,,On foot,true
wh2_main_sc_hef_high_elves,wh2_main_sc_hef_high_elves|wh2_dlc15_hef_cha_archmage_beasts_0,wh2_dlc15_hef_cha_archmage_light_1,Archmage (Light),Light,,,,Barded Ithilmar Steed,true
wh2_main_sc_hef_high_elves,wh2_main_sc_hef_high_elves|wh2_dlc15_hef_cha_archmage_beasts_0,wh2_dlc15_hef_cha_archmage_light_2,Archmage (Light),Light,,,,Ithilmar Chariot,true
wh2_main_sc_hef_high_elves,wh2_main_sc_hef_high_elves|wh2_dlc15_hef_cha_archmage_beasts_0,wh2_dlc15_hef_cha_archmage_light_3,Archmage (Light),Light,,,,Great Eagle,true
wh2_main_sc_hef_high_elves,wh2_main_sc_hef_high_elves|wh2_dlc15_hef_cha_archmage_beasts_0,wh2_dlc15_hef_cha_archmage_light_4,Archmage (Light),Light,,,,Moon Dragon,true
wh2_main_sc_hef_high_elves,wh2_main_sc_hef_high_elves|wh2_dlc15_hef_cha_archmage_beasts_0,wh2_dlc15_hef_cha_archmage_metal_0,Archmage (Metal),Metal,,,,On foot,true
wh2_main_sc_hef_high_elves,wh2_main_sc_hef_high_elves|wh2_dlc15_hef_cha_archmage_beasts_0,wh2_dlc15_hef_cha_archmage_metal_1,Archmage (Metal),Metal,,,,Barded Ithilmar Steed,true
wh2_main_sc_hef_high_elves,wh2_main_sc_hef_high_elves|wh2_dlc15_hef_cha_archmage_beasts_0,wh2_dlc15_hef_cha_archmage_metal_2,Archmage (Metal),Metal,,,,Ithilmar Chariot,true
wh2_main_sc_hef_high_elves,wh2_main_sc_hef_high_elves|wh2_dlc15_hef_cha_archmage_beasts_0,wh2_dlc15_hef_cha_archmage_metal_3,Archmage (Metal),Metal,,,,Great Eagle,true
wh2_main_sc_hef_high_elves,wh2_main_sc_hef_high_elves|wh2_dlc15_hef_cha_archmage_beasts_0,wh2_dlc15_hef_cha_archmage_metal_4,Archmage (Metal),Metal,,,,Moon Dragon,true
wh2_main_sc_hef_high_elves,wh2_main_sc_hef_high_elves|wh2_dlc15_hef_cha_archmage_beasts_0,wh2_dlc15_hef_cha_archmage_shadows_0,Archmage (Shadows),Shadows,,,,On foot,true
wh2_main_sc_hef_high_elves,wh2_main_sc_hef_high_elves|wh2_dlc15_hef_cha_archmage_beasts_0,wh2_dlc15_hef_cha_archmage_shadows_1,Archmage (Shadows),Shadows,,,,Barded Ithilmar Steed,true
wh2_main_sc_hef_high_elves,wh2_main_sc_hef_high_elves|wh2_dlc15_hef_cha_archmage_beasts_0,wh2_dlc15_hef_cha_archmage_shadows_2,Archmage (Shadows),Shadows,,,,Ithilmar Chariot,true
wh2_main_sc_hef_high_elves,wh2_main_sc_hef_high_elves|wh2_dlc15_hef_cha_archmage_beasts_0,wh2_dlc15_hef_cha_archmage_shadows_3,Archmage (Shadows),Shadows,,,,Great Eagle,true
wh2_main_sc_hef_high_elves,wh2_main_sc_hef_high_elves|wh2_dlc15_hef_cha_archmage_beasts_0,wh2_dlc15_hef_cha_archmage_shadows_4,Archmage (Shadows),Shadows,,,,Moon Dragon,true
wh2_main_sc_hef_high_elves,wh2_main_sc_hef_high_elves|wh2_dlc15_hef_cha_eltharion_the_grim_0,wh2_dlc15_hef_cha_eltharion_the_grim_0,Eltharion the Grim,,,,,On foot,true
wh2_main_sc_hef_high_elves,wh2_main_sc_hef_high_elves|wh2_dlc15_hef_cha_eltharion_the_grim_0,wh2_dlc15_hef_cha_eltharion_the_grim_1,Eltharion the Grim,,,,,Barded Ithilmar Steed,true
wh2_main_sc_hef_high_elves,wh2_main_sc_hef_high_elves|wh2_dlc15_hef_cha_eltharion_the_grim_0,wh2_dlc15_hef_cha_eltharion_the_grim_2,Eltharion the Grim,,,,,Stormwing,true
wh2_main_sc_hef_high_elves,wh2_main_sc_hef_high_elves|wh2_dlc15_hef_cha_imrik_0,wh2_dlc15_hef_cha_imrik_0,Imrik,,,,,On foot,true
wh2_main_sc_hef_high_elves,wh2_main_sc_hef_high_elves|wh2_dlc15_hef_cha_imrik_0,wh2_dlc15_hef_cha_imrik_1,Imrik,,,,,Mautererius,true
wh2_main_sc_hef_high_elves,wh2_main_sc_hef_high_elves|wh2_dlc15_hef_cha_imrik_0,wh2_dlc15_hef_cha_imrik_2,Imrik,,,,,Minaithnir,true
wh2_main_sc_hef_high_elves,wh2_main_sc_hef_high_elves|wh2_dlc15_hef_cha_mage_beasts_0,wh2_dlc10_hef_cha_mage_heavens_0,Mage (Heavens),Heavens,,,,On foot,true
wh2_main_sc_hef_high_elves,wh2_main_sc_hef_high_elves|wh2_dlc15_hef_cha_mage_beasts_0,wh2_dlc10_hef_cha_mage_heavens_1,Mage (Heavens),Heavens,,,,Barded Ithilmar Steed,true
wh2_main_sc_hef_high_elves,wh2_main_sc_hef_high_elves|wh2_dlc15_hef_cha_mage_beasts_0,wh2_dlc10_hef_cha_mage_heavens_2,Mage (Heavens),Heavens,,,,Ithilmar Chariot,true
wh2_main_sc_hef_high_elves,wh2_main_sc_hef_high_elves|wh2_dlc15_hef_cha_mage_beasts_0,wh2_dlc10_hef_cha_mage_shadows_0,Mage (Shadows),Shadows,,,,On foot,true
wh2_main_sc_hef_high_elves,wh2_main_sc_hef_high_elves|wh2_dlc15_hef_cha_mage_beasts_0,wh2_dlc10_hef_cha_mage_shadows_1,Mage (Shadows),Shadows,,,,Barded Ithilmar Steed,true
wh2_main_sc_hef_high_elves,wh2_main_sc_hef_high_elves|wh2_dlc15_hef_cha_mage_beasts_0,wh2_dlc10_hef_cha_mage_shadows_2,Mage (Shadows),Shadows,,,,Ithilmar Chariot,true
wh2_main_sc_hef_high_elves,wh2_main_sc_hef_high_elves|wh2_dlc15_hef_cha_mage_beasts_0,wh2_dlc15_hef_cha_mage_beasts_0,Mage (Beasts),Beasts,,,,On foot,true
wh2_main_sc_hef_high_elves,wh2_main_sc_hef_high_elves|wh2_dlc15_hef_cha_mage_beasts_0,wh2_dlc15_hef_cha_mage_beasts_1,Mage (Beasts),Beasts,,,,Barded Ithilmar Steed,true
wh2_main_sc_hef_high_elves,wh2_main_sc_hef_high_elves|wh2_dlc15_hef_cha_mage_beasts_0,wh2_dlc15_hef_cha_mage_beasts_2,Mage (Beasts),Beasts,,,,Ithilmar Chariot,true
wh2_main_sc_hef_high_elves,wh2_main_sc_hef_high_elves|wh2_dlc15_hef_cha_mage_beasts_0,wh2_dlc15_hef_cha_mage_death_0,Mage (Death),Death,,,,On foot,true
wh2_main_sc_hef_high_elves,wh2_main_sc_hef_high_elves|wh2_dlc15_hef_cha_mage_beasts_0,wh2_dlc15_hef_cha_mage_death_1,Mage (Death),Death,,,,Barded Ithilmar Steed,true
wh2_main_sc_hef_high_elves,wh2_main_sc_hef_high_elves|wh2_dlc15_hef_cha_mage_beasts_0,wh2_dlc15_hef_cha_mage_death_2,Mage (Death),Death,,,,Ithilmar Chariot,true
wh2_main_sc_hef_high_elves,wh2_main_sc_hef_high_elves|wh2_dlc15_hef_cha_mage_beasts_0,wh2_dlc15_hef_cha_mage_fire_0,Mage (Fire),Fire,,,,On foot,true
wh2_main_sc_hef_high_elves,wh2_main_sc_hef_high_elves|wh2_dlc15_hef_cha_mage_beasts_0,wh2_dlc15_hef_cha_mage_fire_1,Mage (Fire),Fire,,,,Barded Ithilmar Steed,true
wh2_main_sc_hef_high_elves,wh2_main_sc_hef_high_elves|wh2_dlc15_hef_cha_mage_beasts_0,wh2_dlc15_hef_cha_mage_fire_2,Mage (Fire),Fire,,,,Ithilmar Chariot,true
wh2_main_sc_hef_high_elves,wh2_main_sc_hef_high_elves|wh2_dlc15_hef_cha_mage_beasts_0,wh2_dlc15_hef_cha_mage_fire_3,Mage (Fire),Fire,,,,Sun Dragon,true
wh2_main_sc_hef_high_elves,wh2_main_sc_hef_high_elves|wh2_dlc15_hef_cha_mage_beasts_0,wh2_dlc15_hef_cha_mage_metal_0,Mage (Metal),Metal,,,,On foot,true
wh2_main_sc_hef_high_elves,wh2_main_sc_hef_high_elves|wh2_dlc15_hef_cha_mage_beasts_0,wh2_dlc15_hef_cha_mage_metal_1,Mage (Metal),Metal,,,,Barded Ithilmar Steed,true
wh2_main_sc_hef_high_elves,wh2_main_sc_hef_high_elves|wh2_dlc15_hef_cha_mage_beasts_0,wh2_dlc15_hef_cha_mage_metal_2,Mage (Metal),Metal,,,,Ithilmar Chariot,true
wh2_main_sc_hef_high_elves,wh2_main_sc_hef_high_elves|wh2_dlc15_hef_cha_mage_beasts_0,wh2_main_hef_cha_mage_high_0,Mage (High),High,,,,On foot,true
wh2_main_sc_hef_high_elves,wh2_main_sc_hef_high_elves|wh2_dlc15_hef_cha_mage_beasts_0,wh2_main_hef_cha_mage_high_1,Mage (High),High,,,,Barded Ithilmar Steed,true
wh2_main_sc_hef_high_elves,wh2_main_sc_hef_high_elves|wh2_dlc15_hef_cha_mage_beasts_0,wh2_main_hef_cha_mage_high_4,Mage (High),High,,,,Ithilmar Chariot,true
wh2_main_sc_hef_high_elves,wh2_main_sc_hef_high_elves|wh2_dlc15_hef_cha_mage_beasts_0,wh2_main_hef_cha_mage_life_0,Mage (Life),Life,,,,On foot,true
wh2_main_sc_hef_high_elves,wh2_main_sc_hef_high_elves|wh2_dlc15_hef_cha_mage_beasts_0,wh2_main_hef_cha_mage_life_1,Mage (Life),Life,,,,Barded Ithilmar Steed,true
wh2_main_sc_hef_high_elves,wh2_main_sc_hef_high_elves|wh2_dlc15_hef_cha_mage_beasts_0,wh2_main_hef_cha_mage_life_4,Mage (Life),Life,,,,Ithilmar Chariot,true
wh2_main_sc_hef_high_elves,wh2_main_sc_hef_high_elves|wh2_dlc15_hef_cha_mage_beasts_0,wh2_main_hef_cha_mage_light_0,Mage (Light),Light,,,,On foot,true
wh2_main_sc_hef_high_elves,wh2_main_sc_hef_high_elves|wh2_dlc15_hef_cha_mage_beasts_0,wh2_main_hef_cha_mage_light_1,Mage (Light),Light,,,,Barded Ithilmar Steed,true
wh2_main_sc_hef_high_elves,wh2_main_sc_hef_high_elves|wh2_dlc15_hef_cha_mage_beasts_0,wh2_main_hef_cha_mage_light_4,Mage (Light),Light,,,,Ithilmar Chariot,true
wh2_main_sc_hef_high_elves,wh2_main_sc_hef_high_elves|wh2_dlc15_hef_inf_archers_ror_0,wh2_dlc15_hef_inf_archers_ror_0,Talons of Tor Caleda (Archers – Light Armour),,,,,,true
wh2_main_sc_hef_high_elves,wh2_main_sc_hef_high_elves|wh2_dlc15_hef_inf_mistwalkers_faithbearers_0,wh2_dlc15_hef_inf_mistwalkers_faithbearers_0,Athel Tamarha Faithbearers,,,,,,false
wh2_main_sc_hef_high_elves,wh2_main_sc_hef_high_elves|wh2_dlc15_hef_inf_mistwalkers_griffon_knights_0,wh2_dlc15_hef_inf_mistwalkers_griffon_knights_0,Knights of Tor Gaval,,,,,,false
wh2_main_sc_hef_high_elves,wh2_main_sc_hef_high_elves|wh2_dlc15_hef_inf_mistwalkers_sentinels_0,wh2_dlc15_hef_inf_mistwalkers_sentinels_0,Sentinels of Astaril,,,,,,false
wh2_main_sc_hef_high_elves,wh2_main_sc_hef_high_elves|wh2_dlc15_hef_inf_mistwalkers_skyhawks_0,wh2_dlc15_hef_inf_mistwalkers_skyhawks_0,The Skyhawks,,,,,,false
wh2_main_sc_hef_high_elves,wh2_main_sc_hef_high_elves|wh2_dlc15_hef_inf_mistwalkers_spireguard_0,wh2_dlc15_hef_inf_mistwalkers_spireguard_0,Spire Guard of Tor Yvresse,,,,,,false
wh2_main_sc_hef_high_elves,wh2_main_sc_hef_high_elves|wh2_dlc15_hef_inf_rangers_0,wh2_dlc15_hef_inf_rangers_0,Rangers,,,,,,true
wh2_main_sc_hef_high_elves,wh2_main_sc_hef_high_elves|wh2_dlc15_hef_inf_silverin_guard_0,wh2_dlc15_hef_inf_silverin_guard_0,Silverin Guard,,,,,,true
wh2_main_sc_hef_high_elves,wh2_main_sc_hef_high_elves|wh2_dlc15_hef_mon_arcane_phoenix_0,wh2_dlc15_hef_mon_arcane_phoenix_0,Arcane Phoenix,,,,,,true
wh2_main_sc_hef_high_elves,wh2_main_sc_hef_high_elves|wh2_dlc15_hef_mon_arcane_phoenix_ror_0,wh2_dlc15_hef_mon_arcane_phoenix_ror_0,Omen of Asuryan (Arcane Phoenix),,,,,,true
wh2_main_sc_hef_high_elves,wh2_main_sc_hef_high_elves|wh2_dlc15_hef_mon_black_dragon_imrik,wh2_dlc15_hef_mon_black_dragon_imrik,Shackolot the Calamity,,,,,,false
wh2_main_sc_hef_high_elves,wh2_main_sc_hef_high_elves|wh2_dlc15_hef_mon_forest_dragon_imrik,wh2_dlc15_hef_mon_forest_dragon_imrik,"Bruwor, Protector of Life",,,,,,false
wh2_main_sc_hef_high_elves,wh2_main_sc_hef_high_elves|wh2_dlc15_hef_mon_moon_dragon_imrik,wh2_dlc15_hef_mon_moon_dragon_imrik,Lamoureux the Frozen Breath,,,,,,false
wh2_main_sc_hef_high_elves,wh2_main_sc_hef_high_elves|wh2_dlc15_hef_mon_star_dragon_imrik,wh2_dlc15_hef_mon_star_dragon_imrik,Ymwrath the Eternal,,,,,,false
wh2_main_sc_hef_high_elves,wh2_main_sc_hef_high_elves|wh2_dlc15_hef_mon_sun_dragon_imrik,wh2_dlc15_hef_mon_sun_dragon_imrik,"Gordinar, Champion of the Flame",,,,,,false
wh2_main_sc_hef_high_elves,wh2_main_sc_hef_high_elves|wh2_dlc15_hef_mon_war_lions_of_chrace_0,wh2_dlc15_hef_mon_war_lions_of_chrace_0,War Lions of Chrace,,,,,,true
wh2_main_sc_hef_high_elves,wh2_main_sc_hef_high_elves|wh2_dlc15_hef_mon_war_lions_of_chrace_ror_0,wh2_dlc15_hef_mon_war_lions_of_chrace_ror_0,Rahagra's Pride (War Lions of Chrace),,,,,,true
wh2_main_sc_hef_high_elves,wh2_main_sc_hef_high_elves|wh2_dlc15_hef_veh_lion_chariot_of_chrace_0,wh2_dlc15_hef_veh_lion_chariot_of_chrace_0,Lion Chariots of Chrace,,,,,,true
wh2_main_sc_hef_high_elves,wh2_main_sc_hef_high_elves|wh2_main_hef_art_eagle_claw_bolt_thrower,wh2_main_hef_art_eagle_claw_bolt_thrower,Eagle Claw Bolt Throwers,,,,,,true
wh2_main_sc_hef_high_elves,wh2_main_sc_hef_high_elves|wh2_main_hef_cav_dragon_princes,wh2_main_hef_cav_dragon_princes,Dragon Princes,,,,,,true
wh2_main_sc_hef_high_elves,wh2_main_sc_hef_high_elves|wh2_main_hef_cav_ellyrian_reavers_0,wh2_main_hef_cav_ellyrian_reavers_0,Ellyrian Reavers,,,,,,true
wh2_main_sc_hef_high_elves,wh2_main_sc_hef_high_elves|wh2_main_hef_cav_ellyrian_reavers_1,wh2_main_hef_cav_ellyrian_reavers_1,Ellyrian Reaver Archers,,,,,,true
wh2_main_sc_hef_high_elves,wh2_main_sc_hef_high_elves|wh2_main_hef_cav_ithilmar_chariot,wh2_main_hef_cav_ithilmar_chariot,Ithilmar Chariots,,,,,,true
wh2_main_sc_hef_high_elves,wh2_main_sc_hef_high_elves|wh2_main_hef_cav_silver_helms_0,wh2_main_hef_cav_silver_helms_0,Silver Helms,,,,,,true
wh2_main_sc_hef_high_elves,wh2_main_sc_hef_high_elves|wh2_main_hef_cav_silver_helms_1,wh2_main_hef_cav_silver_helms_1,Silver Helms (Shields),,,,,,true
wh2_main_sc_hef_high_elves,wh2_main_sc_hef_high_elves|wh2_main_hef_cav_tiranoc_chariot,wh2_main_hef_cav_tiranoc_chariot,Tiranoc Chariots,,,,,,true
wh2_main_sc_hef_high_elves,wh2_main_sc_hef_high_elves|wh2_main_hef_cha_alastair_0,wh2_dlc15_hef_cha_alastair_1,Alastar the White Lion,,,,,Lion Chariot of Chrace,true
wh2_main_sc_hef_high_elves,wh2_main_sc_hef_high_elves|wh2_main_hef_cha_alastair_0,wh2_main_hef_cha_alastair_0,Alastar the White Lion,,,,,On foot,true
wh2_main_sc_hef_high_elves,wh2_main_sc_hef_high_elves|wh2_main_hef_cha_alastair_0,wh2_main_hef_cha_alastair_3,Alastar the White Lion,,,,,Great Eagle,true
wh2_main_sc_hef_high_elves,wh2_main_sc_hef_high_elves|wh2_main_hef_cha_alastair_0,wh2_main_hef_cha_alastair_4,Alastar the White Lion,,,,,Sun Dragon,true
wh2_main_sc_hef_high_elves,wh2_main_sc_hef_high_elves|wh2_main_hef_cha_alastair_0,wh2_main_hef_cha_alastair_5,Alastar the White Lion,,,,,Star Dragon,true
wh2_main_sc_hef_high_elves,wh2_main_sc_hef_high_elves|wh2_main_hef_cha_loremaster_of_hoeth_0,wh2_main_hef_cha_loremaster_of_hoeth_0,Loremaster of Hoeth,,,,,,true
wh2_main_sc_hef_high_elves,wh2_main_sc_hef_high_elves|wh2_main_hef_cha_noble_0,wh2_main_hef_cha_noble_0,Noble,,,,,On foot,true
wh2_main_sc_hef_high_elves,wh2_main_sc_hef_high_elves|wh2_main_hef_cha_noble_0,wh2_main_hef_cha_noble_2,Noble,,,,,Barded Ithilmar Steed,true
wh2_main_sc_hef_high_elves,wh2_main_sc_hef_high_elves|wh2_main_hef_cha_noble_0,wh2_main_hef_cha_noble_3,Noble,,,,,Great Eagle,true
wh2_main_sc_hef_high_elves,wh2_main_sc_hef_high_elves|wh2_main_hef_cha_noble_0,wh2_main_hef_cha_noble_4,Noble,,,,,Ithilmar Chariot,true
wh2_main_sc_hef_high_elves,wh2_main_sc_hef_high_elves|wh2_main_hef_cha_prince_0,wh2_dlc15_hef_cha_prince_6,Prince,,,,,Griffon,true
wh2_main_sc_hef_high_elves,wh2_main_sc_hef_high_elves|wh2_main_hef_cha_prince_0,wh2_main_hef_cha_prince_0,Prince,,,,,On foot,true
wh2_main_sc_hef_high_elves,wh2_main_sc_hef_high_elves|wh2_main_hef_cha_prince_0,wh2_main_hef_cha_prince_2,Prince,,,,,Barded Ithilmar Steed,true
wh2_main_sc_hef_high_elves,wh2_main_sc_hef_high_elves|wh2_main_hef_cha_prince_0,wh2_main_hef_cha_prince_3,Prince,,,,,Great Eagle,true
wh2_main_sc_hef_high_elves,wh2_main_sc_hef_high_elves|wh2_main_hef_cha_prince_0,wh2_main_hef_cha_prince_4,Prince,,,,,Sun Dragon,true
wh2_main_sc_hef_high_elves,wh2_main_sc_hef_high_elves|wh2_main_hef_cha_prince_0,wh2_main_hef_cha_prince_5,Prince,,,,,Star Dragon,true
wh2_main_sc_hef_high_elves,wh2_main_sc_hef_high_elves|wh2_main_hef_cha_princess_0,wh2_dlc15_hef_cha_princess_6,Princess,,,,,Griffon,true
wh2_main_sc_hef_high_elves,wh2_main_sc_hef_high_elves|wh2_main_hef_cha_princess_0,wh2_main_hef_cha_princess_0,Princess,,,,,On foot,true
wh2_main_sc_hef_high_elves,wh2_main_sc_hef_high_elves|wh2_main_hef_cha_princess_0,wh2_main_hef_cha_princess_1,Princess,,,,,Barded Ithilmar Steed,true
wh2_main_sc_hef_high_elves,wh2_main_sc_hef_high_elves|wh2_main_hef_cha_princess_0,wh2_main_hef_cha_princess_3,Princess,,,,,Great Eagle,true
wh2_main_sc_hef_high_elves,wh2_main_sc_hef_high_elves|wh2_main_hef_cha_princess_0,wh2_main_hef_cha_princess_4,Princess,,,,,Moon Dragon,true
wh2_main_sc_hef_high_elves,wh2_main_sc_hef_high_elves|wh2_main_hef_cha_princess_0,wh2_main_hef_cha_princess_5,Princess,,,,,Star Dragon,true
wh2_main_sc_hef_high_elves,wh2_main_sc_hef_high_elves|wh2_main_hef_cha_teclis_0,wh2_dlc15_hef_cha_teclis_2,Teclis,,,,,Arcane Phoenix,true
wh2_main_sc_hef_high_elves,wh2_main_sc_hef_high_elves|wh2_main_hef_cha_teclis_0,wh2_main_hef_cha_teclis_0,Teclis,,,,,On foot,true
wh2_main_sc_hef_high_elves,wh2_main_sc_hef_high_elves|wh2_main_hef_cha_teclis_0,wh2_main_hef_cha_teclis_1,Teclis,,,,,Barded Ithilmar Steed,true
wh2_main_sc_hef_high_elves,wh2_main_sc_hef_high_elves|wh2_main_hef_cha_tyrion_0,wh2_main_hef_cha_tyrion_0,Tyrion,,,,,On foot,true
wh2_main_sc_hef_high_elves,wh2_main_sc_hef_high_elves|wh2_main_hef_cha_tyrion_0,wh2_main_hef_cha_tyrion_1,Tyrion,,,,,Malhandhir,true
wh2_main_sc_hef_high_elves,wh2_main_sc_hef_high_elves|wh2_main_hef_inf_archers_0,wh2_main_hef_inf_archers_0,Archers,,,,,,true
wh2_main_sc_hef_high_elves,wh2_main_sc_hef_high_elves|wh2_main_hef_inf_archers_1,wh2_main_hef_inf_archers_1,Archers (Light Armour),,,,,,true
wh2_main_sc_hef_high_elves,wh2_main_sc_hef_high_elves|wh2_main_hef_inf_gate_guard,wh2_main_hef_inf_gate_guard,Gate Guard,,,,,,false
wh2_main_sc_hef_high_elves,wh2_main_sc_hef_high_elves|wh2_main_hef_inf_lothern_sea_guard_0,wh2_main_hef_inf_lothern_sea_guard_0,Lothern Sea Guard,,,,,,true
wh2_main_sc_hef_high_elves,wh2_main_sc_hef_high_elves|wh2_main_hef_inf_lothern_sea_guard_1,wh2_main_hef_inf_lothern_sea_guard_1,Lothern Sea Guard (Shields),,,,,,true
wh2_main_sc_hef_high_elves,wh2_main_sc_hef_high_elves|wh2_main_hef_inf_phoenix_guard,wh2_main_hef_inf_phoenix_guard,Phoenix Guard,,,,,,true
wh2_main_sc_hef_high_elves,wh2_main_sc_hef_high_elves|wh2_main_hef_inf_spearmen_0,wh2_main_hef_inf_spearmen_0,Spearmen,,,,,,true
wh2_main_sc_hef_high_elves,wh2_main_sc_hef_high_elves|wh2_main_hef_inf_swordmasters_of_hoeth_0,wh2_main_hef_inf_swordmasters_of_hoeth_0,Swordmasters of Hoeth,,,,,,true
wh2_main_sc_hef_high_elves,wh2_main_sc_hef_high_elves|wh2_main_hef_inf_white_lions_of_chrace_0,wh2_main_hef_inf_white_lions_of_chrace_0,White Lions of Chrace,,,,,,true
wh2_main_sc_hef_high_elves,wh2_main_sc_hef_high_elves|wh2_main_hef_mon_great_eagle,wh2_main_hef_mon_great_eagle,Great Eagle,,,,,,true
wh2_main_sc_hef_high_elves,wh2_main_sc_hef_high_elves|wh2_main_hef_mon_moon_dragon,wh2_main_hef_mon_moon_dragon,Moon Dragon,,,,,,true
wh2_main_sc_hef_high_elves,wh2_main_sc_hef_high_elves|wh2_main_hef_mon_phoenix_flamespyre,wh2_main_hef_mon_phoenix_flamespyre,Flamespyre Phoenix,,,,,,true
wh2_main_sc_hef_high_elves,wh2_main_sc_hef_high_elves|wh2_main_hef_mon_phoenix_frostheart,wh2_main_hef_mon_phoenix_frostheart,Frostheart Phoenix,,,,,,true
wh2_main_sc_hef_high_elves,wh2_main_sc_hef_high_elves|wh2_main_hef_mon_star_dragon,wh2_main_hef_mon_star_dragon,Star Dragon,,,,,,true
wh2_main_sc_hef_high_elves,wh2_main_sc_hef_high_elves|wh2_main_hef_mon_sun_dragon,wh2_main_hef_mon_sun_dragon,Sun Dragon,,,,,,true
wh2_main_sc_hef_high_elves,wh2_main_sc_hef_high_elves|wh3_dlc27_hef_cha_caradryan,wh3_dlc27_hef_cha_caradryan,Caradryan,,,,,On foot,true
wh2_main_sc_hef_high_elves,wh2_main_sc_hef_high_elves|wh3_dlc27_hef_cha_caradryan,wh3_dlc27_hef_cha_caradryan_ashtari,Caradryan,,,,,Arcane Phoenix,true
wh2_main_sc_hef_high_elves,wh2_main_sc_hef_high_elves|wh3_dlc27_hef_cha_caradryan,wh3_dlc27_hef_cha_caradryan_chariot,Caradryan,,,,,Ithilmar Chariot,true
wh2_main_sc_hef_high_elves,wh2_main_sc_hef_high_elves|wh3_dlc27_hef_cha_caradryan,wh3_dlc27_hef_cha_caradryan_steed,Caradryan,,,,,Barded Ithilmar Steed,true
wh2_main_sc_hef_high_elves,wh2_main_sc_hef_high_elves|wh3_dlc27_hef_cha_mist_mage,wh3_dlc27_hef_cha_mist_mage,Mist Mage,,,,,On foot,true
wh2_main_sc_hef_high_elves,wh2_main_sc_hef_high_elves|wh3_dlc27_hef_cha_mist_mage,wh3_dlc27_hef_cha_mist_mage_eagle,Mist Mage,,,,,Great Eagle,true
wh2_main_sc_hef_high_elves,wh2_main_sc_hef_high_elves|wh3_dlc27_hef_cha_mist_mage,wh3_dlc27_hef_cha_mist_mage_skycutter,Mist Mage,,,,,Sky Cutter,true
wh2_main_sc_hef_high_elves,wh2_main_sc_hef_high_elves|wh3_dlc27_hef_cha_sea_helm,wh3_dlc27_hef_cha_sea_helm,Sea Helm,,,,,On foot,true
wh2_main_sc_hef_high_elves,wh2_main_sc_hef_high_elves|wh3_dlc27_hef_cha_sea_helm,wh3_dlc27_hef_cha_sea_helm_eagle,Sea Helm,,,,,Great Eagle,true
wh2_main_sc_hef_high_elves,wh2_main_sc_hef_high_elves|wh3_dlc27_hef_cha_sea_helm,wh3_dlc27_hef_cha_sea_helm_skycutter,Sea Helm,,,,,Sky Cutter,true
wh2_main_sc_hef_high_elves,wh2_main_sc_hef_high_elves|wh3_dlc27_hef_cha_sea_lord_aislinn,wh3_dlc27_hef_cha_sea_lord_aislinn,Sea Lord Aislinn,,,,,On foot,true
wh2_main_sc_hef_high_elves,wh2_main_sc_hef_high_elves|wh3_dlc27_hef_cha_sea_lord_aislinn,wh3_dlc27_hef_cha_sea_lord_aislinn_dragon,Sea Lord Aislinn,,,,,Star Dragon,true
wh2_main_sc_hef_high_elves,wh2_main_sc_hef_high_elves|wh3_dlc27_hef_cha_sea_lord_aislinn,wh3_dlc27_hef_cha_sea_lord_aislinn_skycutter,Sea Lord Aislinn,,,,,Sky Cutter,true
wh2_main_sc_hef_high_elves,wh2_main_sc_hef_high_elves|wh3_dlc27_hef_inf_oceanids,wh3_dlc27_hef_inf_oceanids,Oceanids,,,,,,true
wh2_main_sc_hef_high_elves,wh2_main_sc_hef_high_elves|wh3_dlc27_hef_inf_ships_company,wh3_dlc27_hef_inf_ships_company,Ship's Company,,,,,,true
wh2_main_sc_hef_high_elves,wh2_main_sc_hef_high_elves|wh3_dlc27_hef_inf_ships_company_ror,wh3_dlc27_hef_inf_ships_company_ror,Company of the Kalendirian (Ship's Company),,,,,,true
wh2_main_sc_hef_high_elves,wh2_main_sc_hef_high_elves|wh3_dlc27_hef_inf_swordmasters_of_hoeth_ror,wh3_dlc27_hef_inf_swordmasters_of_hoeth_ror,Blades of Hoeth (Swordmasters of Hoeth),,,,,,true
wh2_main_sc_hef_high_elves,wh2_main_sc_hef_high_elves|wh3_dlc27_hef_mon_merwyrm,wh3_dlc27_hef_mon_merwyrm,Merwyrm,,,,,,true
wh2_main_sc_hef_high_elves,wh2_main_sc_hef_high_elves|wh3_dlc27_hef_mon_merwyrm_ror,wh3_dlc27_hef_mon_merwyrm_ror,Silak One-eye (Merwyrm),,,,,,true
wh2_main_sc_hef_high_elves,wh2_main_sc_hef_high_elves|wh3_dlc27_hef_mon_sea_elemental,wh3_dlc27_hef_mon_sea_elemental,Sea Elemental,,,,,,true
wh2_main_sc_hef_high_elves,wh2_main_sc_hef_high_elves|wh3_dlc27_hef_veh_skycutter_bolt_thrower,wh3_dlc27_hef_veh_skycutter_bolt_thrower,Lothern Skycutters (Bolt Throwers),,,,,,true
wh2_main_sc_hef_high_elves,wh2_main_sc_hef_high_elves|wh3_dlc27_hef_veh_skycutter_bows,wh3_dlc27_hef_veh_skycutter_bows,Lothern Skycutters,,,,,,true
wh2_main_sc_lzd_lizardmen,wh2_main_sc_lzd_lizardmen|wh2_dlc12_lzd_cav_cold_one_spearriders_ror_0,wh2_dlc12_lzd_cav_cold_one_spearriders_ror_0,Pok-Hopak Cohort (Cold One Spear-Riders),,,,,,true
wh2_main_sc_lzd_lizardmen,wh2_main_sc_lzd_lizardmen|wh2_dlc12_lzd_cav_ripperdactyl_riders_0,wh2_dlc12_lzd_cav_ripperdactyl_riders_0,Ripperdactyl Riders,,,,,,true
wh2_main_sc_lzd_lizardmen,wh2_main_sc_lzd_lizardmen|wh2_dlc12_lzd_cav_ripperdactyl_riders_0_blessed,wh2_dlc12_lzd_cav_ripperdactyl_riders_0_blessed,Blessed Ripperdactyl Riders,,,,,,false
wh2_main_sc_lzd_lizardmen,wh2_main_sc_lzd_lizardmen|wh2_dlc12_lzd_cav_ripperdactyl_riders_ror_0,wh2_dlc12_lzd_cav_ripperdactyl_riders_ror_0,Colossadon Hunters (Ripperdactyl Riders),,,,,,true
wh2_main_sc_lzd_lizardmen,wh2_main_sc_lzd_lizardmen|wh2_dlc12_lzd_cav_terradon_riders_ror_0,wh2_dlc12_lzd_cav_terradon_riders_ror_0,Pahaux Sentinels (Terradon Riders),,,,,,true
wh2_main_sc_lzd_lizardmen,wh2_main_sc_lzd_lizardmen|wh2_dlc12_lzd_cha_skink_chief_red_crested_0,wh2_dlc12_lzd_cha_skink_chief_red_crested_0,Red Crested Skink Chief,,,,,On foot,true
wh2_main_sc_lzd_lizardmen,wh2_main_sc_lzd_lizardmen|wh2_dlc12_lzd_cha_skink_chief_red_crested_0,wh2_dlc12_lzd_cha_skink_chief_red_crested_1,Red Crested Skink Chief,,,,,Horned One,true
wh2_main_sc_lzd_lizardmen,wh2_main_sc_lzd_lizardmen|wh2_dlc12_lzd_cha_skink_chief_red_crested_0,wh2_dlc12_lzd_cha_skink_chief_red_crested_2,Red Crested Skink Chief,,,,,Ripperdactyl,true
wh2_main_sc_lzd_lizardmen,wh2_main_sc_lzd_lizardmen|wh2_dlc12_lzd_cha_skink_chief_red_crested_0,wh2_dlc12_lzd_cha_skink_chief_red_crested_3,Red Crested Skink Chief,,,,,Ancient Stegadon,true
wh2_main_sc_lzd_lizardmen,wh2_main_sc_lzd_lizardmen|wh2_dlc12_lzd_cha_tehenhauin_0,wh2_dlc12_lzd_cha_tehenhauin_0,Tehenhauin,,,,,On foot,true
wh2_main_sc_lzd_lizardmen,wh2_main_sc_lzd_lizardmen|wh2_dlc12_lzd_cha_tehenhauin_0,wh2_dlc12_lzd_cha_tehenhauin_1,Tehenhauin,,,,,Horned One,true
wh2_main_sc_lzd_lizardmen,wh2_main_sc_lzd_lizardmen|wh2_dlc12_lzd_cha_tehenhauin_0,wh2_dlc12_lzd_cha_tehenhauin_2,Tehenhauin,,,,,Ripperdactyl,true
wh2_main_sc_lzd_lizardmen,wh2_main_sc_lzd_lizardmen|wh2_dlc12_lzd_cha_tehenhauin_0,wh2_dlc12_lzd_cha_tehenhauin_3,Tehenhauin,,,,,Ancient Stegadon (Engine of the Gods),true
wh2_main_sc_lzd_lizardmen,wh2_main_sc_lzd_lizardmen|wh2_dlc12_lzd_cha_tiktaqto_1,wh2_dlc12_lzd_cha_tiktaqto_1,Tiktaq'to,,,,,,true
wh2_main_sc_lzd_lizardmen,wh2_main_sc_lzd_lizardmen|wh2_dlc12_lzd_inf_saurus_warriors_ror_0,wh2_dlc12_lzd_inf_saurus_warriors_ror_0,Legion of Chaqua (Saurus Spears),,,,,,true
wh2_main_sc_lzd_lizardmen,wh2_main_sc_lzd_lizardmen|wh2_dlc12_lzd_inf_skink_red_crested_0,wh2_dlc12_lzd_inf_skink_red_crested_0,Red Crested Skinks,,,,,,true
wh2_main_sc_lzd_lizardmen,wh2_main_sc_lzd_lizardmen|wh2_dlc12_lzd_inf_skink_red_crested_ror_0,wh2_dlc12_lzd_inf_skink_red_crested_ror_0,Cohort of Sotek (Red Crested Skinks),,,,,,true
wh2_main_sc_lzd_lizardmen,wh2_main_sc_lzd_lizardmen|wh2_dlc12_lzd_inf_temple_guards_ror_0,wh2_dlc12_lzd_inf_temple_guards_ror_0,Star Chamber Guardians (Temple Guard),,,,,,true
wh2_main_sc_lzd_lizardmen,wh2_main_sc_lzd_lizardmen|wh2_dlc12_lzd_lzd_cha_kroak_0,wh2_dlc12_lzd_lzd_cha_kroak_0,Lord Kroak,,,,,,true
wh2_main_sc_lzd_lizardmen,wh2_main_sc_lzd_lizardmen|wh2_dlc12_lzd_mon_ancient_salamander_0,wh2_dlc12_lzd_mon_ancient_salamander_0,Ancient Salamander,,,,,,true
wh2_main_sc_lzd_lizardmen,wh2_main_sc_lzd_lizardmen|wh2_dlc12_lzd_mon_ancient_salamander_0_blessed,wh2_dlc12_lzd_mon_ancient_salamander_0_blessed,Blessed Ancient Salamander,,,,,,false
wh2_main_sc_lzd_lizardmen,wh2_main_sc_lzd_lizardmen|wh2_dlc12_lzd_mon_ancient_stegadon_1,wh2_dlc12_lzd_mon_ancient_stegadon_1,Ancient Stegadon (Engine of the Gods),,,,,,true
wh2_main_sc_lzd_lizardmen,wh2_main_sc_lzd_lizardmen|wh2_dlc12_lzd_mon_ancient_stegadon_ror_0,wh2_dlc12_lzd_mon_ancient_stegadon_ror_0,The Thunderous One (Ancient Stegadon),,,,,,true
wh2_main_sc_lzd_lizardmen,wh2_main_sc_lzd_lizardmen|wh2_dlc12_lzd_mon_bastiladon_3,wh2_dlc12_lzd_mon_bastiladon_3,Bastiladon (Ark of Sotek),,,,,,true
wh2_main_sc_lzd_lizardmen,wh2_main_sc_lzd_lizardmen|wh2_dlc12_lzd_mon_salamander_pack_0,wh2_dlc12_lzd_mon_salamander_pack_0,Salamander Hunting Pack,,,,,,true
wh2_main_sc_lzd_lizardmen,wh2_main_sc_lzd_lizardmen|wh2_dlc12_lzd_mon_salamander_pack_0_blessed,wh2_dlc12_lzd_mon_salamander_pack_0_blessed,Blessed Salamander Hunting Pack,,,,,,false
wh2_main_sc_lzd_lizardmen,wh2_main_sc_lzd_lizardmen|wh2_dlc12_lzd_mon_salamander_pack_ror_0,wh2_dlc12_lzd_mon_salamander_pack_ror_0,The Umbral Tide (Salamander Hunting Pack),,,,,,true
wh2_main_sc_lzd_lizardmen,wh2_main_sc_lzd_lizardmen|wh2_dlc13_lzd_cha_gor_rok_0,wh2_dlc13_lzd_cha_gor_rok_0,Gor-Rok,,,,,,true
wh2_main_sc_lzd_lizardmen,wh2_main_sc_lzd_lizardmen|wh2_dlc13_lzd_cha_kroxigor_ancient_0,wh2_dlc13_lzd_cha_kroxigor_ancient_0,Kroxigor Ancient,,,,,,true
wh2_main_sc_lzd_lizardmen,wh2_main_sc_lzd_lizardmen|wh2_dlc13_lzd_cha_nakai_0,wh2_dlc13_lzd_cha_nakai_0,Nakai the Wanderer,,,,,,true
wh2_main_sc_lzd_lizardmen,wh2_main_sc_lzd_lizardmen|wh2_dlc13_lzd_cha_slann_mage_priest_fire_0,wh2_dlc13_lzd_cha_slann_mage_priest_beasts_0,Slann Mage-Priest (Beasts),Beasts,,,,,true
wh2_main_sc_lzd_lizardmen,wh2_main_sc_lzd_lizardmen|wh2_dlc13_lzd_cha_slann_mage_priest_fire_0,wh2_dlc13_lzd_cha_slann_mage_priest_death_0,Slann Mage-Priest (Death),Death,,,,,true
wh2_main_sc_lzd_lizardmen,wh2_main_sc_lzd_lizardmen|wh2_dlc13_lzd_cha_slann_mage_priest_fire_0,wh2_dlc13_lzd_cha_slann_mage_priest_fire_0,Slann Mage-Priest (Fire),Fire,,,,,true
wh2_main_sc_lzd_lizardmen,wh2_main_sc_lzd_lizardmen|wh2_dlc13_lzd_cha_slann_mage_priest_fire_0,wh2_dlc13_lzd_cha_slann_mage_priest_life_0,Slann Mage-Priest (Life),Life,,,,,true
wh2_main_sc_lzd_lizardmen,wh2_main_sc_lzd_lizardmen|wh2_dlc13_lzd_cha_slann_mage_priest_fire_0,wh2_dlc13_lzd_cha_slann_mage_priest_metal_0,Slann Mage-Priest (Metal),Metal,,,,,true
wh2_main_sc_lzd_lizardmen,wh2_main_sc_lzd_lizardmen|wh2_dlc13_lzd_cha_slann_mage_priest_fire_0,wh2_dlc13_lzd_cha_slann_mage_priest_shadows_0,Slann Mage-Priest (Shadows),Shadows,,,,,true
wh2_main_sc_lzd_lizardmen,wh2_main_sc_lzd_lizardmen|wh2_dlc13_lzd_cha_slann_mage_priest_fire_0,wh2_main_lzd_cha_slann_mage_priest_heavens_0,Slann Mage-Priest (Heavens),Heavens,,,,,true
wh2_main_sc_lzd_lizardmen,wh2_main_sc_lzd_lizardmen|wh2_dlc13_lzd_cha_slann_mage_priest_fire_0,wh2_main_lzd_cha_slann_mage_priest_high_0,Slann Mage-Priest (High),High,,,,,true
wh2_main_sc_lzd_lizardmen,wh2_main_sc_lzd_lizardmen|wh2_dlc13_lzd_cha_slann_mage_priest_fire_0,wh2_main_lzd_cha_slann_mage_priest_light_0,Slann Mage-Priest (Light),Light,,,,,true
wh2_main_sc_lzd_lizardmen,wh2_main_sc_lzd_lizardmen|wh2_dlc13_lzd_mon_dread_saurian_0,wh2_dlc13_lzd_mon_dread_saurian_0,Feral Dread Saurian,,,,,,true
wh2_main_sc_lzd_lizardmen,wh2_main_sc_lzd_lizardmen|wh2_dlc13_lzd_mon_dread_saurian_1,wh2_dlc13_lzd_mon_dread_saurian_1,Dread Saurian,,,,,,true
wh2_main_sc_lzd_lizardmen,wh2_main_sc_lzd_lizardmen|wh2_dlc13_lzd_mon_dread_saurian_ror_0,wh2_dlc13_lzd_mon_dread_saurian_ror_0,The Shredder of Lustria (Dread Saurian),,,,,,true
wh2_main_sc_lzd_lizardmen,wh2_main_sc_lzd_lizardmen|wh2_dlc13_lzd_mon_razordon_pack_0,wh2_dlc13_lzd_mon_razordon_pack_0,Razordon Hunting Pack,,,,,,true
wh2_main_sc_lzd_lizardmen,wh2_main_sc_lzd_lizardmen|wh2_dlc13_lzd_mon_razordon_pack_0_blessed,wh2_dlc13_lzd_mon_razordon_pack_0_blessed,Blessed Razordon Hunting Pack,,,,,,false
wh2_main_sc_lzd_lizardmen,wh2_main_sc_lzd_lizardmen|wh2_dlc13_lzd_mon_razordon_pack_ror_0,wh2_dlc13_lzd_mon_razordon_pack_ror_0,Amaxon Barbs (Razordon Hunting Pack),,,,,,true
wh2_main_sc_lzd_lizardmen,wh2_main_sc_lzd_lizardmen|wh2_dlc13_lzd_mon_sacred_kroxigors_0,wh2_dlc13_lzd_mon_sacred_kroxigors_0,Sacred Kroxigor,,,,,,true
wh2_main_sc_lzd_lizardmen,wh2_main_sc_lzd_lizardmen|wh2_dlc13_lzd_mon_sacred_kroxigors_0_blessed,wh2_dlc13_lzd_mon_sacred_kroxigors_0_blessed,Blessed Sacred Kroxigor,,,,,,false
wh2_main_sc_lzd_lizardmen,wh2_main_sc_lzd_lizardmen|wh2_dlc13_lzd_mon_sacred_kroxigors_ror_0,wh2_dlc13_lzd_mon_sacred_kroxigors_ror_0,Cohort of Huatl (Sacred Kroxigor),,,,,,true
wh2_main_sc_lzd_lizardmen,wh2_main_sc_lzd_lizardmen|wh2_dlc17_lzd_cha_oxyotl_0,wh2_dlc17_lzd_cha_oxyotl_0,Oxyotl,,,,,,true
wh2_main_sc_lzd_lizardmen,wh2_main_sc_lzd_lizardmen|wh2_dlc17_lzd_cha_skink_oracle_troglodon_0,wh2_dlc17_lzd_cha_skink_oracle_troglodon_0,Skink Oracle,,,,,,true
wh2_main_sc_lzd_lizardmen,wh2_main_sc_lzd_lizardmen|wh2_dlc17_lzd_inf_chameleon_stalkers_0,wh2_dlc17_lzd_inf_chameleon_stalkers_0,Chameleon Stalkers,,,,,,true
wh2_main_sc_lzd_lizardmen,wh2_main_sc_lzd_lizardmen|wh2_dlc17_lzd_inf_chameleon_stalkers_0_blessed,wh2_dlc17_lzd_inf_chameleon_stalkers_0_blessed,Blessed Chameleon Stalkers,,,,,,false
wh2_main_sc_lzd_lizardmen,wh2_main_sc_lzd_lizardmen|wh2_dlc17_lzd_mon_carnosaur_ror_0,wh2_dlc17_lzd_mon_carnosaur_ror_0,Geltblöm's Terror (Feral Carnosaur),,,,,,true
wh2_main_sc_lzd_lizardmen,wh2_main_sc_lzd_lizardmen|wh2_dlc17_lzd_mon_coatl_0,wh2_dlc17_lzd_mon_coatl_0,Coatl,,,,,,true
wh2_main_sc_lzd_lizardmen,wh2_main_sc_lzd_lizardmen|wh2_dlc17_lzd_mon_coatl_ror_0,wh2_dlc17_lzd_mon_coatl_ror_0,Spirit of Tepok (Coatl),,,,,,true
wh2_main_sc_lzd_lizardmen,wh2_main_sc_lzd_lizardmen|wh2_dlc17_lzd_mon_troglodon_0,wh2_dlc17_lzd_mon_troglodon_0,Feral Troglodon,,,,,,true
wh2_main_sc_lzd_lizardmen,wh2_main_sc_lzd_lizardmen|wh2_dlc17_lzd_mon_troglodon_ror_0,wh2_dlc17_lzd_mon_troglodon_ror_0,The Pale Death (Feral Troglodon),,,,,,true
wh2_main_sc_lzd_lizardmen,wh2_main_sc_lzd_lizardmen|wh2_main_lzd_cav_cold_one_spearmen_1,wh2_main_lzd_cav_cold_one_spearmen_1,Cold One Spear-Riders,,,,,,true
wh2_main_sc_lzd_lizardmen,wh2_main_sc_lzd_lizardmen|wh2_main_lzd_cav_cold_one_spearriders_blessed_0,wh2_main_lzd_cav_cold_one_spearriders_blessed_0,Blessed Cold One Spear-Riders,,,,,,false
wh2_main_sc_lzd_lizardmen,wh2_main_sc_lzd_lizardmen|wh2_main_lzd_cav_cold_ones_1,wh2_main_lzd_cav_cold_ones_1,Cold One Riders,,,,,,true
wh2_main_sc_lzd_lizardmen,wh2_main_sc_lzd_lizardmen|wh2_main_lzd_cav_cold_ones_feral_0,wh2_main_lzd_cav_cold_ones_feral_0,Feral Cold Ones,,,,,,true
wh2_main_sc_lzd_lizardmen,wh2_main_sc_lzd_lizardmen|wh2_main_lzd_cav_horned_ones_0,wh2_main_lzd_cav_horned_ones_0,Horned Ones,,,,,,true
wh2_main_sc_lzd_lizardmen,wh2_main_sc_lzd_lizardmen|wh2_main_lzd_cav_horned_ones_blessed_0,wh2_main_lzd_cav_horned_ones_blessed_0,Blessed Horned Ones,,,,,,false
wh2_main_sc_lzd_lizardmen,wh2_main_sc_lzd_lizardmen|wh2_main_lzd_cav_terradon_riders_0,wh2_main_lzd_cav_terradon_riders_0,Terradon Riders,,,,,,true
wh2_main_sc_lzd_lizardmen,wh2_main_sc_lzd_lizardmen|wh2_main_lzd_cav_terradon_riders_0_blessed,wh2_main_lzd_cav_terradon_riders_0_blessed,Blessed Terradon Riders,,,,,,false
wh2_main_sc_lzd_lizardmen,wh2_main_sc_lzd_lizardmen|wh2_main_lzd_cav_terradon_riders_1,wh2_main_lzd_cav_terradon_riders_1,Terradon Riders (Fireleech Bolas),,,,,,true
wh2_main_sc_lzd_lizardmen,wh2_main_sc_lzd_lizardmen|wh2_main_lzd_cav_terradon_riders_blessed_1,wh2_main_lzd_cav_terradon_riders_blessed_1,Blessed Terradon Riders (Fireleech Bolas),,,,,,false
wh2_main_sc_lzd_lizardmen,wh2_main_sc_lzd_lizardmen|wh2_main_lzd_cha_kroq_gar_0,wh2_main_lzd_cha_kroq_gar_0,Kroq-Gar,,,,,On foot,true
wh2_main_sc_lzd_lizardmen,wh2_main_sc_lzd_lizardmen|wh2_main_lzd_cha_kroq_gar_0,wh2_main_lzd_cha_kroq_gar_1,Kroq-Gar,,,,,Grymloq,true
wh2_main_sc_lzd_lizardmen,wh2_main_sc_lzd_lizardmen|wh2_main_lzd_cha_kroq_gar_0,wh2_main_lzd_cha_kroq_gar_2,Kroq-Gar,,,,,Cold One,true
wh2_main_sc_lzd_lizardmen,wh2_main_sc_lzd_lizardmen|wh2_main_lzd_cha_kroq_gar_0,wh2_main_lzd_cha_kroq_gar_3,Kroq-Gar,,,,,Horned One,true
wh2_main_sc_lzd_lizardmen,wh2_main_sc_lzd_lizardmen|wh2_main_lzd_cha_lord_mazdamundi_0,wh2_main_lzd_cha_lord_mazdamundi_0,Lord Mazdamundi,,,,,On foot,true
wh2_main_sc_lzd_lizardmen,wh2_main_sc_lzd_lizardmen|wh2_main_lzd_cha_lord_mazdamundi_0,wh2_main_lzd_cha_lord_mazdamundi_1,Lord Mazdamundi,,,,,Zlaaq,true
wh2_main_sc_lzd_lizardmen,wh2_main_sc_lzd_lizardmen|wh2_main_lzd_cha_saurus_old_blood_0,wh2_main_lzd_cha_saurus_old_blood_0,Saurus Oldblood,,,,,On foot,true
wh2_main_sc_lzd_lizardmen,wh2_main_sc_lzd_lizardmen|wh2_main_lzd_cha_saurus_old_blood_0,wh2_main_lzd_cha_saurus_old_blood_1,Saurus Oldblood,,,,,Cold One,true
wh2_main_sc_lzd_lizardmen,wh2_main_sc_lzd_lizardmen|wh2_main_lzd_cha_saurus_old_blood_0,wh2_main_lzd_cha_saurus_old_blood_2,Saurus Oldblood,,,,,Carnosaur,true
wh2_main_sc_lzd_lizardmen,wh2_main_sc_lzd_lizardmen|wh2_main_lzd_cha_saurus_scar_veteran_0,wh2_main_lzd_cha_saurus_scar_veteran_0,Saurus Scar-Veteran,,,,,On foot,true
wh2_main_sc_lzd_lizardmen,wh2_main_sc_lzd_lizardmen|wh2_main_lzd_cha_saurus_scar_veteran_0,wh2_main_lzd_cha_saurus_scar_veteran_1,Saurus Scar-Veteran,,,,,Cold One,true
wh2_main_sc_lzd_lizardmen,wh2_main_sc_lzd_lizardmen|wh2_main_lzd_cha_saurus_scar_veteran_0,wh2_main_lzd_cha_saurus_scar_veteran_2,Saurus Scar-Veteran,,,,,Carnosaur,true
wh2_main_sc_lzd_lizardmen,wh2_main_sc_lzd_lizardmen|wh2_main_lzd_cha_skink_chief_0,wh2_main_lzd_cha_skink_chief_0,Skink Chief,,,,,On foot,true
wh2_main_sc_lzd_lizardmen,wh2_main_sc_lzd_lizardmen|wh2_main_lzd_cha_skink_chief_0,wh2_main_lzd_cha_skink_chief_1,Skink Chief,,,,,Terradon,true
wh2_main_sc_lzd_lizardmen,wh2_main_sc_lzd_lizardmen|wh2_main_lzd_cha_skink_chief_0,wh2_main_lzd_cha_skink_chief_2,Skink Chief,,,,,Stegadon,true
wh2_main_sc_lzd_lizardmen,wh2_main_sc_lzd_lizardmen|wh2_main_lzd_cha_skink_chief_0,wh2_main_lzd_cha_skink_chief_3,Skink Chief,,,,,Ancient Stegadon,true
wh2_main_sc_lzd_lizardmen,wh2_main_sc_lzd_lizardmen|wh2_main_lzd_cha_skink_priest_beasts_0,wh2_dlc12_lzd_cha_skink_priest_beasts_4,Skink Priest (Beasts),Beasts,,,,Ancient Stegadon (Engine of the Gods),true
wh2_main_sc_lzd_lizardmen,wh2_main_sc_lzd_lizardmen|wh2_main_lzd_cha_skink_priest_beasts_0,wh2_dlc12_lzd_cha_skink_priest_heavens_4,Skink Priest (Heavens),Heavens,,,,Ancient Stegadon (Engine of the Gods),true
wh2_main_sc_lzd_lizardmen,wh2_main_sc_lzd_lizardmen|wh2_main_lzd_cha_skink_priest_beasts_0,wh2_main_lzd_cha_skink_priest_beasts_0,Skink Priest (Beasts),Beasts,,,,On foot,true
wh2_main_sc_lzd_lizardmen,wh2_main_sc_lzd_lizardmen|wh2_main_lzd_cha_skink_priest_beasts_0,wh2_main_lzd_cha_skink_priest_beasts_1,Skink Priest (Beasts),Beasts,,,,Terradon,true
wh2_main_sc_lzd_lizardmen,wh2_main_sc_lzd_lizardmen|wh2_main_lzd_cha_skink_priest_beasts_0,wh2_main_lzd_cha_skink_priest_beasts_2,Skink Priest (Beasts),Beasts,,,,Stegadon,true
wh2_main_sc_lzd_lizardmen,wh2_main_sc_lzd_lizardmen|wh2_main_lzd_cha_skink_priest_beasts_0,wh2_main_lzd_cha_skink_priest_beasts_3,Skink Priest (Beasts),Beasts,,,,Ancient Stegadon,true
wh2_main_sc_lzd_lizardmen,wh2_main_sc_lzd_lizardmen|wh2_main_lzd_cha_skink_priest_beasts_0,wh2_main_lzd_cha_skink_priest_heavens_0,Skink Priest (Heavens),Heavens,,,,On foot,true
wh2_main_sc_lzd_lizardmen,wh2_main_sc_lzd_lizardmen|wh2_main_lzd_cha_skink_priest_beasts_0,wh2_main_lzd_cha_skink_priest_heavens_1,Skink Priest (Heavens),Heavens,,,,Terradon,true
wh2_main_sc_lzd_lizardmen,wh2_main_sc_lzd_lizardmen|wh2_main_lzd_cha_skink_priest_beasts_0,wh2_main_lzd_cha_skink_priest_heavens_2,Skink Priest (Heavens),Heavens,,,,Stegadon,true
wh2_main_sc_lzd_lizardmen,wh2_main_sc_lzd_lizardmen|wh2_main_lzd_cha_skink_priest_beasts_0,wh2_main_lzd_cha_skink_priest_heavens_3,Skink Priest (Heavens),Heavens,,,,Ancient Stegadon,true
wh2_main_sc_lzd_lizardmen,wh2_main_sc_lzd_lizardmen|wh2_main_lzd_inf_chameleon_skinks_0,wh2_main_lzd_inf_chameleon_skinks_0,Chameleon Skinks,,,,,,true
wh2_main_sc_lzd_lizardmen,wh2_main_sc_lzd_lizardmen|wh2_main_lzd_inf_chameleon_skinks_blessed_0,wh2_main_lzd_inf_chameleon_skinks_blessed_0,Blessed Chameleon Skinks,,,,,,false
wh2_main_sc_lzd_lizardmen,wh2_main_sc_lzd_lizardmen|wh2_main_lzd_inf_saurus_spearmen_0,wh2_main_lzd_inf_saurus_spearmen_0,Saurus Spears,,,,,,true
wh2_main_sc_lzd_lizardmen,wh2_main_sc_lzd_lizardmen|wh2_main_lzd_inf_saurus_spearmen_1,wh2_main_lzd_inf_saurus_spearmen_1,Saurus Spears (Shields),,,,,,true
wh2_main_sc_lzd_lizardmen,wh2_main_sc_lzd_lizardmen|wh2_main_lzd_inf_saurus_spearmen_blessed_1,wh2_main_lzd_inf_saurus_spearmen_blessed_1,Blessed Saurus Spears (Shields),,,,,,false
wh2_main_sc_lzd_lizardmen,wh2_main_sc_lzd_lizardmen|wh2_main_lzd_inf_saurus_warriors_0,wh2_main_lzd_inf_saurus_warriors_0,Saurus Warriors,,,,,,true
wh2_main_sc_lzd_lizardmen,wh2_main_sc_lzd_lizardmen|wh2_main_lzd_inf_saurus_warriors_1,wh2_main_lzd_inf_saurus_warriors_1,Saurus Warriors (Shields),,,,,,true
wh2_main_sc_lzd_lizardmen,wh2_main_sc_lzd_lizardmen|wh2_main_lzd_inf_saurus_warriors_blessed_1,wh2_main_lzd_inf_saurus_warriors_blessed_1,Blessed Saurus Warriors (Shields),,,,,,false
wh2_main_sc_lzd_lizardmen,wh2_main_sc_lzd_lizardmen|wh2_main_lzd_inf_skink_cohort_0,wh2_main_lzd_inf_skink_cohort_0,Skink Cohort,,,,,,true
wh2_main_sc_lzd_lizardmen,wh2_main_sc_lzd_lizardmen|wh2_main_lzd_inf_skink_cohort_1,wh2_main_lzd_inf_skink_cohort_1,Skink Cohort (Javelins),,,,,,true
wh2_main_sc_lzd_lizardmen,wh2_main_sc_lzd_lizardmen|wh2_main_lzd_inf_skink_cohort_1_blessed,wh2_main_lzd_inf_skink_cohort_1_blessed,Blessed Skink Cohort (Javelins),,,,,,false
wh2_main_sc_lzd_lizardmen,wh2_main_sc_lzd_lizardmen|wh2_main_lzd_inf_skink_skirmishers_0,wh2_main_lzd_inf_skink_skirmishers_0,Skink Skirmishers,,,,,,true
wh2_main_sc_lzd_lizardmen,wh2_main_sc_lzd_lizardmen|wh2_main_lzd_inf_skink_skirmishers_blessed_0,wh2_main_lzd_inf_skink_skirmishers_blessed_0,Blessed Skink Skirmishers,,,,,,false
wh2_main_sc_lzd_lizardmen,wh2_main_sc_lzd_lizardmen|wh2_main_lzd_inf_temple_guards,wh2_main_lzd_inf_temple_guards,Temple Guard,,,,,,true
wh2_main_sc_lzd_lizardmen,wh2_main_sc_lzd_lizardmen|wh2_main_lzd_inf_temple_guards_blessed,wh2_main_lzd_inf_temple_guards_blessed,Blessed Temple Guard,,,,,,false
wh2_main_sc_lzd_lizardmen,wh2_main_sc_lzd_lizardmen|wh2_main_lzd_mon_ancient_stegadon,wh2_main_lzd_mon_ancient_stegadon,Ancient Stegadon,,,,,,true
wh2_main_sc_lzd_lizardmen,wh2_main_sc_lzd_lizardmen|wh2_main_lzd_mon_ancient_stegadon_blessed,wh2_main_lzd_mon_ancient_stegadon_blessed,Blessed Ancient Stegadon,,,,,,false
wh2_main_sc_lzd_lizardmen,wh2_main_sc_lzd_lizardmen|wh2_main_lzd_mon_bastiladon_0,wh2_main_lzd_mon_bastiladon_0,Feral Bastiladon,,,,,,true
wh2_main_sc_lzd_lizardmen,wh2_main_sc_lzd_lizardmen|wh2_main_lzd_mon_bastiladon_1,wh2_main_lzd_mon_bastiladon_1,Bastiladon (Revivification Crystal),,,,,,true
wh2_main_sc_lzd_lizardmen,wh2_main_sc_lzd_lizardmen|wh2_main_lzd_mon_bastiladon_2,wh2_main_lzd_mon_bastiladon_2,Bastiladon (Solar Engine),,,,,,true
wh2_main_sc_lzd_lizardmen,wh2_main_sc_lzd_lizardmen|wh2_main_lzd_mon_bastiladon_blessed_2,wh2_main_lzd_mon_bastiladon_blessed_2,Blessed Bastiladon (Solar Engine),,,,,,false
wh2_main_sc_lzd_lizardmen,wh2_main_sc_lzd_lizardmen|wh2_main_lzd_mon_carnosaur_0,wh2_main_lzd_mon_carnosaur_0,Feral Carnosaur,,,,,,true
wh2_main_sc_lzd_lizardmen,wh2_main_sc_lzd_lizardmen|wh2_main_lzd_mon_carnosaur_blessed_0,wh2_main_lzd_mon_carnosaur_blessed_0,Blessed Carnosaur,,,,,,false
wh2_main_sc_lzd_lizardmen,wh2_main_sc_lzd_lizardmen|wh2_main_lzd_mon_kroxigors,wh2_main_lzd_mon_kroxigors,Kroxigor,,,,,,true
wh2_main_sc_lzd_lizardmen,wh2_main_sc_lzd_lizardmen|wh2_main_lzd_mon_kroxigors_blessed,wh2_main_lzd_mon_kroxigors_blessed,Blessed Kroxigor,,,,,,false
wh2_main_sc_lzd_lizardmen,wh2_main_sc_lzd_lizardmen|wh2_main_lzd_mon_stegadon_0,wh2_main_lzd_mon_stegadon_0,Feral Stegadon,,,,,,true
wh2_main_sc_lzd_lizardmen,wh2_main_sc_lzd_lizardmen|wh2_main_lzd_mon_stegadon_1,wh2_main_lzd_mon_stegadon_1,Stegadon,,,,,,true
wh2_main_sc_lzd_lizardmen,wh2_main_sc_lzd_lizardmen|wh2_main_lzd_mon_stegadon_blessed_1,wh2_main_lzd_mon_stegadon_blessed_1,Blessed Stegadon,,,,,,false
wh2_main_sc_skv_skaven,wh2_main_sc_skv_skaven|wh2_dlc09_skv_cha_tretch_craventail,wh2_dlc09_skv_cha_tretch_craventail,Tretch Craventail,,,,,,true
wh2_main_sc_skv_skaven,wh2_main_sc_skv_skaven|wh2_dlc12_skv_art_warp_lightning_cannon_ror_0,wh2_dlc12_skv_art_warp_lightning_cannon_ror_0,Ikit's Zzzzap-Zzzzap! (Warp Lightning Cannons),,,,,,true
wh2_main_sc_skv_skaven,wh2_main_sc_skv_skaven|wh2_dlc12_skv_art_warplock_jezzails_ror_tech_lab_0,wh2_dlc12_skv_art_warplock_jezzails_ror_tech_lab_0,Eye-Takers (Warplock Jezzails),,,,,,false
wh2_main_sc_skv_skaven,wh2_main_sc_skv_skaven|wh2_dlc12_skv_cha_ikit_claw_0,wh2_dlc12_skv_cha_ikit_claw_0,Ikit Claw,,,,,On foot,true
wh2_main_sc_skv_skaven,wh2_main_sc_skv_skaven|wh2_dlc12_skv_cha_ikit_claw_0,wh2_dlc12_skv_cha_ikit_claw_1,Ikit Claw,,,,,Doom-Flayer,true
wh2_main_sc_skv_skaven,wh2_main_sc_skv_skaven|wh2_dlc12_skv_cha_ikit_claw_0,wh2_dlc12_skv_cha_ikit_claw_2,Ikit Claw,,,,,Doomwheel,true
wh2_main_sc_skv_skaven,wh2_main_sc_skv_skaven|wh2_dlc12_skv_cha_warlock_master_0,wh2_dlc12_skv_cha_warlock_master_0,Warlock Master,,,,,On foot,true
wh2_main_sc_skv_skaven,wh2_main_sc_skv_skaven|wh2_dlc12_skv_cha_warlock_master_0,wh2_dlc12_skv_cha_warlock_master_1,Warlock Master,,,,,Doom-Flayer,true
wh2_main_sc_skv_skaven,wh2_main_sc_skv_skaven|wh2_dlc12_skv_cha_warlock_master_0,wh2_dlc12_skv_cha_warlock_master_2,Warlock Master,,,,,Doomwheel,true
wh2_main_sc_skv_skaven,wh2_main_sc_skv_skaven|wh2_dlc12_skv_inf_clanrats_ror_0,wh2_dlc12_skv_inf_clanrats_ror_0,Clan Vulkn Tailslashers (Clanrats – Shields),,,,,,true
wh2_main_sc_skv_skaven,wh2_main_sc_skv_skaven|wh2_dlc12_skv_inf_plague_monk_censer_bearer_ror_0,wh2_dlc12_skv_inf_plague_monk_censer_bearer_ror_0,Blightscab's Plaguepack (Plague Monk Censer Bearers),,,,,,true
wh2_main_sc_skv_skaven,wh2_main_sc_skv_skaven|wh2_dlc12_skv_inf_ratling_gun_0,wh2_dlc12_skv_inf_ratling_gun_0,Ratling Guns,,,,,,true
wh2_main_sc_skv_skaven,wh2_main_sc_skv_skaven|wh2_dlc12_skv_inf_ratling_gun_ror_0,wh2_dlc12_skv_inf_ratling_gun_ror_0,Teeth-Breakers (Ratling Guns),,,,,,true
wh2_main_sc_skv_skaven,wh2_main_sc_skv_skaven|wh2_dlc12_skv_inf_ratling_gun_ror_tech_lab_0,wh2_dlc12_skv_inf_ratling_gun_ror_tech_lab_0,Death Dealers (Ratling Guns),,,,,,false
wh2_main_sc_skv_skaven,wh2_main_sc_skv_skaven|wh2_dlc12_skv_inf_stormvermin_ror_0,wh2_dlc12_skv_inf_stormvermin_ror_0,Council Guard (Stormvermin – Halberds),,,,,,true
wh2_main_sc_skv_skaven,wh2_main_sc_skv_skaven|wh2_dlc12_skv_inf_warpfire_thrower_ror_tech_lab_0,wh2_dlc12_skv_inf_warpfire_thrower_ror_tech_lab_0,The Doombringers (Warpfire Throwers),,,,,,false
wh2_main_sc_skv_skaven,wh2_main_sc_skv_skaven|wh2_dlc12_skv_inf_warplock_jezzails_0,wh2_dlc12_skv_inf_warplock_jezzails_0,Warplock Jezzails,,,,,,true
wh2_main_sc_skv_skaven,wh2_main_sc_skv_skaven|wh2_dlc12_skv_inf_warplock_jezzails_ror_0,wh2_dlc12_skv_inf_warplock_jezzails_ror_0,Natty Buboe's Sharpshooters (Warplock Jezzails),,,,,,true
wh2_main_sc_skv_skaven,wh2_main_sc_skv_skaven|wh2_dlc12_skv_veh_doom_flayer_0,wh2_dlc12_skv_veh_doom_flayer_0,Doom-Flayers,,,,,,true
wh2_main_sc_skv_skaven,wh2_main_sc_skv_skaven|wh2_dlc12_skv_veh_doom_flayer_ror_0,wh2_dlc12_skv_veh_doom_flayer_ror_0,Dwarf-Thing Menace (Doom-Flayers),,,,,,true
wh2_main_sc_skv_skaven,wh2_main_sc_skv_skaven|wh2_dlc12_skv_veh_doom_flayer_ror_tech_lab_0,wh2_dlc12_skv_veh_doom_flayer_ror_tech_lab_0,Blackhole Flayers (Doom-Flayers),,,,,,false
wh2_main_sc_skv_skaven,wh2_main_sc_skv_skaven|wh2_dlc12_skv_veh_doomwheel_ror_0,wh2_dlc12_skv_veh_doomwheel_ror_0,Wheelz of Dooom (Doomwheel),,,,,,true
wh2_main_sc_skv_skaven,wh2_main_sc_skv_skaven|wh2_dlc12_skv_veh_doomwheel_ror_tech_lab_0,wh2_dlc12_skv_veh_doomwheel_ror_tech_lab_0,Warpfire's Wheel (Doomwheel),,,,,,false
wh2_main_sc_skv_skaven,wh2_main_sc_skv_skaven|wh2_dlc14_skv_cha_deathmaster_snikch_0,wh2_dlc14_skv_cha_deathmaster_snikch_0,Deathmaster Snikch,,,,,,true
wh2_main_sc_skv_skaven,wh2_main_sc_skv_skaven|wh2_dlc14_skv_cha_eshin_sorcerer_0,wh2_dlc14_skv_cha_eshin_sorcerer_0,Eshin Sorcerer,,,,,,true
wh2_main_sc_skv_skaven,wh2_main_sc_skv_skaven|wh2_dlc14_skv_cha_master_assassin_0,wh2_dlc14_skv_cha_master_assassin_0,Master Assassin,,,,,,true
wh2_main_sc_skv_skaven,wh2_main_sc_skv_skaven|wh2_dlc14_skv_inf_death_runners_ror_0,wh2_dlc14_skv_inf_death_runners_ror_0,Visktrin's Death Squad (Death Runners),,,,,,true
wh2_main_sc_skv_skaven,wh2_main_sc_skv_skaven|wh2_dlc14_skv_inf_eshin_triads_0,wh2_dlc14_skv_inf_eshin_triads_0,Eshin Triads,,,,,,true
wh2_main_sc_skv_skaven,wh2_main_sc_skv_skaven|wh2_dlc14_skv_inf_eshin_triads_ror_0,wh2_dlc14_skv_inf_eshin_triads_ror_0,Iksha's Triads (Eshin Triads),,,,,,true
wh2_main_sc_skv_skaven,wh2_main_sc_skv_skaven|wh2_dlc14_skv_inf_poison_wind_mortar_0,wh2_dlc14_skv_inf_poison_wind_mortar_0,Poisoned Wind Mortars,,,,,,true
wh2_main_sc_skv_skaven,wh2_main_sc_skv_skaven|wh2_dlc14_skv_inf_poison_wind_mortar_ror_0,wh2_dlc14_skv_inf_poison_wind_mortar_ror_0,The Avalanche Mortars (Death Globe Mortars),,,,,,true
wh2_main_sc_skv_skaven,wh2_main_sc_skv_skaven|wh2_dlc14_skv_inf_warp_grinder_0,wh2_dlc14_skv_inf_warp_grinder_0,Warp-Grinders,,,,,,true
wh2_main_sc_skv_skaven,wh2_main_sc_skv_skaven|wh2_dlc16_skv_cha_chieftain_0,wh2_dlc16_skv_cha_chieftain_0,Chieftain,,,,,On foot,true
wh2_main_sc_skv_skaven,wh2_main_sc_skv_skaven|wh2_dlc16_skv_cha_chieftain_0,wh2_dlc16_skv_cha_chieftain_1,Chieftain,,,,,Bonebreaker,true
wh2_main_sc_skv_skaven,wh2_main_sc_skv_skaven|wh2_dlc16_skv_cha_ghoritch_0,wh2_dlc16_skv_cha_ghoritch_0,Ghoritch,,,,,,true
wh2_main_sc_skv_skaven,wh2_main_sc_skv_skaven|wh2_dlc16_skv_cha_packmaster_0,wh2_dlc16_skv_cha_packmaster_0,Packmaster,,,,,On foot,true
wh2_main_sc_skv_skaven,wh2_main_sc_skv_skaven|wh2_dlc16_skv_cha_packmaster_0,wh2_dlc16_skv_cha_packmaster_2,Packmaster,,,,,Brood Horror,true
wh2_main_sc_skv_skaven,wh2_main_sc_skv_skaven|wh2_dlc16_skv_cha_throt_the_unclean_0,wh2_dlc16_skv_cha_throt_the_unclean_0,Throt the Unclean,,,,,On foot,true
wh2_main_sc_skv_skaven,wh2_main_sc_skv_skaven|wh2_dlc16_skv_cha_throt_the_unclean_0,wh2_dlc16_skv_cha_throt_the_unclean_2,Throt the Unclean,,,,,Brood Horror,true
wh2_main_sc_skv_skaven,wh2_main_sc_skv_skaven|wh2_dlc16_skv_mon_brood_horror_0,wh2_dlc16_skv_mon_brood_horror_0,Brood Horror,,,,,,true
wh2_main_sc_skv_skaven,wh2_main_sc_skv_skaven|wh2_dlc16_skv_mon_hell_pit_abomination_ror_0,wh2_dlc16_skv_mon_hell_pit_abomination_ror_0,The Thing-Thing (Hell Pit Abomination),,,,,,true
wh2_main_sc_skv_skaven,wh2_main_sc_skv_skaven|wh2_dlc16_skv_mon_rat_ogre_mutant,wh2_dlc16_skv_mon_rat_ogre_mutant,Mutant Rat Ogre,,,,,,true
wh2_main_sc_skv_skaven,wh2_main_sc_skv_skaven|wh2_dlc16_skv_mon_rat_ogre_mutant_ror_0,wh2_dlc16_skv_mon_rat_ogre_mutant_ror_0,Morskittar's Hellion (Mutant Rat Ogre),,,,,,true
wh2_main_sc_skv_skaven,wh2_main_sc_skv_skaven|wh2_dlc16_skv_mon_rat_ogres_ror_0,wh2_dlc16_skv_mon_rat_ogres_ror_0,Pit Fighters of Hell’s Deep (Rat Ogres),,,,,,true
wh2_main_sc_skv_skaven,wh2_main_sc_skv_skaven|wh2_dlc16_skv_mon_wolf_rats_0,wh2_dlc16_skv_mon_wolf_rats_0,Wolf Rats,,,,,,true
wh2_main_sc_skv_skaven,wh2_main_sc_skv_skaven|wh2_dlc16_skv_mon_wolf_rats_1,wh2_dlc16_skv_mon_wolf_rats_1,Wolf Rats (Poison),,,,,,true
wh2_main_sc_skv_skaven,wh2_main_sc_skv_skaven|wh2_main_skv_art_plagueclaw_catapult,wh2_main_skv_art_plagueclaw_catapult,Plagueclaw Catapults,,,,,,true
wh2_main_sc_skv_skaven,wh2_main_sc_skv_skaven|wh2_main_skv_art_warp_lightning_cannon,wh2_main_skv_art_warp_lightning_cannon,Warp Lightning Cannons,,,,,,true
wh2_main_sc_skv_skaven,wh2_main_sc_skv_skaven|wh2_main_skv_cha_assassin,wh2_main_skv_cha_assassin,Assassin,,,,,,true
wh2_main_sc_skv_skaven,wh2_main_sc_skv_skaven|wh2_main_skv_cha_grey_seer_plague_0,wh2_main_skv_cha_grey_seer_plague_0,Grey Seer (Plague),Plague,,,,On foot,true
wh2_main_sc_skv_skaven,wh2_main_sc_skv_skaven|wh2_main_skv_cha_grey_seer_plague_0,wh2_main_skv_cha_grey_seer_plague_1,Grey Seer (Plague),Plague,,,,Screaming Bell,true
wh2_main_sc_skv_skaven,wh2_main_sc_skv_skaven|wh2_main_skv_cha_grey_seer_plague_0,wh2_main_skv_cha_grey_seer_ruin_0,Grey Seer (Ruin),Ruin,,,,On foot,true
wh2_main_sc_skv_skaven,wh2_main_sc_skv_skaven|wh2_main_skv_cha_grey_seer_plague_0,wh2_main_skv_cha_grey_seer_ruin_1,Grey Seer (Ruin),Ruin,,,,Screaming Bell,true
wh2_main_sc_skv_skaven,wh2_main_sc_skv_skaven|wh2_main_skv_cha_lord_skrolk,wh2_main_skv_cha_lord_skrolk,Lord Skrolk,,,,,On foot,true
wh2_main_sc_skv_skaven,wh2_main_sc_skv_skaven|wh2_main_skv_cha_lord_skrolk,wh3_dlc29_skv_cha_lord_skrolk_cauldron,Lord Skrolk,,,,,Cauldron of a Thousand Poxes,true
wh2_main_sc_skv_skaven,wh2_main_sc_skv_skaven|wh2_main_skv_cha_plague_priest_0,wh2_main_skv_cha_plague_priest_0,Plague Priest,,,,,On foot,true
wh2_main_sc_skv_skaven,wh2_main_sc_skv_skaven|wh2_main_skv_cha_plague_priest_0,wh2_main_skv_cha_plague_priest_2,Plague Priest,,,,,Plague Furnace,true
wh2_main_sc_skv_skaven,wh2_main_sc_skv_skaven|wh2_main_skv_cha_plague_priest_0,wh3_dlc29_skv_cha_plague_priest_cauldron,Plague Priest,,,,,Cauldron of a Thousand Poxes,true
wh2_main_sc_skv_skaven,wh2_main_sc_skv_skaven|wh2_main_skv_cha_queek_headtaker,wh2_main_skv_cha_queek_headtaker,Queek Headtaker,,,,,,true
wh2_main_sc_skv_skaven,wh2_main_sc_skv_skaven|wh2_main_skv_cha_warlock_engineer,wh2_main_skv_cha_warlock_engineer,Warlock Engineer,,,,,,true
wh2_main_sc_skv_skaven,wh2_main_sc_skv_skaven|wh2_main_skv_cha_warlord_0,wh2_dlc16_skv_cha_warlord_2,Warlord,,,,,Brood Horror,true
wh2_main_sc_skv_skaven,wh2_main_sc_skv_skaven|wh2_main_skv_cha_warlord_0,wh2_main_skv_cha_warlord_0,Warlord,,,,,On foot,true
wh2_main_sc_skv_skaven,wh2_main_sc_skv_skaven|wh2_main_skv_cha_warlord_0,wh2_main_skv_cha_warlord_1,Warlord,,,,,Bonebreaker,true
wh2_main_sc_skv_skaven,wh2_main_sc_skv_skaven|wh2_main_skv_inf_clanrat_spearmen_0,wh2_main_skv_inf_clanrat_spearmen_0,Clanrat Spears,,,,,,true
wh2_main_sc_skv_skaven,wh2_main_sc_skv_skaven|wh2_main_skv_inf_clanrat_spearmen_1,wh2_main_skv_inf_clanrat_spearmen_1,Clanrat Spears (Shields),,,,,,true
wh2_main_sc_skv_skaven,wh2_main_sc_skv_skaven|wh2_main_skv_inf_clanrats_0,wh2_main_skv_inf_clanrats_0,Clanrats,,,,,,true
wh2_main_sc_skv_skaven,wh2_main_sc_skv_skaven|wh2_main_skv_inf_clanrats_1,wh2_main_skv_inf_clanrats_1,Clanrats (Shields),,,,,,true
wh2_main_sc_skv_skaven,wh2_main_sc_skv_skaven|wh2_main_skv_inf_death_globe_bombardiers,wh2_main_skv_inf_death_globe_bombardiers,Death Globe Bombardiers,,,,,,true
wh2_main_sc_skv_skaven,wh2_main_sc_skv_skaven|wh2_main_skv_inf_death_runners_0,wh2_main_skv_inf_death_runners_0,Death Runners,,,,,,true
wh2_main_sc_skv_skaven,wh2_main_sc_skv_skaven|wh2_main_skv_inf_gutter_runner_slingers_0,wh2_main_skv_inf_gutter_runner_slingers_0,Gutter Runner Slingers,,,,,,true
wh2_main_sc_skv_skaven,wh2_main_sc_skv_skaven|wh2_main_skv_inf_gutter_runner_slingers_1,wh2_main_skv_inf_gutter_runner_slingers_1,Gutter Runner Slingers (Poison),,,,,,true
wh2_main_sc_skv_skaven,wh2_main_sc_skv_skaven|wh2_main_skv_inf_gutter_runners_0,wh2_main_skv_inf_gutter_runners_0,Gutter Runners,,,,,,true
wh2_main_sc_skv_skaven,wh2_main_sc_skv_skaven|wh2_main_skv_inf_gutter_runners_1,wh2_main_skv_inf_gutter_runners_1,Gutter Runners (Poison),,,,,,true
wh2_main_sc_skv_skaven,wh2_main_sc_skv_skaven|wh2_main_skv_inf_night_runners_0,wh2_main_skv_inf_night_runners_0,Night Runners,,,,,,true
wh2_main_sc_skv_skaven,wh2_main_sc_skv_skaven|wh2_main_skv_inf_night_runners_1,wh2_main_skv_inf_night_runners_1,Night Runners (Slings),,,,,,true
wh2_main_sc_skv_skaven,wh2_main_sc_skv_skaven|wh2_main_skv_inf_plague_monk_censer_bearer,wh2_main_skv_inf_plague_monk_censer_bearer,Plague Monk Censer Bearers,,,,,,true
wh2_main_sc_skv_skaven,wh2_main_sc_skv_skaven|wh2_main_skv_inf_plague_monks,wh2_main_skv_inf_plague_monks,Plague Monks,,,,,,true
wh2_main_sc_skv_skaven,wh2_main_sc_skv_skaven|wh2_main_skv_inf_poison_wind_globadiers,wh2_main_skv_inf_poison_wind_globadiers,Poisoned Wind Globadiers,,,,,,true
wh2_main_sc_skv_skaven,wh2_main_sc_skv_skaven|wh2_main_skv_inf_skavenslave_slingers_0,wh2_main_skv_inf_skavenslave_slingers_0,Skavenslave Slingers,,,,,,true
wh2_main_sc_skv_skaven,wh2_main_sc_skv_skaven|wh2_main_skv_inf_skavenslave_spearmen_0,wh2_main_skv_inf_skavenslave_spearmen_0,Skavenslave Spears,,,,,,true
wh2_main_sc_skv_skaven,wh2_main_sc_skv_skaven|wh2_main_skv_inf_skavenslaves_0,wh2_main_skv_inf_skavenslaves_0,Skavenslaves,,,,,,true
wh2_main_sc_skv_skaven,wh2_main_sc_skv_skaven|wh2_main_skv_inf_stormvermin_0,wh2_main_skv_inf_stormvermin_0,Stormvermin (Halberds),,,,,,true
wh2_main_sc_skv_skaven,wh2_main_sc_skv_skaven|wh2_main_skv_inf_stormvermin_1,wh2_main_skv_inf_stormvermin_1,Stormvermin (Swords & Shields),,,,,,true
wh2_main_sc_skv_skaven,wh2_main_sc_skv_skaven|wh2_main_skv_inf_warpfire_thrower,wh2_main_skv_inf_warpfire_thrower,Warpfire Throwers,,,,,,true
wh2_main_sc_skv_skaven,wh2_main_sc_skv_skaven|wh2_main_skv_mon_hell_pit_abomination,wh2_main_skv_mon_hell_pit_abomination,Hell Pit Abomination,,,,,,true
wh2_main_sc_skv_skaven,wh2_main_sc_skv_skaven|wh2_main_skv_mon_rat_ogres,wh2_main_skv_mon_rat_ogres,Rat Ogres,,,,,,true
wh2_main_sc_skv_skaven,wh2_main_sc_skv_skaven|wh2_main_skv_veh_doomwheel,wh2_main_skv_veh_doomwheel,Doomwheel,,,,,,true
wh2_main_sc_skv_skaven,wh2_main_sc_skv_skaven|wh3_dlc29_skv_art_plagueclaw_catapult_ror,wh3_dlc29_skv_art_plagueclaw_catapult_ror,Virulent Batteries (Plagueclaw Catapults),,,,,,true
wh2_main_sc_skv_skaven,wh2_main_sc_skv_skaven|wh3_dlc29_skv_art_warp_doom_magma_cannon,wh3_dlc29_skv_art_warp_doom_magma_cannon,Warp-Doom Magma-Cannon,,,,,,true
wh2_main_sc_skv_skaven,wh2_main_sc_skv_skaven|wh3_dlc29_skv_cha_skreech_verminking,wh3_dlc29_skv_cha_skreech_verminking,Skreech Verminking,,,,,,true
wh2_main_sc_skv_skaven,wh2_main_sc_skv_skaven|wh3_dlc29_skv_cha_thanquol,wh3_dlc29_skv_cha_thanquol,Thanquol,,,,,On foot,true
wh2_main_sc_skv_skaven,wh2_main_sc_skv_skaven|wh3_dlc29_skv_cha_thanquol,wh3_dlc29_skv_cha_thanquol_boneripper_warpfire_braziers,Thanquol,,,,,Boneripper 1,true
wh2_main_sc_skv_skaven,wh2_main_sc_skv_skaven|wh3_dlc29_skv_cha_thanquol,wh3_dlc29_skv_cha_thanquol_boneripper_warpfire_projectors,Thanquol,,,,,Boneripper 2,true
wh2_main_sc_skv_skaven,wh2_main_sc_skv_skaven|wh3_dlc29_skv_cha_verminlord_corruptor,wh3_dlc29_skv_cha_verminlord_corruptor,Verminlord Corruptor,,,,,,true
wh2_main_sc_skv_skaven,wh2_main_sc_skv_skaven|wh3_dlc29_skv_cha_verminlord_deceiver,wh3_dlc29_skv_cha_verminlord_deceiver,Verminlord Deceiver,,,,,,true
wh2_main_sc_skv_skaven,wh2_main_sc_skv_skaven|wh3_dlc29_skv_cha_verminlord_warbringer,wh3_dlc29_skv_cha_verminlord_warbringer,Verminlord Warbringer,,,,,,true
wh2_main_sc_skv_skaven,wh2_main_sc_skv_skaven|wh3_dlc29_skv_cha_verminlord_warpseer,wh3_dlc29_skv_cha_verminlord_warpseer,Verminlord Warpseer,,,,,,true
wh2_main_sc_skv_skaven,wh2_main_sc_skv_skaven|wh3_dlc29_skv_inf_deathvermin_ror,wh3_dlc29_skv_inf_deathvermin_ror,Deathvermin (Stormvermin – Halberds & Shields),,,,,,true
wh2_main_sc_skv_skaven,wh2_main_sc_skv_skaven|wh3_dlc29_skv_inf_pusbags,wh3_dlc29_skv_inf_pusbags,Pusbags,,,,,,true
wh2_main_sc_skv_skaven,wh2_main_sc_skv_skaven|wh3_dlc29_skv_mon_stormfiend_doomflayer_gauntlets,wh3_dlc29_skv_mon_stormfiend_doomflayer_gauntlets,Stormfiends (Doom-flayer Gauntlets),,,,,,true
wh2_main_sc_skv_skaven,wh2_main_sc_skv_skaven|wh3_dlc29_skv_mon_stormfiend_grinderfists,wh3_dlc29_skv_mon_stormfiend_grinderfists,Stormfiends (Grinderfists),,,,,,true
wh2_main_sc_skv_skaven,wh2_main_sc_skv_skaven|wh3_dlc29_skv_mon_stormfiend_ratling_cannons,wh3_dlc29_skv_mon_stormfiend_ratling_cannons,Stormfiends (Ratling Cannons),,,,,,true
wh2_main_sc_skv_skaven,wh2_main_sc_skv_skaven|wh3_dlc29_skv_mon_stormfiend_shock_gauntlets,wh3_dlc29_skv_mon_stormfiend_shock_gauntlets,Stormfiends (Shock Gauntlets),,,,,,true
wh2_main_sc_skv_skaven,wh2_main_sc_skv_skaven|wh3_dlc29_skv_mon_stormfiend_warpfire_projectors,wh3_dlc29_skv_mon_stormfiend_warpfire_projectors,Stormfiends (Warpfire Projectors),,,,,,true
wh2_main_sc_skv_skaven,wh2_main_sc_skv_skaven|wh3_dlc29_skv_mon_stormfiend_windlaunchers,wh3_dlc29_skv_mon_stormfiend_windlaunchers,Stormfiends (Windlaunchers),,,,,,true
wh2_main_sc_skv_skaven,wh2_main_sc_skv_skaven|wh3_dlc29_skv_mon_stormfiends_ratling_cannons_ror,wh3_dlc29_skv_mon_stormfiends_ratling_cannons_ror,Scratterfire Team (Stormfiends – Ratling Cannons),,,,,,true
wh2_main_sc_skv_skaven,wh2_main_sc_skv_skaven|wh3_dlc29_skv_veh_cauldron_of_a_thousand_poxes,wh3_dlc29_skv_veh_cauldron_of_a_thousand_poxes,Cauldron of a Thousand Poxes,,,,,,true
wh3_dlc23_sc_chd_chaos_dwarfs,wh3_dlc23_sc_chd_chaos_dwarfs|wh3_dlc23_chd_cav_bull_centaurs_axe,wh3_dlc23_chd_cav_bull_centaurs_axe,Bull Centaur Renders,,,,,,true
wh3_dlc23_sc_chd_chaos_dwarfs,wh3_dlc23_sc_chd_chaos_dwarfs|wh3_dlc23_chd_cav_bull_centaurs_dual_axe,wh3_dlc23_chd_cav_bull_centaurs_dual_axe,Bull Centaur Renders (Dual Axes),,,,,,true
wh3_dlc23_sc_chd_chaos_dwarfs,wh3_dlc23_sc_chd_chaos_dwarfs|wh3_dlc23_chd_cav_bull_centaurs_dual_axe_ror,wh3_dlc23_chd_cav_bull_centaurs_dual_axe_ror,Hashut's Dark Ravagers (Bull Centaur Renders – Dual Axes),,,,,,true
wh3_dlc23_sc_chd_chaos_dwarfs,wh3_dlc23_sc_chd_chaos_dwarfs|wh3_dlc23_chd_cav_bull_centaurs_greatweapons,wh3_dlc23_chd_cav_bull_centaurs_greatweapons,Bull Centaur Renders (Great Weapons),,,,,,true
wh3_dlc23_sc_chd_chaos_dwarfs,wh3_dlc23_sc_chd_chaos_dwarfs|wh3_dlc23_chd_cav_hobgoblin_wolf_raiders_bows,wh3_dlc23_chd_cav_hobgoblin_wolf_raiders_bows,Hobgoblin Wolf Raiders (Bows),,,,,,true
wh3_dlc23_sc_chd_chaos_dwarfs,wh3_dlc23_sc_chd_chaos_dwarfs|wh3_dlc23_chd_cav_hobgoblin_wolf_raiders_ror,wh3_dlc23_chd_cav_hobgoblin_wolf_raiders_ror,Oglah Khan's Wolfboyz,,,,,,true
wh3_dlc23_sc_chd_chaos_dwarfs,wh3_dlc23_sc_chd_chaos_dwarfs|wh3_dlc23_chd_cav_hobgoblin_wolf_raiders_spears,wh3_dlc23_chd_cav_hobgoblin_wolf_raiders_spears,Hobgoblin Wolf Raiders (Spears),,,,,,true
wh3_dlc23_sc_chd_chaos_dwarfs,wh3_dlc23_sc_chd_chaos_dwarfs|wh3_dlc23_chd_cha_astragoth_ironhand,wh3_dlc23_chd_cha_astragoth_ironhand,Astragoth Ironhand,,,,,,true
wh3_dlc23_sc_chd_chaos_dwarfs,wh3_dlc23_sc_chd_chaos_dwarfs|wh3_dlc23_chd_cha_bull_centaur_taurruk,wh3_dlc23_chd_cha_bull_centaur_taurruk,Bull Centaur Taur'ruk,,,,,,true
wh3_dlc23_sc_chd_chaos_dwarfs,wh3_dlc23_sc_chd_chaos_dwarfs|wh3_dlc23_chd_cha_daemonsmith_sorcerer_death,wh3_dlc23_chd_cha_daemonsmith_sorcerer_death,Daemonsmith Sorcerer (Death),Death,,,,On foot,true
wh3_dlc23_sc_chd_chaos_dwarfs,wh3_dlc23_sc_chd_chaos_dwarfs|wh3_dlc23_chd_cha_daemonsmith_sorcerer_death,wh3_dlc23_chd_cha_daemonsmith_sorcerer_death_bale_taurus,Daemonsmith Sorcerer (Death),Death,,,,Bale Taurus,true
wh3_dlc23_sc_chd_chaos_dwarfs,wh3_dlc23_sc_chd_chaos_dwarfs|wh3_dlc23_chd_cha_daemonsmith_sorcerer_death,wh3_dlc23_chd_cha_daemonsmith_sorcerer_death_great_taurus,Daemonsmith Sorcerer (Death),Death,,,,Great Taurus,true
wh3_dlc23_sc_chd_chaos_dwarfs,wh3_dlc23_sc_chd_chaos_dwarfs|wh3_dlc23_chd_cha_daemonsmith_sorcerer_death,wh3_dlc23_chd_cha_daemonsmith_sorcerer_death_lammasu,Daemonsmith Sorcerer (Death),Death,,,,Lammasu,true
wh3_dlc23_sc_chd_chaos_dwarfs,wh3_dlc23_sc_chd_chaos_dwarfs|wh3_dlc23_chd_cha_daemonsmith_sorcerer_death,wh3_dlc23_chd_cha_daemonsmith_sorcerer_fire,Daemonsmith Sorcerer (Fire),Fire,,,,On foot,true
wh3_dlc23_sc_chd_chaos_dwarfs,wh3_dlc23_sc_chd_chaos_dwarfs|wh3_dlc23_chd_cha_daemonsmith_sorcerer_death,wh3_dlc23_chd_cha_daemonsmith_sorcerer_fire_bale_taurus,Daemonsmith Sorcerer (Fire),Fire,,,,Bale Taurus,true
wh3_dlc23_sc_chd_chaos_dwarfs,wh3_dlc23_sc_chd_chaos_dwarfs|wh3_dlc23_chd_cha_daemonsmith_sorcerer_death,wh3_dlc23_chd_cha_daemonsmith_sorcerer_fire_great_taurus,Daemonsmith Sorcerer (Fire),Fire,,,,Great Taurus,true
wh3_dlc23_sc_chd_chaos_dwarfs,wh3_dlc23_sc_chd_chaos_dwarfs|wh3_dlc23_chd_cha_daemonsmith_sorcerer_death,wh3_dlc23_chd_cha_daemonsmith_sorcerer_fire_lammasu,Daemonsmith Sorcerer (Fire),Fire,,,,Lammasu,true
wh3_dlc23_sc_chd_chaos_dwarfs,wh3_dlc23_sc_chd_chaos_dwarfs|wh3_dlc23_chd_cha_daemonsmith_sorcerer_death,wh3_dlc23_chd_cha_daemonsmith_sorcerer_hashut,Daemonsmith Sorcerer (Hashut),Hashut,,,,On foot,true
wh3_dlc23_sc_chd_chaos_dwarfs,wh3_dlc23_sc_chd_chaos_dwarfs|wh3_dlc23_chd_cha_daemonsmith_sorcerer_death,wh3_dlc23_chd_cha_daemonsmith_sorcerer_hashut_bale_taurus,Daemonsmith Sorcerer (Hashut),Hashut,,,,Bale Taurus,true
wh3_dlc23_sc_chd_chaos_dwarfs,wh3_dlc23_sc_chd_chaos_dwarfs|wh3_dlc23_chd_cha_daemonsmith_sorcerer_death,wh3_dlc23_chd_cha_daemonsmith_sorcerer_hashut_great_taurus,Daemonsmith Sorcerer (Hashut),Hashut,,,,Great Taurus,true
wh3_dlc23_sc_chd_chaos_dwarfs,wh3_dlc23_sc_chd_chaos_dwarfs|wh3_dlc23_chd_cha_daemonsmith_sorcerer_death,wh3_dlc23_chd_cha_daemonsmith_sorcerer_hashut_lammasu,Daemonsmith Sorcerer (Hashut),Hashut,,,,Lammasu,true
wh3_dlc23_sc_chd_chaos_dwarfs,wh3_dlc23_sc_chd_chaos_dwarfs|wh3_dlc23_chd_cha_daemonsmith_sorcerer_death,wh3_dlc23_chd_cha_daemonsmith_sorcerer_metal,Daemonsmith Sorcerer (Metal),Metal,,,,On foot,true
wh3_dlc23_sc_chd_chaos_dwarfs,wh3_dlc23_sc_chd_chaos_dwarfs|wh3_dlc23_chd_cha_daemonsmith_sorcerer_death,wh3_dlc23_chd_cha_daemonsmith_sorcerer_metal_bale_taurus,Daemonsmith Sorcerer (Metal),Metal,,,,Bale Taurus,true
wh3_dlc23_sc_chd_chaos_dwarfs,wh3_dlc23_sc_chd_chaos_dwarfs|wh3_dlc23_chd_cha_daemonsmith_sorcerer_death,wh3_dlc23_chd_cha_daemonsmith_sorcerer_metal_great_taurus,Daemonsmith Sorcerer (Metal),Metal,,,,Great Taurus,true
wh3_dlc23_sc_chd_chaos_dwarfs,wh3_dlc23_sc_chd_chaos_dwarfs|wh3_dlc23_chd_cha_daemonsmith_sorcerer_death,wh3_dlc23_chd_cha_daemonsmith_sorcerer_metal_lammasu,Daemonsmith Sorcerer (Metal),Metal,,,,Lammasu,true
wh3_dlc23_sc_chd_chaos_dwarfs,wh3_dlc23_sc_chd_chaos_dwarfs|wh3_dlc23_chd_cha_drazhoath_the_ashen,wh3_dlc23_chd_cha_drazhoath_the_ashen,Drazhoath the Ashen,,,,,On foot,true
wh3_dlc23_sc_chd_chaos_dwarfs,wh3_dlc23_sc_chd_chaos_dwarfs|wh3_dlc23_chd_cha_drazhoath_the_ashen,wh3_dlc23_chd_cha_drazhoath_the_ashen_bale_taurus_cinderbreath,Drazhoath the Ashen,,,,,Cinderbreath,true
wh3_dlc23_sc_chd_chaos_dwarfs,wh3_dlc23_sc_chd_chaos_dwarfs|wh3_dlc23_chd_cha_gorduz_backstabber,wh3_dlc23_chd_cha_gorduz_backstabber,Gorduz Backstabber,,,,,On foot,true
wh3_dlc23_sc_chd_chaos_dwarfs,wh3_dlc23_sc_chd_chaos_dwarfs|wh3_dlc23_chd_cha_gorduz_backstabber,wh3_dlc23_chd_cha_gorduz_backstabber_giant_wolf,Gorduz Backstabber,,,,,Giant Wolf,true
wh3_dlc23_sc_chd_chaos_dwarfs,wh3_dlc23_sc_chd_chaos_dwarfs|wh3_dlc23_chd_cha_infernal_castellan,wh3_dlc23_chd_cha_infernal_castellan,Infernal Castellan,,,,,,true
wh3_dlc23_sc_chd_chaos_dwarfs,wh3_dlc23_sc_chd_chaos_dwarfs|wh3_dlc23_chd_cha_overseer,wh3_dlc23_chd_cha_overseer,Overseer,,,,,On foot,true
wh3_dlc23_sc_chd_chaos_dwarfs,wh3_dlc23_sc_chd_chaos_dwarfs|wh3_dlc23_chd_cha_overseer,wh3_dlc23_chd_cha_overseer_great_taurus,Overseer,,,,,Great Taurus,true
wh3_dlc23_sc_chd_chaos_dwarfs,wh3_dlc23_sc_chd_chaos_dwarfs|wh3_dlc23_chd_cha_overseer,wh3_dlc23_chd_cha_overseer_lammasu,Overseer,,,,,Lammasu,true
wh3_dlc23_sc_chd_chaos_dwarfs,wh3_dlc23_sc_chd_chaos_dwarfs|wh3_dlc23_chd_cha_sorcerer_prophet_death,wh3_dlc23_chd_cha_sorcerer_prophet_death,Sorcerer-Prophet (Death),Death,,,,On foot,true
wh3_dlc23_sc_chd_chaos_dwarfs,wh3_dlc23_sc_chd_chaos_dwarfs|wh3_dlc23_chd_cha_sorcerer_prophet_death,wh3_dlc23_chd_cha_sorcerer_prophet_death_bale_taurus,Sorcerer-Prophet (Death),Death,,,,Bale Taurus,true
wh3_dlc23_sc_chd_chaos_dwarfs,wh3_dlc23_sc_chd_chaos_dwarfs|wh3_dlc23_chd_cha_sorcerer_prophet_death,wh3_dlc23_chd_cha_sorcerer_prophet_death_great_taurus,Sorcerer-Prophet (Death),Death,,,,Great Taurus,true
wh3_dlc23_sc_chd_chaos_dwarfs,wh3_dlc23_sc_chd_chaos_dwarfs|wh3_dlc23_chd_cha_sorcerer_prophet_death,wh3_dlc23_chd_cha_sorcerer_prophet_death_lammasu,Sorcerer-Prophet (Death),Death,,,,Lammasu,true
wh3_dlc23_sc_chd_chaos_dwarfs,wh3_dlc23_sc_chd_chaos_dwarfs|wh3_dlc23_chd_cha_sorcerer_prophet_death,wh3_dlc23_chd_cha_sorcerer_prophet_fire,Sorcerer-Prophet (Fire),Fire,,,,On foot,true
wh3_dlc23_sc_chd_chaos_dwarfs,wh3_dlc23_sc_chd_chaos_dwarfs|wh3_dlc23_chd_cha_sorcerer_prophet_death,wh3_dlc23_chd_cha_sorcerer_prophet_fire_bale_taurus,Sorcerer-Prophet (Fire),Fire,,,,Bale Taurus,true
wh3_dlc23_sc_chd_chaos_dwarfs,wh3_dlc23_sc_chd_chaos_dwarfs|wh3_dlc23_chd_cha_sorcerer_prophet_death,wh3_dlc23_chd_cha_sorcerer_prophet_fire_great_taurus,Sorcerer-Prophet (Fire),Fire,,,,Great Taurus,true
wh3_dlc23_sc_chd_chaos_dwarfs,wh3_dlc23_sc_chd_chaos_dwarfs|wh3_dlc23_chd_cha_sorcerer_prophet_death,wh3_dlc23_chd_cha_sorcerer_prophet_fire_lammasu,Sorcerer-Prophet (Fire),Fire,,,,Lammasu,true
wh3_dlc23_sc_chd_chaos_dwarfs,wh3_dlc23_sc_chd_chaos_dwarfs|wh3_dlc23_chd_cha_sorcerer_prophet_death,wh3_dlc23_chd_cha_sorcerer_prophet_hashut,Sorcerer-Prophet (Hashut),Hashut,,,,On foot,true
wh3_dlc23_sc_chd_chaos_dwarfs,wh3_dlc23_sc_chd_chaos_dwarfs|wh3_dlc23_chd_cha_sorcerer_prophet_death,wh3_dlc23_chd_cha_sorcerer_prophet_hashut_bale_taurus,Sorcerer-Prophet (Hashut),Hashut,,,,Bale Taurus,true
wh3_dlc23_sc_chd_chaos_dwarfs,wh3_dlc23_sc_chd_chaos_dwarfs|wh3_dlc23_chd_cha_sorcerer_prophet_death,wh3_dlc23_chd_cha_sorcerer_prophet_hashut_great_taurus,Sorcerer-Prophet (Hashut),Hashut,,,,Great Taurus,true
wh3_dlc23_sc_chd_chaos_dwarfs,wh3_dlc23_sc_chd_chaos_dwarfs|wh3_dlc23_chd_cha_sorcerer_prophet_death,wh3_dlc23_chd_cha_sorcerer_prophet_hashut_lammasu,Sorcerer-Prophet (Hashut),Hashut,,,,Lammasu,true
wh3_dlc23_sc_chd_chaos_dwarfs,wh3_dlc23_sc_chd_chaos_dwarfs|wh3_dlc23_chd_cha_sorcerer_prophet_death,wh3_dlc23_chd_cha_sorcerer_prophet_metal,Sorcerer-Prophet (Metal),Metal,,,,On foot,true
wh3_dlc23_sc_chd_chaos_dwarfs,wh3_dlc23_sc_chd_chaos_dwarfs|wh3_dlc23_chd_cha_sorcerer_prophet_death,wh3_dlc23_chd_cha_sorcerer_prophet_metal_bale_taurus,Sorcerer-Prophet (Metal),Metal,,,,Bale Taurus,true
wh3_dlc23_sc_chd_chaos_dwarfs,wh3_dlc23_sc_chd_chaos_dwarfs|wh3_dlc23_chd_cha_sorcerer_prophet_death,wh3_dlc23_chd_cha_sorcerer_prophet_metal_great_taurus,Sorcerer-Prophet (Metal),Metal,,,,Great Taurus,true
wh3_dlc23_sc_chd_chaos_dwarfs,wh3_dlc23_sc_chd_chaos_dwarfs|wh3_dlc23_chd_cha_sorcerer_prophet_death,wh3_dlc23_chd_cha_sorcerer_prophet_metal_lammasu,Sorcerer-Prophet (Metal),Metal,,,,Lammasu,true
wh3_dlc23_sc_chd_chaos_dwarfs,wh3_dlc23_sc_chd_chaos_dwarfs|wh3_dlc23_chd_cha_zhatan_the_black,wh3_dlc23_chd_cha_zhatan_the_black,Zhatan the Black,,,,,On foot,true
wh3_dlc23_sc_chd_chaos_dwarfs,wh3_dlc23_sc_chd_chaos_dwarfs|wh3_dlc23_chd_cha_zhatan_the_black,wh3_dlc23_chd_cha_zhatan_the_black_great_taurus,Zhatan the Black,,,,,Great Taurus,true
wh3_dlc23_sc_chd_chaos_dwarfs,wh3_dlc23_sc_chd_chaos_dwarfs|wh3_dlc23_chd_cha_zhatan_the_black,wh3_dlc23_chd_cha_zhatan_the_black_lammasu,Zhatan the Black,,,,,Lammasu,true
wh3_dlc23_sc_chd_chaos_dwarfs,wh3_dlc23_sc_chd_chaos_dwarfs|wh3_dlc23_chd_inf_chaos_dwarf_blunderbusses,wh3_dlc23_chd_inf_chaos_dwarf_blunderbusses,Chaos Dwarf Blunderbusses,,,,,,true
wh3_dlc23_sc_chd_chaos_dwarfs,wh3_dlc23_sc_chd_chaos_dwarfs|wh3_dlc23_chd_inf_chaos_dwarf_blunderbusses_ror,wh3_dlc23_chd_inf_chaos_dwarf_blunderbusses_ror,The Granite Guard (Chaos Dwarf Blunderbusses),,,,,,true
wh3_dlc23_sc_chd_chaos_dwarfs,wh3_dlc23_sc_chd_chaos_dwarfs|wh3_dlc23_chd_inf_chaos_dwarf_warriors,wh3_dlc23_chd_inf_chaos_dwarf_warriors,Chaos Dwarf Warriors,,,,,,true
wh3_dlc23_sc_chd_chaos_dwarfs,wh3_dlc23_sc_chd_chaos_dwarfs|wh3_dlc23_chd_inf_chaos_dwarf_warriors_great_weapons,wh3_dlc23_chd_inf_chaos_dwarf_warriors_great_weapons,Chaos Dwarf Warriors (Great Weapons),,,,,,true
wh3_dlc23_sc_chd_chaos_dwarfs,wh3_dlc23_sc_chd_chaos_dwarfs|wh3_dlc23_chd_inf_chaos_dwarf_warriors_ror,wh3_dlc23_chd_inf_chaos_dwarf_warriors_ror,The Blazing Beards of Bazherak (Chaos Dwarf Warriors),,,,,,true
wh3_dlc23_sc_chd_chaos_dwarfs,wh3_dlc23_sc_chd_chaos_dwarfs|wh3_dlc23_chd_inf_goblin_labourers,wh3_dlc23_chd_inf_goblin_labourers,Goblin Labourers,,,,,,true
wh3_dlc23_sc_chd_chaos_dwarfs,wh3_dlc23_sc_chd_chaos_dwarfs|wh3_dlc23_chd_inf_hobgoblin_archers,wh3_dlc23_chd_inf_hobgoblin_archers,Hobgoblin Archers,,,,,,true
wh3_dlc23_sc_chd_chaos_dwarfs,wh3_dlc23_sc_chd_chaos_dwarfs|wh3_dlc23_chd_inf_hobgoblin_cutthroats,wh3_dlc23_chd_inf_hobgoblin_cutthroats,Hobgoblin Cutthroats,,,,,,true
wh3_dlc23_sc_chd_chaos_dwarfs,wh3_dlc23_sc_chd_chaos_dwarfs|wh3_dlc23_chd_inf_hobgoblin_sneaky_gits,wh3_dlc23_chd_inf_hobgoblin_sneaky_gits,Hobgoblin Sneaky Gits,,,,,,true
wh3_dlc23_sc_chd_chaos_dwarfs,wh3_dlc23_sc_chd_chaos_dwarfs|wh3_dlc23_chd_inf_infernal_guard,wh3_dlc23_chd_inf_infernal_guard,Infernal Guard,,,,,,true
wh3_dlc23_sc_chd_chaos_dwarfs,wh3_dlc23_sc_chd_chaos_dwarfs|wh3_dlc23_chd_inf_infernal_guard_fireglaives,wh3_dlc23_chd_inf_infernal_guard_fireglaives,Infernal Guard (Fireglaives),,,,,,true
wh3_dlc23_sc_chd_chaos_dwarfs,wh3_dlc23_sc_chd_chaos_dwarfs|wh3_dlc23_chd_inf_infernal_guard_great_weapons,wh3_dlc23_chd_inf_infernal_guard_great_weapons,Infernal Guard (Great Weapons),,,,,,true
wh3_dlc23_sc_chd_chaos_dwarfs,wh3_dlc23_sc_chd_chaos_dwarfs|wh3_dlc23_chd_inf_infernal_ironsworn,wh3_dlc23_chd_inf_infernal_ironsworn,Infernal Ironsworn,,,,,,true
wh3_dlc23_sc_chd_chaos_dwarfs,wh3_dlc23_sc_chd_chaos_dwarfs|wh3_dlc23_chd_inf_infernal_ironsworn_ror,wh3_dlc23_chd_inf_infernal_ironsworn_ror,The Immortals (Infernal Ironsworn),,,,,,true
wh3_dlc23_sc_chd_chaos_dwarfs,wh3_dlc23_sc_chd_chaos_dwarfs|wh3_dlc23_chd_inf_orc_labourers,wh3_dlc23_chd_inf_orc_labourers,Orc Labourers,,,,,,true
wh3_dlc23_sc_chd_chaos_dwarfs,wh3_dlc23_sc_chd_chaos_dwarfs|wh3_dlc23_chd_mon_bale_taurus,wh3_dlc23_chd_mon_bale_taurus,Bale Taurus,,,,,,true
wh3_dlc23_sc_chd_chaos_dwarfs,wh3_dlc23_sc_chd_chaos_dwarfs|wh3_dlc23_chd_mon_great_taurus,wh3_dlc23_chd_mon_great_taurus,Great Taurus,,,,,,true
wh3_dlc23_sc_chd_chaos_dwarfs,wh3_dlc23_sc_chd_chaos_dwarfs|wh3_dlc23_chd_mon_kdaai_destroyer,wh3_dlc23_chd_mon_kdaai_destroyer,K'daai Destroyer,,,,,,true
wh3_dlc23_sc_chd_chaos_dwarfs,wh3_dlc23_sc_chd_chaos_dwarfs|wh3_dlc23_chd_mon_kdaai_fireborn,wh3_dlc23_chd_mon_kdaai_fireborn,K'daai Fireborn,,,,,,true
wh3_dlc23_sc_chd_chaos_dwarfs,wh3_dlc23_sc_chd_chaos_dwarfs|wh3_dlc23_chd_mon_lammasu,wh3_dlc23_chd_mon_lammasu,Lammasu,,,,,,true
wh3_dlc23_sc_chd_chaos_dwarfs,wh3_dlc23_sc_chd_chaos_dwarfs|wh3_dlc23_chd_veh_deathshrieker_rocket_launcher,wh3_dlc23_chd_veh_deathshrieker_rocket_launcher,Deathshrieker Rocket Launcher,,,,,,true
wh3_dlc23_sc_chd_chaos_dwarfs,wh3_dlc23_sc_chd_chaos_dwarfs|wh3_dlc23_chd_veh_dreadquake_mortar,wh3_dlc23_chd_veh_dreadquake_mortar,Dreadquake Mortar,,,,,,true
wh3_dlc23_sc_chd_chaos_dwarfs,wh3_dlc23_sc_chd_chaos_dwarfs|wh3_dlc23_chd_veh_iron_daemon,wh3_dlc23_chd_veh_iron_daemon,Iron Daemon,,,,None,,true
wh3_dlc23_sc_chd_chaos_dwarfs,wh3_dlc23_sc_chd_chaos_dwarfs|wh3_dlc23_chd_veh_iron_daemon,wh3_dlc23_chd_veh_iron_daemon_1dreadquake,Iron Daemon – Dreadquake Mortar,,,,Dreadquake,,true
wh3_dlc23_sc_chd_chaos_dwarfs,wh3_dlc23_sc_chd_chaos_dwarfs|wh3_dlc23_chd_veh_iron_daemon_3payload_qb,wh3_dlc23_chd_veh_iron_daemon_3payload_qb,Supply Train,,,,,,false
wh3_dlc23_sc_chd_chaos_dwarfs,wh3_dlc23_sc_chd_chaos_dwarfs|wh3_dlc23_chd_veh_iron_daemon_ror,wh3_dlc23_chd_veh_iron_daemon_ror,The Daemon's Tongue (Iron Daemon),,,,None,,true
wh3_dlc23_sc_chd_chaos_dwarfs,wh3_dlc23_sc_chd_chaos_dwarfs|wh3_dlc23_chd_veh_iron_daemon_ror,wh3_dlc23_chd_veh_iron_daemon_ror_1dreadquake,The Daemon's Tongue – Dreadquake Mortar,,,,Dreadquake,,true
wh3_dlc23_sc_chd_chaos_dwarfs,wh3_dlc23_sc_chd_chaos_dwarfs|wh3_dlc23_chd_veh_magma_cannon,wh3_dlc23_chd_veh_magma_cannon,Magma Cannon,,,,,,true
wh3_dlc23_sc_chd_chaos_dwarfs,wh3_dlc23_sc_chd_chaos_dwarfs|wh3_dlc23_chd_veh_skullcracker,wh3_dlc23_chd_veh_skullcracker,Skullcracker,,,,None,,true
wh3_dlc23_sc_chd_chaos_dwarfs,wh3_dlc23_sc_chd_chaos_dwarfs|wh3_dlc23_chd_veh_skullcracker,wh3_dlc23_chd_veh_skullcracker_1dreadquake,Skullcracker – Dreadquake Mortar,,,,Dreadquake,,true
wh3_dlc23_sc_chd_chaos_dwarfs,wh3_dlc23_sc_chd_chaos_dwarfs|wh3_dlc29_chd_mon_chaos_siege_giant,wh3_dlc29_chd_mon_chaos_siege_giant,Chaos Siege Giant,,,,,,true
wh3_dlc23_sc_chd_chaos_dwarfs,wh3_dlc23_sc_chd_chaos_dwarfs|wh3_main_chd_art_hobgob_bolt_thrower,wh3_main_chd_art_hobgob_bolt_thrower,Hobgoblin Bolt Thrower,,,,,,true
wh3_dlc23_sc_chd_chaos_dwarfs,wh3_dlc23_sc_chd_chaos_dwarfs|wh_dlc08_nor_art_hellcannon_battery,wh_dlc08_nor_art_hellcannon_battery,The Ice-Forged Legion (Hellcannons),,,,,,false
wh3_dlc23_sc_chd_chaos_dwarfs,wh3_dlc23_sc_chd_chaos_dwarfs|wh_main_chs_art_hellcannon,wh_main_chs_art_hellcannon,Hellcannon,,,,,,true
wh3_dlc23_sc_chd_chaos_dwarfs,wh3_dlc23_sc_chd_chaos_dwarfs|wh_pro04_chs_art_hellcannon_ror_0,wh_pro04_chs_art_hellcannon_ror_0,The Soul of Damnation (Hellcannon),,,,,,true
wh3_dlc29_sc_nag_undead_legions,wh3_dlc29_sc_nag_undead_legions|wh2_dlc09_tmb_art_casket_of_souls_0,wh2_dlc09_tmb_art_casket_of_souls_0,Casket of Souls,,,,,,true
wh3_dlc29_sc_nag_undead_legions,wh3_dlc29_sc_nag_undead_legions|wh2_dlc09_tmb_art_screaming_skull_catapult_0,wh2_dlc09_tmb_art_screaming_skull_catapult_0,Screaming Skull Catapults,,,,,,true
wh3_dlc29_sc_nag_undead_legions,wh3_dlc29_sc_nag_undead_legions|wh2_dlc09_tmb_cav_necropolis_knights_0,wh2_dlc09_tmb_cav_necropolis_knights_0,Necropolis Knights,,,,,,true
wh3_dlc29_sc_nag_undead_legions,wh3_dlc29_sc_nag_undead_legions|wh2_dlc09_tmb_cav_necropolis_knights_1,wh2_dlc09_tmb_cav_necropolis_knights_1,Necropolis Knights (Halberds),,,,,,true
wh3_dlc29_sc_nag_undead_legions,wh3_dlc29_sc_nag_undead_legions|wh2_dlc09_tmb_cav_nehekhara_horsemen_0,wh2_dlc09_tmb_cav_nehekhara_horsemen_0,Nehekharan Horsemen,,,,,,true
wh3_dlc29_sc_nag_undead_legions,wh3_dlc29_sc_nag_undead_legions|wh2_dlc09_tmb_cav_skeleton_horsemen_0,wh2_dlc09_tmb_cav_skeleton_horsemen_0,Skeleton Horsemen,,,,,,true
wh3_dlc29_sc_nag_undead_legions,wh3_dlc29_sc_nag_undead_legions|wh2_dlc09_tmb_cav_skeleton_horsemen_archers_0,wh2_dlc09_tmb_cav_skeleton_horsemen_archers_0,Skeleton Horse Archers,,,,,,true
wh3_dlc29_sc_nag_undead_legions,wh3_dlc29_sc_nag_undead_legions|wh2_dlc09_tmb_cha_arkhan_0,wh2_dlc09_tmb_cha_arkhan_0,Arkhan the Black,,,,,On foot,true
wh3_dlc29_sc_nag_undead_legions,wh3_dlc29_sc_nag_undead_legions|wh2_dlc09_tmb_cha_arkhan_0,wh2_dlc09_tmb_cha_arkhan_1,Arkhan the Black,,,,,Skeletal Steed,true
wh3_dlc29_sc_nag_undead_legions,wh3_dlc29_sc_nag_undead_legions|wh2_dlc09_tmb_cha_arkhan_0,wh2_dlc09_tmb_cha_arkhan_2,Arkhan the Black,,,,,Skeleton Chariot,true
wh3_dlc29_sc_nag_undead_legions,wh3_dlc29_sc_nag_undead_legions|wh2_dlc09_tmb_cha_arkhan_0,wh3_dlc29_tmb_cha_arkhan_dread_abyssal,Arkhan the Black,,,,,"Razarak, the Doom of Traitors",true
wh3_dlc29_sc_nag_undead_legions,wh3_dlc29_sc_nag_undead_legions|wh2_dlc09_tmb_cha_liche_priest_death_0,wh2_dlc09_tmb_cha_liche_priest_death_0,Liche Priest (Death),Death,,,,On foot,true
wh3_dlc29_sc_nag_undead_legions,wh3_dlc29_sc_nag_undead_legions|wh2_dlc09_tmb_cha_liche_priest_death_0,wh2_dlc09_tmb_cha_liche_priest_death_1,Liche Priest (Death),Death,,,,Skeletal Steed,true
wh3_dlc29_sc_nag_undead_legions,wh3_dlc29_sc_nag_undead_legions|wh2_dlc09_tmb_cha_liche_priest_death_0,wh2_dlc09_tmb_cha_liche_priest_light_0,Liche Priest (Light),Light,,,,On foot,true
wh3_dlc29_sc_nag_undead_legions,wh3_dlc29_sc_nag_undead_legions|wh2_dlc09_tmb_cha_liche_priest_death_0,wh2_dlc09_tmb_cha_liche_priest_light_1,Liche Priest (Light),Light,,,,Skeletal Steed,true
wh3_dlc29_sc_nag_undead_legions,wh3_dlc29_sc_nag_undead_legions|wh2_dlc09_tmb_cha_liche_priest_death_0,wh2_dlc09_tmb_cha_liche_priest_nehekhara_0,Liche Priest (Nehekhara),Nehekhara,,,,On foot,true
wh3_dlc29_sc_nag_undead_legions,wh3_dlc29_sc_nag_undead_legions|wh2_dlc09_tmb_cha_liche_priest_death_0,wh2_dlc09_tmb_cha_liche_priest_nehekhara_1,Liche Priest (Nehekhara),Nehekhara,,,,Skeletal Steed,true
wh3_dlc29_sc_nag_undead_legions,wh3_dlc29_sc_nag_undead_legions|wh2_dlc09_tmb_cha_liche_priest_death_0,wh2_dlc09_tmb_cha_liche_priest_shadow_0,Liche Priest (Shadows),Shadows,,,,On foot,false
wh3_dlc29_sc_nag_undead_legions,wh3_dlc29_sc_nag_undead_legions|wh2_dlc09_tmb_cha_liche_priest_death_0,wh2_dlc09_tmb_cha_liche_priest_shadow_1,Liche Priest (Shadows),Shadows,,,,Skeletal Steed,false
wh3_dlc29_sc_nag_undead_legions,wh3_dlc29_sc_nag_undead_legions|wh2_dlc09_tmb_cha_liche_priest_death_0,wh3_dlc29_tmb_cha_liche_priest_undeath,Liche Priest (Undeath),Undeath,,,,On foot,false
wh3_dlc29_sc_nag_undead_legions,wh3_dlc29_sc_nag_undead_legions|wh2_dlc09_tmb_cha_liche_priest_death_0,wh3_dlc29_tmb_cha_liche_priest_undeath_skeletal_steed,Liche Priest (Undeath),Undeath,,,,Skeletal Steed,false
wh3_dlc29_sc_nag_undead_legions,wh3_dlc29_sc_nag_undead_legions|wh2_dlc09_tmb_cha_necrotect_0,wh2_dlc09_tmb_cha_necrotect_0,Necrotect,,,,,On foot,true
wh3_dlc29_sc_nag_undead_legions,wh3_dlc29_sc_nag_undead_legions|wh2_dlc09_tmb_cha_necrotect_0,wh2_dlc09_tmb_cha_necrotect_1,Necrotect,,,,,Skeleton Chariot,true
wh3_dlc29_sc_nag_undead_legions,wh3_dlc29_sc_nag_undead_legions|wh2_dlc09_tmb_cha_tomb_king_0,wh2_dlc09_tmb_cha_tomb_king_0,Tomb King,,,,,On foot,true
wh3_dlc29_sc_nag_undead_legions,wh3_dlc29_sc_nag_undead_legions|wh2_dlc09_tmb_cha_tomb_king_0,wh2_dlc09_tmb_cha_tomb_king_1,Tomb King,,,,,Skeletal Steed,true
wh3_dlc29_sc_nag_undead_legions,wh3_dlc29_sc_nag_undead_legions|wh2_dlc09_tmb_cha_tomb_king_0,wh2_dlc09_tmb_cha_tomb_king_2,Tomb King,,,,,Skeleton Chariot,true
wh3_dlc29_sc_nag_undead_legions,wh3_dlc29_sc_nag_undead_legions|wh2_dlc09_tmb_cha_tomb_king_0,wh2_dlc09_tmb_cha_tomb_king_3,Tomb King,,,,,Khemrian Warsphinx,true
wh3_dlc29_sc_nag_undead_legions,wh3_dlc29_sc_nag_undead_legions|wh2_dlc09_tmb_cha_tomb_prince_0,wh2_dlc09_tmb_cha_tomb_prince_0,Tomb Prince,,,,,On foot,true
wh3_dlc29_sc_nag_undead_legions,wh3_dlc29_sc_nag_undead_legions|wh2_dlc09_tmb_cha_tomb_prince_0,wh2_dlc09_tmb_cha_tomb_prince_1,Tomb Prince,,,,,Skeletal Steed,true
wh3_dlc29_sc_nag_undead_legions,wh3_dlc29_sc_nag_undead_legions|wh2_dlc09_tmb_cha_tomb_prince_0,wh2_dlc09_tmb_cha_tomb_prince_2,Tomb Prince,,,,,Skeleton Chariot,true
wh3_dlc29_sc_nag_undead_legions,wh3_dlc29_sc_nag_undead_legions|wh2_dlc09_tmb_inf_nehekhara_warriors_0,wh2_dlc09_tmb_inf_nehekhara_warriors_0,Nehekharan Warriors,,,,,,true
wh3_dlc29_sc_nag_undead_legions,wh3_dlc29_sc_nag_undead_legions|wh2_dlc09_tmb_inf_skeleton_archers_0,wh2_dlc09_tmb_inf_skeleton_archers_0,Skeleton Archers,,,,,,true
wh3_dlc29_sc_nag_undead_legions,wh3_dlc29_sc_nag_undead_legions|wh2_dlc09_tmb_inf_skeleton_archers_ror,wh2_dlc09_tmb_inf_skeleton_archers_ror,Blessed Legion of Phakth (Skeleton Archers),,,,,,true
wh3_dlc29_sc_nag_undead_legions,wh3_dlc29_sc_nag_undead_legions|wh2_dlc09_tmb_inf_skeleton_spearmen_0,wh2_dlc09_tmb_inf_skeleton_spearmen_0,Skeleton Spearmen,,,,,,true
wh3_dlc29_sc_nag_undead_legions,wh3_dlc29_sc_nag_undead_legions|wh2_dlc09_tmb_inf_skeleton_spearmen_ror,wh2_dlc09_tmb_inf_skeleton_spearmen_ror,King Nekhesh's Scorpion Legion (Skeleton Spearmen),,,,,,true
wh3_dlc29_sc_nag_undead_legions,wh3_dlc29_sc_nag_undead_legions|wh2_dlc09_tmb_inf_skeleton_warriors_0,wh2_dlc09_tmb_inf_skeleton_warriors_0,Skeleton Warriors,,,,,,true
wh3_dlc29_sc_nag_undead_legions,wh3_dlc29_sc_nag_undead_legions|wh2_dlc09_tmb_inf_tomb_guard_0,wh2_dlc09_tmb_inf_tomb_guard_0,Tomb Guard,,,,,,true
wh3_dlc29_sc_nag_undead_legions,wh3_dlc29_sc_nag_undead_legions|wh2_dlc09_tmb_inf_tomb_guard_1,wh2_dlc09_tmb_inf_tomb_guard_1,Tomb Guard (Halberds),,,,,,true
wh3_dlc29_sc_nag_undead_legions,wh3_dlc29_sc_nag_undead_legions|wh2_dlc09_tmb_inf_tomb_guard_ror,wh2_dlc09_tmb_inf_tomb_guard_ror,The Khepra Guard (Tomb Guard),,,,,,true
wh3_dlc29_sc_nag_undead_legions,wh3_dlc29_sc_nag_undead_legions|wh2_dlc09_tmb_mon_carrion_0,wh2_dlc09_tmb_mon_carrion_0,Carrion,,,,,,true
wh3_dlc29_sc_nag_undead_legions,wh3_dlc29_sc_nag_undead_legions|wh2_dlc09_tmb_mon_heirotitan_0,wh2_dlc09_tmb_mon_heirotitan_0,Hierotitan,,,,,,true
wh3_dlc29_sc_nag_undead_legions,wh3_dlc29_sc_nag_undead_legions|wh2_dlc09_tmb_mon_necrosphinx_0,wh2_dlc09_tmb_mon_necrosphinx_0,Necrosphinx,,,,,,true
wh3_dlc29_sc_nag_undead_legions,wh3_dlc29_sc_nag_undead_legions|wh2_dlc09_tmb_mon_necrosphinx_ror,wh2_dlc09_tmb_mon_necrosphinx_ror,The Sphinx of Usekph (Necrosphinx),,,,,,true
wh3_dlc29_sc_nag_undead_legions,wh3_dlc29_sc_nag_undead_legions|wh2_dlc09_tmb_mon_sepulchral_stalkers_0,wh2_dlc09_tmb_mon_sepulchral_stalkers_0,Sepulchral Stalkers,,,,,,true
wh3_dlc29_sc_nag_undead_legions,wh3_dlc29_sc_nag_undead_legions|wh2_dlc09_tmb_mon_sepulchral_stalkers_ror,wh2_dlc09_tmb_mon_sepulchral_stalkers_ror,Eyes of the Desert (Sepulchral Stalkers),,,,,,true
wh3_dlc29_sc_nag_undead_legions,wh3_dlc29_sc_nag_undead_legions|wh2_dlc09_tmb_mon_tomb_scorpion_0,wh2_dlc09_tmb_mon_tomb_scorpion_0,Tomb Scorpion,,,,,,true
wh3_dlc29_sc_nag_undead_legions,wh3_dlc29_sc_nag_undead_legions|wh2_dlc09_tmb_mon_ushabti_0,wh2_dlc09_tmb_mon_ushabti_0,Ushabti,,,,,,true
wh3_dlc29_sc_nag_undead_legions,wh3_dlc29_sc_nag_undead_legions|wh2_dlc09_tmb_mon_ushabti_1,wh2_dlc09_tmb_mon_ushabti_1,Ushabti (Great Bows),,,,,,true
wh3_dlc29_sc_nag_undead_legions,wh3_dlc29_sc_nag_undead_legions|wh2_dlc09_tmb_mon_ushabti_ror,wh2_dlc09_tmb_mon_ushabti_ror,Chosen of the Gods (Ushabti – Great Bows),,,,,,true
wh3_dlc29_sc_nag_undead_legions,wh3_dlc29_sc_nag_undead_legions|wh2_dlc09_tmb_veh_khemrian_warsphinx_0,wh2_dlc09_tmb_veh_khemrian_warsphinx_0,Khemrian Warsphinx,,,,,,true
wh3_dlc29_sc_nag_undead_legions,wh3_dlc29_sc_nag_undead_legions|wh2_dlc09_tmb_veh_skeleton_archer_chariot_0,wh2_dlc09_tmb_veh_skeleton_archer_chariot_0,Skeleton Archer Chariots,,,,,,true
wh3_dlc29_sc_nag_undead_legions,wh3_dlc29_sc_nag_undead_legions|wh2_dlc09_tmb_veh_skeleton_chariot_0,wh2_dlc09_tmb_veh_skeleton_chariot_0,Skeleton Chariots,,,,,,true
wh3_dlc29_sc_nag_undead_legions,wh3_dlc29_sc_nag_undead_legions|wh2_dlc11_cst_art_carronade,wh2_dlc11_cst_art_carronade,Carronades,,,,,,true
wh3_dlc29_sc_nag_undead_legions,wh3_dlc29_sc_nag_undead_legions|wh2_dlc11_cst_art_mortar,wh2_dlc11_cst_art_mortar,Mortars,,,,,,true
wh3_dlc29_sc_nag_undead_legions,wh3_dlc29_sc_nag_undead_legions|wh2_dlc11_cst_art_queen_bess,wh2_dlc11_cst_art_queen_bess,Queen Bess,,,,,,true
wh3_dlc29_sc_nag_undead_legions,wh3_dlc29_sc_nag_undead_legions|wh2_dlc11_cst_cav_deck_droppers_0,wh2_dlc11_cst_cav_deck_droppers_0,Deck Droppers,,,,,,true
wh3_dlc29_sc_nag_undead_legions,wh3_dlc29_sc_nag_undead_legions|wh2_dlc11_cst_cav_deck_droppers_1,wh2_dlc11_cst_cav_deck_droppers_1,Deck Droppers (Bombers),,,,,,true
wh3_dlc29_sc_nag_undead_legions,wh3_dlc29_sc_nag_undead_legions|wh2_dlc11_cst_cav_deck_droppers_2,wh2_dlc11_cst_cav_deck_droppers_2,Deck Droppers (Handgunners),,,,,,true
wh3_dlc29_sc_nag_undead_legions,wh3_dlc29_sc_nag_undead_legions|wh2_dlc11_cst_cav_deck_droppers_ror_0,wh2_dlc11_cst_cav_deck_droppers_ror_0,Salt Lord Scuttlers (Deck Droppers – Bombers),,,,,,true
wh3_dlc29_sc_nag_undead_legions,wh3_dlc29_sc_nag_undead_legions|wh2_dlc11_cst_cha_gunnery_wight_0,wh2_dlc11_cst_cha_gunnery_wight_0,Gunnery Wight,,,,,On foot,true
wh3_dlc29_sc_nag_undead_legions,wh3_dlc29_sc_nag_undead_legions|wh2_dlc11_cst_cha_gunnery_wight_0,wh2_dlc11_cst_cha_gunnery_wight_1,Gunnery Wight,,,,,Rotting Promethean,true
wh3_dlc29_sc_nag_undead_legions,wh3_dlc29_sc_nag_undead_legions|wh2_dlc11_cst_cha_luthor_harkon_0,wh2_dlc11_cst_cha_luthor_harkon_0,Luthor Harkon,,,,,On foot,true
wh3_dlc29_sc_nag_undead_legions,wh3_dlc29_sc_nag_undead_legions|wh2_dlc11_cst_cha_luthor_harkon_0,wh2_dlc11_cst_cha_luthor_harkon_1,Luthor Harkon,,,,,Death Shriek Terrorgheist,true
wh3_dlc29_sc_nag_undead_legions,wh3_dlc29_sc_nag_undead_legions|wh2_dlc11_cst_cha_mourngul_haunter,wh2_dlc11_cst_cha_mourngul_haunter,Mourngul Haunter,,,,,,true
wh3_dlc29_sc_nag_undead_legions,wh3_dlc29_sc_nag_undead_legions|wh2_dlc11_cst_cha_vampire_fleet_admiral_death_0,wh2_dlc11_cst_cha_vampire_fleet_admiral_0,Vampire Fleet Admiral (Polearms – Vampires),Polearms – Vampires,,,,On foot,true
wh3_dlc29_sc_nag_undead_legions,wh3_dlc29_sc_nag_undead_legions|wh2_dlc11_cst_cha_vampire_fleet_admiral_death_0,wh2_dlc11_cst_cha_vampire_fleet_admiral_1,Vampire Fleet Admiral (Polearms – Vampires),Polearms – Vampires,,,,Rotting Promethean,true
wh3_dlc29_sc_nag_undead_legions,wh3_dlc29_sc_nag_undead_legions|wh2_dlc11_cst_cha_vampire_fleet_admiral_death_0,wh2_dlc11_cst_cha_vampire_fleet_admiral_death_0,Vampire Fleet Admiral (Polearms – Death),Polearms – Death,,,,On foot,true
wh3_dlc29_sc_nag_undead_legions,wh3_dlc29_sc_nag_undead_legions|wh2_dlc11_cst_cha_vampire_fleet_admiral_death_0,wh2_dlc11_cst_cha_vampire_fleet_admiral_death_1,Vampire Fleet Admiral (Polearms – Death),Polearms – Death,,,,Rotting Promethean,true
wh3_dlc29_sc_nag_undead_legions,wh3_dlc29_sc_nag_undead_legions|wh2_dlc11_cst_cha_vampire_fleet_admiral_death_0,wh2_dlc11_cst_cha_vampire_fleet_admiral_deeps_0,Vampire Fleet Admiral (Polearms – Deep),Polearms – Deep,,,,On foot,true
wh3_dlc29_sc_nag_undead_legions,wh3_dlc29_sc_nag_undead_legions|wh2_dlc11_cst_cha_vampire_fleet_admiral_death_0,wh2_dlc11_cst_cha_vampire_fleet_admiral_deeps_1,Vampire Fleet Admiral (Polearms – Deep),Polearms – Deep,,,,Rotting Promethean,true
wh3_dlc29_sc_nag_undead_legions,wh3_dlc29_sc_nag_undead_legions|wh2_dlc11_cst_cha_vampire_fleet_admiral_death_0,wh3_dlc29_cst_cha_vampire_fleet_admiral_undeath,Vampire Fleet Admiral (Polearms – Undeath),Polearms – Undeath,,,,On foot,true
wh3_dlc29_sc_nag_undead_legions,wh3_dlc29_sc_nag_undead_legions|wh2_dlc11_cst_cha_vampire_fleet_admiral_death_0,wh3_dlc29_cst_cha_vampire_fleet_admiral_undeath_rotting_promethean,Vampire Fleet Admiral (Polearms – Undeath),Polearms – Undeath,,,,Rotting Promethean,true
wh3_dlc29_sc_nag_undead_legions,wh3_dlc29_sc_nag_undead_legions|wh2_dlc11_cst_cha_vampire_fleet_admiral_female_death_0,wh2_dlc11_cst_cha_vampire_fleet_admiral_female_0,Vampire Fleet Admiral (Pistol – Vampires),Pistol – Vampires,,,,On foot,true
wh3_dlc29_sc_nag_undead_legions,wh3_dlc29_sc_nag_undead_legions|wh2_dlc11_cst_cha_vampire_fleet_admiral_female_death_0,wh2_dlc11_cst_cha_vampire_fleet_admiral_female_1,Vampire Fleet Admiral (Pistol – Vampires),Pistol – Vampires,,,,Rotting Promethean,true
wh3_dlc29_sc_nag_undead_legions,wh3_dlc29_sc_nag_undead_legions|wh2_dlc11_cst_cha_vampire_fleet_admiral_female_death_0,wh2_dlc11_cst_cha_vampire_fleet_admiral_female_death_0,Vampire Fleet Admiral (Pistol – Death),Pistol – Death,,,,On foot,true
wh3_dlc29_sc_nag_undead_legions,wh3_dlc29_sc_nag_undead_legions|wh2_dlc11_cst_cha_vampire_fleet_admiral_female_death_0,wh2_dlc11_cst_cha_vampire_fleet_admiral_female_death_1,Vampire Fleet Admiral (Pistol – Death),Pistol – Death,,,,Rotting Promethean,true
wh3_dlc29_sc_nag_undead_legions,wh3_dlc29_sc_nag_undead_legions|wh2_dlc11_cst_cha_vampire_fleet_admiral_female_death_0,wh2_dlc11_cst_cha_vampire_fleet_admiral_female_deeps_0,Vampire Fleet Admiral (Pistol – Deep),Pistol – Deep,,,,On foot,true
wh3_dlc29_sc_nag_undead_legions,wh3_dlc29_sc_nag_undead_legions|wh2_dlc11_cst_cha_vampire_fleet_admiral_female_death_0,wh2_dlc11_cst_cha_vampire_fleet_admiral_female_deeps_1,Vampire Fleet Admiral (Pistol – Deep),Pistol – Deep,,,,Rotting Promethean,true
wh3_dlc29_sc_nag_undead_legions,wh3_dlc29_sc_nag_undead_legions|wh2_dlc11_cst_cha_vampire_fleet_admiral_female_death_0,wh3_dlc29_cst_cha_vampire_fleet_admiral_female_undeath,Vampire Fleet Admiral (Pistol – Undeath),Pistol – Undeath,,,,On foot,true
wh3_dlc29_sc_nag_undead_legions,wh3_dlc29_sc_nag_undead_legions|wh2_dlc11_cst_cha_vampire_fleet_admiral_female_death_0,wh3_dlc29_cst_cha_vampire_fleet_admiral_female_undeath_rotting_promethean,Vampire Fleet Admiral (Pistol – Undeath),Pistol – Undeath,,,,Rotting Promethean,true
wh3_dlc29_sc_nag_undead_legions,wh3_dlc29_sc_nag_undead_legions|wh2_dlc11_cst_cha_vampire_fleet_captain_death_0,wh2_dlc11_cst_cha_vampire_fleet_captain_0,Vampire Fleet Captain (Vampires),Vampires,,,,On foot,true
wh3_dlc29_sc_nag_undead_legions,wh3_dlc29_sc_nag_undead_legions|wh2_dlc11_cst_cha_vampire_fleet_captain_death_0,wh2_dlc11_cst_cha_vampire_fleet_captain_1,Vampire Fleet Captain (Vampires),Vampires,,,,Rotting Promethean,true
wh3_dlc29_sc_nag_undead_legions,wh3_dlc29_sc_nag_undead_legions|wh2_dlc11_cst_cha_vampire_fleet_captain_death_0,wh2_dlc11_cst_cha_vampire_fleet_captain_death_0,Vampire Fleet Captain (Death),Death,,,,On foot,true
wh3_dlc29_sc_nag_undead_legions,wh3_dlc29_sc_nag_undead_legions|wh2_dlc11_cst_cha_vampire_fleet_captain_death_0,wh2_dlc11_cst_cha_vampire_fleet_captain_death_1,Vampire Fleet Captain (Death),Death,,,,Rotting Promethean,true
wh3_dlc29_sc_nag_undead_legions,wh3_dlc29_sc_nag_undead_legions|wh2_dlc11_cst_cha_vampire_fleet_captain_death_0,wh2_dlc11_cst_cha_vampire_fleet_captain_deeps_0,Vampire Fleet Captain (Deep),Deep,,,,On foot,true
wh3_dlc29_sc_nag_undead_legions,wh3_dlc29_sc_nag_undead_legions|wh2_dlc11_cst_cha_vampire_fleet_captain_death_0,wh2_dlc11_cst_cha_vampire_fleet_captain_deeps_1,Vampire Fleet Captain (Deep),Deep,,,,Rotting Promethean,true
wh3_dlc29_sc_nag_undead_legions,wh3_dlc29_sc_nag_undead_legions|wh2_dlc11_cst_cha_vampire_fleet_captain_death_0,wh3_dlc29_cst_cha_vampire_fleet_captain_undeath,Vampire Fleet Captain (Undeath),Undeath,,,,On foot,true
wh3_dlc29_sc_nag_undead_legions,wh3_dlc29_sc_nag_undead_legions|wh2_dlc11_cst_cha_vampire_fleet_captain_death_0,wh3_dlc29_cst_cha_vampire_fleet_captain_undeath_rotting_promethean,Vampire Fleet Captain (Undeath),Undeath,,,,Rotting Promethean,true
wh3_dlc29_sc_nag_undead_legions,wh3_dlc29_sc_nag_undead_legions|wh2_dlc11_cst_inf_deck_gunners_0,wh2_dlc11_cst_inf_deck_gunners_0,Deck Gunners,,,,,,true
wh3_dlc29_sc_nag_undead_legions,wh3_dlc29_sc_nag_undead_legions|wh2_dlc11_cst_inf_deck_gunners_ror_0,wh2_dlc11_cst_inf_deck_gunners_ror_0,Shadewraith Gunners (Deck Gunners),,,,,,true
wh3_dlc29_sc_nag_undead_legions,wh3_dlc29_sc_nag_undead_legions|wh2_dlc11_cst_inf_depth_guard_0,wh2_dlc11_cst_inf_depth_guard_0,Depth Guard,,,,,,true
wh3_dlc29_sc_nag_undead_legions,wh3_dlc29_sc_nag_undead_legions|wh2_dlc11_cst_inf_depth_guard_1,wh2_dlc11_cst_inf_depth_guard_1,Depth Guard (Polearms),,,,,,true
wh3_dlc29_sc_nag_undead_legions,wh3_dlc29_sc_nag_undead_legions|wh2_dlc11_cst_inf_depth_guard_ror_0,wh2_dlc11_cst_inf_depth_guard_ror_0,The Bloody Reaver Deck Guard (Depth Guard),,,,,,true
wh3_dlc29_sc_nag_undead_legions,wh3_dlc29_sc_nag_undead_legions|wh2_dlc11_cst_inf_syreens,wh2_dlc11_cst_inf_syreens,Syreens,,,,,,true
wh3_dlc29_sc_nag_undead_legions,wh3_dlc29_sc_nag_undead_legions|wh2_dlc11_cst_inf_zombie_deckhands_mob_0,wh2_dlc11_cst_inf_zombie_deckhands_mob_0,Zombie Pirate Deckhand Mob,,,,,,true
wh3_dlc29_sc_nag_undead_legions,wh3_dlc29_sc_nag_undead_legions|wh2_dlc11_cst_inf_zombie_deckhands_mob_1,wh2_dlc11_cst_inf_zombie_deckhands_mob_1,Zombie Pirate Deckhand Mob (Polearms),,,,,,true
wh3_dlc29_sc_nag_undead_legions,wh3_dlc29_sc_nag_undead_legions|wh2_dlc11_cst_inf_zombie_deckhands_mob_ror_0,wh2_dlc11_cst_inf_zombie_deckhands_mob_ror_0,The Tide of Skjold (Zombie Pirate Deckhand Mob),,,,,,true
wh3_dlc29_sc_nag_undead_legions,wh3_dlc29_sc_nag_undead_legions|wh2_dlc11_cst_inf_zombie_gunnery_mob_0,wh2_dlc11_cst_inf_zombie_gunnery_mob_0,Zombie Pirate Gunnery Mob,,,,,,true
wh3_dlc29_sc_nag_undead_legions,wh3_dlc29_sc_nag_undead_legions|wh2_dlc11_cst_inf_zombie_gunnery_mob_1,wh2_dlc11_cst_inf_zombie_gunnery_mob_1,Zombie Pirate Gunnery Mob (Handgunners),,,,,,true
wh3_dlc29_sc_nag_undead_legions,wh3_dlc29_sc_nag_undead_legions|wh2_dlc11_cst_inf_zombie_gunnery_mob_2,wh2_dlc11_cst_inf_zombie_gunnery_mob_2,Zombie Pirate Gunnery Mob (Hand Cannons),,,,,,true
wh3_dlc29_sc_nag_undead_legions,wh3_dlc29_sc_nag_undead_legions|wh2_dlc11_cst_inf_zombie_gunnery_mob_3,wh2_dlc11_cst_inf_zombie_gunnery_mob_3,Zombie Pirate Gunnery Mob (Bombers),,,,,,true
wh3_dlc29_sc_nag_undead_legions,wh3_dlc29_sc_nag_undead_legions|wh2_dlc11_cst_inf_zombie_gunnery_mob_ror_0,wh2_dlc11_cst_inf_zombie_gunnery_mob_ror_0,The Black Spot (Zombie Pirate Gunnery Mob – Handgunners),,,,,,true
wh3_dlc29_sc_nag_undead_legions,wh3_dlc29_sc_nag_undead_legions|wh2_dlc11_cst_mon_animated_hulks_0,wh2_dlc11_cst_mon_animated_hulks_0,Animated Hulks,,,,,,true
wh3_dlc29_sc_nag_undead_legions,wh3_dlc29_sc_nag_undead_legions|wh2_dlc11_cst_mon_bloated_corpse_0,wh2_dlc11_cst_mon_bloated_corpse_0,Bloated Corpse,,,,,,true
wh3_dlc29_sc_nag_undead_legions,wh3_dlc29_sc_nag_undead_legions|wh2_dlc11_cst_mon_mournguls_0,wh2_dlc11_cst_mon_mournguls_0,Mournguls,,,,,,true
wh3_dlc29_sc_nag_undead_legions,wh3_dlc29_sc_nag_undead_legions|wh2_dlc11_cst_mon_mournguls_ror_0,wh2_dlc11_cst_mon_mournguls_ror_0,Night Terrors (Mournguls),,,,,,true
wh3_dlc29_sc_nag_undead_legions,wh3_dlc29_sc_nag_undead_legions|wh2_dlc11_cst_mon_necrofex_colossus_0,wh2_dlc11_cst_mon_necrofex_colossus_0,Necrofex Colossus,,,,,,true
wh3_dlc29_sc_nag_undead_legions,wh3_dlc29_sc_nag_undead_legions|wh2_dlc11_cst_mon_necrofex_colossus_ror_0,wh2_dlc11_cst_mon_necrofex_colossus_ror_0,Gallows Giant (Necrofex Colossus),,,,,,true
wh3_dlc29_sc_nag_undead_legions,wh3_dlc29_sc_nag_undead_legions|wh2_dlc11_cst_mon_rotting_leviathan_0,wh2_dlc11_cst_mon_rotting_leviathan_0,Rotting Leviathan,,,,,,true
wh3_dlc29_sc_nag_undead_legions,wh3_dlc29_sc_nag_undead_legions|wh2_dlc11_cst_mon_rotting_prometheans_0,wh2_dlc11_cst_mon_rotting_prometheans_0,Rotting Prometheans,,,,,,true
wh3_dlc29_sc_nag_undead_legions,wh3_dlc29_sc_nag_undead_legions|wh2_dlc11_cst_mon_rotting_prometheans_gunnery_mob_0,wh2_dlc11_cst_mon_rotting_prometheans_gunnery_mob_0,Rotting Prometheans (Gunnery Mob),,,,,,true
wh3_dlc29_sc_nag_undead_legions,wh3_dlc29_sc_nag_undead_legions|wh2_dlc11_cst_mon_rotting_prometheans_gunnery_mob_ror,wh2_dlc11_cst_mon_rotting_prometheans_gunnery_mob_ror,The Lamprey's Revenge (Rotting Promethean Gunnery Mob),,,,,,true
wh3_dlc29_sc_nag_undead_legions,wh3_dlc29_sc_nag_undead_legions|wh2_pro06_tmb_mon_bone_giant_0,wh2_pro06_tmb_mon_bone_giant_0,Bone Giant,,,,,,true
wh3_dlc29_sc_nag_undead_legions,wh3_dlc29_sc_nag_undead_legions|wh3_dlc29_tmb_cha_liche_high_priest_death,wh3_dlc29_tmb_cha_liche_high_priest_death,Liche High Priest (Death),Death,,,,On foot,true
wh3_dlc29_sc_nag_undead_legions,wh3_dlc29_sc_nag_undead_legions|wh3_dlc29_tmb_cha_liche_high_priest_death,wh3_dlc29_tmb_cha_liche_high_priest_death_skeletal_steed,Liche High Priest (Death),Death,,,,Skeletal Steed,true
wh3_dlc29_sc_nag_undead_legions,wh3_dlc29_sc_nag_undead_legions|wh3_dlc29_tmb_cha_liche_high_priest_death,wh3_dlc29_tmb_cha_liche_high_priest_light,Liche High Priest (Light),Light,,,,On foot,true
wh3_dlc29_sc_nag_undead_legions,wh3_dlc29_sc_nag_undead_legions|wh3_dlc29_tmb_cha_liche_high_priest_death,wh3_dlc29_tmb_cha_liche_high_priest_light_skeletal_steed,Liche High Priest (Light),Light,,,,Skeletal Steed,true
wh3_dlc29_sc_nag_undead_legions,wh3_dlc29_sc_nag_undead_legions|wh3_dlc29_tmb_cha_liche_high_priest_death,wh3_dlc29_tmb_cha_liche_high_priest_nehekhara,Liche High Priest (Nehekhara),Nehekhara,,,,On foot,true
wh3_dlc29_sc_nag_undead_legions,wh3_dlc29_sc_nag_undead_legions|wh3_dlc29_tmb_cha_liche_high_priest_death,wh3_dlc29_tmb_cha_liche_high_priest_nehekhara_skeletal_steed,Liche High Priest (Nehekhara),Nehekhara,,,,Skeletal Steed,true
wh3_dlc29_sc_nag_undead_legions,wh3_dlc29_sc_nag_undead_legions|wh3_dlc29_tmb_cha_liche_high_priest_death,wh3_dlc29_tmb_cha_liche_high_priest_shadow,Liche High Priest (Shadows),Shadows,,,,On foot,true
wh3_dlc29_sc_nag_undead_legions,wh3_dlc29_sc_nag_undead_legions|wh3_dlc29_tmb_cha_liche_high_priest_death,wh3_dlc29_tmb_cha_liche_high_priest_shadow_skeletal_steed,Liche High Priest (Shadows),Shadows,,,,Skeletal Steed,true
wh3_dlc29_sc_nag_undead_legions,wh3_dlc29_sc_nag_undead_legions|wh3_dlc29_tmb_cha_liche_high_priest_death,wh3_dlc29_tmb_cha_liche_high_priest_undeath,Liche High Priest (Undeath),Undeath,,,,On foot,true
wh3_dlc29_sc_nag_undead_legions,wh3_dlc29_sc_nag_undead_legions|wh3_dlc29_tmb_cha_liche_high_priest_death,wh3_dlc29_tmb_cha_liche_high_priest_undeath_skeletal_steed,Liche High Priest (Undeath),Undeath,,,,Skeletal Steed,true
wh3_dlc29_sc_nag_undead_legions,wh3_dlc29_sc_nag_undead_legions|wh3_dlc29_tmb_cha_tomb_herald,wh3_dlc29_tmb_cha_tomb_herald,Tomb Herald,,,,,On foot,true
wh3_dlc29_sc_nag_undead_legions,wh3_dlc29_sc_nag_undead_legions|wh3_dlc29_tmb_cha_tomb_herald,wh3_dlc29_tmb_cha_tomb_herald_skeletal_steed,Tomb Herald,,,,,Skeletal Steed,true
wh3_dlc29_sc_nag_undead_legions,wh3_dlc29_sc_nag_undead_legions|wh3_dlc29_tmb_cha_tomb_herald,wh3_dlc29_tmb_cha_tomb_herald_skeleton_chariot,Tomb Herald,,,,,Skeleton Chariot,true
wh3_dlc29_sc_nag_undead_legions,wh3_dlc29_sc_nag_undead_legions|wh3_dlc29_tmb_mon_khemric_titan,wh3_dlc29_tmb_mon_khemric_titan,Khemric Titan,,,,,,true
wh3_dlc29_sc_nag_undead_legions,wh3_dlc29_sc_nag_undead_legions|wh3_dlc29_tmb_mon_khemric_titan_ror,wh3_dlc29_tmb_mon_khemric_titan_ror,Icon of Usirian (Khemric Titan),,,,,,true
wh3_dlc29_sc_nag_undead_legions,wh3_dlc29_sc_nag_undead_legions|wh3_dlc29_tmb_mon_ushabti_ror_sepulchrex,wh3_dlc29_tmb_mon_ushabti_ror_sepulchrex,Sepulchrex (Ushabti),,,,,,true
wh3_dlc29_sc_nag_undead_legions,wh3_dlc29_sc_nag_undead_legions|wh3_dlc29_vmp_cav_drakenhof_templars,wh3_dlc29_vmp_cav_drakenhof_templars,Drakenhof Templars,,,,,,true
wh3_dlc29_sc_nag_undead_legions,wh3_dlc29_sc_nag_undead_legions|wh3_dlc29_vmp_cha_dieter_helsnicht,wh3_dlc29_vmp_cha_dieter_helsnicht,Dieter Helsnicht,,,,,On foot,true
wh3_dlc29_sc_nag_undead_legions,wh3_dlc29_sc_nag_undead_legions|wh3_dlc29_vmp_cha_dieter_helsnicht,wh3_dlc29_vmp_cha_dieter_helsnicht_undead_manticore,Dieter Helsnicht,,,,,Manticore,true
wh3_dlc29_sc_nag_undead_legions,wh3_dlc29_sc_nag_undead_legions|wh3_dlc29_vmp_cha_krell,wh3_dlc29_vmp_cha_krell,Krell,,,,,,true
wh3_dlc29_sc_nag_undead_legions,wh3_dlc29_sc_nag_undead_legions|wh3_dlc29_vmp_cha_lahmian_vampire,wh3_dlc29_vmp_cha_lahmian_vampire,Lahmian Vampire,,,,,On foot,true
wh3_dlc29_sc_nag_undead_legions,wh3_dlc29_sc_nag_undead_legions|wh3_dlc29_vmp_cha_lahmian_vampire,wh3_dlc29_vmp_cha_lahmian_vampire_barded_nightmare,Lahmian Vampire,,,,,Barded Nightmare,true
wh3_dlc29_sc_nag_undead_legions,wh3_dlc29_sc_nag_undead_legions|wh3_dlc29_vmp_cha_lahmian_vampire,wh3_dlc29_vmp_cha_lahmian_vampire_hellsteed,Lahmian Vampire,,,,,Hellsteed,true
wh3_dlc29_sc_nag_undead_legions,wh3_dlc29_sc_nag_undead_legions|wh3_dlc29_vmp_cha_nagash,wh3_dlc29_vmp_cha_nagash,Nagash,,,,,,true
wh3_dlc29_sc_nag_undead_legions,wh3_dlc29_sc_nag_undead_legions|wh3_dlc29_vmp_cha_nagash_vampire_lord,wh3_dlc29_vmp_cha_nagash_vampire_lord,Vampire Lord,,,,,On foot,true
wh3_dlc29_sc_nag_undead_legions,wh3_dlc29_sc_nag_undead_legions|wh3_dlc29_vmp_cha_nagash_vampire_lord,wh3_dlc29_vmp_cha_nagash_vampire_lord_barded_nightmare,Vampire Lord,,,,,Barded Nightmare,true
wh3_dlc29_sc_nag_undead_legions,wh3_dlc29_sc_nag_undead_legions|wh3_dlc29_vmp_cha_nagash_vampire_lord,wh3_dlc29_vmp_cha_nagash_vampire_lord_hellsteed,Vampire Lord,,,,,Hellsteed,true
wh3_dlc29_sc_nag_undead_legions,wh3_dlc29_sc_nag_undead_legions|wh3_dlc29_vmp_cha_nagash_vampire_lord,wh3_dlc29_vmp_cha_nagash_vampire_lord_zombie_dragon,Vampire Lord,,,,,Zombie Dragon,true
wh3_dlc29_sc_nag_undead_legions,wh3_dlc29_sc_nag_undead_legions|wh3_dlc29_vmp_cha_neferata,wh3_dlc29_vmp_cha_neferata,Neferata,,,,,On foot,true
wh3_dlc29_sc_nag_undead_legions,wh3_dlc29_sc_nag_undead_legions|wh3_dlc29_vmp_cha_neferata,wh3_dlc29_vmp_cha_neferata_barded_nightmare,Neferata,,,,,Barded Nightmare,true
wh3_dlc29_sc_nag_undead_legions,wh3_dlc29_sc_nag_undead_legions|wh3_dlc29_vmp_cha_neferata,wh3_dlc29_vmp_cha_neferata_coven_throne,Neferata,,,,,Coven Throne,true
wh3_dlc29_sc_nag_undead_legions,wh3_dlc29_sc_nag_undead_legions|wh3_dlc29_vmp_cha_neferata,wh3_dlc29_vmp_cha_neferata_dread_abyssal,Neferata,,,,,"Nagadron, the Adevore",true
wh3_dlc29_sc_nag_undead_legions,wh3_dlc29_sc_nag_undead_legions|wh3_dlc29_vmp_cha_neferata,wh3_dlc29_vmp_cha_neferata_hellsteed,Neferata,,,,,Hellsteed,true
wh3_dlc29_sc_nag_undead_legions,wh3_dlc29_sc_nag_undead_legions|wh3_dlc29_vmp_cha_neferata,wh3_dlc29_vmp_cha_neferata_zombie_dragon,Neferata,,,,,Zombie Dragon,true
wh3_dlc29_sc_nag_undead_legions,wh3_dlc29_sc_nag_undead_legions|wh3_dlc29_vmp_cha_walach_harkon,wh3_dlc29_vmp_cha_walach_harkon,Walach Harkon,,,,,On foot,true
wh3_dlc29_sc_nag_undead_legions,wh3_dlc29_sc_nag_undead_legions|wh3_dlc29_vmp_cha_walach_harkon,wh3_dlc29_vmp_cha_walach_harkon_barded_nightmare,Walach Harkon,,,,,Barded Nightmare,true
wh3_dlc29_sc_nag_undead_legions,wh3_dlc29_sc_nag_undead_legions|wh3_dlc29_vmp_inf_lahmian_handmaidens_death,wh3_dlc29_vmp_inf_lahmian_handmaidens_death,Lahmian Handmaidens (Death),,,,,,true
wh3_dlc29_sc_nag_undead_legions,wh3_dlc29_sc_nag_undead_legions|wh3_dlc29_vmp_inf_lahmian_handmaidens_shadow,wh3_dlc29_vmp_inf_lahmian_handmaidens_shadow,Lahmian Handmaidens (Shadows),,,,,,true
wh3_dlc29_sc_nag_undead_legions,wh3_dlc29_sc_nag_undead_legions|wh3_dlc29_vmp_inf_spirit_host,wh3_dlc29_vmp_inf_spirit_host,Spirit Host,,,,,,true
wh3_dlc29_sc_nag_undead_legions,wh3_dlc29_sc_nag_undead_legions|wh3_dlc29_vmp_mon_morghast_archai,wh3_dlc29_vmp_mon_morghast_archai,Morghast Archai,,,,,,true
wh3_dlc29_sc_nag_undead_legions,wh3_dlc29_sc_nag_undead_legions|wh3_dlc29_vmp_mon_morghast_archai_ror,wh3_dlc29_vmp_mon_morghast_archai_ror,The Silent Legion (Morghast Archai),,,,,,true
wh3_dlc29_sc_nag_undead_legions,wh3_dlc29_sc_nag_undead_legions|wh3_dlc29_vmp_mon_morghast_harbingers,wh3_dlc29_vmp_mon_morghast_harbingers,Morghast Harbingers,,,,,,true
wh3_dlc29_sc_nag_undead_legions,wh3_dlc29_sc_nag_undead_legions|wh3_dlc29_vmp_mon_zombie_dragon,wh3_dlc29_vmp_mon_zombie_dragon,Zombie Dragon,,,,,,true
wh3_dlc29_sc_nag_undead_legions,wh3_dlc29_sc_nag_undead_legions|wh3_dlc29_vmp_veh_coven_throne,wh3_dlc29_vmp_veh_coven_throne,Coven Throne,,,,,,true
wh3_dlc29_sc_nag_undead_legions,wh3_dlc29_sc_nag_undead_legions|wh3_main_vmp_blood_knights_sword_shield,wh3_main_vmp_blood_knights_sword_shield,Blood Knights,,,,,,true
wh3_dlc29_sc_nag_undead_legions,wh3_dlc29_sc_nag_undead_legions|wh3_main_vmp_inf_grave_guard_2,wh3_main_vmp_inf_grave_guard_2,Grave Guard (Halberds),,,,,,true
wh3_dlc29_sc_nag_undead_legions,wh3_dlc29_sc_nag_undead_legions|wh_dlc02_vmp_cav_blood_knights_0,wh_dlc02_vmp_cav_blood_knights_0,Blood Knights (Lances),,,,,,true
wh3_dlc29_sc_nag_undead_legions,wh3_dlc29_sc_nag_undead_legions|wh_dlc04_vmp_cav_chillgheists_0,wh_dlc04_vmp_cav_chillgheists_0,The Chillgheists (Hexwraiths),,,,,,true
wh3_dlc29_sc_nag_undead_legions,wh3_dlc29_sc_nag_undead_legions|wh_dlc04_vmp_cav_vereks_reavers_0,wh_dlc04_vmp_cav_vereks_reavers_0,Verek's Reavers (Black Knights – Lances & Barding),,,,,,true
wh3_dlc29_sc_nag_undead_legions,wh3_dlc29_sc_nag_undead_legions|wh_dlc04_vmp_cha_vlad_von_carstein_0,wh_dlc04_vmp_cha_vlad_von_carstein_0,Vlad von Carstein,,,,,,true
wh3_dlc29_sc_nag_undead_legions,wh3_dlc29_sc_nag_undead_legions|wh_dlc04_vmp_inf_feasters_in_the_dusk_0,wh_dlc04_vmp_inf_feasters_in_the_dusk_0,The Feasters in the Dusk (Crypt Ghouls),,,,,,true
wh3_dlc29_sc_nag_undead_legions,wh3_dlc29_sc_nag_undead_legions|wh_dlc04_vmp_inf_konigstein_stalkers_0,wh_dlc04_vmp_inf_konigstein_stalkers_0,The Konigstein Stalkers (Skeleton Warriors),,,,,,true
wh3_dlc29_sc_nag_undead_legions,wh3_dlc29_sc_nag_undead_legions|wh_dlc04_vmp_inf_sternsmen_0,wh_dlc04_vmp_inf_sternsmen_0,The Sternsmen (Grave Guard),,,,,,true
wh3_dlc29_sc_nag_undead_legions,wh3_dlc29_sc_nag_undead_legions|wh_dlc04_vmp_inf_tithe_0,wh_dlc04_vmp_inf_tithe_0,The Tithe (Zombies),,,,,,true
wh3_dlc29_sc_nag_undead_legions,wh3_dlc29_sc_nag_undead_legions|wh_dlc04_vmp_mon_devils_swartzhafen_0,wh_dlc04_vmp_mon_devils_swartzhafen_0,The Devils of Swartzhafen (Vargheists),,,,,,true
wh3_dlc29_sc_nag_undead_legions,wh3_dlc29_sc_nag_undead_legions|wh_dlc04_vmp_mon_direpack_0,wh_dlc04_vmp_mon_direpack_0,The Direpack (Dire Wolves),,,,,,true
wh3_dlc29_sc_nag_undead_legions,wh3_dlc29_sc_nag_undead_legions|wh_dlc04_vmp_veh_claw_of_nagash_0,wh_dlc04_vmp_veh_claw_of_nagash_0,The Claw of Nagash (Mortis Engine),,,,,,true
wh3_dlc29_sc_nag_undead_legions,wh3_dlc29_sc_nag_undead_legions|wh_dlc04_vmp_veh_corpse_cart_0,wh_dlc04_vmp_veh_corpse_cart_0,Corpse Cart,,,,,,true
wh3_dlc29_sc_nag_undead_legions,wh3_dlc29_sc_nag_undead_legions|wh_dlc04_vmp_veh_corpse_cart_1,wh_dlc04_vmp_veh_corpse_cart_1,Corpse Cart (Balefire),,,,,,true
wh3_dlc29_sc_nag_undead_legions,wh3_dlc29_sc_nag_undead_legions|wh_dlc04_vmp_veh_corpse_cart_2,wh_dlc04_vmp_veh_corpse_cart_2,Corpse Cart (Unholy Lodestone),,,,,,true
wh3_dlc29_sc_nag_undead_legions,wh3_dlc29_sc_nag_undead_legions|wh_dlc04_vmp_veh_mortis_engine_0,wh_dlc04_vmp_veh_mortis_engine_0,Mortis Engine,,,,,,true
wh3_dlc29_sc_nag_undead_legions,wh3_dlc29_sc_nag_undead_legions|wh_dlc05_vmp_cha_vampire_shadows_0,wh_dlc05_vmp_cha_vampire_shadows_0,Vampire (Shadows),Shadows,,,,On foot,true
wh3_dlc29_sc_nag_undead_legions,wh3_dlc29_sc_nag_undead_legions|wh_dlc05_vmp_cha_vampire_shadows_0,wh_dlc05_vmp_cha_vampire_shadows_1,Vampire (Shadows),Shadows,,,,Barded Nightmare,true
wh3_dlc29_sc_nag_undead_legions,wh3_dlc29_sc_nag_undead_legions|wh_dlc05_vmp_cha_vampire_shadows_0,wh_dlc05_vmp_cha_vampire_shadows_2,Vampire (Shadows),Shadows,,,,Hellsteed,true
wh3_dlc29_sc_nag_undead_legions,wh3_dlc29_sc_nag_undead_legions|wh_dlc05_vmp_cha_vampire_shadows_0,wh_main_vmp_cha_vampire_0,Vampire (Death),Death,,,,On foot,true
wh3_dlc29_sc_nag_undead_legions,wh3_dlc29_sc_nag_undead_legions|wh_dlc05_vmp_cha_vampire_shadows_0,wh_main_vmp_cha_vampire_1,Vampire (Death),Death,,,,Barded Nightmare,true
wh3_dlc29_sc_nag_undead_legions,wh3_dlc29_sc_nag_undead_legions|wh_dlc05_vmp_cha_vampire_shadows_0,wh_main_vmp_cha_vampire_2,Vampire (Death),Death,,,,Hellsteed,true
wh3_dlc29_sc_nag_undead_legions,wh3_dlc29_sc_nag_undead_legions|wh_main_vmp_cav_black_knights_0,wh_main_vmp_cav_black_knights_0,Black Knights,,,,,,true
wh3_dlc29_sc_nag_undead_legions,wh3_dlc29_sc_nag_undead_legions|wh_main_vmp_cav_black_knights_3,wh_main_vmp_cav_black_knights_3,Black Knights (Lances & Barding),,,,,,true
wh3_dlc29_sc_nag_undead_legions,wh3_dlc29_sc_nag_undead_legions|wh_main_vmp_cav_hexwraiths,wh_main_vmp_cav_hexwraiths,Hexwraiths,,,,,,true
wh3_dlc29_sc_nag_undead_legions,wh3_dlc29_sc_nag_undead_legions|wh_main_vmp_cha_banshee,wh_main_vmp_cha_banshee,Banshee,,,,,,true
wh3_dlc29_sc_nag_undead_legions,wh3_dlc29_sc_nag_undead_legions|wh_main_vmp_cha_mannfred_von_carstein_0,wh3_dlc29_vmp_cha_mannfred_von_carstein_dread_abyssal,Mannfred von Carstein,,,,,"Ashigaroth, Gorger Upon the Meek",true
wh3_dlc29_sc_nag_undead_legions,wh3_dlc29_sc_nag_undead_legions|wh_main_vmp_cha_mannfred_von_carstein_0,wh_main_vmp_cha_mannfred_von_carstein_0,Mannfred von Carstein,,,,,On foot,true
wh3_dlc29_sc_nag_undead_legions,wh3_dlc29_sc_nag_undead_legions|wh_main_vmp_cha_mannfred_von_carstein_0,wh_main_vmp_cha_mannfred_von_carstein_2,Mannfred von Carstein,,,,,Hellsteed,true
wh3_dlc29_sc_nag_undead_legions,wh3_dlc29_sc_nag_undead_legions|wh_main_vmp_cha_mannfred_von_carstein_0,wh_main_vmp_cha_mannfred_von_carstein_3,Mannfred von Carstein,,,,,Zombie Dragon,true
wh3_dlc29_sc_nag_undead_legions,wh3_dlc29_sc_nag_undead_legions|wh_main_vmp_cha_mannfred_von_carstein_0,wh_main_vmp_cha_mannfred_von_carstein_4,Mannfred von Carstein,,,,,Barded Nightmare,true
wh3_dlc29_sc_nag_undead_legions,wh3_dlc29_sc_nag_undead_legions|wh_main_vmp_cha_master_necromancer_0,wh3_dlc29_vmp_cha_master_necromancer_undeath,Master Necromancer (Undeath),Undeath,,,,On foot,true
wh3_dlc29_sc_nag_undead_legions,wh3_dlc29_sc_nag_undead_legions|wh_main_vmp_cha_master_necromancer_0,wh3_dlc29_vmp_cha_master_necromancer_undeath_barded_nightmare,Master Necromancer (Undeath),Undeath,,,,Barded Nightmare,true
wh3_dlc29_sc_nag_undead_legions,wh3_dlc29_sc_nag_undead_legions|wh_main_vmp_cha_master_necromancer_0,wh3_dlc29_vmp_cha_master_necromancer_undeath_corpse_cart,Master Necromancer (Undeath),Undeath,,,,Corpse Cart,true
wh3_dlc29_sc_nag_undead_legions,wh3_dlc29_sc_nag_undead_legions|wh_main_vmp_cha_master_necromancer_0,wh3_dlc29_vmp_cha_master_necromancer_undeath_corpse_cart_balefire,Master Necromancer (Undeath),Undeath,,,,Corpse Cart (Balefire),true
wh3_dlc29_sc_nag_undead_legions,wh3_dlc29_sc_nag_undead_legions|wh_main_vmp_cha_master_necromancer_0,wh3_dlc29_vmp_cha_master_necromancer_undeath_corpse_cart_lodestone,Master Necromancer (Undeath),Undeath,,,,Corpse Cart (Unholy Lodestone),true
wh3_dlc29_sc_nag_undead_legions,wh3_dlc29_sc_nag_undead_legions|wh_main_vmp_cha_master_necromancer_0,wh3_dlc29_vmp_cha_master_necromancer_undeath_hellsteed,Master Necromancer (Undeath),Undeath,,,,Hellsteed,true
wh3_dlc29_sc_nag_undead_legions,wh3_dlc29_sc_nag_undead_legions|wh_main_vmp_cha_master_necromancer_0,wh_dlc04_vmp_cha_master_necromancer_1,Master Necromancer (Vampires),Vampires,,,,Corpse Cart,true
wh3_dlc29_sc_nag_undead_legions,wh3_dlc29_sc_nag_undead_legions|wh_main_vmp_cha_master_necromancer_0,wh_dlc04_vmp_cha_master_necromancer_2,Master Necromancer (Vampires),Vampires,,,,Corpse Cart (Balefire),true
wh3_dlc29_sc_nag_undead_legions,wh3_dlc29_sc_nag_undead_legions|wh_main_vmp_cha_master_necromancer_0,wh_dlc04_vmp_cha_master_necromancer_3,Master Necromancer (Vampires),Vampires,,,,Corpse Cart (Unholy Lodestone),true
wh3_dlc29_sc_nag_undead_legions,wh3_dlc29_sc_nag_undead_legions|wh_main_vmp_cha_master_necromancer_0,wh_main_vmp_cha_master_necromancer_0,Master Necromancer (Vampires),Vampires,,,,On foot,true
wh3_dlc29_sc_nag_undead_legions,wh3_dlc29_sc_nag_undead_legions|wh_main_vmp_cha_master_necromancer_0,wh_main_vmp_cha_master_necromancer_4,Master Necromancer (Vampires),Vampires,,,,Hellsteed,true
wh3_dlc29_sc_nag_undead_legions,wh3_dlc29_sc_nag_undead_legions|wh_main_vmp_cha_master_necromancer_0,wh_main_vmp_cha_master_necromancer_5,Master Necromancer (Vampires),Vampires,,,,Barded Nightmare,true
wh3_dlc29_sc_nag_undead_legions,wh3_dlc29_sc_nag_undead_legions|wh_main_vmp_cha_necromancer_0,wh3_dlc29_vmp_cha_necromancer_undeath,Necromancer (Undeath),Undeath,,,,On foot,true
wh3_dlc29_sc_nag_undead_legions,wh3_dlc29_sc_nag_undead_legions|wh_main_vmp_cha_necromancer_0,wh3_dlc29_vmp_cha_necromancer_undeath_barded_nightmare,Necromancer (Undeath),Undeath,,,,Nightmare,true
wh3_dlc29_sc_nag_undead_legions,wh3_dlc29_sc_nag_undead_legions|wh_main_vmp_cha_necromancer_0,wh3_dlc29_vmp_cha_necromancer_undeath_corpse_cart,Necromancer (Undeath),Undeath,,,,Corpse Cart,true
wh3_dlc29_sc_nag_undead_legions,wh3_dlc29_sc_nag_undead_legions|wh_main_vmp_cha_necromancer_0,wh3_dlc29_vmp_cha_necromancer_undeath_corpse_cart_balefire,Necromancer (Undeath),Undeath,,,,Corpse Cart (Balefire),true
wh3_dlc29_sc_nag_undead_legions,wh3_dlc29_sc_nag_undead_legions|wh_main_vmp_cha_necromancer_0,wh3_dlc29_vmp_cha_necromancer_undeath_corpse_cart_lodestone,Necromancer (Undeath),Undeath,,,,Corpse Cart (Unholy Lodestone),true
wh3_dlc29_sc_nag_undead_legions,wh3_dlc29_sc_nag_undead_legions|wh_main_vmp_cha_necromancer_0,wh_dlc04_vmp_cha_necromancer_1,Necromancer (Vampires),Vampires,,,,Corpse Cart,true
wh3_dlc29_sc_nag_undead_legions,wh3_dlc29_sc_nag_undead_legions|wh_main_vmp_cha_necromancer_0,wh_dlc04_vmp_cha_necromancer_2,Necromancer (Vampires),Vampires,,,,Corpse Cart (Balefire),true
wh3_dlc29_sc_nag_undead_legions,wh3_dlc29_sc_nag_undead_legions|wh_main_vmp_cha_necromancer_0,wh_dlc04_vmp_cha_necromancer_3,Necromancer (Vampires),Vampires,,,,Corpse Cart (Unholy Lodestone),true
wh3_dlc29_sc_nag_undead_legions,wh3_dlc29_sc_nag_undead_legions|wh_main_vmp_cha_necromancer_0,wh_main_vmp_cha_necromancer_0,Necromancer (Vampires),Vampires,,,,On foot,true
wh3_dlc29_sc_nag_undead_legions,wh3_dlc29_sc_nag_undead_legions|wh_main_vmp_cha_necromancer_0,wh_main_vmp_cha_necromancer_5,Necromancer (Vampires),Vampires,,,,Nightmare,true
wh3_dlc29_sc_nag_undead_legions,wh3_dlc29_sc_nag_undead_legions|wh_main_vmp_cha_wight_king_0,wh_main_vmp_cha_wight_king_0,Wight King,,,,,On foot,true
wh3_dlc29_sc_nag_undead_legions,wh3_dlc29_sc_nag_undead_legions|wh_main_vmp_cha_wight_king_0,wh_main_vmp_cha_wight_king_2,Wight King,,,,,Barded Skeletal Steed,true
wh3_dlc29_sc_nag_undead_legions,wh3_dlc29_sc_nag_undead_legions|wh_main_vmp_inf_cairn_wraiths,wh_main_vmp_inf_cairn_wraiths,Cairn Wraiths,,,,,,true
wh3_dlc29_sc_nag_undead_legions,wh3_dlc29_sc_nag_undead_legions|wh_main_vmp_inf_crypt_ghouls,wh_main_vmp_inf_crypt_ghouls,Crypt Ghouls,,,,,,true
wh3_dlc29_sc_nag_undead_legions,wh3_dlc29_sc_nag_undead_legions|wh_main_vmp_inf_grave_guard_0,wh_main_vmp_inf_grave_guard_0,Grave Guard,,,,,,true
wh3_dlc29_sc_nag_undead_legions,wh3_dlc29_sc_nag_undead_legions|wh_main_vmp_inf_grave_guard_1,wh_main_vmp_inf_grave_guard_1,Grave Guard (Great Weapons),,,,,,true
wh3_dlc29_sc_nag_undead_legions,wh3_dlc29_sc_nag_undead_legions|wh_main_vmp_inf_skeleton_warriors_0,wh_main_vmp_inf_skeleton_warriors_0,Skeleton Warriors,,,,,,true
wh3_dlc29_sc_nag_undead_legions,wh3_dlc29_sc_nag_undead_legions|wh_main_vmp_inf_skeleton_warriors_1,wh_main_vmp_inf_skeleton_warriors_1,Skeleton Spearmen,,,,,,true
wh3_dlc29_sc_nag_undead_legions,wh3_dlc29_sc_nag_undead_legions|wh_main_vmp_inf_zombie,wh_main_vmp_inf_zombie,Zombies,,,,,,true
wh3_dlc29_sc_nag_undead_legions,wh3_dlc29_sc_nag_undead_legions|wh_main_vmp_mon_crypt_horrors,wh_main_vmp_mon_crypt_horrors,Crypt Horrors,,,,,,true
wh3_dlc29_sc_nag_undead_legions,wh3_dlc29_sc_nag_undead_legions|wh_main_vmp_mon_dire_wolves,wh_main_vmp_mon_dire_wolves,Dire Wolves,,,,,,true
wh3_dlc29_sc_nag_undead_legions,wh3_dlc29_sc_nag_undead_legions|wh_main_vmp_mon_fell_bats,wh_main_vmp_mon_fell_bats,Fell Bats,,,,,,true
wh3_dlc29_sc_nag_undead_legions,wh3_dlc29_sc_nag_undead_legions|wh_main_vmp_mon_terrorgheist,wh_main_vmp_mon_terrorgheist,Terrorgheist,,,,,,true
wh3_dlc29_sc_nag_undead_legions,wh3_dlc29_sc_nag_undead_legions|wh_main_vmp_mon_vargheists,wh_main_vmp_mon_vargheists,Vargheists,,,,,,true
wh3_dlc29_sc_nag_undead_legions,wh3_dlc29_sc_nag_undead_legions|wh_main_vmp_mon_varghulf,wh_main_vmp_mon_varghulf,Varghulf,,,,,,true
wh3_dlc29_sc_nag_undead_legions,wh3_dlc29_sc_nag_undead_legions|wh_main_vmp_veh_black_coach,wh_main_vmp_veh_black_coach,Black Coach,,,,,,true
wh3_main_sc_cth_cathay,wh3_main_sc_cth_cathay|wh2_pro08_neu_cha_felix,wh2_pro08_neu_cha_felix,Felix,,,,,,true
wh3_main_sc_cth_cathay,wh3_main_sc_cth_cathay|wh2_pro08_neu_cha_gotrek,wh2_pro08_neu_cha_gotrek,Gotrek,,,,,,true
wh3_main_sc_cth_cathay,wh3_main_sc_cth_cathay|wh3_cp1_cth_cha_bhashiva,wh3_cp1_cth_cha_bhashiva,"Bhashiva, the White Tiger",,,,,,true
wh3_main_sc_cth_cathay,wh3_main_sc_cth_cathay|wh3_cp1_cth_cha_clawspeaker_life,wh3_cp1_cth_cha_clawspeaker_beasts,Clawspeaker (Beasts),Beasts,,,,,true
wh3_main_sc_cth_cathay,wh3_main_sc_cth_cathay|wh3_cp1_cth_cha_clawspeaker_life,wh3_cp1_cth_cha_clawspeaker_life,Clawspeaker (Life),Life,,,,,true
wh3_main_sc_cth_cathay,wh3_main_sc_cth_cathay|wh3_cp1_cth_cha_clawspeaker_life,wh3_cp1_cth_cha_clawspeaker_shadows,Clawspeaker (Shadows),Shadows,,,,,true
wh3_main_sc_cth_cathay,wh3_main_sc_cth_cathay|wh3_cp1_cth_cha_sawai,wh3_cp1_cth_cha_sawai,Tiger Warrior Sawai,,,,,,true
wh3_main_sc_cth_cathay,wh3_main_sc_cth_cathay|wh3_cp1_cth_cha_taoyan,wh3_cp1_cth_cha_taoyan,Taoyan the Merciless,,,,,,true
wh3_main_sc_cth_cathay,wh3_main_sc_cth_cathay|wh3_cp1_cth_inf_iron_claw_guandao,wh3_cp1_cth_inf_iron_claw_guandao,Iron Claw Tiger Warriors,,,,,,true
wh3_main_sc_cth_cathay,wh3_main_sc_cth_cathay|wh3_cp1_cth_inf_stalkers_throwing_disc,wh3_cp1_cth_inf_stalkers_throwing_disc,Tiger Warrior Stalkers,,,,,,true
wh3_main_sc_cth_cathay,wh3_main_sc_cth_cathay|wh3_cp1_cth_inf_tiger_warriors_dual_axe,wh3_cp1_cth_inf_tiger_warriors_dual_axe,Tiger Warriors,,,,,,true
wh3_main_sc_cth_cathay,wh3_main_sc_cth_cathay|wh3_dlc24_cth_cha_celestial_general_yang,wh3_dlc24_cth_cha_celestial_general_yang,Celestial General,,,,,On foot,true
wh3_main_sc_cth_cathay,wh3_main_sc_cth_cathay|wh3_dlc24_cth_cha_celestial_general_yang,wh3_dlc24_cth_cha_celestial_general_yang_cathayan_horse,Celestial General,,,,,Warhorse,true
wh3_main_sc_cth_cathay,wh3_main_sc_cth_cathay|wh3_dlc24_cth_cha_celestial_general_yang,wh3_dlc24_cth_cha_celestial_general_yang_celestial_lion,Celestial General,,,,,Celestial Lion,true
wh3_main_sc_cth_cathay,wh3_main_sc_cth_cathay|wh3_dlc24_cth_cha_celestial_general_yang,wh3_dlc24_cth_cha_celestial_general_yang_longma,Celestial General,,,,,Jade Longma,true
wh3_main_sc_cth_cathay,wh3_main_sc_cth_cathay|wh3_dlc24_cth_cha_gate_master,wh3_dlc24_cth_cha_gate_master,Gate Master,,,,,On foot,true
wh3_main_sc_cth_cathay,wh3_main_sc_cth_cathay|wh3_dlc24_cth_cha_gate_master,wh3_dlc24_cth_cha_gate_master_warhorse,Gate Master,,,,,Warhorse,true
wh3_main_sc_cth_cathay,wh3_main_sc_cth_cathay|wh3_dlc24_cth_cha_saytang_the_watcher,wh3_dlc24_cth_cha_saytang_the_watcher,Saytang the Watcher,,,,,,true
wh3_main_sc_cth_cathay,wh3_main_sc_cth_cathay|wh3_dlc24_cth_cha_yuan_bo_human,wh3_dlc24_cth_cha_yuan_bo_human,"Yuan Bo, the Jade Dragon",,,,,,true
wh3_main_sc_cth_cathay,wh3_main_sc_cth_cathay|wh3_dlc24_cth_inf_dragon_guard_crossbowmen_ror,wh3_dlc24_cth_inf_dragon_guard_crossbowmen_ror,The Grace of Quai Yin (Celestial Dragon Crossbows),,,,,,true
wh3_main_sc_cth_cathay,wh3_main_sc_cth_cathay|wh3_dlc24_cth_inf_onyx_crowmen,wh3_dlc24_cth_inf_onyx_crowmen,Onyx Crowmen,,,,,,true
wh3_main_sc_cth_cathay,wh3_main_sc_cth_cathay|wh3_dlc24_cth_inf_onyx_crowmen_ror,wh3_dlc24_cth_inf_onyx_crowmen_ror,Empress Crowmen (Onyx Crowmen),,,,,,true
wh3_main_sc_cth_cathay,wh3_main_sc_cth_cathay|wh3_dlc24_cth_mon_celestial_lion,wh3_dlc24_cth_mon_celestial_lion,Celestial Lion,,,,,,true
wh3_main_sc_cth_cathay,wh3_main_sc_cth_cathay|wh3_dlc24_cth_mon_great_moon_bird,wh3_dlc24_cth_mon_great_moon_bird,Great Moon Bird,,,,,,true
wh3_main_sc_cth_cathay,wh3_main_sc_cth_cathay|wh3_dlc24_cth_mon_jade_lion,wh3_dlc24_cth_mon_jade_lion,Jade Lion,,,,,,true
wh3_main_sc_cth_cathay,wh3_main_sc_cth_cathay|wh3_dlc24_cth_mon_jet_lion,wh3_dlc24_cth_mon_jet_lion,Jet Lion,,,,,,true
wh3_main_sc_cth_cathay,wh3_main_sc_cth_cathay|wh3_dlc24_cth_veh_zhangu_war_drum,wh3_dlc24_cth_veh_zhangu_war_drum,Zhangu War Drum,,,,,,true
wh3_main_sc_cth_cathay,wh3_main_sc_cth_cathay|wh3_dlc24_cth_veh_zhangu_war_drum_ror,wh3_dlc24_cth_veh_zhangu_war_drum_ror,The Jade War Drum (Zhangu War Drum),,,,,,true
wh3_main_sc_cth_cathay,wh3_main_sc_cth_cathay|wh3_main_cth_art_fire_rain_rocket_battery_0,wh3_main_cth_art_fire_rain_rocket_battery_0,Fire Rain Rocket Battery,,,,,,true
wh3_main_sc_cth_cathay,wh3_main_sc_cth_cathay|wh3_main_cth_art_grand_cannon_0,wh3_main_cth_art_grand_cannon_0,Grand Cannons,,,,,,true
wh3_main_sc_cth_cathay,wh3_main_sc_cth_cathay|wh3_main_cth_cav_jade_lancers_0,wh3_main_cth_cav_jade_lancers_0,Jade Lancers,,,,,,true
wh3_main_sc_cth_cathay,wh3_main_sc_cth_cathay|wh3_main_cth_cav_jade_longma_riders_0,wh3_main_cth_cav_jade_longma_riders_0,Great Longma Riders,,,,,,true
wh3_main_sc_cth_cathay,wh3_main_sc_cth_cathay|wh3_main_cth_cav_peasant_horsemen_0,wh3_main_cth_cav_peasant_horsemen_0,Peasant Horsemen,,,,,,true
wh3_main_sc_cth_cathay,wh3_main_sc_cth_cathay|wh3_main_cth_cha_alchemist_0,wh3_main_cth_cha_alchemist_0,Alchemist,,,,,On foot,true
wh3_main_sc_cth_cathay,wh3_main_sc_cth_cathay|wh3_main_cth_cha_alchemist_0,wh3_main_cth_cha_alchemist_1,Alchemist,,,,,Warhorse,true
wh3_main_sc_cth_cathay,wh3_main_sc_cth_cathay|wh3_main_cth_cha_alchemist_0,wh3_main_cth_cha_alchemist_2,Alchemist,,,,,Sky Lantern,true
wh3_main_sc_cth_cathay,wh3_main_sc_cth_cathay|wh3_main_cth_cha_astromancer_0,wh3_dlc24_cth_cha_astromancer_great_moon_bird,Astromancer,,,,,Great Moon Bird,true
wh3_main_sc_cth_cathay,wh3_main_sc_cth_cathay|wh3_main_cth_cha_astromancer_0,wh3_main_cth_cha_astromancer_0,Astromancer,,,,,On foot,true
wh3_main_sc_cth_cathay,wh3_main_sc_cth_cathay|wh3_main_cth_cha_astromancer_0,wh3_main_cth_cha_astromancer_1,Astromancer,,,,,Warhorse,true
wh3_main_sc_cth_cathay,wh3_main_sc_cth_cathay|wh3_main_cth_cha_astromancer_0,wh3_main_cth_cha_astromancer_2,Astromancer,,,,,Wu Xing War Compass,true
wh3_main_sc_cth_cathay,wh3_main_sc_cth_cathay|wh3_main_cth_cha_dragon_blooded_shugengan_lord_yin_0,wh3_main_cth_cha_dragon_blooded_shugengan_lord_yang_0,Dragon-blooded Shugengan Lord (Yang),Yang,,,,On foot,true
wh3_main_sc_cth_cathay,wh3_main_sc_cth_cathay|wh3_main_cth_cha_dragon_blooded_shugengan_lord_yin_0,wh3_main_cth_cha_dragon_blooded_shugengan_lord_yang_1,Dragon-blooded Shugengan Lord (Yang),Yang,,,,Warhorse,true
wh3_main_sc_cth_cathay,wh3_main_sc_cth_cathay|wh3_main_cth_cha_dragon_blooded_shugengan_lord_yin_0,wh3_main_cth_cha_dragon_blooded_shugengan_lord_yang_2,Dragon-blooded Shugengan Lord (Yang),Yang,,,,Jade Longma,true
wh3_main_sc_cth_cathay,wh3_main_sc_cth_cathay|wh3_main_cth_cha_dragon_blooded_shugengan_lord_yin_0,wh3_main_cth_cha_dragon_blooded_shugengan_lord_yin_0,Dragon-blooded Shugengan Lord (Yin),Yin,,,,On foot,true
wh3_main_sc_cth_cathay,wh3_main_sc_cth_cathay|wh3_main_cth_cha_dragon_blooded_shugengan_lord_yin_0,wh3_main_cth_cha_dragon_blooded_shugengan_lord_yin_1,Dragon-blooded Shugengan Lord (Yin),Yin,,,,Warhorse,true
wh3_main_sc_cth_cathay,wh3_main_sc_cth_cathay|wh3_main_cth_cha_dragon_blooded_shugengan_lord_yin_0,wh3_main_cth_cha_dragon_blooded_shugengan_lord_yin_2,Dragon-blooded Shugengan Lord (Yin),Yin,,,,Jade Longma,true
wh3_main_sc_cth_cathay,wh3_main_sc_cth_cathay|wh3_main_cth_cha_iron_dragon_0,wh3_main_cth_cha_iron_dragon_0,"Zhao Ming, the Iron Dragon",,,,,,true
wh3_main_sc_cth_cathay,wh3_main_sc_cth_cathay|wh3_main_cth_cha_lord_magistrate_0,wh3_main_cth_cha_lord_magistrate_0,Lord Magistrate,,,,,On foot,true
wh3_main_sc_cth_cathay,wh3_main_sc_cth_cathay|wh3_main_cth_cha_lord_magistrate_0,wh3_main_cth_cha_lord_magistrate_1,Lord Magistrate,,,,,Warhorse,true
wh3_main_sc_cth_cathay,wh3_main_sc_cth_cathay|wh3_main_cth_cha_lord_magistrate_0,wh3_main_cth_cha_lord_magistrate_2,Lord Magistrate,,,,,Sky Lantern,true
wh3_main_sc_cth_cathay,wh3_main_sc_cth_cathay|wh3_main_cth_cha_storm_dragon_0,wh3_main_cth_cha_storm_dragon_0,"Miao Ying, the Storm Dragon",,,,,,true
wh3_main_sc_cth_cathay,wh3_main_sc_cth_cathay|wh3_main_cth_inf_crane_gunners_0,wh3_main_cth_inf_crane_gunners_0,Crane Gunners,,,,,,true
wh3_main_sc_cth_cathay,wh3_main_sc_cth_cathay|wh3_main_cth_inf_dragon_guard_0,wh3_main_cth_inf_dragon_guard_0,Celestial Dragon Guard,,,,,,true
wh3_main_sc_cth_cathay,wh3_main_sc_cth_cathay|wh3_main_cth_inf_dragon_guard_crossbowmen_0,wh3_main_cth_inf_dragon_guard_crossbowmen_0,Celestial Dragon Crossbows,,,,,,true
wh3_main_sc_cth_cathay,wh3_main_sc_cth_cathay|wh3_main_cth_inf_grenadiers,wh3_main_cth_inf_grenadiers,Nan-Gau Grenadiers,,,,,,true
wh3_main_sc_cth_cathay,wh3_main_sc_cth_cathay|wh3_main_cth_inf_iron_hail_gunners_0,wh3_main_cth_inf_iron_hail_gunners_0,Iron Hail Gunners,,,,,,true
wh3_main_sc_cth_cathay,wh3_main_sc_cth_cathay|wh3_main_cth_inf_jade_warrior_crossbowmen_0,wh3_main_cth_inf_jade_warrior_crossbowmen_0,Jade Warrior Crossbows,,,,,,true
wh3_main_sc_cth_cathay,wh3_main_sc_cth_cathay|wh3_main_cth_inf_jade_warrior_crossbowmen_1,wh3_main_cth_inf_jade_warrior_crossbowmen_1,Jade Warrior Crossbows (Shields),,,,,,true
wh3_main_sc_cth_cathay,wh3_main_sc_cth_cathay|wh3_main_cth_inf_jade_warriors_0,wh3_main_cth_inf_jade_warriors_0,Jade Warriors,,,,,,true
wh3_main_sc_cth_cathay,wh3_main_sc_cth_cathay|wh3_main_cth_inf_jade_warriors_1,wh3_main_cth_inf_jade_warriors_1,Jade Warriors (Halberds),,,,,,true
wh3_main_sc_cth_cathay,wh3_main_sc_cth_cathay|wh3_main_cth_inf_peasant_archers_0,wh3_main_cth_inf_peasant_archers_0,Peasant Archers,,,,,,true
wh3_main_sc_cth_cathay,wh3_main_sc_cth_cathay|wh3_main_cth_inf_peasant_spearmen_1,wh3_main_cth_inf_peasant_spearmen_1,Peasant Long Spearmen,,,,,,true
wh3_main_sc_cth_cathay,wh3_main_sc_cth_cathay|wh3_main_cth_mon_terracotta_sentinel_0,wh3_main_cth_mon_terracotta_sentinel_0,Terracotta Sentinel,,,,,,true
wh3_main_sc_cth_cathay,wh3_main_sc_cth_cathay|wh3_main_cth_veh_sky_junk_0,wh3_main_cth_veh_sky_junk_0,Sky-junk,,,,,,true
wh3_main_sc_cth_cathay,wh3_main_sc_cth_cathay|wh3_main_cth_veh_sky_lantern_0,wh3_main_cth_veh_sky_lantern_0,Sky Lantern,,,,,,true
wh3_main_sc_cth_cathay,wh3_main_sc_cth_cathay|wh3_main_cth_veh_war_compass_0,wh3_main_cth_veh_war_compass_0,Wu Xing War Compass,,,,,,true
wh3_main_sc_cth_cathay,wh3_main_sc_cth_cathay|wh3_twa06_cth_inf_dragon_guard_ror_0,wh3_twa06_cth_inf_dragon_guard_ror_0,The Dune Dragons (Celestial Dragon Guard),,,,,,true
wh3_main_sc_cth_cathay,wh3_main_sc_cth_cathay|wh3_twa07_cth_cav_jade_longma_riders_ror_0,wh3_twa07_cth_cav_jade_longma_riders_ror_0,Righteous Lances of Wei-Jin (Great Longma Riders),,,,,,true
wh3_main_sc_cth_cathay,wh3_main_sc_cth_cathay|wh3_twa08_cth_mon_terracotta_sentinel_0_ror,wh3_twa08_cth_mon_terracotta_sentinel_0_ror,The Green Guardian (Terracotta Sentinel),,,,,,true
wh3_main_sc_cth_cathay,wh3_main_sc_cth_cathay|wh3_twa10_cth_inf_peasant_archers_ror,wh3_twa10_cth_inf_peasant_archers_ror,Bandits of the Silver Road (Peasant Archers),,,,,,true
wh3_main_sc_dae_daemons,wh3_main_sc_dae_daemons|wh3_dlc20_chs_cha_daemon_prince,wh3_dlc20_chs_cha_daemon_prince,Daemon Prince,,Undivided,,,,true
wh3_main_sc_dae_daemons,wh3_main_sc_dae_daemons|wh3_dlc20_chs_cha_daemon_prince,wh3_dlc20_chs_cha_daemon_prince_mkho,Daemon Prince of Khorne,,Khorne,,,,true
wh3_main_sc_dae_daemons,wh3_main_sc_dae_daemons|wh3_dlc20_chs_cha_daemon_prince,wh3_dlc20_chs_cha_daemon_prince_mnur,Daemon Prince of Nurgle,,Nurgle,,,,true
wh3_main_sc_dae_daemons,wh3_main_sc_dae_daemons|wh3_dlc20_chs_cha_daemon_prince,wh3_dlc20_chs_cha_daemon_prince_msla,Daemon Prince of Slaanesh,,Slaanesh,,,,true
wh3_main_sc_dae_daemons,wh3_main_sc_dae_daemons|wh3_dlc20_chs_cha_daemon_prince,wh3_dlc20_chs_cha_daemon_prince_mtze,Daemon Prince of Tzeentch,,Tzeentch,,,,true
wh3_main_sc_dae_daemons,wh3_main_sc_dae_daemons|wh3_dlc24_tze_cha_blue_scribes,wh3_dlc24_tze_cha_blue_scribes,The Blue Scribes,,,,,,true
wh3_main_sc_dae_daemons,wh3_main_sc_dae_daemons|wh3_dlc24_tze_inf_pink_horrors_ror,wh3_dlc24_tze_inf_pink_horrors_ror,The Sourguts (Pink Horrors of Tzeentch),,,,,,true
wh3_main_sc_dae_daemons,wh3_main_sc_dae_daemons|wh3_dlc24_tze_mon_flamers_changebringers,wh3_dlc24_tze_mon_flamers_changebringers,Changebringers,,,,,,true
wh3_main_sc_dae_daemons,wh3_main_sc_dae_daemons|wh3_dlc24_tze_mon_screamers_ror,wh3_dlc24_tze_mon_screamers_ror,Shrieking Skyrays (Screamers of Tzeentch),,,,,,true
wh3_main_sc_dae_daemons,wh3_main_sc_dae_daemons|wh3_dlc25_nur_cav_plague_drones_1_ror,wh3_dlc25_nur_cav_plague_drones_1_ror,The Angels of Decay (Plague Drones – Death's Heads),,,,,,true
wh3_main_sc_dae_daemons,wh3_main_sc_dae_daemons|wh3_dlc25_nur_mon_soul_grinder_0_ror,wh3_dlc25_nur_mon_soul_grinder_0_ror,Noxbringer (Soul Grinder of Nurgle),,,,,,true
wh3_main_sc_dae_daemons,wh3_main_sc_dae_daemons|wh3_dlc26_kho_veh_skullcannon_ror,wh3_dlc26_kho_veh_skullcannon_ror,Hellforged Bellowers (Skullcannon),,,,,,true
wh3_main_sc_dae_daemons,wh3_main_sc_dae_daemons|wh3_dlc27_sla_cav_pleasureseekers,wh3_dlc27_sla_cav_pleasureseekers,Pleasureseekers,,,,,,true
wh3_main_sc_dae_daemons,wh3_main_sc_dae_daemons|wh3_dlc27_sla_veh_seeker_chariot_ror,wh3_dlc27_sla_veh_seeker_chariot_ror,Heralds of Excess (Seeker Chariots),,,,,,true
wh3_main_sc_dae_daemons,wh3_main_sc_dae_daemons|wh3_main_dae_cha_be_lakor_0,wh3_main_dae_cha_be_lakor_0,Be'lakor,,,,,,true
wh3_main_sc_dae_daemons,wh3_main_sc_dae_daemons|wh3_main_dae_cha_daemon_prince_0,wh3_main_dae_cha_daemon_prince_0,Daemon Prince,,,,,,false
wh3_main_sc_dae_daemons,wh3_main_sc_dae_daemons|wh3_main_dae_cha_daemon_prince_MP,wh3_main_dae_cha_daemon_prince_MP,"Arcalux, Prince of Fury",,,,,,false
wh3_main_sc_dae_daemons,wh3_main_sc_dae_daemons|wh3_main_dae_cha_daemon_prince_khorne_MP,wh3_main_dae_cha_daemon_prince_khorne_MP,"Red Ulgor, Prince of Slaughter",,,,,,true
wh3_main_sc_dae_daemons,wh3_main_sc_dae_daemons|wh3_main_dae_cha_daemon_prince_nurgle_MP,wh3_main_dae_cha_daemon_prince_nurgle_MP,"Grand Vomitus, Prince of Buboes",,,,,,true
wh3_main_sc_dae_daemons,wh3_main_sc_dae_daemons|wh3_main_dae_cha_daemon_prince_slaanesh_MP,wh3_main_dae_cha_daemon_prince_slaanesh_MP,"Caress, the Darkling Prince",,,,,,true
wh3_main_sc_dae_daemons,wh3_main_sc_dae_daemons|wh3_main_dae_cha_daemon_prince_tzeentch_MP,wh3_main_dae_cha_daemon_prince_tzeentch_MP,"Zarrivyk, Feathered-Prince",,,,,,true
wh3_main_sc_dae_daemons,wh3_main_sc_dae_daemons|wh3_main_dae_inf_chaos_furies_0,wh3_main_dae_inf_chaos_furies_0,Chaos Furies,,Undivided,,,,true
wh3_main_sc_dae_daemons,wh3_main_sc_dae_daemons|wh3_main_dae_inf_chaos_furies_0,wh3_main_kho_inf_chaos_furies_0,Chaos Furies (Khorne),,Khorne,,,,true
wh3_main_sc_dae_daemons,wh3_main_sc_dae_daemons|wh3_main_dae_inf_chaos_furies_0,wh3_main_nur_inf_chaos_furies_0,Chaos Furies (Nurgle),,Nurgle,,,,true
wh3_main_sc_dae_daemons,wh3_main_sc_dae_daemons|wh3_main_dae_inf_chaos_furies_0,wh3_main_sla_inf_chaos_furies_0,Chaos Furies (Slaanesh),,Slaanesh,,,,true
wh3_main_sc_dae_daemons,wh3_main_sc_dae_daemons|wh3_main_dae_inf_chaos_furies_0,wh3_main_tze_inf_chaos_furies_0,Chaos Furies (Tzeentch),,Tzeentch,,,,true
wh3_main_sc_dae_daemons,wh3_main_sc_dae_daemons|wh3_main_kho_cav_bloodcrushers_0,wh3_main_kho_cav_bloodcrushers_0,Bloodcrushers of Khorne,,,,,,true
wh3_main_sc_dae_daemons,wh3_main_sc_dae_daemons|wh3_main_kho_cha_bloodreaper_0,wh3_main_kho_cha_bloodreaper_0,Bloodreaper,,,,,On foot,true
wh3_main_sc_dae_daemons,wh3_main_sc_dae_daemons|wh3_main_kho_cha_bloodreaper_0,wh3_main_kho_cha_bloodreaper_1,Bloodreaper,,,,,Juggernaut,true
wh3_main_sc_dae_daemons,wh3_main_sc_dae_daemons|wh3_main_kho_cha_bloodreaper_0,wh3_main_kho_cha_bloodreaper_2,Bloodreaper,,,,,Blood Throne,true
wh3_main_sc_dae_daemons,wh3_main_sc_dae_daemons|wh3_main_kho_cha_exalted_bloodthirster_0,wh3_main_kho_cha_exalted_bloodthirster_0,Exalted Bloodthirster,,,,,,true
wh3_main_sc_dae_daemons,wh3_main_sc_dae_daemons|wh3_main_kho_cha_herald_of_khorne_0,wh3_main_kho_cha_herald_of_khorne_0,Herald of Khorne,,,,,On foot,true
wh3_main_sc_dae_daemons,wh3_main_sc_dae_daemons|wh3_main_kho_cha_herald_of_khorne_0,wh3_main_kho_cha_herald_of_khorne_1,Herald of Khorne,,,,,Juggernaut,true
wh3_main_sc_dae_daemons,wh3_main_sc_dae_daemons|wh3_main_kho_cha_herald_of_khorne_0,wh3_main_kho_cha_herald_of_khorne_2,Herald of Khorne,,,,,Blood Throne,true
wh3_main_sc_dae_daemons,wh3_main_sc_dae_daemons|wh3_main_kho_inf_bloodletters_0,wh3_main_kho_inf_bloodletters_0,Bloodletters of Khorne,,,,,,true
wh3_main_sc_dae_daemons,wh3_main_sc_dae_daemons|wh3_main_kho_inf_bloodletters_1,wh3_main_kho_inf_bloodletters_1,Exalted Bloodletters of Khorne,,,,,,true
wh3_main_sc_dae_daemons,wh3_main_sc_dae_daemons|wh3_main_kho_inf_flesh_hounds_of_khorne_0,wh3_main_kho_inf_flesh_hounds_of_khorne_0,Flesh Hounds of Khorne,,,,,,true
wh3_main_sc_dae_daemons,wh3_main_sc_dae_daemons|wh3_main_kho_mon_bloodthirster_0,wh3_main_kho_mon_bloodthirster_0,Bloodthirster,,,,,,true
wh3_main_sc_dae_daemons,wh3_main_sc_dae_daemons|wh3_main_kho_mon_soul_grinder_0,wh3_main_kho_mon_soul_grinder_0,Soul Grinder of Khorne,,,,,,true
wh3_main_sc_dae_daemons,wh3_main_sc_dae_daemons|wh3_main_kho_veh_blood_shrine_0,wh3_main_kho_veh_blood_shrine_0,Blood Shrine of Khorne,,,,,,true
wh3_main_sc_dae_daemons,wh3_main_sc_dae_daemons|wh3_main_kho_veh_skullcannon_0,wh3_main_kho_veh_skullcannon_0,Skullcannon,,,,,,true
wh3_main_sc_dae_daemons,wh3_main_sc_dae_daemons|wh3_main_nur_cav_plague_drones_0,wh3_main_nur_cav_plague_drones_0,Plague Drones of Nurgle,,,,,,true
wh3_main_sc_dae_daemons,wh3_main_sc_dae_daemons|wh3_main_nur_cav_plague_drones_1,wh3_main_nur_cav_plague_drones_1,Plague Drones of Nurgle (Death's Heads),,,,,,true
wh3_main_sc_dae_daemons,wh3_main_sc_dae_daemons|wh3_main_nur_cav_pox_riders_of_nurgle_0,wh3_main_nur_cav_pox_riders_of_nurgle_0,Pox Riders of Nurgle,,,,,,true
wh3_main_sc_dae_daemons,wh3_main_sc_dae_daemons|wh3_main_nur_cha_exalted_great_unclean_one_death_0,wh3_main_nur_cha_exalted_great_unclean_one_death_0,Exalted Great Unclean One (Death),Death,,,,,true
wh3_main_sc_dae_daemons,wh3_main_sc_dae_daemons|wh3_main_nur_cha_exalted_great_unclean_one_death_0,wh3_main_nur_cha_exalted_great_unclean_one_nurgle_0,Exalted Great Unclean One (Nurgle),Nurgle,,,,,true
wh3_main_sc_dae_daemons,wh3_main_sc_dae_daemons|wh3_main_nur_cha_herald_of_nurgle_death_0,wh3_main_nur_cha_herald_of_nurgle_death_0,Herald of Nurgle (Death),Death,,,,On foot,true
wh3_main_sc_dae_daemons,wh3_main_sc_dae_daemons|wh3_main_nur_cha_herald_of_nurgle_death_0,wh3_main_nur_cha_herald_of_nurgle_death_1,Herald of Nurgle (Death),Death,,,,Nurgling Palanquin,true
wh3_main_sc_dae_daemons,wh3_main_sc_dae_daemons|wh3_main_nur_cha_herald_of_nurgle_death_0,wh3_main_nur_cha_herald_of_nurgle_death_2,Herald of Nurgle (Death),Death,,,,Rot Fly,true
wh3_main_sc_dae_daemons,wh3_main_sc_dae_daemons|wh3_main_nur_cha_herald_of_nurgle_death_0,wh3_main_nur_cha_herald_of_nurgle_nurgle_0,Herald of Nurgle (Nurgle),Nurgle,,,,On foot,true
wh3_main_sc_dae_daemons,wh3_main_sc_dae_daemons|wh3_main_nur_cha_herald_of_nurgle_death_0,wh3_main_nur_cha_herald_of_nurgle_nurgle_1,Herald of Nurgle (Nurgle),Nurgle,,,,Nurgling Palanquin,true
wh3_main_sc_dae_daemons,wh3_main_sc_dae_daemons|wh3_main_nur_cha_herald_of_nurgle_death_0,wh3_main_nur_cha_herald_of_nurgle_nurgle_2,Herald of Nurgle (Nurgle),Nurgle,,,,Rot Fly,true
wh3_main_sc_dae_daemons,wh3_main_sc_dae_daemons|wh3_main_nur_cha_plagueridden_death_0,wh3_main_nur_cha_plagueridden_death_0,Plagueridden (Death),Death,,,,On foot,true
wh3_main_sc_dae_daemons,wh3_main_sc_dae_daemons|wh3_main_nur_cha_plagueridden_death_0,wh3_main_nur_cha_plagueridden_death_1,Plagueridden (Death),Death,,,,Nurgling Palanquin,true
wh3_main_sc_dae_daemons,wh3_main_sc_dae_daemons|wh3_main_nur_cha_plagueridden_death_0,wh3_main_nur_cha_plagueridden_death_2,Plagueridden (Death),Death,,,,Rot Fly,true
wh3_main_sc_dae_daemons,wh3_main_sc_dae_daemons|wh3_main_nur_cha_plagueridden_death_0,wh3_main_nur_cha_plagueridden_nurgle_0,Plagueridden (Nurgle),Nurgle,,,,On foot,true
wh3_main_sc_dae_daemons,wh3_main_sc_dae_daemons|wh3_main_nur_cha_plagueridden_death_0,wh3_main_nur_cha_plagueridden_nurgle_1,Plagueridden (Nurgle),Nurgle,,,,Nurgling Palanquin,true
wh3_main_sc_dae_daemons,wh3_main_sc_dae_daemons|wh3_main_nur_cha_plagueridden_death_0,wh3_main_nur_cha_plagueridden_nurgle_2,Plagueridden (Nurgle),Nurgle,,,,Rot Fly,true
wh3_main_sc_dae_daemons,wh3_main_sc_dae_daemons|wh3_main_nur_inf_nurglings_0,wh3_main_nur_inf_nurglings_0,Nurglings,,,,,,true
wh3_main_sc_dae_daemons,wh3_main_sc_dae_daemons|wh3_main_nur_inf_plaguebearers_0,wh3_main_nur_inf_plaguebearers_0,Plaguebearers of Nurgle,,,,,,true
wh3_main_sc_dae_daemons,wh3_main_sc_dae_daemons|wh3_main_nur_inf_plaguebearers_1,wh3_main_nur_inf_plaguebearers_1,Exalted Plaguebearers of Nurgle,,,,,,true
wh3_main_sc_dae_daemons,wh3_main_sc_dae_daemons|wh3_main_nur_mon_beast_of_nurgle_0,wh3_main_nur_mon_beast_of_nurgle_0,Beast of Nurgle,,,,,,true
wh3_main_sc_dae_daemons,wh3_main_sc_dae_daemons|wh3_main_nur_mon_great_unclean_one_0,wh3_main_nur_mon_great_unclean_one_0,Great Unclean One,,,,,,true
wh3_main_sc_dae_daemons,wh3_main_sc_dae_daemons|wh3_main_nur_mon_plague_toads_0,wh3_main_nur_mon_plague_toads_0,Plague Toads of Nurgle,,,,,,true
wh3_main_sc_dae_daemons,wh3_main_sc_dae_daemons|wh3_main_nur_mon_rot_flies_0,wh3_main_nur_mon_rot_flies_0,Rot Flies,,,,,,true
wh3_main_sc_dae_daemons,wh3_main_sc_dae_daemons|wh3_main_nur_mon_soul_grinder_0,wh3_main_nur_mon_soul_grinder_0,Soul Grinder of Nurgle,,,,,,true
wh3_main_sc_dae_daemons,wh3_main_sc_dae_daemons|wh3_main_sla_cav_heartseekers_of_slaanesh_0,wh3_main_sla_cav_heartseekers_of_slaanesh_0,Heartseekers of Slaanesh,,,,,,true
wh3_main_sc_dae_daemons,wh3_main_sc_dae_daemons|wh3_main_sla_cav_seekers_of_slaanesh_0,wh3_main_sla_cav_seekers_of_slaanesh_0,Seekers of Slaanesh,,,,,,true
wh3_main_sc_dae_daemons,wh3_main_sc_dae_daemons|wh3_main_sla_cha_alluress_shadow_0,wh3_dlc27_sla_cha_alluress_shadow_daemonic_steed,Alluress (Shadows),Shadows,,,,Daemonic Steed,true
wh3_main_sc_dae_daemons,wh3_main_sc_dae_daemons|wh3_main_sla_cha_alluress_shadow_0,wh3_dlc27_sla_cha_alluress_slaanesh_daemonic_steed,Alluress (Slaanesh),Slaanesh,,,,Daemonic Steed,true
wh3_main_sc_dae_daemons,wh3_main_sc_dae_daemons|wh3_main_sla_cha_alluress_shadow_0,wh3_main_sla_cha_alluress_shadow_0,Alluress (Shadows),Shadows,,,,On foot,true
wh3_main_sc_dae_daemons,wh3_main_sc_dae_daemons|wh3_main_sla_cha_alluress_shadow_0,wh3_main_sla_cha_alluress_shadow_1,Alluress (Shadows),Shadows,,,,Steed of Slaanesh,true
wh3_main_sc_dae_daemons,wh3_main_sc_dae_daemons|wh3_main_sla_cha_alluress_shadow_0,wh3_main_sla_cha_alluress_shadow_2,Alluress (Shadows),Shadows,,,,Seeker Chariot,true
wh3_main_sc_dae_daemons,wh3_main_sc_dae_daemons|wh3_main_sla_cha_alluress_shadow_0,wh3_main_sla_cha_alluress_shadow_3,Alluress (Shadows),Shadows,,,,Exalted Seeker Chariot,true
wh3_main_sc_dae_daemons,wh3_main_sc_dae_daemons|wh3_main_sla_cha_alluress_shadow_0,wh3_main_sla_cha_alluress_slaanesh_0,Alluress (Slaanesh),Slaanesh,,,,On foot,true
wh3_main_sc_dae_daemons,wh3_main_sc_dae_daemons|wh3_main_sla_cha_alluress_shadow_0,wh3_main_sla_cha_alluress_slaanesh_1,Alluress (Slaanesh),Slaanesh,,,,Steed of Slaanesh,true
wh3_main_sc_dae_daemons,wh3_main_sc_dae_daemons|wh3_main_sla_cha_alluress_shadow_0,wh3_main_sla_cha_alluress_slaanesh_2,Alluress (Slaanesh),Slaanesh,,,,Seeker Chariot,true
wh3_main_sc_dae_daemons,wh3_main_sc_dae_daemons|wh3_main_sla_cha_alluress_shadow_0,wh3_main_sla_cha_alluress_slaanesh_3,Alluress (Slaanesh),Slaanesh,,,,Exalted Seeker Chariot,true
wh3_main_sc_dae_daemons,wh3_main_sc_dae_daemons|wh3_main_sla_cha_exalted_keeper_of_secrets_shadow_0,wh3_main_sla_cha_exalted_keeper_of_secrets_shadow_0,Exalted Keeper of Secrets (Shadows),Shadows,,,,,true
wh3_main_sc_dae_daemons,wh3_main_sc_dae_daemons|wh3_main_sla_cha_exalted_keeper_of_secrets_shadow_0,wh3_main_sla_cha_exalted_keeper_of_secrets_slaanesh_0,Exalted Keeper of Secrets (Slaanesh),Slaanesh,,,,,true
wh3_main_sc_dae_daemons,wh3_main_sc_dae_daemons|wh3_main_sla_cha_herald_of_slaanesh_shadow_0,wh3_dlc27_sla_cha_herald_of_slaanesh_shadow_daemonic_steed,Herald of Slaanesh (Shadows),Shadows,,,,Daemonic Steed,true
wh3_main_sc_dae_daemons,wh3_main_sc_dae_daemons|wh3_main_sla_cha_herald_of_slaanesh_shadow_0,wh3_dlc27_sla_cha_herald_of_slaanesh_slaanesh_daemonic_steed,Herald of Slaanesh (Slaanesh),Slaanesh,,,,Daemonic Steed,true
wh3_main_sc_dae_daemons,wh3_main_sc_dae_daemons|wh3_main_sla_cha_herald_of_slaanesh_shadow_0,wh3_main_sla_cha_herald_of_slaanesh_shadow_0,Herald of Slaanesh (Shadows),Shadows,,,,On foot,true
wh3_main_sc_dae_daemons,wh3_main_sc_dae_daemons|wh3_main_sla_cha_herald_of_slaanesh_shadow_0,wh3_main_sla_cha_herald_of_slaanesh_shadow_1,Herald of Slaanesh (Shadows),Shadows,,,,Steed of Slaanesh,true
wh3_main_sc_dae_daemons,wh3_main_sc_dae_daemons|wh3_main_sla_cha_herald_of_slaanesh_shadow_0,wh3_main_sla_cha_herald_of_slaanesh_shadow_2,Herald of Slaanesh (Shadows),Shadows,,,,Seeker Chariot,true
wh3_main_sc_dae_daemons,wh3_main_sc_dae_daemons|wh3_main_sla_cha_herald_of_slaanesh_shadow_0,wh3_main_sla_cha_herald_of_slaanesh_shadow_3,Herald of Slaanesh (Shadows),Shadows,,,,Exalted Seeker Chariot,true
wh3_main_sc_dae_daemons,wh3_main_sc_dae_daemons|wh3_main_sla_cha_herald_of_slaanesh_shadow_0,wh3_main_sla_cha_herald_of_slaanesh_slaanesh_0,Herald of Slaanesh (Slaanesh),Slaanesh,,,,On foot,true
wh3_main_sc_dae_daemons,wh3_main_sc_dae_daemons|wh3_main_sla_cha_herald_of_slaanesh_shadow_0,wh3_main_sla_cha_herald_of_slaanesh_slaanesh_1,Herald of Slaanesh (Slaanesh),Slaanesh,,,,Steed of Slaanesh,true
wh3_main_sc_dae_daemons,wh3_main_sc_dae_daemons|wh3_main_sla_cha_herald_of_slaanesh_shadow_0,wh3_main_sla_cha_herald_of_slaanesh_slaanesh_2,Herald of Slaanesh (Slaanesh),Slaanesh,,,,Seeker Chariot,true
wh3_main_sc_dae_daemons,wh3_main_sc_dae_daemons|wh3_main_sla_cha_herald_of_slaanesh_shadow_0,wh3_main_sla_cha_herald_of_slaanesh_slaanesh_3,Herald of Slaanesh (Slaanesh),Slaanesh,,,,Exalted Seeker Chariot,true
wh3_main_sc_dae_daemons,wh3_main_sc_dae_daemons|wh3_main_sla_inf_daemonette_0,wh3_main_sla_inf_daemonette_0,Daemonettes of Slaanesh,,,,,,true
wh3_main_sc_dae_daemons,wh3_main_sc_dae_daemons|wh3_main_sla_inf_daemonette_1,wh3_main_sla_inf_daemonette_1,Exalted Daemonettes of Slaanesh,,,,,,true
wh3_main_sc_dae_daemons,wh3_main_sc_dae_daemons|wh3_main_sla_mon_fiends_of_slaanesh_0,wh3_main_sla_mon_fiends_of_slaanesh_0,Fiends of Slaanesh,,,,,,true
wh3_main_sc_dae_daemons,wh3_main_sc_dae_daemons|wh3_main_sla_mon_keeper_of_secrets_0,wh3_main_sla_mon_keeper_of_secrets_0,Keeper of Secrets,,,,,,true
wh3_main_sc_dae_daemons,wh3_main_sc_dae_daemons|wh3_main_sla_mon_soul_grinder_0,wh3_main_sla_mon_soul_grinder_0,Soul Grinder of Slaanesh,,,,,,true
wh3_main_sc_dae_daemons,wh3_main_sc_dae_daemons|wh3_main_sla_veh_exalted_seeker_chariot_0,wh3_main_sla_veh_exalted_seeker_chariot_0,Exalted Seeker Chariot,,,,,,true
wh3_main_sc_dae_daemons,wh3_main_sc_dae_daemons|wh3_main_sla_veh_hellflayer_0,wh3_main_sla_veh_hellflayer_0,Hellflayers,,,,,,true
wh3_main_sc_dae_daemons,wh3_main_sc_dae_daemons|wh3_main_sla_veh_seeker_chariot_0,wh3_main_sla_veh_seeker_chariot_0,Seeker Chariots,,,,,,true
wh3_main_sc_dae_daemons,wh3_main_sc_dae_daemons|wh3_main_tze_cha_exalted_lord_of_change_metal_0,wh3_main_tze_cha_exalted_lord_of_change_metal_0,Exalted Lord of Change (Metal),Metal,,,,,true
wh3_main_sc_dae_daemons,wh3_main_sc_dae_daemons|wh3_main_tze_cha_exalted_lord_of_change_metal_0,wh3_main_tze_cha_exalted_lord_of_change_tzeentch_0,Exalted Lord of Change (Tzeentch),Tzeentch,,,,,true
wh3_main_sc_dae_daemons,wh3_main_sc_dae_daemons|wh3_main_tze_cha_herald_of_tzeentch_metal_0,wh3_main_tze_cha_herald_of_tzeentch_metal_0,Herald of Tzeentch (Metal),Metal,,,,On foot,true
wh3_main_sc_dae_daemons,wh3_main_sc_dae_daemons|wh3_main_tze_cha_herald_of_tzeentch_metal_0,wh3_main_tze_cha_herald_of_tzeentch_metal_1,Herald of Tzeentch (Metal),Metal,,,,Disc of Tzeentch,true
wh3_main_sc_dae_daemons,wh3_main_sc_dae_daemons|wh3_main_tze_cha_herald_of_tzeentch_metal_0,wh3_main_tze_cha_herald_of_tzeentch_metal_2,Herald of Tzeentch (Metal),Metal,,,,Burning Chariot,true
wh3_main_sc_dae_daemons,wh3_main_sc_dae_daemons|wh3_main_tze_cha_herald_of_tzeentch_metal_0,wh3_main_tze_cha_herald_of_tzeentch_tzeentch_0,Herald of Tzeentch (Tzeentch),Tzeentch,,,,On foot,true
wh3_main_sc_dae_daemons,wh3_main_sc_dae_daemons|wh3_main_tze_cha_herald_of_tzeentch_metal_0,wh3_main_tze_cha_herald_of_tzeentch_tzeentch_1,Herald of Tzeentch (Tzeentch),Tzeentch,,,,Disc of Tzeentch,true
wh3_main_sc_dae_daemons,wh3_main_sc_dae_daemons|wh3_main_tze_cha_herald_of_tzeentch_metal_0,wh3_main_tze_cha_herald_of_tzeentch_tzeentch_2,Herald of Tzeentch (Tzeentch),Tzeentch,,,,Burning Chariot,true
wh3_main_sc_dae_daemons,wh3_main_sc_dae_daemons|wh3_main_tze_cha_iridescent_horror_metal_0,wh3_main_tze_cha_iridescent_horror_metal_0,Iridescent Horror (Metal),Metal,,,,On foot,true
wh3_main_sc_dae_daemons,wh3_main_sc_dae_daemons|wh3_main_tze_cha_iridescent_horror_metal_0,wh3_main_tze_cha_iridescent_horror_metal_1,Iridescent Horror (Metal),Metal,,,,Disc of Tzeentch,true
wh3_main_sc_dae_daemons,wh3_main_sc_dae_daemons|wh3_main_tze_cha_iridescent_horror_metal_0,wh3_main_tze_cha_iridescent_horror_metal_2,Iridescent Horror (Metal),Metal,,,,Burning Chariot,true
wh3_main_sc_dae_daemons,wh3_main_sc_dae_daemons|wh3_main_tze_cha_iridescent_horror_metal_0,wh3_main_tze_cha_iridescent_horror_tzeentch_0,Iridescent Horror (Tzeentch),Tzeentch,,,,On foot,true
wh3_main_sc_dae_daemons,wh3_main_sc_dae_daemons|wh3_main_tze_cha_iridescent_horror_metal_0,wh3_main_tze_cha_iridescent_horror_tzeentch_1,Iridescent Horror (Tzeentch),Tzeentch,,,,Disc of Tzeentch,true
wh3_main_sc_dae_daemons,wh3_main_sc_dae_daemons|wh3_main_tze_cha_iridescent_horror_metal_0,wh3_main_tze_cha_iridescent_horror_tzeentch_2,Iridescent Horror (Tzeentch),Tzeentch,,,,Burning Chariot,true
wh3_main_sc_dae_daemons,wh3_main_sc_dae_daemons|wh3_main_tze_inf_blue_horrors_0,wh3_main_tze_inf_blue_horrors_0,Blue Horrors of Tzeentch,,,,,,true
wh3_main_sc_dae_daemons,wh3_main_sc_dae_daemons|wh3_main_tze_inf_pink_horrors_0,wh3_main_tze_inf_pink_horrors_0,Pink Horrors of Tzeentch,,,,,,true
wh3_main_sc_dae_daemons,wh3_main_sc_dae_daemons|wh3_main_tze_inf_pink_horrors_1,wh3_main_tze_inf_pink_horrors_1,Exalted Pink Horrors of Tzeentch,,,,,,true
wh3_main_sc_dae_daemons,wh3_main_sc_dae_daemons|wh3_main_tze_mon_exalted_flamers_0,wh3_main_tze_mon_exalted_flamers_0,Exalted Flamer of Tzeentch,,,,,,true
wh3_main_sc_dae_daemons,wh3_main_sc_dae_daemons|wh3_main_tze_mon_flamers_0,wh3_main_tze_mon_flamers_0,Flamers of Tzeentch,,,,,,true
wh3_main_sc_dae_daemons,wh3_main_sc_dae_daemons|wh3_main_tze_mon_lord_of_change_0,wh3_main_tze_mon_lord_of_change_0,Lord of Change,,,,,,true
wh3_main_sc_dae_daemons,wh3_main_sc_dae_daemons|wh3_main_tze_mon_screamers_0,wh3_main_tze_mon_screamers_0,Screamers of Tzeentch,,,,,,true
wh3_main_sc_dae_daemons,wh3_main_sc_dae_daemons|wh3_main_tze_mon_soul_grinder_0,wh3_main_tze_mon_soul_grinder_0,Soul Grinder of Tzeentch,,,,,,true
wh3_main_sc_dae_daemons,wh3_main_sc_dae_daemons|wh3_main_tze_veh_burning_chariot_0,wh3_main_tze_veh_burning_chariot_0,Burning Chariot of Tzeentch,,,,,,true
wh3_main_sc_dae_daemons,wh3_main_sc_dae_daemons|wh3_pro12_kho_cha_karanak,wh3_pro12_kho_cha_karanak,Karanak,,,,,,true
wh3_main_sc_dae_daemons,wh3_main_sc_dae_daemons|wh3_twa06_kho_inf_bloodletters_ror_0,wh3_twa06_kho_inf_bloodletters_ror_0,Hellforged Host (Exalted Bloodletters of Khorne),,,,,,true
wh3_main_sc_dae_daemons,wh3_main_sc_dae_daemons|wh3_twa06_nur_inf_plaguebearers_ror_0,wh3_twa06_nur_inf_plaguebearers_ror_0,Festering Stooges (Exalted Plaguebearers of Nurgle),,,,,,true
wh3_main_sc_dae_daemons,wh3_main_sc_dae_daemons|wh3_twa06_sla_inf_daemonette_ror_0,wh3_twa06_sla_inf_daemonette_ror_0,Bringers of Beguilement (Exalted Daemonettes of Slaanesh),,,,,,true
wh3_main_sc_dae_daemons,wh3_main_sc_dae_daemons|wh3_twa06_tze_inf_pink_horrors_ror_0,wh3_twa06_tze_inf_pink_horrors_ror_0,Blazing Squealers (Exalted Pink Horrors of Tzeentch),,,,,,true
wh3_main_sc_dae_daemons,wh3_main_sc_dae_daemons|wh3_twa07_kho_cav_bloodcrushers_ror_0,wh3_twa07_kho_cav_bloodcrushers_ror_0,Heralds of Khorne's Fury (Bloodcrushers of Khorne),,,,,,true
wh3_main_sc_dae_daemons,wh3_main_sc_dae_daemons|wh3_twa07_nur_cav_pox_riders_of_nurgle_ror_0,wh3_twa07_nur_cav_pox_riders_of_nurgle_ror_0,Barons of the Bog (Pox Riders of Nurgle),,,,,,true
wh3_main_sc_dae_daemons,wh3_main_sc_dae_daemons|wh3_twa07_sla_cav_heartseekers_of_slaanesh_ror_0,wh3_twa07_sla_cav_heartseekers_of_slaanesh_ror_0,Eternal Entourage (Heartseekers of Slaanesh),,,,,,true
wh3_main_sc_dae_daemons,wh3_main_sc_dae_daemons|wh3_twa08_kho_mon_bloodthirster_0_ror,wh3_twa08_kho_mon_bloodthirster_0_ror,Khorne’s Bloody Fist (Bloodthirster),,,,,,true
wh3_main_sc_dae_daemons,wh3_main_sc_dae_daemons|wh3_twa08_nur_mon_great_unclean_one_0_ror,wh3_twa08_nur_mon_great_unclean_one_0_ror,Uncle Furuncle (Great Unclean One),,,,,,true
wh3_main_sc_dae_daemons,wh3_main_sc_dae_daemons|wh3_twa08_sla_mon_keeper_of_secrets_0_ror,wh3_twa08_sla_mon_keeper_of_secrets_0_ror,The Marquis of Masochism (Keeper of Secrets),,,,,,true
wh3_main_sc_dae_daemons,wh3_main_sc_dae_daemons|wh3_twa08_tze_mon_lord_of_change_0_ror,wh3_twa08_tze_mon_lord_of_change_0_ror,The Golden Griffin of Theurgy (Lord of Change),,,,,,true
wh3_main_sc_dae_daemons,wh3_main_sc_dae_daemons|wh3_twa10_kho_inf_flesh_hounds_of_khorne_ror,wh3_twa10_kho_inf_flesh_hounds_of_khorne_ror,Hounds of the Blood Hunt (Flesh Hounds of Khorne),,,,,,true
wh3_main_sc_dae_daemons,wh3_main_sc_dae_daemons|wh3_twa10_nur_inf_nurglings_ror,wh3_twa10_nur_inf_nurglings_ror,The Frolickers Bubonic (Nurglings),,,,,,true
wh3_main_sc_dae_daemons,wh3_main_sc_dae_daemons|wh3_twa10_tze_inf_blue_horrors_ror,wh3_twa10_tze_inf_blue_horrors_ror,The Chromatic Abominations (Blue Horrors of Tzeentch),,,,,,true
wh3_main_sc_kho_khorne,wh3_main_sc_kho_khorne|wh2_dlc17_kho_mon_ghorgon_ror_0,wh2_dlc17_kho_mon_ghorgon_ror_0,The Bloodbrute Behemoth (Ghorgon),,,,,,true
wh3_main_sc_kho_khorne,wh3_main_sc_kho_khorne|wh3_dlc20_chs_cav_chaos_chariot_mkho,wh3_dlc20_chs_cav_chaos_chariot_mkho,Chaos Chariots of Khorne,,Khorne,,,,true
wh3_main_sc_kho_khorne,wh3_main_sc_kho_khorne|wh3_dlc20_chs_cav_chaos_knights_mkho,wh3_dlc20_chs_cav_chaos_knights_mkho,Chaos Knights of Khorne,,Khorne,,,,true
wh3_main_sc_kho_khorne,wh3_main_sc_kho_khorne|wh3_dlc20_chs_cav_chaos_knights_mkho_lances,wh3_dlc20_chs_cav_chaos_knights_mkho_lances,Chaos Knights of Khorne (Lances),,Khorne,,,,true
wh3_main_sc_kho_khorne,wh3_main_sc_kho_khorne|wh3_dlc20_chs_cav_marauder_horsemen_mkho_throwing_axes,wh3_dlc20_chs_cav_marauder_horsemen_mkho_throwing_axes,Marauder Horsemen of Khorne (Throwing Axes),,Khorne,,,,true
wh3_main_sc_kho_khorne,wh3_main_sc_kho_khorne|wh3_dlc20_chs_cha_chaos_lord_mkho,wh3_dlc20_chs_cha_chaos_lord_mkho,Chaos Lord of Khorne,,Khorne,,,On foot,true
wh3_main_sc_kho_khorne,wh3_main_sc_kho_khorne|wh3_dlc20_chs_cha_chaos_lord_mkho,wh3_dlc20_chs_cha_chaos_lord_mkho_chaos_steed,Chaos Lord of Khorne,,Khorne,,,Chaos Steed,true
wh3_main_sc_kho_khorne,wh3_main_sc_kho_khorne|wh3_dlc20_chs_cha_chaos_lord_mkho,wh3_dlc20_chs_cha_chaos_lord_mkho_gorebeast_chariot,Chaos Lord of Khorne,,Khorne,,,Gorebeast Chariot,true
wh3_main_sc_kho_khorne,wh3_main_sc_kho_khorne|wh3_dlc20_chs_cha_chaos_lord_mkho,wh3_dlc20_chs_cha_chaos_lord_mkho_juggernaut,Chaos Lord of Khorne,,Khorne,,,Juggernaut,true
wh3_main_sc_kho_khorne,wh3_main_sc_kho_khorne|wh3_dlc20_chs_cha_daemon_prince_mkho,wh3_dlc20_chs_cha_daemon_prince_mkho,Daemon Prince of Khorne,,Khorne,,,,true
wh3_main_sc_kho_khorne,wh3_main_sc_kho_khorne|wh3_dlc20_chs_cha_exalted_hero_mkho,wh3_dlc20_chs_cha_exalted_hero_mkho,Exalted Hero of Khorne,,Khorne,,,On foot,true
wh3_main_sc_kho_khorne,wh3_main_sc_kho_khorne|wh3_dlc20_chs_cha_exalted_hero_mkho,wh3_dlc20_chs_cha_exalted_hero_mkho_chaos_steed,Exalted Hero of Khorne,,Khorne,,,Chaos Steed,true
wh3_main_sc_kho_khorne,wh3_main_sc_kho_khorne|wh3_dlc20_chs_cha_exalted_hero_mkho,wh3_dlc20_chs_cha_exalted_hero_mkho_gorebeast_chariot,Exalted Hero of Khorne,,Khorne,,,Gorebeast Chariot,true
wh3_main_sc_kho_khorne,wh3_main_sc_kho_khorne|wh3_dlc20_chs_cha_exalted_hero_mkho,wh3_dlc20_chs_cha_exalted_hero_mkho_juggernaut,Exalted Hero of Khorne,,Khorne,,,Juggernaut,true
wh3_main_sc_kho_khorne,wh3_main_sc_kho_khorne|wh3_dlc20_chs_inf_chaos_marauders_mkho,wh3_dlc20_chs_inf_chaos_marauders_mkho,Marauders of Khorne,,Khorne,,,,true
wh3_main_sc_kho_khorne,wh3_main_sc_kho_khorne|wh3_dlc20_chs_inf_chaos_marauders_mkho_dualweapons,wh3_dlc20_chs_inf_chaos_marauders_mkho_dualweapons,Marauders of Khorne (Dual Weapons),,,,,,true
wh3_main_sc_kho_khorne,wh3_main_sc_kho_khorne|wh3_dlc20_chs_inf_chosen_mkho,wh3_dlc20_chs_inf_chosen_mkho,Chosen of Khorne,,Khorne,,,,true
wh3_main_sc_kho_khorne,wh3_main_sc_kho_khorne|wh3_dlc20_chs_inf_chosen_mkho_dualweapons,wh3_dlc20_chs_inf_chosen_mkho_dualweapons,Chosen of Khorne (Dual Weapons),,,,,,true
wh3_main_sc_kho_khorne,wh3_main_sc_kho_khorne|wh3_dlc20_chs_inf_forsaken_mkho,wh3_dlc20_chs_inf_forsaken_mkho,Forsaken of Khorne,,Khorne,,,,true
wh3_main_sc_kho_khorne,wh3_main_sc_kho_khorne|wh3_dlc20_chs_mon_warshrine_mkho,wh3_dlc20_chs_mon_warshrine_mkho,Chaos Warshrine of Khorne,,Khorne,,,,true
wh3_main_sc_kho_khorne,wh3_main_sc_kho_khorne|wh3_dlc20_kho_cav_skullcrushers_mkho_ror,wh3_dlc20_kho_cav_skullcrushers_mkho_ror,Knights of the Brazen Throne (Skullcrushers of Khorne),,,,,,true
wh3_main_sc_kho_khorne,wh3_main_sc_kho_khorne|wh3_dlc20_kho_cha_valkia,wh3_dlc20_kho_cha_valkia,Valkia the Bloody,,,,,,true
wh3_main_sc_kho_khorne,wh3_main_sc_kho_khorne|wh3_dlc26_chs_inf_chosen_mkho_ror,wh3_dlc26_chs_inf_chosen_mkho_ror,The Slaughtergard (Chosen of Khorne – Halberds),,,,,,true
wh3_main_sc_kho_khorne,wh3_main_sc_kho_khorne|wh3_dlc26_kho_cha_arbaal,wh3_dlc26_kho_cha_arbaal,Arbaal the Undefeated,,,,,On foot,true
wh3_main_sc_kho_khorne,wh3_main_sc_kho_khorne|wh3_dlc26_kho_cha_arbaal,wh3_dlc26_kho_cha_arbaal_flesh_hound,Arbaal the Undefeated,,,,,Flesh Hound,true
wh3_main_sc_kho_khorne,wh3_main_sc_kho_khorne|wh3_dlc26_kho_cha_bloodspeaker,wh3_dlc26_kho_cha_bloodspeaker,Bloodspeaker,,,,,On foot,true
wh3_main_sc_kho_khorne,wh3_main_sc_kho_khorne|wh3_dlc26_kho_cha_bloodspeaker,wh3_dlc26_kho_cha_bloodspeaker_chaos_steed,Bloodspeaker,,,,,Chaos Steed,true
wh3_main_sc_kho_khorne,wh3_main_sc_kho_khorne|wh3_dlc26_kho_cha_bloodspeaker,wh3_dlc26_kho_cha_bloodspeaker_warshrine,Bloodspeaker,,,,,Warshrine,true
wh3_main_sc_kho_khorne,wh3_main_sc_kho_khorne|wh3_dlc26_kho_cha_scyla_anfingrimm,wh3_dlc26_kho_cha_scyla_anfingrimm,Scyla Anfingrimm,,,,,,true
wh3_main_sc_kho_khorne,wh3_main_sc_kho_khorne|wh3_dlc26_kho_cha_skarr_bloodwrath,wh3_dlc26_kho_cha_skarr_bloodwrath,Skarr Bloodwrath,,,,,,true
wh3_main_sc_kho_khorne,wh3_main_sc_kho_khorne|wh3_dlc26_kho_cha_skulltaker,wh3_dlc26_kho_cha_skulltaker,Skulltaker,,,,,On foot,true
wh3_main_sc_kho_khorne,wh3_main_sc_kho_khorne|wh3_dlc26_kho_cha_skulltaker,wh3_dlc26_kho_cha_skulltaker_bloodthrone,Skulltaker,,,,,Blood Throne,true
wh3_main_sc_kho_khorne,wh3_main_sc_kho_khorne|wh3_dlc26_kho_cha_skulltaker,wh3_dlc26_kho_cha_skulltaker_juggernaut,Skulltaker,,,,,Juggernaut,true
wh3_main_sc_kho_khorne,wh3_main_sc_kho_khorne|wh3_dlc26_kho_inf_khorngors,wh3_dlc26_kho_inf_khorngors,Khorngors,,,,,,true
wh3_main_sc_kho_khorne,wh3_main_sc_kho_khorne|wh3_dlc26_kho_inf_skullreapers,wh3_dlc26_kho_inf_skullreapers,Skullreapers,,,,,,true
wh3_main_sc_kho_khorne,wh3_main_sc_kho_khorne|wh3_dlc26_kho_inf_wrathmongers,wh3_dlc26_kho_inf_wrathmongers,Wrathmongers,,,,,,true
wh3_main_sc_kho_khorne,wh3_main_sc_kho_khorne|wh3_dlc26_kho_inf_wrathmongers_ror,wh3_dlc26_kho_inf_wrathmongers_ror,Bloodwake Berserkers (Wrathmongers),,,,,,true
wh3_main_sc_kho_khorne,wh3_main_sc_kho_khorne|wh3_dlc26_kho_mon_bloodbeast_of_khorne,wh3_dlc26_kho_mon_bloodbeast_of_khorne,Bloodbeasts of Khorne,,,,,,true
wh3_main_sc_kho_khorne,wh3_main_sc_kho_khorne|wh3_dlc26_kho_mon_slaughterbrute,wh3_dlc26_kho_mon_slaughterbrute,Slaughterbrute,,,,,,true
wh3_main_sc_kho_khorne,wh3_main_sc_kho_khorne|wh3_dlc26_kho_veh_skullcannon_ror,wh3_dlc26_kho_veh_skullcannon_ror,Hellforged Bellowers (Skullcannon),,,,,,true
wh3_main_sc_kho_khorne,wh3_main_sc_kho_khorne|wh3_main_kho_cav_bloodcrushers_0,wh3_main_kho_cav_bloodcrushers_0,Bloodcrushers of Khorne,,,,,,true
wh3_main_sc_kho_khorne,wh3_main_sc_kho_khorne|wh3_main_kho_cav_gorebeast_chariot,wh3_main_kho_cav_gorebeast_chariot,Gorebeast Chariots of Khorne,,Khorne,,,,true
wh3_main_sc_kho_khorne,wh3_main_sc_kho_khorne|wh3_main_kho_cav_skullcrushers_0,wh3_main_kho_cav_skullcrushers_0,Skullcrushers of Khorne,,,,,,true
wh3_main_sc_kho_khorne,wh3_main_sc_kho_khorne|wh3_main_kho_cha_bloodreaper_0,wh3_main_kho_cha_bloodreaper_0,Bloodreaper,,,,,On foot,true
wh3_main_sc_kho_khorne,wh3_main_sc_kho_khorne|wh3_main_kho_cha_bloodreaper_0,wh3_main_kho_cha_bloodreaper_1,Bloodreaper,,,,,Juggernaut,true
wh3_main_sc_kho_khorne,wh3_main_sc_kho_khorne|wh3_main_kho_cha_bloodreaper_0,wh3_main_kho_cha_bloodreaper_2,Bloodreaper,,,,,Blood Throne,true
wh3_main_sc_kho_khorne,wh3_main_sc_kho_khorne|wh3_main_kho_cha_cultist_0,wh3_dlc20_kho_cha_cultist_mkho_warshrine,Cultist of Khorne,,,,,Chaos Warshrine,true
wh3_main_sc_kho_khorne,wh3_main_sc_kho_khorne|wh3_main_kho_cha_cultist_0,wh3_main_kho_cha_cultist_0,Cultist of Khorne,,,,,On foot,true
wh3_main_sc_kho_khorne,wh3_main_sc_kho_khorne|wh3_main_kho_cha_cultist_0,wh3_main_kho_cha_cultist_1,Cultist of Khorne,,,,,Chaos Steed,true
wh3_main_sc_kho_khorne,wh3_main_sc_kho_khorne|wh3_main_kho_cha_exalted_bloodthirster_0,wh3_main_kho_cha_exalted_bloodthirster_0,Exalted Bloodthirster,,,,,,true
wh3_main_sc_kho_khorne,wh3_main_sc_kho_khorne|wh3_main_kho_cha_herald_of_khorne_0,wh3_main_kho_cha_herald_of_khorne_0,Herald of Khorne,,,,,On foot,true
wh3_main_sc_kho_khorne,wh3_main_sc_kho_khorne|wh3_main_kho_cha_herald_of_khorne_0,wh3_main_kho_cha_herald_of_khorne_1,Herald of Khorne,,,,,Juggernaut,true
wh3_main_sc_kho_khorne,wh3_main_sc_kho_khorne|wh3_main_kho_cha_herald_of_khorne_0,wh3_main_kho_cha_herald_of_khorne_2,Herald of Khorne,,,,,Blood Throne,true
wh3_main_sc_kho_khorne,wh3_main_sc_kho_khorne|wh3_main_kho_cha_skarbrand_0,wh3_main_kho_cha_skarbrand_0,Skarbrand the Exiled,,,,,,true
wh3_main_sc_kho_khorne,wh3_main_sc_kho_khorne|wh3_main_kho_inf_bloodletters_0,wh3_main_kho_inf_bloodletters_0,Bloodletters of Khorne,,,,,,true
wh3_main_sc_kho_khorne,wh3_main_sc_kho_khorne|wh3_main_kho_inf_bloodletters_1,wh3_main_kho_inf_bloodletters_1,Exalted Bloodletters of Khorne,,,,,,true
wh3_main_sc_kho_khorne,wh3_main_sc_kho_khorne|wh3_main_kho_inf_chaos_furies_0,wh3_main_kho_inf_chaos_furies_0,Chaos Furies (Khorne),,Khorne,,,,true
wh3_main_sc_kho_khorne,wh3_main_sc_kho_khorne|wh3_main_kho_inf_chaos_warhounds_0,wh3_main_kho_inf_chaos_warhounds_0,Chaos Warhounds of Khorne,,Khorne,,,,true
wh3_main_sc_kho_khorne,wh3_main_sc_kho_khorne|wh3_main_kho_inf_chaos_warriors_0,wh3_main_kho_inf_chaos_warriors_0,Chaos Warriors of Khorne,,Khorne,,,,true
wh3_main_sc_kho_khorne,wh3_main_sc_kho_khorne|wh3_main_kho_inf_chaos_warriors_1,wh3_main_kho_inf_chaos_warriors_1,Chaos Warriors of Khorne (Halberds),,Khorne,,,,true
wh3_main_sc_kho_khorne,wh3_main_sc_kho_khorne|wh3_main_kho_inf_chaos_warriors_2,wh3_main_kho_inf_chaos_warriors_2,Chaos Warriors of Khorne (Dual Weapons),,,,,,true
wh3_main_sc_kho_khorne,wh3_main_sc_kho_khorne|wh3_main_kho_inf_flesh_hounds_of_khorne_0,wh3_main_kho_inf_flesh_hounds_of_khorne_0,Flesh Hounds of Khorne,,,,,,true
wh3_main_sc_kho_khorne,wh3_main_sc_kho_khorne|wh3_main_kho_mon_bloodthirster_0,wh3_main_kho_mon_bloodthirster_0,Bloodthirster,,,,,,true
wh3_main_sc_kho_khorne,wh3_main_sc_kho_khorne|wh3_main_kho_mon_khornataurs_0,wh3_main_kho_mon_khornataurs_0,Minotaurs of Khorne,,,,,,true
wh3_main_sc_kho_khorne,wh3_main_sc_kho_khorne|wh3_main_kho_mon_khornataurs_1,wh3_main_kho_mon_khornataurs_1,Minotaurs of Khorne (Great Weapons),,,,,,true
wh3_main_sc_kho_khorne,wh3_main_sc_kho_khorne|wh3_main_kho_mon_soul_grinder_0,wh3_main_kho_mon_soul_grinder_0,Soul Grinder of Khorne,,,,,,true
wh3_main_sc_kho_khorne,wh3_main_sc_kho_khorne|wh3_main_kho_mon_spawn_of_khorne_0,wh3_main_kho_mon_spawn_of_khorne_0,Spawn of Khorne,,Khorne,,,,true
wh3_main_sc_kho_khorne,wh3_main_sc_kho_khorne|wh3_main_kho_veh_blood_shrine_0,wh3_main_kho_veh_blood_shrine_0,Blood Shrine of Khorne,,,,,,true
wh3_main_sc_kho_khorne,wh3_main_sc_kho_khorne|wh3_main_kho_veh_skullcannon_0,wh3_main_kho_veh_skullcannon_0,Skullcannon,,,,,,true
wh3_main_sc_kho_khorne,wh3_main_sc_kho_khorne|wh3_pro12_kho_cha_karanak,wh3_pro12_kho_cha_karanak,Karanak,,,,,,true
wh3_main_sc_kho_khorne,wh3_main_sc_kho_khorne|wh3_twa06_kho_inf_bloodletters_ror_0,wh3_twa06_kho_inf_bloodletters_ror_0,Hellforged Host (Exalted Bloodletters of Khorne),,,,,,true
wh3_main_sc_kho_khorne,wh3_main_sc_kho_khorne|wh3_twa07_kho_cav_bloodcrushers_ror_0,wh3_twa07_kho_cav_bloodcrushers_ror_0,Heralds of Khorne's Fury (Bloodcrushers of Khorne),,,,,,true
wh3_main_sc_kho_khorne,wh3_main_sc_kho_khorne|wh3_twa08_kho_mon_bloodthirster_0_ror,wh3_twa08_kho_mon_bloodthirster_0_ror,Khorne’s Bloody Fist (Bloodthirster),,,,,,true
wh3_main_sc_kho_khorne,wh3_main_sc_kho_khorne|wh3_twa10_kho_inf_flesh_hounds_of_khorne_ror,wh3_twa10_kho_inf_flesh_hounds_of_khorne_ror,Hounds of the Blood Hunt (Flesh Hounds of Khorne),,,,,,true
wh3_main_sc_kho_khorne,wh3_main_sc_kho_khorne|wh_pro04_nor_inf_marauder_berserkers_ror_0,wh_pro04_nor_inf_marauder_berserkers_ror_0,Brutes of the Hound (Marauder Berserkers),,,,,,true
wh3_main_sc_ksl_kislev,wh3_main_sc_ksl_kislev|wh2_dlc16_wef_mon_cave_bats,wh2_dlc16_wef_mon_cave_bats,Cave Bats,,,,,,false
wh3_main_sc_ksl_kislev,wh3_main_sc_ksl_kislev|wh2_dlc16_wef_mon_giant_spiders_0,wh2_dlc16_wef_mon_giant_spiders_0,Giant Spiders,,,,,,false
wh3_main_sc_ksl_kislev,wh3_main_sc_ksl_kislev|wh2_dlc16_wef_mon_spider_hatchlings_0,wh2_dlc16_wef_mon_spider_hatchlings_0,Spider Hatchlings,,,,,,false
wh3_main_sc_ksl_kislev,wh3_main_sc_ksl_kislev|wh2_pro08_neu_cha_felix,wh2_pro08_neu_cha_felix,Felix,,,,,,true
wh3_main_sc_ksl_kislev,wh3_main_sc_ksl_kislev|wh2_pro08_neu_cha_gotrek,wh2_pro08_neu_cha_gotrek,Gotrek,,,,,,true
wh3_main_sc_ksl_kislev,wh3_main_sc_ksl_kislev|wh3_dlc23_neu_cha_ulrika,wh3_dlc23_neu_cha_ulrika,Ulrika Magdova,,,,,On foot,true
wh3_main_sc_ksl_kislev,wh3_main_sc_ksl_kislev|wh3_dlc23_neu_cha_ulrika,wh3_dlc23_neu_cha_ulrika_warhorse,Ulrika Magdova,,,,,Warhorse,true
wh3_main_sc_ksl_kislev,wh3_main_sc_ksl_kislev|wh3_dlc24_ksl_cha_druzhina,wh3_dlc24_ksl_cha_druzhina,Druzhina,,,,,On foot,true
wh3_main_sc_ksl_kislev,wh3_main_sc_ksl_kislev|wh3_dlc24_ksl_cha_druzhina,wh3_dlc24_ksl_cha_druzhina_warhorse,Druzhina,,,,,Warhorse,true
wh3_main_sc_ksl_kislev,wh3_main_sc_ksl_kislev|wh3_dlc24_ksl_cha_golden_knight,wh3_dlc24_ksl_cha_golden_knight,The Golden Knight Naryska Leysa,,,,,On foot,true
wh3_main_sc_ksl_kislev,wh3_main_sc_ksl_kislev|wh3_dlc24_ksl_cha_golden_knight,wh3_dlc24_ksl_cha_golden_knight_warhorse,The Golden Knight Naryska Leysa,,,,,Warhorse,true
wh3_main_sc_ksl_kislev,wh3_main_sc_ksl_kislev|wh3_dlc24_ksl_cha_hag_witch_beast,wh3_dlc24_ksl_cha_hag_witch_beast,Hag Witch (Beasts),Beasts,,,,,true
wh3_main_sc_ksl_kislev,wh3_main_sc_ksl_kislev|wh3_dlc24_ksl_cha_hag_witch_beast,wh3_dlc24_ksl_cha_hag_witch_death,Hag Witch (Death),Death,,,,,true
wh3_main_sc_ksl_kislev,wh3_main_sc_ksl_kislev|wh3_dlc24_ksl_cha_hag_witch_beast,wh3_dlc24_ksl_cha_hag_witch_hag,Hag Witch (Hag),Hag,,,,,true
wh3_main_sc_ksl_kislev,wh3_main_sc_ksl_kislev|wh3_dlc24_ksl_cha_hag_witch_beast,wh3_dlc24_ksl_cha_hag_witch_shadow,Hag Witch (Shadows),Shadows,,,,,true
wh3_main_sc_ksl_kislev,wh3_main_sc_ksl_kislev|wh3_dlc24_ksl_cha_mother_ostankya,wh3_dlc24_ksl_cha_mother_ostankya,Mother Ostankya,,,,,,true
wh3_main_sc_ksl_kislev,wh3_main_sc_ksl_kislev|wh3_dlc24_ksl_inf_akshina_ambushers,wh3_dlc24_ksl_inf_akshina_ambushers,Akshina Ambushers,,,,,,true
wh3_main_sc_ksl_kislev,wh3_main_sc_ksl_kislev|wh3_dlc24_ksl_inf_akshina_ambushers_ror,wh3_dlc24_ksl_inf_akshina_ambushers_ror,The Wolfhearts (Akshina Ambushers),,,,,,true
wh3_main_sc_ksl_kislev,wh3_main_sc_ksl_kislev|wh3_dlc24_ksl_inf_kislevite_warriors,wh3_dlc24_ksl_inf_kislevite_warriors,Kislevite Warriors,,,,,,true
wh3_main_sc_ksl_kislev,wh3_main_sc_ksl_kislev|wh3_dlc24_ksl_inf_streltsi_ror,wh3_dlc24_ksl_inf_streltsi_ror,Boydinov's Brawlers (Streltsi),,,,,,true
wh3_main_sc_ksl_kislev,wh3_main_sc_ksl_kislev|wh3_dlc24_ksl_mon_frost_wyrm,wh3_dlc24_ksl_mon_frost_wyrm,Frost Wyrm,,,,,,true
wh3_main_sc_ksl_kislev,wh3_main_sc_ksl_kislev|wh3_dlc24_ksl_mon_incarnate_elemental_of_beasts,wh3_dlc24_ksl_mon_incarnate_elemental_of_beasts,Incarnate Elemental of Beasts,,,,,,true
wh3_main_sc_ksl_kislev,wh3_main_sc_ksl_kislev|wh3_dlc24_ksl_mon_the_things_in_the_woods,wh3_dlc24_ksl_mon_the_things_in_the_woods,The Things in the Woods,,,,,,true
wh3_main_sc_ksl_kislev,wh3_main_sc_ksl_kislev|wh3_dlc24_ksl_mon_the_things_in_the_woods_ror,wh3_dlc24_ksl_mon_the_things_in_the_woods_ror,The Mordheim Balewolves (The Things in the Woods),,,,,,true
wh3_main_sc_ksl_kislev,wh3_main_sc_ksl_kislev|wh3_main_ksl_cav_gryphon_legion_0,wh3_main_ksl_cav_gryphon_legion_0,Gryphon Legion,,,,,,true
wh3_main_sc_ksl_kislev,wh3_main_sc_ksl_kislev|wh3_main_ksl_cav_horse_archers_0,wh3_main_ksl_cav_horse_archers_0,Horse Archers,,,,,,true
wh3_main_sc_ksl_kislev,wh3_main_sc_ksl_kislev|wh3_main_ksl_cav_horse_raiders_0,wh3_main_ksl_cav_horse_raiders_0,Kossovite Dervishes,,,,,,true
wh3_main_sc_ksl_kislev,wh3_main_sc_ksl_kislev|wh3_main_ksl_cav_war_bear_riders_1,wh3_main_ksl_cav_war_bear_riders_1,War Bear Riders,,,,,,true
wh3_main_sc_ksl_kislev,wh3_main_sc_ksl_kislev|wh3_main_ksl_cav_winged_lancers_0,wh3_main_ksl_cav_winged_lancers_0,Winged Lancers,,,,,,true
wh3_main_sc_ksl_kislev,wh3_main_sc_ksl_kislev|wh3_main_ksl_cha_ataman,wh3_main_ksl_cha_ataman,Ataman,,,,,,true
wh3_main_sc_ksl_kislev,wh3_main_sc_ksl_kislev|wh3_main_ksl_cha_boris_0,wh3_main_ksl_cha_boris_0,Boris Ursus,,,,,On foot,true
wh3_main_sc_ksl_kislev,wh3_main_sc_ksl_kislev|wh3_main_ksl_cha_boris_0,wh3_main_ksl_cha_boris_1,Boris Ursus,,,,,Warhorse,true
wh3_main_sc_ksl_kislev,wh3_main_sc_ksl_kislev|wh3_main_ksl_cha_boris_0,wh3_main_ksl_cha_boris_2,Boris Ursus,,,,,Urskin,true
wh3_main_sc_ksl_kislev,wh3_main_sc_ksl_kislev|wh3_main_ksl_cha_boyar_0,wh3_main_ksl_cha_boyar_0,Boyar,,,,,On foot,true
wh3_main_sc_ksl_kislev,wh3_main_sc_ksl_kislev|wh3_main_ksl_cha_boyar_0,wh3_main_ksl_cha_boyar_1,Boyar,,,,,Warhorse,true
wh3_main_sc_ksl_kislev,wh3_main_sc_ksl_kislev|wh3_main_ksl_cha_boyar_0,wh3_main_ksl_cha_boyar_2,Boyar,,,,,War Bear,true
wh3_main_sc_ksl_kislev,wh3_main_sc_ksl_kislev|wh3_main_ksl_cha_frost_maiden_ice_0,wh3_main_ksl_cha_frost_maiden_ice_0,Frost Maiden (Ice),Ice,,,,On foot,true
wh3_main_sc_ksl_kislev,wh3_main_sc_ksl_kislev|wh3_main_ksl_cha_frost_maiden_ice_0,wh3_main_ksl_cha_frost_maiden_ice_1,Frost Maiden (Ice),Ice,,,,Warhorse,true
wh3_main_sc_ksl_kislev,wh3_main_sc_ksl_kislev|wh3_main_ksl_cha_frost_maiden_ice_0,wh3_main_ksl_cha_frost_maiden_ice_2,Frost Maiden (Ice),Ice,,,,War Bear,true
wh3_main_sc_ksl_kislev,wh3_main_sc_ksl_kislev|wh3_main_ksl_cha_frost_maiden_ice_0,wh3_main_ksl_cha_frost_maiden_tempest_0,Frost Maiden (Tempest),Tempest,,,,On foot,true
wh3_main_sc_ksl_kislev,wh3_main_sc_ksl_kislev|wh3_main_ksl_cha_frost_maiden_ice_0,wh3_main_ksl_cha_frost_maiden_tempest_1,Frost Maiden (Tempest),Tempest,,,,Warhorse,true
wh3_main_sc_ksl_kislev,wh3_main_sc_ksl_kislev|wh3_main_ksl_cha_frost_maiden_ice_0,wh3_main_ksl_cha_frost_maiden_tempest_2,Frost Maiden (Tempest),Tempest,,,,War Bear,true
wh3_main_sc_ksl_kislev,wh3_main_sc_ksl_kislev|wh3_main_ksl_cha_ice_witch_ice_0,wh3_dlc24_ksl_cha_ice_witch_ice_frost_wyrm,Ice Witch (Ice),Ice,,,,Frost Wyrm,true
wh3_main_sc_ksl_kislev,wh3_main_sc_ksl_kislev|wh3_main_ksl_cha_ice_witch_ice_0,wh3_dlc24_ksl_cha_ice_witch_tempest_frost_wyrm,Ice Witch (Tempest),Tempest,,,,Frost Wyrm,true
wh3_main_sc_ksl_kislev,wh3_main_sc_ksl_kislev|wh3_main_ksl_cha_ice_witch_ice_0,wh3_main_ksl_cha_ice_witch_ice_0,Ice Witch (Ice),Ice,,,,On foot,true
wh3_main_sc_ksl_kislev,wh3_main_sc_ksl_kislev|wh3_main_ksl_cha_ice_witch_ice_0,wh3_main_ksl_cha_ice_witch_ice_1,Ice Witch (Ice),Ice,,,,Warhorse,true
wh3_main_sc_ksl_kislev,wh3_main_sc_ksl_kislev|wh3_main_ksl_cha_ice_witch_ice_0,wh3_main_ksl_cha_ice_witch_ice_2,Ice Witch (Ice),Ice,,,,War Bear,true
wh3_main_sc_ksl_kislev,wh3_main_sc_ksl_kislev|wh3_main_ksl_cha_ice_witch_ice_0,wh3_main_ksl_cha_ice_witch_tempest_0,Ice Witch (Tempest),Tempest,,,,On foot,true
wh3_main_sc_ksl_kislev,wh3_main_sc_ksl_kislev|wh3_main_ksl_cha_ice_witch_ice_0,wh3_main_ksl_cha_ice_witch_tempest_1,Ice Witch (Tempest),Tempest,,,,Warhorse,true
wh3_main_sc_ksl_kislev,wh3_main_sc_ksl_kislev|wh3_main_ksl_cha_ice_witch_ice_0,wh3_main_ksl_cha_ice_witch_tempest_2,Ice Witch (Tempest),Tempest,,,,War Bear,true
wh3_main_sc_ksl_kislev,wh3_main_sc_ksl_kislev|wh3_main_ksl_cha_katarin_0,wh3_dlc24_ksl_cha_katarin_frost_wyrm,Tzarina Katarin,,,,,Frost Wyrm,true
wh3_main_sc_ksl_kislev,wh3_main_sc_ksl_kislev|wh3_main_ksl_cha_katarin_0,wh3_dlc24_ksl_cha_katarin_ice_court_sled,Tzarina Katarin,,,,,Ice Court Sled,true
wh3_main_sc_ksl_kislev,wh3_main_sc_ksl_kislev|wh3_main_ksl_cha_katarin_0,wh3_main_ksl_cha_katarin_0,Tzarina Katarin,,,,,On foot,true
wh3_main_sc_ksl_kislev,wh3_main_sc_ksl_kislev|wh3_main_ksl_cha_katarin_0,wh3_main_ksl_cha_katarin_1,Tzarina Katarin,,,,,Warhorse,true
wh3_main_sc_ksl_kislev,wh3_main_sc_ksl_kislev|wh3_main_ksl_cha_katarin_0,wh3_main_ksl_cha_katarin_2,Tzarina Katarin,,,,,War Bear,true
wh3_main_sc_ksl_kislev,wh3_main_sc_ksl_kislev|wh3_main_ksl_cha_kostaltyn_0,wh3_main_ksl_cha_kostaltyn_0,Kostaltyn,,,,,On foot,true
wh3_main_sc_ksl_kislev,wh3_main_sc_ksl_kislev|wh3_main_ksl_cha_kostaltyn_0,wh3_main_ksl_cha_kostaltyn_1,Kostaltyn,,,,,Warhorse,true
wh3_main_sc_ksl_kislev,wh3_main_sc_ksl_kislev|wh3_main_ksl_cha_kostaltyn_0,wh3_main_ksl_cha_kostaltyn_2,Kostaltyn,,,,,War Bear,true
wh3_main_sc_ksl_kislev,wh3_main_sc_ksl_kislev|wh3_main_ksl_cha_patriarch_0,wh3_main_ksl_cha_patriarch_0,Patriarch,,,,,On foot,true
wh3_main_sc_ksl_kislev,wh3_main_sc_ksl_kislev|wh3_main_ksl_cha_patriarch_0,wh3_main_ksl_cha_patriarch_1,Patriarch,,,,,Warhorse,true
wh3_main_sc_ksl_kislev,wh3_main_sc_ksl_kislev|wh3_main_ksl_cha_patriarch_0,wh3_main_ksl_cha_patriarch_2,Patriarch,,,,,War Bear,true
wh3_main_sc_ksl_kislev,wh3_main_sc_ksl_kislev|wh3_main_ksl_inf_armoured_kossars_0,wh3_main_ksl_inf_armoured_kossars_0,Armoured Kossars,,,,,,true
wh3_main_sc_ksl_kislev,wh3_main_sc_ksl_kislev|wh3_main_ksl_inf_armoured_kossars_1,wh3_main_ksl_inf_armoured_kossars_1,Armoured Kossars (Great Weapons),,,,,,true
wh3_main_sc_ksl_kislev,wh3_main_sc_ksl_kislev|wh3_main_ksl_inf_ice_guard_0,wh3_main_ksl_inf_ice_guard_0,Ice Guard (Glaives),,,,,,true
wh3_main_sc_ksl_kislev,wh3_main_sc_ksl_kislev|wh3_main_ksl_inf_ice_guard_1,wh3_main_ksl_inf_ice_guard_1,Ice Guard (Swords),,,,,,true
wh3_main_sc_ksl_kislev,wh3_main_sc_ksl_kislev|wh3_main_ksl_inf_kossars_0,wh3_main_ksl_inf_kossars_0,Kossars,,,,,,true
wh3_main_sc_ksl_kislev,wh3_main_sc_ksl_kislev|wh3_main_ksl_inf_kossars_1,wh3_main_ksl_inf_kossars_1,Kossars (Spears),,,,,,true
wh3_main_sc_ksl_kislev,wh3_main_sc_ksl_kislev|wh3_main_ksl_inf_streltsi_0,wh3_main_ksl_inf_streltsi_0,Streltsi,,,,,,true
wh3_main_sc_ksl_kislev,wh3_main_sc_ksl_kislev|wh3_main_ksl_inf_tzar_guard_0,wh3_main_ksl_inf_tzar_guard_0,Tzar Guard,,,,,,true
wh3_main_sc_ksl_kislev,wh3_main_sc_ksl_kislev|wh3_main_ksl_inf_tzar_guard_1,wh3_main_ksl_inf_tzar_guard_1,Tzar Guard (Great Weapons),,,,,,true
wh3_main_sc_ksl_kislev,wh3_main_sc_ksl_kislev|wh3_main_ksl_mon_elemental_bear_0,wh3_main_ksl_mon_elemental_bear_0,Elemental Bear,,,,,,true
wh3_main_sc_ksl_kislev,wh3_main_sc_ksl_kislev|wh3_main_ksl_mon_snow_leopard_0,wh3_main_ksl_mon_snow_leopard_0,Snow Leopard,,,,,,true
wh3_main_sc_ksl_kislev,wh3_main_sc_ksl_kislev|wh3_main_ksl_veh_heavy_war_sled_0,wh3_main_ksl_veh_heavy_war_sled_0,Heavy War Sleds,,,,,,true
wh3_main_sc_ksl_kislev,wh3_main_sc_ksl_kislev|wh3_main_ksl_veh_light_war_sled_0,wh3_main_ksl_veh_light_war_sled_0,Light War Sleds,,,,,,true
wh3_main_sc_ksl_kislev,wh3_main_sc_ksl_kislev|wh3_main_ksl_veh_little_grom_0,wh3_main_ksl_veh_little_grom_0,Little Grom,,,,,,true
wh3_main_sc_ksl_kislev,wh3_main_sc_ksl_kislev|wh3_main_monster_feral_bears,wh3_main_monster_feral_bears,Feral Bears,,,,,,false
wh3_main_sc_ksl_kislev,wh3_main_sc_ksl_kislev|wh3_main_monster_feral_ice_bears,wh3_main_monster_feral_ice_bears,Feral Ice Bears,,,,,,false
wh3_main_sc_ksl_kislev,wh3_main_sc_ksl_kislev|wh3_twa06_ksl_inf_tzar_guard_ror_0,wh3_twa06_ksl_inf_tzar_guard_ror_0,Dazh's Hearth-Blades (Tzar Guard – Great Weapons),,,,,,true
wh3_main_sc_ksl_kislev,wh3_main_sc_ksl_kislev|wh3_twa07_ksl_cav_war_bear_riders_ror_0,wh3_twa07_ksl_cav_war_bear_riders_ror_0,Oath-Brothers of Tor (War Bear Riders),,,,,,true
wh3_main_sc_ksl_kislev,wh3_main_sc_ksl_kislev|wh3_twa08_ksl_mon_elemental_bear_0_ror,wh3_twa08_ksl_mon_elemental_bear_0_ror,The Frozen Heart of Winter (Elemental Bear),,,,,,true
wh3_main_sc_ksl_kislev,wh3_main_sc_ksl_kislev|wh3_twa10_ksl_inf_armoured_kossars_ror,wh3_twa10_ksl_inf_armoured_kossars_ror,The Watchmen in the Night (Armoured Kossars),,,,,,true
wh3_main_sc_nur_nurgle,wh3_main_sc_nur_nurgle|wh3_dlc20_chs_cav_chaos_chariot_mnur,wh3_dlc20_chs_cav_chaos_chariot_mnur,Chaos Chariots of Nurgle,,Nurgle,,,,true
wh3_main_sc_nur_nurgle,wh3_main_sc_nur_nurgle|wh3_dlc20_chs_cav_chaos_knights_mnur,wh3_dlc20_chs_cav_chaos_knights_mnur,Chaos Knights of Nurgle,,Nurgle,,,,true
wh3_main_sc_nur_nurgle,wh3_main_sc_nur_nurgle|wh3_dlc20_chs_cav_chaos_knights_mnur_lances,wh3_dlc20_chs_cav_chaos_knights_mnur_lances,Chaos Knights of Nurgle (Lances),,Nurgle,,,,true
wh3_main_sc_nur_nurgle,wh3_main_sc_nur_nurgle|wh3_dlc20_chs_cav_marauder_horsemen_mnur_throwing_axes,wh3_dlc20_chs_cav_marauder_horsemen_mnur_throwing_axes,Marauder Horsemen of Nurgle (Throwing Axes),,Nurgle,,,,true
wh3_main_sc_nur_nurgle,wh3_main_sc_nur_nurgle|wh3_dlc20_chs_cha_chaos_sorcerer_lord_death_mnur,wh3_dlc20_chs_cha_chaos_sorcerer_lord_death_mnur,Chaos Sorcerer Lord of Nurgle (Death),Death,Nurgle,,,On foot,true
wh3_main_sc_nur_nurgle,wh3_main_sc_nur_nurgle|wh3_dlc20_chs_cha_chaos_sorcerer_lord_death_mnur,wh3_dlc20_chs_cha_chaos_sorcerer_lord_death_mnur_chaos_steed,Chaos Sorcerer Lord of Nurgle (Death),Death,Nurgle,,,Chaos Steed,true
wh3_main_sc_nur_nurgle,wh3_main_sc_nur_nurgle|wh3_dlc20_chs_cha_chaos_sorcerer_lord_death_mnur,wh3_dlc20_chs_cha_chaos_sorcerer_lord_death_mnur_warshrine,Chaos Sorcerer Lord of Nurgle (Death),Death,Nurgle,,,Chaos Warshrine,true
wh3_main_sc_nur_nurgle,wh3_main_sc_nur_nurgle|wh3_dlc20_chs_cha_chaos_sorcerer_lord_death_mnur,wh3_dlc20_chs_cha_chaos_sorcerer_lord_nurgle_mnur,Chaos Sorcerer Lord of Nurgle (Nurgle),Nurgle,Nurgle,,,On foot,true
wh3_main_sc_nur_nurgle,wh3_main_sc_nur_nurgle|wh3_dlc20_chs_cha_chaos_sorcerer_lord_death_mnur,wh3_dlc20_chs_cha_chaos_sorcerer_lord_nurgle_mnur_chaos_steed,Chaos Sorcerer Lord of Nurgle (Nurgle),Nurgle,Nurgle,,,Chaos Steed,true
wh3_main_sc_nur_nurgle,wh3_main_sc_nur_nurgle|wh3_dlc20_chs_cha_chaos_sorcerer_lord_death_mnur,wh3_dlc20_chs_cha_chaos_sorcerer_lord_nurgle_mnur_warshrine,Chaos Sorcerer Lord of Nurgle (Nurgle),Nurgle,Nurgle,,,Chaos Warshrine,true
wh3_main_sc_nur_nurgle,wh3_main_sc_nur_nurgle|wh3_dlc20_chs_cha_chaos_sorcerer_lord_death_mnur,wh3_dlc25_chs_cha_chaos_sorcerer_lord_death_mnur_rot_beast,Chaos Sorcerer Lord of Nurgle (Death),Death,Nurgle,,,Rot Beast,true
wh3_main_sc_nur_nurgle,wh3_main_sc_nur_nurgle|wh3_dlc20_chs_cha_chaos_sorcerer_lord_death_mnur,wh3_dlc25_chs_cha_chaos_sorcerer_lord_nurgle_mnur_rot_beast,Chaos Sorcerer Lord of Nurgle (Nurgle),Nurgle,Nurgle,,,Rot Beast,true
wh3_main_sc_nur_nurgle,wh3_main_sc_nur_nurgle|wh3_dlc20_chs_cha_daemon_prince_mnur,wh3_dlc20_chs_cha_daemon_prince_mnur,Daemon Prince of Nurgle,,Nurgle,,,,true
wh3_main_sc_nur_nurgle,wh3_main_sc_nur_nurgle|wh3_dlc20_chs_cha_exalted_hero_mnur,wh3_dlc20_chs_cha_exalted_hero_mnur,Exalted Hero of Nurgle,,Nurgle,,,On foot,true
wh3_main_sc_nur_nurgle,wh3_main_sc_nur_nurgle|wh3_dlc20_chs_cha_exalted_hero_mnur,wh3_dlc20_chs_cha_exalted_hero_mnur_chaos_chariot,Exalted Hero of Nurgle,,Nurgle,,,Chaos Chariot,true
wh3_main_sc_nur_nurgle,wh3_main_sc_nur_nurgle|wh3_dlc20_chs_cha_exalted_hero_mnur,wh3_dlc20_chs_cha_exalted_hero_mnur_chaos_steed,Exalted Hero of Nurgle,,Nurgle,,,Chaos Steed,true
wh3_main_sc_nur_nurgle,wh3_main_sc_nur_nurgle|wh3_dlc20_chs_cha_exalted_hero_mnur,wh3_dlc25_chs_cha_exalted_hero_mnur_rot_beast,Exalted Hero of Nurgle,,Nurgle,,,Rot Beast,true
wh3_main_sc_nur_nurgle,wh3_main_sc_nur_nurgle|wh3_dlc20_chs_inf_chaos_marauders_mnur,wh3_dlc20_chs_inf_chaos_marauders_mnur,Marauders of Nurgle,,Nurgle,,,,true
wh3_main_sc_nur_nurgle,wh3_main_sc_nur_nurgle|wh3_dlc20_chs_inf_chaos_marauders_mnur_greatweapons,wh3_dlc20_chs_inf_chaos_marauders_mnur_greatweapons,Marauders of Nurgle (Great Weapons),,Nurgle,,,,true
wh3_main_sc_nur_nurgle,wh3_main_sc_nur_nurgle|wh3_dlc20_chs_inf_chaos_warriors_mnur,wh3_dlc20_chs_inf_chaos_warriors_mnur,Chaos Warriors of Nurgle,,Nurgle,,,,true
wh3_main_sc_nur_nurgle,wh3_main_sc_nur_nurgle|wh3_dlc20_chs_inf_chaos_warriors_mnur_greatweapons,wh3_dlc20_chs_inf_chaos_warriors_mnur_greatweapons,Chaos Warriors of Nurgle (Great Weapons),,Nurgle,,,,true
wh3_main_sc_nur_nurgle,wh3_main_sc_nur_nurgle|wh3_dlc20_chs_inf_chosen_mnur,wh3_dlc20_chs_inf_chosen_mnur,Chosen of Nurgle,,Nurgle,,,,true
wh3_main_sc_nur_nurgle,wh3_main_sc_nur_nurgle|wh3_dlc20_chs_inf_chosen_mnur_greatweapons,wh3_dlc20_chs_inf_chosen_mnur_greatweapons,Chosen of Nurgle (Great Weapons),,Nurgle,,,,true
wh3_main_sc_nur_nurgle,wh3_main_sc_nur_nurgle|wh3_dlc20_chs_mon_giant_mnur_ror,wh3_dlc20_chs_mon_giant_mnur_ror,Bilious Thunderguff (Chaos Giant),,,,,,true
wh3_main_sc_nur_nurgle,wh3_main_sc_nur_nurgle|wh3_dlc20_chs_mon_warshrine_mnur,wh3_dlc20_chs_mon_warshrine_mnur,Chaos Warshrine of Nurgle,,Nurgle,,,,true
wh3_main_sc_nur_nurgle,wh3_main_sc_nur_nurgle|wh3_dlc20_nur_cha_festus,wh3_dlc20_nur_cha_festus,Festus the Leechlord,,,,,,true
wh3_main_sc_nur_nurgle,wh3_main_sc_nur_nurgle|wh3_dlc25_chs_cha_chaos_lord_mnur,wh3_dlc25_chs_cha_chaos_lord_mnur,Chaos Lord of Nurgle,,Nurgle,,,On foot,true
wh3_main_sc_nur_nurgle,wh3_main_sc_nur_nurgle|wh3_dlc25_chs_cha_chaos_lord_mnur,wh3_dlc25_chs_cha_chaos_lord_mnur_chaos_chariot,Chaos Lord of Nurgle,,Nurgle,,,Chaos Chariot,true
wh3_main_sc_nur_nurgle,wh3_main_sc_nur_nurgle|wh3_dlc25_chs_cha_chaos_lord_mnur,wh3_dlc25_chs_cha_chaos_lord_mnur_chaos_steed,Chaos Lord of Nurgle,,Nurgle,,,Chaos Steed,true
wh3_main_sc_nur_nurgle,wh3_main_sc_nur_nurgle|wh3_dlc25_chs_cha_chaos_lord_mnur,wh3_dlc25_chs_cha_chaos_lord_mnur_rot_beast,Chaos Lord of Nurgle,,Nurgle,,,Rot Beast,true
wh3_main_sc_nur_nurgle,wh3_main_sc_nur_nurgle|wh3_dlc25_chs_cha_chaos_sorcerer_death_mnur,wh3_dlc25_chs_cha_chaos_sorcerer_death_mnur,Chaos Sorcerer of Nurgle (Death),Death,Nurgle,,,On foot,true
wh3_main_sc_nur_nurgle,wh3_main_sc_nur_nurgle|wh3_dlc25_chs_cha_chaos_sorcerer_death_mnur,wh3_dlc25_chs_cha_chaos_sorcerer_death_mnur_chaos_steed,Chaos Sorcerer of Nurgle (Death),Death,Nurgle,,,Chaos Steed,true
wh3_main_sc_nur_nurgle,wh3_main_sc_nur_nurgle|wh3_dlc25_chs_cha_chaos_sorcerer_death_mnur,wh3_dlc25_chs_cha_chaos_sorcerer_death_mnur_rot_beast,Chaos Sorcerer of Nurgle (Death),Death,Nurgle,,,Rot Beast,true
wh3_main_sc_nur_nurgle,wh3_main_sc_nur_nurgle|wh3_dlc25_chs_cha_chaos_sorcerer_death_mnur,wh3_dlc25_chs_cha_chaos_sorcerer_death_mnur_warshrine,Chaos Sorcerer of Nurgle (Death),Death,Nurgle,,,Chaos Warshrine,true
wh3_main_sc_nur_nurgle,wh3_main_sc_nur_nurgle|wh3_dlc25_chs_cha_chaos_sorcerer_death_mnur,wh3_dlc25_chs_cha_chaos_sorcerer_nurgle_mnur,Chaos Sorcerer of Nurgle (Nurgle),Nurgle,Nurgle,,,On foot,true
wh3_main_sc_nur_nurgle,wh3_main_sc_nur_nurgle|wh3_dlc25_chs_cha_chaos_sorcerer_death_mnur,wh3_dlc25_chs_cha_chaos_sorcerer_nurgle_mnur_chaos_steed,Chaos Sorcerer of Nurgle (Nurgle),Nurgle,Nurgle,,,Chaos Steed,true
wh3_main_sc_nur_nurgle,wh3_main_sc_nur_nurgle|wh3_dlc25_chs_cha_chaos_sorcerer_death_mnur,wh3_dlc25_chs_cha_chaos_sorcerer_nurgle_mnur_rot_beast,Chaos Sorcerer of Nurgle (Nurgle),Nurgle,Nurgle,,,Rot Beast,true
wh3_main_sc_nur_nurgle,wh3_main_sc_nur_nurgle|wh3_dlc25_chs_cha_chaos_sorcerer_death_mnur,wh3_dlc25_chs_cha_chaos_sorcerer_nurgle_mnur_warshrine,Chaos Sorcerer of Nurgle (Nurgle),Nurgle,Nurgle,,,Chaos Warshrine,true
wh3_main_sc_nur_nurgle,wh3_main_sc_nur_nurgle|wh3_dlc25_nur_cav_plague_drones_1_ror,wh3_dlc25_nur_cav_plague_drones_1_ror,The Angels of Decay (Plague Drones – Death's Heads),,,,,,true
wh3_main_sc_nur_nurgle,wh3_main_sc_nur_nurgle|wh3_dlc25_nur_cav_rot_knights,wh3_dlc25_nur_cav_rot_knights,Rot Knights,,,,,,true
wh3_main_sc_nur_nurgle,wh3_main_sc_nur_nurgle|wh3_dlc25_nur_cav_rot_knights_ror,wh3_dlc25_nur_cav_rot_knights_ror,The Rotting Riders (Rot Knights),,,,,,true
wh3_main_sc_nur_nurgle,wh3_main_sc_nur_nurgle|wh3_dlc25_nur_cha_bray_shaman_wild_chieftain,wh3_dlc25_nur_cha_bray_shaman_wild_chieftain,Grukmur Three-Horn,,,,,On foot,false
wh3_main_sc_nur_nurgle,wh3_main_sc_nur_nurgle|wh3_dlc25_nur_cha_bray_shaman_wild_chieftain,wh3_dlc25_nur_cha_bray_shaman_wild_chieftain_razorgor_chariot,Grukmur Three-Horn,,,,,Razorgor Chariot,false
wh3_main_sc_nur_nurgle,wh3_main_sc_nur_nurgle|wh3_dlc25_nur_cha_bray_shaman_wild_chieftain,wh3_dlc25_nur_cha_bray_shaman_wild_chieftain_tuskgor_chariot,Grukmur Three-Horn,,,,,Tuskgor Chariot,false
wh3_main_sc_nur_nurgle,wh3_main_sc_nur_nurgle|wh3_dlc25_nur_cha_epidemius,wh3_dlc25_nur_cha_epidemius,Epidemius,,,,,,true
wh3_main_sc_nur_nurgle,wh3_main_sc_nur_nurgle|wh3_dlc25_nur_cha_exalted_hero_chieftain,wh3_dlc25_nur_cha_exalted_hero_chieftain,Khargan the Crazed,,,,,On foot,false
wh3_main_sc_nur_nurgle,wh3_main_sc_nur_nurgle|wh3_dlc25_nur_cha_exalted_hero_chieftain,wh3_dlc25_nur_cha_exalted_hero_chieftain_chaos_chariot,Khargan the Crazed,,,,,Chaos Chariot,false
wh3_main_sc_nur_nurgle,wh3_main_sc_nur_nurgle|wh3_dlc25_nur_cha_exalted_hero_chieftain,wh3_dlc25_nur_cha_exalted_hero_chieftain_chaos_dragon,Khargan the Crazed,,,,,Chaos Dragon,false
wh3_main_sc_nur_nurgle,wh3_main_sc_nur_nurgle|wh3_dlc25_nur_cha_exalted_hero_chieftain,wh3_dlc25_nur_cha_exalted_hero_chieftain_chaos_steed,Khargan the Crazed,,,,,Chaos Steed,false
wh3_main_sc_nur_nurgle,wh3_main_sc_nur_nurgle|wh3_dlc25_nur_cha_fimir_balefiend_shadow_chieftain,wh3_dlc25_nur_cha_fimir_balefiend_shadow_chieftain,Ketzak Fimdirach,,,,,,false
wh3_main_sc_nur_nurgle,wh3_main_sc_nur_nurgle|wh3_dlc25_nur_cha_infernal_castellan_chieftain,wh3_dlc25_nur_cha_infernal_castellan_chieftain,Ezar Doombolt,,,,,,false
wh3_main_sc_nur_nurgle,wh3_main_sc_nur_nurgle|wh3_dlc25_nur_cha_kayzk_the_befouled,wh3_dlc25_nur_cha_kayzk_the_befouled,Kayzk the Befouled,,,,,,true
wh3_main_sc_nur_nurgle,wh3_main_sc_nur_nurgle|wh3_dlc25_nur_cha_skin_wolf_werekin_chieftain,wh3_dlc25_nur_cha_skin_wolf_werekin_chieftain,Mournhowl,,,,,,false
wh3_main_sc_nur_nurgle,wh3_main_sc_nur_nurgle|wh3_dlc25_nur_cha_tamurkhan,wh3_dlc25_nur_cha_tamurkhan,Tamurkhan the Maggot Lord,,,,,On foot,true
wh3_main_sc_nur_nurgle,wh3_main_sc_nur_nurgle|wh3_dlc25_nur_cha_tamurkhan,wh3_dlc25_nur_cha_tamurkhan_bubebolos,Tamurkhan the Maggot Lord,,,,,Bubebolos,true
wh3_main_sc_nur_nurgle,wh3_main_sc_nur_nurgle|wh3_dlc25_nur_chieftain_art_hellcannon,wh3_dlc25_nur_chieftain_art_hellcannon,Hellcannon,,,,,,false
wh3_main_sc_nur_nurgle,wh3_main_sc_nur_nurgle|wh3_dlc25_nur_chieftain_inf_aspiring_champions_0,wh3_dlc25_nur_chieftain_inf_aspiring_champions_0,Aspiring Champions,,,,,,false
wh3_main_sc_nur_nurgle,wh3_main_sc_nur_nurgle|wh3_dlc25_nur_chieftain_inf_centigors_1,wh3_dlc25_nur_chieftain_inf_centigors_1,Centigors (Throwing Axes),,,,,,false
wh3_main_sc_nur_nurgle,wh3_main_sc_nur_nurgle|wh3_dlc25_nur_chieftain_inf_chaos_dwarf_blunderbusses,wh3_dlc25_nur_chieftain_inf_chaos_dwarf_blunderbusses,Chaos Dwarf Blunderbusses,,,,,,false
wh3_main_sc_nur_nurgle,wh3_main_sc_nur_nurgle|wh3_dlc25_nur_chieftain_inf_cygor_0,wh3_dlc25_nur_chieftain_inf_cygor_0,Cygor,,,,,,false
wh3_main_sc_nur_nurgle,wh3_main_sc_nur_nurgle|wh3_dlc25_nur_chieftain_inf_infernal_guard_fireglaives,wh3_dlc25_nur_chieftain_inf_infernal_guard_fireglaives,Infernal Guard (Fireglaives),,,,,,false
wh3_main_sc_nur_nurgle,wh3_main_sc_nur_nurgle|wh3_dlc25_nur_chieftain_mon_dragon_ogre_shaggoth,wh3_dlc25_nur_chieftain_mon_dragon_ogre_shaggoth,Dragon Ogre Shaggoth,,,,,,false
wh3_main_sc_nur_nurgle,wh3_main_sc_nur_nurgle|wh3_dlc25_nur_chieftain_mon_fimir_0,wh3_dlc25_nur_chieftain_mon_fimir_0,Fimir Warriors,,,,,,false
wh3_main_sc_nur_nurgle,wh3_main_sc_nur_nurgle|wh3_dlc25_nur_chieftain_mon_fimir_1,wh3_dlc25_nur_chieftain_mon_fimir_1,Fimir Warriors (Great Weapons),,,,,,false
wh3_main_sc_nur_nurgle,wh3_main_sc_nur_nurgle|wh3_dlc25_nur_chieftain_mon_frost_wyrm_0,wh3_dlc25_nur_chieftain_mon_frost_wyrm_0,Chaos Frost Dragon,,,,,,false
wh3_main_sc_nur_nurgle,wh3_main_sc_nur_nurgle|wh3_dlc25_nur_chieftain_mon_ghorgon,wh3_dlc25_nur_chieftain_mon_ghorgon,Ghorgon,,,,,,false
wh3_main_sc_nur_nurgle,wh3_main_sc_nur_nurgle|wh3_dlc25_nur_chieftain_mon_skinwolves_0,wh3_dlc25_nur_chieftain_mon_skinwolves_0,Skin Wolves,,,,,,false
wh3_main_sc_nur_nurgle,wh3_main_sc_nur_nurgle|wh3_dlc25_nur_chieftain_mon_war_mammoth_0,wh3_dlc25_nur_chieftain_mon_war_mammoth_0,Feral Mammoth,,,,,,false
wh3_main_sc_nur_nurgle,wh3_main_sc_nur_nurgle|wh3_dlc25_nur_chieftain_mon_war_mammoth_1,wh3_dlc25_nur_chieftain_mon_war_mammoth_1,War Mammoth,,,,,,false
wh3_main_sc_nur_nurgle,wh3_main_sc_nur_nurgle|wh3_dlc25_nur_chieftain_veh_dreadquake_mortar,wh3_dlc25_nur_chieftain_veh_dreadquake_mortar,Dreadquake Mortar,,,,,,false
wh3_main_sc_nur_nurgle,wh3_main_sc_nur_nurgle|wh3_dlc25_nur_inf_pestigors,wh3_dlc25_nur_inf_pestigors,Pestigors,,,,,,true
wh3_main_sc_nur_nurgle,wh3_main_sc_nur_nurgle|wh3_dlc25_nur_inf_plague_ogres,wh3_dlc25_nur_inf_plague_ogres,Plague Ogres,,,,,,true
wh3_main_sc_nur_nurgle,wh3_main_sc_nur_nurgle|wh3_dlc25_nur_inf_plague_ogres_great_weapons,wh3_dlc25_nur_inf_plague_ogres_great_weapons,Plague Ogres (Great Weapons),,,,,,true
wh3_main_sc_nur_nurgle,wh3_main_sc_nur_nurgle|wh3_dlc25_nur_mon_bile_trolls,wh3_dlc25_nur_mon_bile_trolls,Bile Trolls,,,,,,true
wh3_main_sc_nur_nurgle,wh3_main_sc_nur_nurgle|wh3_dlc25_nur_mon_soul_grinder_0_ror,wh3_dlc25_nur_mon_soul_grinder_0_ror,Noxbringer (Soul Grinder of Nurgle),,,,,,true
wh3_main_sc_nur_nurgle,wh3_main_sc_nur_nurgle|wh3_dlc25_nur_mon_toad_dragon,wh3_dlc25_nur_mon_toad_dragon,Toad Dragon,,,,,,true
wh3_main_sc_nur_nurgle,wh3_main_sc_nur_nurgle|wh3_dlc27_nor_inf_chaos_marauders_great_weapons_ror,wh3_dlc27_nor_inf_chaos_marauders_great_weapons_ror,Worshippers of the Crow (Marauders – Great Weapons),,,,,,true
wh3_main_sc_nur_nurgle,wh3_main_sc_nur_nurgle|wh3_dlc29_chs_cha_bloab,wh3_dlc29_chs_cha_bloab,Bloab Rotspawned,,,,,On foot,true
wh3_main_sc_nur_nurgle,wh3_main_sc_nur_nurgle|wh3_dlc29_chs_cha_bloab,wh3_dlc29_chs_cha_bloab_bilespurter,Bloab Rotspawned,,,,,Bilespurter,true
wh3_main_sc_nur_nurgle,wh3_main_sc_nur_nurgle|wh3_dlc29_chs_cha_glottkin,wh3_dlc29_chs_cha_glottkin,The Glottkin,,,,,,true
wh3_main_sc_nur_nurgle,wh3_main_sc_nur_nurgle|wh3_dlc29_chs_cha_gutrot_spume,wh3_dlc29_chs_cha_gutrot_spume,Gutrot Spume,,,,,On foot,true
wh3_main_sc_nur_nurgle,wh3_main_sc_nur_nurgle|wh3_dlc29_chs_cha_gutrot_spume,wh3_dlc29_chs_cha_gutrot_spume_warshrine,Gutrot Spume,,,,,Chaos Warshrine,true
wh3_main_sc_nur_nurgle,wh3_main_sc_nur_nurgle|wh3_dlc29_chs_cha_morbidex,wh3_dlc29_chs_cha_morbidex,Morbidex Twiceborn,,,,,On foot,true
wh3_main_sc_nur_nurgle,wh3_main_sc_nur_nurgle|wh3_dlc29_chs_cha_morbidex,wh3_dlc29_chs_cha_morbidex_tripletongue,Morbidex Twiceborn,,,,,Tripletongue,true
wh3_main_sc_nur_nurgle,wh3_main_sc_nur_nurgle|wh3_dlc29_chs_cha_orghotts,wh3_dlc29_chs_cha_orghotts,Orghotts Daemonspew,,,,,On foot,true
wh3_main_sc_nur_nurgle,wh3_main_sc_nur_nurgle|wh3_dlc29_chs_cha_orghotts,wh3_dlc29_chs_cha_orghotts_whippermaw,Orghotts Daemonspew,,,,,Whippermaw,true
wh3_main_sc_nur_nurgle,wh3_main_sc_nur_nurgle|wh3_dlc29_chs_inf_chosen_mnur_ror,wh3_dlc29_chs_inf_chosen_mnur_ror,Sons of the Last Plague (Chosen of Nurgle – Great Weapons),,,,,,true
wh3_main_sc_nur_nurgle,wh3_main_sc_nur_nurgle|wh3_dlc29_chs_inf_putrid_blightkings_axe_shield,wh3_dlc29_chs_inf_putrid_blightkings_axe_shield,Putrid Blightkings,,,,,,true
wh3_main_sc_nur_nurgle,wh3_main_sc_nur_nurgle|wh3_dlc29_chs_inf_putrid_blightkings_dual_axe,wh3_dlc29_chs_inf_putrid_blightkings_dual_axe,Putrid Blightkings (Dual Axes),,,,,,true
wh3_main_sc_nur_nurgle,wh3_main_sc_nur_nurgle|wh3_dlc29_chs_inf_putrid_blightkings_dual_axe_ror,wh3_dlc29_chs_inf_putrid_blightkings_dual_axe_ror,The Repugnauts of Brass Keep (Putrid Blightkings – Dual Axes),,,,,,true
wh3_main_sc_nur_nurgle,wh3_main_sc_nur_nurgle|wh3_dlc29_chs_inf_putrid_blightkings_great_weapons,wh3_dlc29_chs_inf_putrid_blightkings_great_weapons,Putrid Blightkings (Great Weapons),,,,,,true
wh3_main_sc_nur_nurgle,wh3_main_sc_nur_nurgle|wh3_main_nur_cav_plague_drones_0,wh3_main_nur_cav_plague_drones_0,Plague Drones of Nurgle,,,,,,true
wh3_main_sc_nur_nurgle,wh3_main_sc_nur_nurgle|wh3_main_nur_cav_plague_drones_1,wh3_main_nur_cav_plague_drones_1,Plague Drones of Nurgle (Death's Heads),,,,,,true
wh3_main_sc_nur_nurgle,wh3_main_sc_nur_nurgle|wh3_main_nur_cav_pox_riders_of_nurgle_0,wh3_main_nur_cav_pox_riders_of_nurgle_0,Pox Riders of Nurgle,,,,,,true
wh3_main_sc_nur_nurgle,wh3_main_sc_nur_nurgle|wh3_main_nur_cha_cultist_0,wh3_dlc20_nur_cha_cultist_mnur_warshrine,Cultist of Nurgle,,,,,Chaos Warshrine,true
wh3_main_sc_nur_nurgle,wh3_main_sc_nur_nurgle|wh3_main_nur_cha_cultist_0,wh3_main_nur_cha_cultist_0,Cultist of Nurgle,,,,,On foot,true
wh3_main_sc_nur_nurgle,wh3_main_sc_nur_nurgle|wh3_main_nur_cha_cultist_0,wh3_main_nur_cha_cultist_1,Cultist of Nurgle,,,,,Chaos Steed,true
wh3_main_sc_nur_nurgle,wh3_main_sc_nur_nurgle|wh3_main_nur_cha_exalted_great_unclean_one_death_0,wh3_main_nur_cha_exalted_great_unclean_one_death_0,Exalted Great Unclean One (Death),Death,,,,,true
wh3_main_sc_nur_nurgle,wh3_main_sc_nur_nurgle|wh3_main_nur_cha_exalted_great_unclean_one_death_0,wh3_main_nur_cha_exalted_great_unclean_one_nurgle_0,Exalted Great Unclean One (Nurgle),Nurgle,,,,,true
wh3_main_sc_nur_nurgle,wh3_main_sc_nur_nurgle|wh3_main_nur_cha_herald_of_nurgle_death_0,wh3_main_nur_cha_herald_of_nurgle_death_0,Herald of Nurgle (Death),Death,,,,On foot,true
wh3_main_sc_nur_nurgle,wh3_main_sc_nur_nurgle|wh3_main_nur_cha_herald_of_nurgle_death_0,wh3_main_nur_cha_herald_of_nurgle_death_1,Herald of Nurgle (Death),Death,,,,Nurgling Palanquin,true
wh3_main_sc_nur_nurgle,wh3_main_sc_nur_nurgle|wh3_main_nur_cha_herald_of_nurgle_death_0,wh3_main_nur_cha_herald_of_nurgle_death_2,Herald of Nurgle (Death),Death,,,,Rot Fly,true
wh3_main_sc_nur_nurgle,wh3_main_sc_nur_nurgle|wh3_main_nur_cha_herald_of_nurgle_death_0,wh3_main_nur_cha_herald_of_nurgle_nurgle_0,Herald of Nurgle (Nurgle),Nurgle,,,,On foot,true
wh3_main_sc_nur_nurgle,wh3_main_sc_nur_nurgle|wh3_main_nur_cha_herald_of_nurgle_death_0,wh3_main_nur_cha_herald_of_nurgle_nurgle_1,Herald of Nurgle (Nurgle),Nurgle,,,,Nurgling Palanquin,true
wh3_main_sc_nur_nurgle,wh3_main_sc_nur_nurgle|wh3_main_nur_cha_herald_of_nurgle_death_0,wh3_main_nur_cha_herald_of_nurgle_nurgle_2,Herald of Nurgle (Nurgle),Nurgle,,,,Rot Fly,true
wh3_main_sc_nur_nurgle,wh3_main_sc_nur_nurgle|wh3_main_nur_cha_ku_gath_plaguefather_0,wh3_main_nur_cha_ku_gath_plaguefather_0,Ku'gath Plaguefather,,,,,,true
wh3_main_sc_nur_nurgle,wh3_main_sc_nur_nurgle|wh3_main_nur_cha_plagueridden_death_0,wh3_main_nur_cha_plagueridden_death_0,Plagueridden (Death),Death,,,,On foot,true
wh3_main_sc_nur_nurgle,wh3_main_sc_nur_nurgle|wh3_main_nur_cha_plagueridden_death_0,wh3_main_nur_cha_plagueridden_death_1,Plagueridden (Death),Death,,,,Nurgling Palanquin,true
wh3_main_sc_nur_nurgle,wh3_main_sc_nur_nurgle|wh3_main_nur_cha_plagueridden_death_0,wh3_main_nur_cha_plagueridden_death_2,Plagueridden (Death),Death,,,,Rot Fly,true
wh3_main_sc_nur_nurgle,wh3_main_sc_nur_nurgle|wh3_main_nur_cha_plagueridden_death_0,wh3_main_nur_cha_plagueridden_nurgle_0,Plagueridden (Nurgle),Nurgle,,,,On foot,true
wh3_main_sc_nur_nurgle,wh3_main_sc_nur_nurgle|wh3_main_nur_cha_plagueridden_death_0,wh3_main_nur_cha_plagueridden_nurgle_1,Plagueridden (Nurgle),Nurgle,,,,Nurgling Palanquin,true
wh3_main_sc_nur_nurgle,wh3_main_sc_nur_nurgle|wh3_main_nur_cha_plagueridden_death_0,wh3_main_nur_cha_plagueridden_nurgle_2,Plagueridden (Nurgle),Nurgle,,,,Rot Fly,true
wh3_main_sc_nur_nurgle,wh3_main_sc_nur_nurgle|wh3_main_nur_inf_chaos_furies_0,wh3_main_nur_inf_chaos_furies_0,Chaos Furies (Nurgle),,Nurgle,,,,true
wh3_main_sc_nur_nurgle,wh3_main_sc_nur_nurgle|wh3_main_nur_inf_forsaken_0,wh3_main_nur_inf_forsaken_0,Forsaken of Nurgle,,Nurgle,,,,true
wh3_main_sc_nur_nurgle,wh3_main_sc_nur_nurgle|wh3_main_nur_inf_nurglings_0,wh3_main_nur_inf_nurglings_0,Nurglings,,,,,,true
wh3_main_sc_nur_nurgle,wh3_main_sc_nur_nurgle|wh3_main_nur_inf_plaguebearers_0,wh3_main_nur_inf_plaguebearers_0,Plaguebearers of Nurgle,,,,,,true
wh3_main_sc_nur_nurgle,wh3_main_sc_nur_nurgle|wh3_main_nur_inf_plaguebearers_1,wh3_main_nur_inf_plaguebearers_1,Exalted Plaguebearers of Nurgle,,,,,,true
wh3_main_sc_nur_nurgle,wh3_main_sc_nur_nurgle|wh3_main_nur_mon_beast_of_nurgle_0,wh3_main_nur_mon_beast_of_nurgle_0,Beast of Nurgle,,,,,,true
wh3_main_sc_nur_nurgle,wh3_main_sc_nur_nurgle|wh3_main_nur_mon_great_unclean_one_0,wh3_main_nur_mon_great_unclean_one_0,Great Unclean One,,,,,,true
wh3_main_sc_nur_nurgle,wh3_main_sc_nur_nurgle|wh3_main_nur_mon_plague_toads_0,wh3_main_nur_mon_plague_toads_0,Plague Toads of Nurgle,,,,,,true
wh3_main_sc_nur_nurgle,wh3_main_sc_nur_nurgle|wh3_main_nur_mon_rot_flies_0,wh3_main_nur_mon_rot_flies_0,Rot Flies,,,,,,true
wh3_main_sc_nur_nurgle,wh3_main_sc_nur_nurgle|wh3_main_nur_mon_soul_grinder_0,wh3_main_nur_mon_soul_grinder_0,Soul Grinder of Nurgle,,,,,,true
wh3_main_sc_nur_nurgle,wh3_main_sc_nur_nurgle|wh3_main_nur_mon_spawn_of_nurgle_0,wh3_main_nur_mon_spawn_of_nurgle_0,Spawn of Nurgle,,Nurgle,,,,true
wh3_main_sc_nur_nurgle,wh3_main_sc_nur_nurgle|wh3_twa06_nur_inf_plaguebearers_ror_0,wh3_twa06_nur_inf_plaguebearers_ror_0,Festering Stooges (Exalted Plaguebearers of Nurgle),,,,,,true
wh3_main_sc_nur_nurgle,wh3_main_sc_nur_nurgle|wh3_twa07_nur_cav_pox_riders_of_nurgle_ror_0,wh3_twa07_nur_cav_pox_riders_of_nurgle_ror_0,Barons of the Bog (Pox Riders of Nurgle),,,,,,true
wh3_main_sc_nur_nurgle,wh3_main_sc_nur_nurgle|wh3_twa08_nur_mon_great_unclean_one_0_ror,wh3_twa08_nur_mon_great_unclean_one_0_ror,Uncle Furuncle (Great Unclean One),,,,,,true
wh3_main_sc_nur_nurgle,wh3_main_sc_nur_nurgle|wh3_twa10_nur_inf_nurglings_ror,wh3_twa10_nur_inf_nurglings_ror,The Frolickers Bubonic (Nurglings),,,,,,true
wh3_main_sc_nur_nurgle,wh3_main_sc_nur_nurgle|wh_main_chs_mon_chaos_warhounds_1,wh_main_chs_mon_chaos_warhounds_1,Chaos Warhounds (Poison),,,,,,true
wh3_main_sc_nur_nurgle,wh3_main_sc_nur_nurgle|wh_pro04_chs_inf_forsaken_ror_0,wh_pro04_chs_inf_forsaken_ror_0,The Daemonspew (Forsaken),,,,,,true
wh3_main_sc_ogr_ogre_kingdoms,wh3_main_sc_ogr_ogre_kingdoms|wh3_dlc26_ogr_cha_bragg_the_gutsman,wh3_dlc26_ogr_cha_bragg_the_gutsman,Bragg the Gutsman,,,,,,true
wh3_main_sc_ogr_ogre_kingdoms,wh3_main_sc_ogr_ogre_kingdoms|wh3_dlc26_ogr_cha_bruiser,wh3_dlc26_ogr_cha_bruiser,Bruiser,,,,,,true
wh3_main_sc_ogr_ogre_kingdoms,wh3_main_sc_ogr_ogre_kingdoms|wh3_dlc26_ogr_cha_golgfag_maneater,wh3_dlc26_ogr_cha_golgfag_maneater,Golgfag Maneater,,,,,,true
wh3_main_sc_ogr_ogre_kingdoms,wh3_main_sc_ogr_ogre_kingdoms|wh3_dlc26_ogr_cha_paymaster,wh3_dlc26_ogr_cha_paymaster,Ogre Paymaster,,,,,,true
wh3_main_sc_ogr_ogre_kingdoms,wh3_main_sc_ogr_ogre_kingdoms|wh3_dlc26_ogr_inf_eshin_maneater_ror,wh3_dlc26_ogr_inf_eshin_maneater_ror,Eshin Maneater,,,,,,true
wh3_main_sc_ogr_ogre_kingdoms,wh3_main_sc_ogr_ogre_kingdoms|wh3_dlc26_ogr_inf_golgfags_maneaters,wh3_dlc26_ogr_inf_golgfags_maneaters,Golgfag's Maneaters,,,,,,true
wh3_main_sc_ogr_ogre_kingdoms,wh3_main_sc_ogr_ogre_kingdoms|wh3_dlc26_ogr_inf_pigback_riders,wh3_dlc26_ogr_inf_pigback_riders,Pigback Riders,,,,,,true
wh3_main_sc_ogr_ogre_kingdoms,wh3_main_sc_ogr_ogre_kingdoms|wh3_dlc26_ogr_inf_pigback_riders_ror,wh3_dlc26_ogr_inf_pigback_riders_ror,Piggyback Knights (Pigback Riders),,,,,,true
wh3_main_sc_ogr_ogre_kingdoms,wh3_main_sc_ogr_ogre_kingdoms|wh3_dlc26_ogr_mon_blood_vultures,wh3_dlc26_ogr_mon_blood_vultures,Blood Vultures,,,,,,true
wh3_main_sc_ogr_ogre_kingdoms,wh3_main_sc_ogr_ogre_kingdoms|wh3_dlc26_ogr_mon_thundertusk,wh3_dlc26_ogr_mon_thundertusk,Thundertusk,,,,,,true
wh3_main_sc_ogr_ogre_kingdoms,wh3_main_sc_ogr_ogre_kingdoms|wh3_dlc26_ogr_mon_yhetees,wh3_dlc26_ogr_mon_yhetees,Yhetees,,,,,,true
wh3_main_sc_ogr_ogre_kingdoms,wh3_main_sc_ogr_ogre_kingdoms|wh3_dlc26_ogr_mon_yhetees_ror,wh3_dlc26_ogr_mon_yhetees_ror,Amblepeak Greybacks (Yhetees),,,,,,true
wh3_main_sc_ogr_ogre_kingdoms,wh3_main_sc_ogr_ogre_kingdoms|wh3_main_ogr_cav_crushers_0,wh3_main_ogr_cav_crushers_0,Crushers (Ironfists),,,,,,true
wh3_main_sc_ogr_ogre_kingdoms,wh3_main_sc_ogr_ogre_kingdoms|wh3_main_ogr_cav_crushers_1,wh3_main_ogr_cav_crushers_1,Crushers (Great Weapons),,,,,,true
wh3_main_sc_ogr_ogre_kingdoms,wh3_main_sc_ogr_ogre_kingdoms|wh3_main_ogr_cav_mournfang_cavalry_0,wh3_main_ogr_cav_mournfang_cavalry_0,Mournfang Cavalry,,,,,,true
wh3_main_sc_ogr_ogre_kingdoms,wh3_main_sc_ogr_ogre_kingdoms|wh3_main_ogr_cav_mournfang_cavalry_1,wh3_main_ogr_cav_mournfang_cavalry_1,Mournfang Cavalry (Ironfists),,,,,,true
wh3_main_sc_ogr_ogre_kingdoms,wh3_main_sc_ogr_ogre_kingdoms|wh3_main_ogr_cav_mournfang_cavalry_2,wh3_main_ogr_cav_mournfang_cavalry_2,Mournfang Cavalry (Great Weapons),,,,,,true
wh3_main_sc_ogr_ogre_kingdoms,wh3_main_sc_ogr_ogre_kingdoms|wh3_main_ogr_cha_butcher_beasts_0,wh3_dlc26_ogr_cha_butcher_death,Butcher (Death),Death,,,,,true
wh3_main_sc_ogr_ogre_kingdoms,wh3_main_sc_ogr_ogre_kingdoms|wh3_main_ogr_cha_butcher_beasts_0,wh3_dlc26_ogr_cha_butcher_heavens,Butcher (Heavens),Heavens,,,,,true
wh3_main_sc_ogr_ogre_kingdoms,wh3_main_sc_ogr_ogre_kingdoms|wh3_main_ogr_cha_butcher_beasts_0,wh3_main_ogr_cha_butcher_beasts_0,Butcher (Beasts),Beasts,,,,,true
wh3_main_sc_ogr_ogre_kingdoms,wh3_main_sc_ogr_ogre_kingdoms|wh3_main_ogr_cha_butcher_beasts_0,wh3_main_ogr_cha_butcher_great_maw_0,Butcher (Great Maw),Great Maw,,,,,true
wh3_main_sc_ogr_ogre_kingdoms,wh3_main_sc_ogr_ogre_kingdoms|wh3_main_ogr_cha_firebelly_0,wh3_main_ogr_cha_firebelly_0,Firebelly,,,,,,true
wh3_main_sc_ogr_ogre_kingdoms,wh3_main_sc_ogr_ogre_kingdoms|wh3_main_ogr_cha_greasus_goldtooth_0,wh3_main_ogr_cha_greasus_goldtooth_0,Greasus Goldtooth,,,,,,true
wh3_main_sc_ogr_ogre_kingdoms,wh3_main_sc_ogr_ogre_kingdoms|wh3_main_ogr_cha_hunter_0,wh3_main_ogr_cha_hunter_0,Hunter,,,,,On foot,true
wh3_main_sc_ogr_ogre_kingdoms,wh3_main_sc_ogr_ogre_kingdoms|wh3_main_ogr_cha_hunter_0,wh3_main_ogr_cha_hunter_1,Hunter,,,,,Stonehorn,true
wh3_main_sc_ogr_ogre_kingdoms,wh3_main_sc_ogr_ogre_kingdoms|wh3_main_ogr_cha_skrag_the_slaughterer_0,wh3_main_ogr_cha_skrag_the_slaughterer_0,Skrag the Slaughterer,,,,,,true
wh3_main_sc_ogr_ogre_kingdoms,wh3_main_sc_ogr_ogre_kingdoms|wh3_main_ogr_cha_slaughtermaster_beasts_0,wh3_dlc26_ogr_cha_slaughtermaster_death,Slaughtermaster (Death),Death,,,,,true
wh3_main_sc_ogr_ogre_kingdoms,wh3_main_sc_ogr_ogre_kingdoms|wh3_main_ogr_cha_slaughtermaster_beasts_0,wh3_dlc26_ogr_cha_slaughtermaster_heavens,Slaughtermaster (Heavens),Heavens,,,,,true
wh3_main_sc_ogr_ogre_kingdoms,wh3_main_sc_ogr_ogre_kingdoms|wh3_main_ogr_cha_slaughtermaster_beasts_0,wh3_main_ogr_cha_slaughtermaster_beasts_0,Slaughtermaster (Beasts),Beasts,,,,,true
wh3_main_sc_ogr_ogre_kingdoms,wh3_main_sc_ogr_ogre_kingdoms|wh3_main_ogr_cha_slaughtermaster_beasts_0,wh3_main_ogr_cha_slaughtermaster_great_maw_0,Slaughtermaster (Great Maw),Great Maw,,,,,true
wh3_main_sc_ogr_ogre_kingdoms,wh3_main_sc_ogr_ogre_kingdoms|wh3_main_ogr_cha_tyrant_0,wh3_main_ogr_cha_tyrant_0,Tyrant,,,,,,true
wh3_main_sc_ogr_ogre_kingdoms,wh3_main_sc_ogr_ogre_kingdoms|wh3_main_ogr_inf_gnoblars_0,wh3_main_ogr_inf_gnoblars_0,Gnoblars,,,,,,true
wh3_main_sc_ogr_ogre_kingdoms,wh3_main_sc_ogr_ogre_kingdoms|wh3_main_ogr_inf_gnoblars_1,wh3_main_ogr_inf_gnoblars_1,Gnoblar Trappers,,,,,,true
wh3_main_sc_ogr_ogre_kingdoms,wh3_main_sc_ogr_ogre_kingdoms|wh3_main_ogr_inf_gnoblars_flingers,wh3_main_ogr_inf_gnoblars_flingers,Gnoblar Flingers,,,,,,true
wh3_main_sc_ogr_ogre_kingdoms,wh3_main_sc_ogr_ogre_kingdoms|wh3_main_ogr_inf_ironguts_0,wh3_main_ogr_inf_ironguts_0,Ironguts,,,,,,true
wh3_main_sc_ogr_ogre_kingdoms,wh3_main_sc_ogr_ogre_kingdoms|wh3_main_ogr_inf_leadbelchers_0,wh3_main_ogr_inf_leadbelchers_0,Leadbelchers,,,,,,true
wh3_main_sc_ogr_ogre_kingdoms,wh3_main_sc_ogr_ogre_kingdoms|wh3_main_ogr_inf_maneaters_0,wh3_main_ogr_inf_maneaters_0,Maneaters,,,,,,true
wh3_main_sc_ogr_ogre_kingdoms,wh3_main_sc_ogr_ogre_kingdoms|wh3_main_ogr_inf_maneaters_1,wh3_main_ogr_inf_maneaters_1,Maneaters (Ironfists),,,,,,true
wh3_main_sc_ogr_ogre_kingdoms,wh3_main_sc_ogr_ogre_kingdoms|wh3_main_ogr_inf_maneaters_2,wh3_main_ogr_inf_maneaters_2,Maneaters (Great Weapons),,,,,,true
wh3_main_sc_ogr_ogre_kingdoms,wh3_main_sc_ogr_ogre_kingdoms|wh3_main_ogr_inf_maneaters_3,wh3_main_ogr_inf_maneaters_3,Maneaters (Ogre Pistols),,,,,,true
wh3_main_sc_ogr_ogre_kingdoms,wh3_main_sc_ogr_ogre_kingdoms|wh3_main_ogr_inf_ogres_0,wh3_main_ogr_inf_ogres_0,Ogre Bulls,,,,,,true
wh3_main_sc_ogr_ogre_kingdoms,wh3_main_sc_ogr_ogre_kingdoms|wh3_main_ogr_inf_ogres_1,wh3_main_ogr_inf_ogres_1,Ogre Bulls (Dual Weapons),,,,,,true
wh3_main_sc_ogr_ogre_kingdoms,wh3_main_sc_ogr_ogre_kingdoms|wh3_main_ogr_inf_ogres_2,wh3_main_ogr_inf_ogres_2,Ogre Bulls (Ironfists),,,,,,true
wh3_main_sc_ogr_ogre_kingdoms,wh3_main_sc_ogr_ogre_kingdoms|wh3_main_ogr_mon_giant_0,wh3_main_ogr_mon_giant_0,Giant,,,,,,true
wh3_main_sc_ogr_ogre_kingdoms,wh3_main_sc_ogr_ogre_kingdoms|wh3_main_ogr_mon_gorgers_0,wh3_main_ogr_mon_gorgers_0,Gorgers,,,,,,true
wh3_main_sc_ogr_ogre_kingdoms,wh3_main_sc_ogr_ogre_kingdoms|wh3_main_ogr_mon_sabretusk_pack_0,wh3_main_ogr_mon_sabretusk_pack_0,Sabretusk Pack,,,,,,true
wh3_main_sc_ogr_ogre_kingdoms,wh3_main_sc_ogr_ogre_kingdoms|wh3_main_ogr_mon_stonehorn_0,wh3_main_ogr_mon_stonehorn_0,Stonehorn,,,,,,true
wh3_main_sc_ogr_ogre_kingdoms,wh3_main_sc_ogr_ogre_kingdoms|wh3_main_ogr_mon_stonehorn_1,wh3_main_ogr_mon_stonehorn_1,Stonehorn (Harpoon Launcher),,,,,,true
wh3_main_sc_ogr_ogre_kingdoms,wh3_main_sc_ogr_ogre_kingdoms|wh3_main_ogr_veh_gnoblar_scraplauncher_0,wh3_main_ogr_veh_gnoblar_scraplauncher_0,Gnoblar Scraplauncher,,,,,,true
wh3_main_sc_ogr_ogre_kingdoms,wh3_main_sc_ogr_ogre_kingdoms|wh3_main_ogr_veh_ironblaster_0,wh3_main_ogr_veh_ironblaster_0,Ironblaster,,,,,,true
wh3_main_sc_ogr_ogre_kingdoms,wh3_main_sc_ogr_ogre_kingdoms|wh3_twa06_ogr_inf_maneaters_ror_0,wh3_twa06_ogr_inf_maneaters_ror_0,Powder-Guts (Maneaters – Ogre Pistols),,,,,,true
wh3_main_sc_ogr_ogre_kingdoms,wh3_main_sc_ogr_ogre_kingdoms|wh3_twa07_ogr_cav_crushers_ror_0,wh3_twa07_ogr_cav_crushers_ror_0,Sky-Striders (Crushers – Great Weapons),,,,,,true
wh3_main_sc_ogr_ogre_kingdoms,wh3_main_sc_ogr_ogre_kingdoms|wh3_twa08_ogr_mon_stonehorn_0_ror,wh3_twa08_ogr_mon_stonehorn_0_ror,The Snowhorn of Mourn (Stonehorn),,,,,,true
wh3_main_sc_ogr_ogre_kingdoms,wh3_main_sc_ogr_ogre_kingdoms|wh3_twa10_ogr_inf_gnoblars_ror,wh3_twa10_ogr_inf_gnoblars_ror,Boglars of the Mad Marshes (Gnoblars),,,,,,true
wh3_main_sc_sla_slaanesh,wh3_main_sc_sla_slaanesh|wh3_dlc20_chs_cav_chaos_chariot_msla,wh3_dlc20_chs_cav_chaos_chariot_msla,Chaos Chariots of Slaanesh,,Slaanesh,,,,true
wh3_main_sc_sla_slaanesh,wh3_main_sc_sla_slaanesh|wh3_dlc20_chs_cav_chaos_chariot_msla_ror,wh3_dlc20_chs_cav_chaos_chariot_msla_ror,The Sibilant Slaughtercade (Chaos Chariots),,,,,,true
wh3_main_sc_sla_slaanesh,wh3_main_sc_sla_slaanesh|wh3_dlc20_chs_cav_chaos_knights_msla,wh3_dlc20_chs_cav_chaos_knights_msla,Chaos Knights of Slaanesh,,Slaanesh,,,,true
wh3_main_sc_sla_slaanesh,wh3_main_sc_sla_slaanesh|wh3_dlc20_chs_cav_chaos_knights_msla_lances,wh3_dlc20_chs_cav_chaos_knights_msla_lances,Chaos Knights of Slaanesh (Lances),,Slaanesh,,,,true
wh3_main_sc_sla_slaanesh,wh3_main_sc_sla_slaanesh|wh3_dlc20_chs_cav_marauder_horsemen_msla_javelins,wh3_dlc20_chs_cav_marauder_horsemen_msla_javelins,Marauder Horsemen of Slaanesh,,Slaanesh,,,,true
wh3_main_sc_sla_slaanesh,wh3_main_sc_sla_slaanesh|wh3_dlc20_chs_cha_chaos_lord_msla,wh3_dlc20_chs_cha_chaos_lord_msla,Chaos Lord of Slaanesh,,Slaanesh,,,On foot,true
wh3_main_sc_sla_slaanesh,wh3_main_sc_sla_slaanesh|wh3_dlc20_chs_cha_chaos_lord_msla,wh3_dlc20_chs_cha_chaos_lord_msla_chaos_chariot,Chaos Lord of Slaanesh,,Slaanesh,,,Chaos Chariot,true
wh3_main_sc_sla_slaanesh,wh3_main_sc_sla_slaanesh|wh3_dlc20_chs_cha_chaos_lord_msla,wh3_dlc20_chs_cha_chaos_lord_msla_chaos_steed,Chaos Lord of Slaanesh,,Slaanesh,,,Chaos Steed,true
wh3_main_sc_sla_slaanesh,wh3_main_sc_sla_slaanesh|wh3_dlc20_chs_cha_chaos_lord_msla,wh3_dlc27_chs_cha_chaos_lord_msla_daemonic_steed,Chaos Lord of Slaanesh,,Slaanesh,,,Daemonic Steed,true
wh3_main_sc_sla_slaanesh,wh3_main_sc_sla_slaanesh|wh3_dlc20_chs_cha_chaos_sorcerer_shadows_msla,wh3_dlc20_chs_cha_chaos_sorcerer_shadows_msla,Chaos Sorcerer of Slaanesh (Shadows),Shadows,Slaanesh,,,On foot,true
wh3_main_sc_sla_slaanesh,wh3_main_sc_sla_slaanesh|wh3_dlc20_chs_cha_chaos_sorcerer_shadows_msla,wh3_dlc20_chs_cha_chaos_sorcerer_shadows_msla_chaos_steed,Chaos Sorcerer of Slaanesh (Shadows),Shadows,Slaanesh,,,Chaos Steed,true
wh3_main_sc_sla_slaanesh,wh3_main_sc_sla_slaanesh|wh3_dlc20_chs_cha_chaos_sorcerer_shadows_msla,wh3_dlc20_chs_cha_chaos_sorcerer_shadows_msla_warshrine,Chaos Sorcerer of Slaanesh (Shadows),Shadows,Slaanesh,,,Chaos Warshrine,true
wh3_main_sc_sla_slaanesh,wh3_main_sc_sla_slaanesh|wh3_dlc20_chs_cha_chaos_sorcerer_shadows_msla,wh3_dlc20_chs_cha_chaos_sorcerer_slaanesh_msla,Chaos Sorcerer of Slaanesh (Slaanesh),Slaanesh,Slaanesh,,,On foot,true
wh3_main_sc_sla_slaanesh,wh3_main_sc_sla_slaanesh|wh3_dlc20_chs_cha_chaos_sorcerer_shadows_msla,wh3_dlc20_chs_cha_chaos_sorcerer_slaanesh_msla_chaos_steed,Chaos Sorcerer of Slaanesh (Slaanesh),Slaanesh,Slaanesh,,,Chaos Steed,true
wh3_main_sc_sla_slaanesh,wh3_main_sc_sla_slaanesh|wh3_dlc20_chs_cha_chaos_sorcerer_shadows_msla,wh3_dlc20_chs_cha_chaos_sorcerer_slaanesh_msla_warshrine,Chaos Sorcerer of Slaanesh (Slaanesh),Slaanesh,Slaanesh,,,Chaos Warshrine,true
wh3_main_sc_sla_slaanesh,wh3_main_sc_sla_slaanesh|wh3_dlc20_chs_cha_chaos_sorcerer_shadows_msla,wh3_dlc27_chs_cha_chaos_sorcerer_shadows_msla_daemonic_steed,Chaos Sorcerer of Slaanesh (Shadows),Shadows,Slaanesh,,,Daemonic Steed,true
wh3_main_sc_sla_slaanesh,wh3_main_sc_sla_slaanesh|wh3_dlc20_chs_cha_chaos_sorcerer_shadows_msla,wh3_dlc27_chs_cha_chaos_sorcerer_slaanesh_msla_daemonic_steed,Chaos Sorcerer of Slaanesh (Slaanesh),Slaanesh,Slaanesh,,,Daemonic Steed,true
wh3_main_sc_sla_slaanesh,wh3_main_sc_sla_slaanesh|wh3_dlc20_chs_cha_daemon_prince_msla,wh3_dlc20_chs_cha_daemon_prince_msla,Daemon Prince of Slaanesh,,Slaanesh,,,,true
wh3_main_sc_sla_slaanesh,wh3_main_sc_sla_slaanesh|wh3_dlc20_chs_inf_chaos_warriors_msla,wh3_dlc20_chs_inf_chaos_warriors_msla,Chaos Warriors of Slaanesh,,Slaanesh,,,,true
wh3_main_sc_sla_slaanesh,wh3_main_sc_sla_slaanesh|wh3_dlc20_chs_inf_chaos_warriors_msla_hellscourges,wh3_dlc20_chs_inf_chaos_warriors_msla_hellscourges,Chaos Warriors of Slaanesh (Hellscourges),,,,,,true
wh3_main_sc_sla_slaanesh,wh3_main_sc_sla_slaanesh|wh3_dlc20_chs_inf_chosen_msla,wh3_dlc20_chs_inf_chosen_msla,Chosen of Slaanesh,,Slaanesh,,,,true
wh3_main_sc_sla_slaanesh,wh3_main_sc_sla_slaanesh|wh3_dlc20_chs_inf_chosen_msla_hellscourges,wh3_dlc20_chs_inf_chosen_msla_hellscourges,Chosen of Slaanesh (Hellscourges),,,,,,true
wh3_main_sc_sla_slaanesh,wh3_main_sc_sla_slaanesh|wh3_dlc20_chs_inf_forsaken_msla,wh3_dlc20_chs_inf_forsaken_msla,Forsaken of Slaanesh,,Slaanesh,,,,true
wh3_main_sc_sla_slaanesh,wh3_main_sc_sla_slaanesh|wh3_dlc20_chs_mon_warshrine_msla,wh3_dlc20_chs_mon_warshrine_msla,Chaos Warshrine of Slaanesh,,Slaanesh,,,,true
wh3_main_sc_sla_slaanesh,wh3_main_sc_sla_slaanesh|wh3_dlc20_sla_cha_azazel,wh3_dlc20_sla_cha_azazel,Azazel,,,,,,true
wh3_main_sc_sla_slaanesh,wh3_main_sc_sla_slaanesh|wh3_dlc27_chs_cha_exalted_hero_msla,wh3_dlc27_chs_cha_exalted_hero_msla,Exalted Hero of Slaanesh,,Slaanesh,,,On foot,true
wh3_main_sc_sla_slaanesh,wh3_main_sc_sla_slaanesh|wh3_dlc27_chs_cha_exalted_hero_msla,wh3_dlc27_chs_cha_exalted_hero_msla_chaos_chariot,Exalted Hero of Slaanesh,,Slaanesh,,,Chaos Chariot,true
wh3_main_sc_sla_slaanesh,wh3_main_sc_sla_slaanesh|wh3_dlc27_chs_cha_exalted_hero_msla,wh3_dlc27_chs_cha_exalted_hero_msla_chaos_steed,Exalted Hero of Slaanesh,,Slaanesh,,,Chaos Steed,true
wh3_main_sc_sla_slaanesh,wh3_main_sc_sla_slaanesh|wh3_dlc27_chs_cha_exalted_hero_msla,wh3_dlc27_chs_cha_exalted_hero_msla_daemonic_steed,Exalted Hero of Slaanesh,,Slaanesh,,,Daemonic Steed,true
wh3_main_sc_sla_slaanesh,wh3_main_sc_sla_slaanesh|wh3_dlc27_chs_cha_sorcerer_lord_shadows_msla,wh3_dlc27_chs_cha_sorcerer_lord_shadows_msla,Chaos Sorcerer Lord of Slaanesh (Shadows),Shadows,Slaanesh,,,On foot,true
wh3_main_sc_sla_slaanesh,wh3_main_sc_sla_slaanesh|wh3_dlc27_chs_cha_sorcerer_lord_shadows_msla,wh3_dlc27_chs_cha_sorcerer_lord_shadows_msla_chaos_steed,Chaos Sorcerer Lord of Slaanesh (Shadows),Shadows,Slaanesh,,,Chaos Steed,true
wh3_main_sc_sla_slaanesh,wh3_main_sc_sla_slaanesh|wh3_dlc27_chs_cha_sorcerer_lord_shadows_msla,wh3_dlc27_chs_cha_sorcerer_lord_shadows_msla_daemonic_steed,Chaos Sorcerer Lord of Slaanesh (Shadows),Shadows,Slaanesh,,,Daemonic Steed,true
wh3_main_sc_sla_slaanesh,wh3_main_sc_sla_slaanesh|wh3_dlc27_chs_cha_sorcerer_lord_shadows_msla,wh3_dlc27_chs_cha_sorcerer_lord_shadows_msla_warshrine,Chaos Sorcerer Lord of Slaanesh (Shadows),Shadows,Slaanesh,,,Warshrine,true
wh3_main_sc_sla_slaanesh,wh3_main_sc_sla_slaanesh|wh3_dlc27_chs_cha_sorcerer_lord_shadows_msla,wh3_dlc27_chs_cha_sorcerer_lord_slaanesh_msla,Chaos Sorcerer Lord of Slaanesh (Slaanesh),Slaanesh,Slaanesh,,,On foot,true
wh3_main_sc_sla_slaanesh,wh3_main_sc_sla_slaanesh|wh3_dlc27_chs_cha_sorcerer_lord_shadows_msla,wh3_dlc27_chs_cha_sorcerer_lord_slaanesh_msla_chaos_steed,Chaos Sorcerer Lord of Slaanesh (Slaanesh),Slaanesh,Slaanesh,,,Chaos Steed,true
wh3_main_sc_sla_slaanesh,wh3_main_sc_sla_slaanesh|wh3_dlc27_chs_cha_sorcerer_lord_shadows_msla,wh3_dlc27_chs_cha_sorcerer_lord_slaanesh_msla_daemonic_steed,Chaos Sorcerer Lord of Slaanesh (Slaanesh),Slaanesh,Slaanesh,,,Daemonic Steed,true
wh3_main_sc_sla_slaanesh,wh3_main_sc_sla_slaanesh|wh3_dlc27_chs_cha_sorcerer_lord_shadows_msla,wh3_dlc27_chs_cha_sorcerer_lord_slaanesh_msla_warshrine,Chaos Sorcerer Lord of Slaanesh (Slaanesh),Slaanesh,Slaanesh,,,Warshrine,true
wh3_main_sc_sla_slaanesh,wh3_main_sc_sla_slaanesh|wh3_dlc27_nor_cav_marauder_horsemen_ror,wh3_dlc27_nor_cav_marauder_horsemen_ror,Riders of the Mighty Serpent (Marauder Horsemen),,,,,,true
wh3_main_sc_sla_slaanesh,wh3_main_sc_sla_slaanesh|wh3_dlc27_sla_cav_pleasureseekers,wh3_dlc27_sla_cav_pleasureseekers,Pleasureseekers,,,,,,true
wh3_main_sc_sla_slaanesh,wh3_main_sc_sla_slaanesh|wh3_dlc27_sla_cha_dechala,wh3_dlc27_sla_cha_dechala,"Dechala, the Denied One",,,,,,true
wh3_main_sc_sla_slaanesh,wh3_main_sc_sla_slaanesh|wh3_dlc27_sla_cha_druchii_anointed,wh3_dlc27_sla_cha_druchii_anointed,Druchii Anointed,,,,,On foot,true
wh3_main_sc_sla_slaanesh,wh3_main_sc_sla_slaanesh|wh3_dlc27_sla_cha_druchii_anointed,wh3_dlc27_sla_cha_druchii_anointed_cold_one,Druchii Anointed,,,,,Cold One,true
wh3_main_sc_sla_slaanesh,wh3_main_sc_sla_slaanesh|wh3_dlc27_sla_cha_druchii_anointed,wh3_dlc27_sla_cha_druchii_anointed_daemonic_steed,Druchii Anointed,,,,,Daemonic Steed,true
wh3_main_sc_sla_slaanesh,wh3_main_sc_sla_slaanesh|wh3_dlc27_sla_cha_masque_of_slaanesh,wh3_dlc27_sla_cha_masque_of_slaanesh,The Masque of Slaanesh,,,,,,true
wh3_main_sc_sla_slaanesh,wh3_main_sc_sla_slaanesh|wh3_dlc27_sla_cha_styrkaar_the_sortsvinaer,wh3_dlc27_sla_cha_styrkaar_the_sortsvinaer,Styrkaar of the Sortsvinaer,,,,,On foot,true
wh3_main_sc_sla_slaanesh,wh3_main_sc_sla_slaanesh|wh3_dlc27_sla_cha_styrkaar_the_sortsvinaer,wh3_dlc27_sla_cha_styrkaar_the_sortsvinaer_daemonic_steed,Styrkaar of the Sortsvinaer,,,,,Daemonic Steed,true
wh3_main_sc_sla_slaanesh,wh3_main_sc_sla_slaanesh|wh3_dlc27_sla_cha_styrkaar_the_sortsvinaer,wh3_dlc27_sla_cha_styrkaar_the_sortsvinaer_steed_of_slaanesh,Styrkaar of the Sortsvinaer,,,,,Steed Of Slaanesh,true
wh3_main_sc_sla_slaanesh,wh3_main_sc_sla_slaanesh|wh3_dlc27_sla_inf_devotees_of_slaanesh,wh3_dlc27_sla_inf_devotees_of_slaanesh,Devotees of Slaanesh,,,,,,true
wh3_main_sc_sla_slaanesh,wh3_main_sc_sla_slaanesh|wh3_dlc27_sla_inf_devotees_of_slaanesh_crossbows,wh3_dlc27_sla_inf_devotees_of_slaanesh_crossbows,Devotees of Slaanesh (Crossbows),,,,,,true
wh3_main_sc_sla_slaanesh,wh3_main_sc_sla_slaanesh|wh3_dlc27_sla_inf_slaangors,wh3_dlc27_sla_inf_slaangors,Slaangors,,,,,,true
wh3_main_sc_sla_slaanesh,wh3_main_sc_sla_slaanesh|wh3_dlc27_sla_mon_champions_of_slaanesh,wh3_dlc27_sla_mon_champions_of_slaanesh,Champions Of Slaanesh,,,,,,true
wh3_main_sc_sla_slaanesh,wh3_main_sc_sla_slaanesh|wh3_dlc27_sla_mon_champions_of_slaanesh_ror,wh3_dlc27_sla_mon_champions_of_slaanesh_ror,Pleasure Guard (Champions of Slaanesh),,,,,,true
wh3_main_sc_sla_slaanesh,wh3_main_sc_sla_slaanesh|wh3_dlc27_sla_mon_preyton,wh3_dlc27_sla_mon_preyton,Preyton,,,,,,true
wh3_main_sc_sla_slaanesh,wh3_main_sc_sla_slaanesh|wh3_dlc27_sla_mon_preyton_ror,wh3_dlc27_sla_mon_preyton_ror,Scourge of Arden (Preyton),,,,,,true
wh3_main_sc_sla_slaanesh,wh3_main_sc_sla_slaanesh|wh3_dlc27_sla_veh_seeker_chariot_ror,wh3_dlc27_sla_veh_seeker_chariot_ror,Heralds of Excess (Seeker Chariots),,,,,,true
wh3_main_sc_sla_slaanesh,wh3_main_sc_sla_slaanesh|wh3_main_sla_cav_heartseekers_of_slaanesh_0,wh3_main_sla_cav_heartseekers_of_slaanesh_0,Heartseekers of Slaanesh,,,,,,true
wh3_main_sc_sla_slaanesh,wh3_main_sc_sla_slaanesh|wh3_main_sla_cav_hellstriders_0,wh3_main_sla_cav_hellstriders_0,Hellstriders of Slaanesh,,,,,,true
wh3_main_sc_sla_slaanesh,wh3_main_sc_sla_slaanesh|wh3_main_sla_cav_hellstriders_1,wh3_main_sla_cav_hellstriders_1,Hellstriders of Slaanesh (Hellscourges),,,,,,true
wh3_main_sc_sla_slaanesh,wh3_main_sc_sla_slaanesh|wh3_main_sla_cav_seekers_of_slaanesh_0,wh3_main_sla_cav_seekers_of_slaanesh_0,Seekers of Slaanesh,,,,,,true
wh3_main_sc_sla_slaanesh,wh3_main_sc_sla_slaanesh|wh3_main_sla_cha_alluress_shadow_0,wh3_dlc27_sla_cha_alluress_shadow_daemonic_steed,Alluress (Shadows),Shadows,,,,Daemonic Steed,true
wh3_main_sc_sla_slaanesh,wh3_main_sc_sla_slaanesh|wh3_main_sla_cha_alluress_shadow_0,wh3_dlc27_sla_cha_alluress_slaanesh_daemonic_steed,Alluress (Slaanesh),Slaanesh,,,,Daemonic Steed,true
wh3_main_sc_sla_slaanesh,wh3_main_sc_sla_slaanesh|wh3_main_sla_cha_alluress_shadow_0,wh3_main_sla_cha_alluress_shadow_0,Alluress (Shadows),Shadows,,,,On foot,true
wh3_main_sc_sla_slaanesh,wh3_main_sc_sla_slaanesh|wh3_main_sla_cha_alluress_shadow_0,wh3_main_sla_cha_alluress_shadow_1,Alluress (Shadows),Shadows,,,,Steed of Slaanesh,true
wh3_main_sc_sla_slaanesh,wh3_main_sc_sla_slaanesh|wh3_main_sla_cha_alluress_shadow_0,wh3_main_sla_cha_alluress_shadow_2,Alluress (Shadows),Shadows,,,,Seeker Chariot,true
wh3_main_sc_sla_slaanesh,wh3_main_sc_sla_slaanesh|wh3_main_sla_cha_alluress_shadow_0,wh3_main_sla_cha_alluress_shadow_3,Alluress (Shadows),Shadows,,,,Exalted Seeker Chariot,true
wh3_main_sc_sla_slaanesh,wh3_main_sc_sla_slaanesh|wh3_main_sla_cha_alluress_shadow_0,wh3_main_sla_cha_alluress_slaanesh_0,Alluress (Slaanesh),Slaanesh,,,,On foot,true
wh3_main_sc_sla_slaanesh,wh3_main_sc_sla_slaanesh|wh3_main_sla_cha_alluress_shadow_0,wh3_main_sla_cha_alluress_slaanesh_1,Alluress (Slaanesh),Slaanesh,,,,Steed of Slaanesh,true
wh3_main_sc_sla_slaanesh,wh3_main_sc_sla_slaanesh|wh3_main_sla_cha_alluress_shadow_0,wh3_main_sla_cha_alluress_slaanesh_2,Alluress (Slaanesh),Slaanesh,,,,Seeker Chariot,true
wh3_main_sc_sla_slaanesh,wh3_main_sc_sla_slaanesh|wh3_main_sla_cha_alluress_shadow_0,wh3_main_sla_cha_alluress_slaanesh_3,Alluress (Slaanesh),Slaanesh,,,,Exalted Seeker Chariot,true
wh3_main_sc_sla_slaanesh,wh3_main_sc_sla_slaanesh|wh3_main_sla_cha_cultist_0,wh3_dlc20_chs_cha_cultist_msla_warshrine,Cultist of Slaanesh,,,,,Chaos Warshrine,true
wh3_main_sc_sla_slaanesh,wh3_main_sc_sla_slaanesh|wh3_main_sla_cha_cultist_0,wh3_main_sla_cha_cultist_0,Cultist of Slaanesh,,,,,On foot,true
wh3_main_sc_sla_slaanesh,wh3_main_sc_sla_slaanesh|wh3_main_sla_cha_cultist_0,wh3_main_sla_cha_cultist_1,Cultist of Slaanesh,,,,,Chaos Steed,true
wh3_main_sc_sla_slaanesh,wh3_main_sc_sla_slaanesh|wh3_main_sla_cha_exalted_keeper_of_secrets_shadow_0,wh3_main_sla_cha_exalted_keeper_of_secrets_shadow_0,Exalted Keeper of Secrets (Shadows),Shadows,,,,,true
wh3_main_sc_sla_slaanesh,wh3_main_sc_sla_slaanesh|wh3_main_sla_cha_exalted_keeper_of_secrets_shadow_0,wh3_main_sla_cha_exalted_keeper_of_secrets_slaanesh_0,Exalted Keeper of Secrets (Slaanesh),Slaanesh,,,,,true
wh3_main_sc_sla_slaanesh,wh3_main_sc_sla_slaanesh|wh3_main_sla_cha_herald_of_slaanesh_shadow_0,wh3_dlc27_sla_cha_herald_of_slaanesh_shadow_daemonic_steed,Herald of Slaanesh (Shadows),Shadows,,,,Daemonic Steed,true
wh3_main_sc_sla_slaanesh,wh3_main_sc_sla_slaanesh|wh3_main_sla_cha_herald_of_slaanesh_shadow_0,wh3_dlc27_sla_cha_herald_of_slaanesh_slaanesh_daemonic_steed,Herald of Slaanesh (Slaanesh),Slaanesh,,,,Daemonic Steed,true
wh3_main_sc_sla_slaanesh,wh3_main_sc_sla_slaanesh|wh3_main_sla_cha_herald_of_slaanesh_shadow_0,wh3_main_sla_cha_herald_of_slaanesh_shadow_0,Herald of Slaanesh (Shadows),Shadows,,,,On foot,true
wh3_main_sc_sla_slaanesh,wh3_main_sc_sla_slaanesh|wh3_main_sla_cha_herald_of_slaanesh_shadow_0,wh3_main_sla_cha_herald_of_slaanesh_shadow_1,Herald of Slaanesh (Shadows),Shadows,,,,Steed of Slaanesh,true
wh3_main_sc_sla_slaanesh,wh3_main_sc_sla_slaanesh|wh3_main_sla_cha_herald_of_slaanesh_shadow_0,wh3_main_sla_cha_herald_of_slaanesh_shadow_2,Herald of Slaanesh (Shadows),Shadows,,,,Seeker Chariot,true
wh3_main_sc_sla_slaanesh,wh3_main_sc_sla_slaanesh|wh3_main_sla_cha_herald_of_slaanesh_shadow_0,wh3_main_sla_cha_herald_of_slaanesh_shadow_3,Herald of Slaanesh (Shadows),Shadows,,,,Exalted Seeker Chariot,true
wh3_main_sc_sla_slaanesh,wh3_main_sc_sla_slaanesh|wh3_main_sla_cha_herald_of_slaanesh_shadow_0,wh3_main_sla_cha_herald_of_slaanesh_slaanesh_0,Herald of Slaanesh (Slaanesh),Slaanesh,,,,On foot,true
wh3_main_sc_sla_slaanesh,wh3_main_sc_sla_slaanesh|wh3_main_sla_cha_herald_of_slaanesh_shadow_0,wh3_main_sla_cha_herald_of_slaanesh_slaanesh_1,Herald of Slaanesh (Slaanesh),Slaanesh,,,,Steed of Slaanesh,true
wh3_main_sc_sla_slaanesh,wh3_main_sc_sla_slaanesh|wh3_main_sla_cha_herald_of_slaanesh_shadow_0,wh3_main_sla_cha_herald_of_slaanesh_slaanesh_2,Herald of Slaanesh (Slaanesh),Slaanesh,,,,Seeker Chariot,true
wh3_main_sc_sla_slaanesh,wh3_main_sc_sla_slaanesh|wh3_main_sla_cha_herald_of_slaanesh_shadow_0,wh3_main_sla_cha_herald_of_slaanesh_slaanesh_3,Herald of Slaanesh (Slaanesh),Slaanesh,,,,Exalted Seeker Chariot,true
wh3_main_sc_sla_slaanesh,wh3_main_sc_sla_slaanesh|wh3_main_sla_cha_nkari_0,wh3_main_sla_cha_nkari_0,N'Kari,,,,,,true
wh3_main_sc_sla_slaanesh,wh3_main_sc_sla_slaanesh|wh3_main_sla_inf_chaos_furies_0,wh3_main_sla_inf_chaos_furies_0,Chaos Furies (Slaanesh),,Slaanesh,,,,true
wh3_main_sc_sla_slaanesh,wh3_main_sc_sla_slaanesh|wh3_main_sla_inf_daemonette_0,wh3_main_sla_inf_daemonette_0,Daemonettes of Slaanesh,,,,,,true
wh3_main_sc_sla_slaanesh,wh3_main_sc_sla_slaanesh|wh3_main_sla_inf_daemonette_1,wh3_main_sla_inf_daemonette_1,Exalted Daemonettes of Slaanesh,,,,,,true
wh3_main_sc_sla_slaanesh,wh3_main_sc_sla_slaanesh|wh3_main_sla_inf_marauders_0,wh3_main_sla_inf_marauders_0,Devoted Marauders of Slaanesh,,,,,,true
wh3_main_sc_sla_slaanesh,wh3_main_sc_sla_slaanesh|wh3_main_sla_inf_marauders_1,wh3_main_sla_inf_marauders_1,Devoted Marauders of Slaanesh (Spears),,,,,,true
wh3_main_sc_sla_slaanesh,wh3_main_sc_sla_slaanesh|wh3_main_sla_inf_marauders_2,wh3_main_sla_inf_marauders_2,Devoted Marauders of Slaanesh (Hellscourges),,,,,,true
wh3_main_sc_sla_slaanesh,wh3_main_sc_sla_slaanesh|wh3_main_sla_mon_fiends_of_slaanesh_0,wh3_main_sla_mon_fiends_of_slaanesh_0,Fiends of Slaanesh,,,,,,true
wh3_main_sc_sla_slaanesh,wh3_main_sc_sla_slaanesh|wh3_main_sla_mon_keeper_of_secrets_0,wh3_main_sla_mon_keeper_of_secrets_0,Keeper of Secrets,,,,,,true
wh3_main_sc_sla_slaanesh,wh3_main_sc_sla_slaanesh|wh3_main_sla_mon_soul_grinder_0,wh3_main_sla_mon_soul_grinder_0,Soul Grinder of Slaanesh,,,,,,true
wh3_main_sc_sla_slaanesh,wh3_main_sc_sla_slaanesh|wh3_main_sla_mon_spawn_of_slaanesh_0,wh3_main_sla_mon_spawn_of_slaanesh_0,Spawn of Slaanesh,,Slaanesh,,,,true
wh3_main_sc_sla_slaanesh,wh3_main_sc_sla_slaanesh|wh3_main_sla_veh_exalted_seeker_chariot_0,wh3_main_sla_veh_exalted_seeker_chariot_0,Exalted Seeker Chariot,,,,,,true
wh3_main_sc_sla_slaanesh,wh3_main_sc_sla_slaanesh|wh3_main_sla_veh_hellflayer_0,wh3_main_sla_veh_hellflayer_0,Hellflayers,,,,,,true
wh3_main_sc_sla_slaanesh,wh3_main_sc_sla_slaanesh|wh3_main_sla_veh_seeker_chariot_0,wh3_main_sla_veh_seeker_chariot_0,Seeker Chariots,,,,,,true
wh3_main_sc_sla_slaanesh,wh3_main_sc_sla_slaanesh|wh3_twa06_sla_inf_daemonette_ror_0,wh3_twa06_sla_inf_daemonette_ror_0,Bringers of Beguilement (Exalted Daemonettes of Slaanesh),,,,,,true
wh3_main_sc_sla_slaanesh,wh3_main_sc_sla_slaanesh|wh3_twa07_sla_cav_heartseekers_of_slaanesh_ror_0,wh3_twa07_sla_cav_heartseekers_of_slaanesh_ror_0,Eternal Entourage (Heartseekers of Slaanesh),,,,,,true
wh3_main_sc_sla_slaanesh,wh3_main_sc_sla_slaanesh|wh3_twa08_sla_mon_keeper_of_secrets_0_ror,wh3_twa08_sla_mon_keeper_of_secrets_0_ror,The Marquis of Masochism (Keeper of Secrets),,,,,,true
wh3_main_sc_sla_slaanesh,wh3_main_sc_sla_slaanesh|wh3_twa10_sla_inf_marauders_spears_ror,wh3_twa10_sla_inf_marauders_spears_ror,The Princes of Perfection (Devoted Marauders of Slaanesh – Spears),,,,,,true
wh3_main_sc_sla_slaanesh,wh3_main_sc_sla_slaanesh|wh_dlc01_chs_cha_prince_sigvald_the_magnificent,wh_dlc01_chs_cha_prince_sigvald_the_magnificent,Prince Sigvald the Magnificent,,,,,,true
wh3_main_sc_sla_slaanesh,wh3_main_sc_sla_slaanesh|wh_pro04_chs_inf_chaos_warriors_ror_0,wh_pro04_chs_inf_chaos_warriors_ror_0,Mirror Guard (Chaos Warriors),,,,,,true
wh3_main_sc_tze_tzeentch,wh3_main_sc_tze_tzeentch|wh3_dlc20_chs_cav_chaos_chariot_mtze,wh3_dlc20_chs_cav_chaos_chariot_mtze,Chaos Chariots of Tzeentch,,Tzeentch,,,,true
wh3_main_sc_tze_tzeentch,wh3_main_sc_tze_tzeentch|wh3_dlc20_chs_cav_chaos_knights_mtze_lances,wh3_dlc20_chs_cav_chaos_knights_mtze_lances,Chaos Knights of Tzeentch (Lances),,Tzeentch,,,,true
wh3_main_sc_tze_tzeentch,wh3_main_sc_tze_tzeentch|wh3_dlc20_chs_cav_marauder_horsemen_mtze_javelins,wh3_dlc20_chs_cav_marauder_horsemen_mtze_javelins,Marauder Horsemen of Tzeentch,,Tzeentch,,,,true
wh3_main_sc_tze_tzeentch,wh3_main_sc_tze_tzeentch|wh3_dlc20_chs_cha_chaos_sorcerer_lord_metal_mtze,wh3_dlc20_chs_cha_chaos_sorcerer_lord_metal_mtze,Chaos Sorcerer Lord of Tzeentch (Metal),Metal,Tzeentch,,,On foot,true
wh3_main_sc_tze_tzeentch,wh3_main_sc_tze_tzeentch|wh3_dlc20_chs_cha_chaos_sorcerer_lord_metal_mtze,wh3_dlc20_chs_cha_chaos_sorcerer_lord_metal_mtze_chaos_steed,Chaos Sorcerer Lord of Tzeentch (Metal),Metal,Tzeentch,,,Chaos Steed,true
wh3_main_sc_tze_tzeentch,wh3_main_sc_tze_tzeentch|wh3_dlc20_chs_cha_chaos_sorcerer_lord_metal_mtze,wh3_dlc20_chs_cha_chaos_sorcerer_lord_metal_mtze_disc,Chaos Sorcerer Lord of Tzeentch (Metal),Metal,Tzeentch,,,Disc of Tzeentch,true
wh3_main_sc_tze_tzeentch,wh3_main_sc_tze_tzeentch|wh3_dlc20_chs_cha_chaos_sorcerer_lord_metal_mtze,wh3_dlc20_chs_cha_chaos_sorcerer_lord_metal_mtze_warshrine,Chaos Sorcerer Lord of Tzeentch (Metal),Metal,Tzeentch,,,Chaos Warshrine,true
wh3_main_sc_tze_tzeentch,wh3_main_sc_tze_tzeentch|wh3_dlc20_chs_cha_chaos_sorcerer_lord_metal_mtze,wh3_dlc20_chs_cha_chaos_sorcerer_lord_tzeentch_mtze,Chaos Sorcerer Lord of Tzeentch (Tzeentch),Tzeentch,Tzeentch,,,On foot,true
wh3_main_sc_tze_tzeentch,wh3_main_sc_tze_tzeentch|wh3_dlc20_chs_cha_chaos_sorcerer_lord_metal_mtze,wh3_dlc20_chs_cha_chaos_sorcerer_lord_tzeentch_mtze_chaos_steed,Chaos Sorcerer Lord of Tzeentch (Tzeentch),Tzeentch,Tzeentch,,,Chaos Steed,true
wh3_main_sc_tze_tzeentch,wh3_main_sc_tze_tzeentch|wh3_dlc20_chs_cha_chaos_sorcerer_lord_metal_mtze,wh3_dlc20_chs_cha_chaos_sorcerer_lord_tzeentch_mtze_disc,Chaos Sorcerer Lord of Tzeentch (Tzeentch),Tzeentch,Tzeentch,,,Disc of Tzeentch,true
wh3_main_sc_tze_tzeentch,wh3_main_sc_tze_tzeentch|wh3_dlc20_chs_cha_chaos_sorcerer_lord_metal_mtze,wh3_dlc20_chs_cha_chaos_sorcerer_lord_tzeentch_mtze_warshrine,Chaos Sorcerer Lord of Tzeentch (Tzeentch),Tzeentch,Tzeentch,,,Chaos Warshrine,true
wh3_main_sc_tze_tzeentch,wh3_main_sc_tze_tzeentch|wh3_dlc20_chs_cha_chaos_sorcerer_metal_mtze,wh3_dlc20_chs_cha_chaos_sorcerer_metal_mtze,Chaos Sorcerer of Tzeentch (Metal),Metal,Tzeentch,,,On foot,true
wh3_main_sc_tze_tzeentch,wh3_main_sc_tze_tzeentch|wh3_dlc20_chs_cha_chaos_sorcerer_metal_mtze,wh3_dlc20_chs_cha_chaos_sorcerer_metal_mtze_chaos_steed,Chaos Sorcerer of Tzeentch (Metal),Metal,Tzeentch,,,Chaos Steed,true
wh3_main_sc_tze_tzeentch,wh3_main_sc_tze_tzeentch|wh3_dlc20_chs_cha_chaos_sorcerer_metal_mtze,wh3_dlc20_chs_cha_chaos_sorcerer_metal_mtze_disc,Chaos Sorcerer of Tzeentch (Metal),Metal,Tzeentch,,,Disc of Tzeentch,true
wh3_main_sc_tze_tzeentch,wh3_main_sc_tze_tzeentch|wh3_dlc20_chs_cha_chaos_sorcerer_metal_mtze,wh3_dlc20_chs_cha_chaos_sorcerer_metal_mtze_warshrine,Chaos Sorcerer of Tzeentch (Metal),Metal,Tzeentch,,,Chaos Warshrine,true
wh3_main_sc_tze_tzeentch,wh3_main_sc_tze_tzeentch|wh3_dlc20_chs_cha_chaos_sorcerer_metal_mtze,wh3_dlc20_chs_cha_chaos_sorcerer_tzeentch_mtze,Chaos Sorcerer of Tzeentch (Tzeentch),Tzeentch,Tzeentch,,,On foot,true
wh3_main_sc_tze_tzeentch,wh3_main_sc_tze_tzeentch|wh3_dlc20_chs_cha_chaos_sorcerer_metal_mtze,wh3_dlc20_chs_cha_chaos_sorcerer_tzeentch_mtze_chaos_steed,Chaos Sorcerer of Tzeentch (Tzeentch),Tzeentch,Tzeentch,,,Chaos Steed,true
wh3_main_sc_tze_tzeentch,wh3_main_sc_tze_tzeentch|wh3_dlc20_chs_cha_chaos_sorcerer_metal_mtze,wh3_dlc20_chs_cha_chaos_sorcerer_tzeentch_mtze_disc,Chaos Sorcerer of Tzeentch (Tzeentch),Tzeentch,Tzeentch,,,Disc of Tzeentch,true
wh3_main_sc_tze_tzeentch,wh3_main_sc_tze_tzeentch|wh3_dlc20_chs_cha_chaos_sorcerer_metal_mtze,wh3_dlc20_chs_cha_chaos_sorcerer_tzeentch_mtze_warshrine,Chaos Sorcerer of Tzeentch (Tzeentch),Tzeentch,Tzeentch,,,Chaos Warshrine,true
wh3_main_sc_tze_tzeentch,wh3_main_sc_tze_tzeentch|wh3_dlc20_chs_cha_daemon_prince_mtze,wh3_dlc20_chs_cha_daemon_prince_mtze,Daemon Prince of Tzeentch,,Tzeentch,,,,true
wh3_main_sc_tze_tzeentch,wh3_main_sc_tze_tzeentch|wh3_dlc20_chs_inf_aspiring_champions_mtze_ror,wh3_dlc20_chs_inf_aspiring_champions_mtze_ror,The Severed Claw (Aspiring Champions),,,,,,true
wh3_main_sc_tze_tzeentch,wh3_main_sc_tze_tzeentch|wh3_dlc20_chs_inf_chaos_marauders_mtze,wh3_dlc20_chs_inf_chaos_marauders_mtze,Marauders of Tzeentch,,Tzeentch,,,,true
wh3_main_sc_tze_tzeentch,wh3_main_sc_tze_tzeentch|wh3_dlc20_chs_inf_chaos_marauders_mtze_spears,wh3_dlc20_chs_inf_chaos_marauders_mtze_spears,Marauders of Tzeentch (Spears),,,,,,true
wh3_main_sc_tze_tzeentch,wh3_main_sc_tze_tzeentch|wh3_dlc20_chs_inf_chaos_warriors_mtze,wh3_dlc20_chs_inf_chaos_warriors_mtze,Chaos Warriors of Tzeentch,,Tzeentch,,,,true
wh3_main_sc_tze_tzeentch,wh3_main_sc_tze_tzeentch|wh3_dlc20_chs_inf_chaos_warriors_mtze_halberds,wh3_dlc20_chs_inf_chaos_warriors_mtze_halberds,Chaos Warriors of Tzeentch (Halberds),,Tzeentch,,,,true
wh3_main_sc_tze_tzeentch,wh3_main_sc_tze_tzeentch|wh3_dlc20_chs_inf_chosen_mtze,wh3_dlc20_chs_inf_chosen_mtze,Chosen of Tzeentch,,Tzeentch,,,,true
wh3_main_sc_tze_tzeentch,wh3_main_sc_tze_tzeentch|wh3_dlc20_chs_inf_chosen_mtze_halberds,wh3_dlc20_chs_inf_chosen_mtze_halberds,Chosen of Tzeentch (Halberds),,Tzeentch,,,,true
wh3_main_sc_tze_tzeentch,wh3_main_sc_tze_tzeentch|wh3_dlc20_chs_mon_warshrine_mtze,wh3_dlc20_chs_mon_warshrine_mtze,Chaos Warshrine of Tzeentch,,Tzeentch,,,,true
wh3_main_sc_tze_tzeentch,wh3_main_sc_tze_tzeentch|wh3_dlc20_tze_cha_vilitch,wh3_dlc20_tze_cha_vilitch,Vilitch the Curseling,,,,,,true
wh3_main_sc_tze_tzeentch,wh3_main_sc_tze_tzeentch|wh3_dlc24_chs_cha_chaos_lord_mtze,wh3_dlc24_chs_cha_chaos_lord_mtze,Chaos Lord of Tzeentch,,Tzeentch,,,On foot,true
wh3_main_sc_tze_tzeentch,wh3_main_sc_tze_tzeentch|wh3_dlc24_chs_cha_chaos_lord_mtze,wh3_dlc24_chs_cha_chaos_lord_mtze_chaos_chariot,Chaos Lord of Tzeentch,,Tzeentch,,,Chaos Chariot,true
wh3_main_sc_tze_tzeentch,wh3_main_sc_tze_tzeentch|wh3_dlc24_chs_cha_chaos_lord_mtze,wh3_dlc24_chs_cha_chaos_lord_mtze_chaos_steed,Chaos Lord of Tzeentch,,Tzeentch,,,Chaos Steed,true
wh3_main_sc_tze_tzeentch,wh3_main_sc_tze_tzeentch|wh3_dlc24_chs_cha_chaos_lord_mtze,wh3_dlc24_chs_cha_chaos_lord_mtze_disc,Chaos Lord of Tzeentch,,Tzeentch,,,Disc of Tzeentch,true
wh3_main_sc_tze_tzeentch,wh3_main_sc_tze_tzeentch|wh3_dlc24_chs_cha_exalted_hero_mtze,wh3_dlc24_chs_cha_exalted_hero_mtze,Exalted Hero of Tzeentch,,Tzeentch,,,On foot,true
wh3_main_sc_tze_tzeentch,wh3_main_sc_tze_tzeentch|wh3_dlc24_chs_cha_exalted_hero_mtze,wh3_dlc24_chs_cha_exalted_hero_mtze_chaos_chariot,Exalted Hero of Tzeentch,,Tzeentch,,,Chaos Chariot,true
wh3_main_sc_tze_tzeentch,wh3_main_sc_tze_tzeentch|wh3_dlc24_chs_cha_exalted_hero_mtze,wh3_dlc24_chs_cha_exalted_hero_mtze_chaos_steed,Exalted Hero of Tzeentch,,Tzeentch,,,Chaos Steed,true
wh3_main_sc_tze_tzeentch,wh3_main_sc_tze_tzeentch|wh3_dlc24_chs_cha_exalted_hero_mtze,wh3_dlc24_chs_cha_exalted_hero_mtze_disc,Exalted Hero of Tzeentch,,Tzeentch,,,Disc of Tzeentch,true
wh3_main_sc_tze_tzeentch,wh3_main_sc_tze_tzeentch|wh3_dlc24_tze_cha_aekold_helbrass,wh3_dlc24_tze_cha_aekold_helbrass,Aekold Helbrass,,,,,,true
wh3_main_sc_tze_tzeentch,wh3_main_sc_tze_tzeentch|wh3_dlc24_tze_cha_blue_scribes,wh3_dlc24_tze_cha_blue_scribes,The Blue Scribes,,,,,,true
wh3_main_sc_tze_tzeentch,wh3_main_sc_tze_tzeentch|wh3_dlc24_tze_cha_changeling,wh3_dlc24_tze_cha_changeling,The Changeling,,,,,,true
wh3_main_sc_tze_tzeentch,wh3_main_sc_tze_tzeentch|wh3_dlc24_tze_inf_centigors_great_weapons,wh3_dlc24_tze_inf_centigors_great_weapons,Centigors of Tzeentch,,,,,,true
wh3_main_sc_tze_tzeentch,wh3_main_sc_tze_tzeentch|wh3_dlc24_tze_inf_pink_horrors_ror,wh3_dlc24_tze_inf_pink_horrors_ror,The Sourguts (Pink Horrors of Tzeentch),,,,,,true
wh3_main_sc_tze_tzeentch,wh3_main_sc_tze_tzeentch|wh3_dlc24_tze_inf_tzaangors,wh3_dlc24_tze_inf_tzaangors,Tzaangors,,,,,,true
wh3_main_sc_tze_tzeentch,wh3_main_sc_tze_tzeentch|wh3_dlc24_tze_mon_cockatrice,wh3_dlc24_tze_mon_cockatrice,Cockatrice,,,,,,true
wh3_main_sc_tze_tzeentch,wh3_main_sc_tze_tzeentch|wh3_dlc24_tze_mon_flamers_changebringers,wh3_dlc24_tze_mon_flamers_changebringers,Changebringers,,,,,,true
wh3_main_sc_tze_tzeentch,wh3_main_sc_tze_tzeentch|wh3_dlc24_tze_mon_mutalith_vortex_beast,wh3_dlc24_tze_mon_mutalith_vortex_beast,Mutalith Vortex Beast,,,,,,true
wh3_main_sc_tze_tzeentch,wh3_main_sc_tze_tzeentch|wh3_dlc24_tze_mon_mutalith_vortex_beast_ror,wh3_dlc24_tze_mon_mutalith_vortex_beast_ror,Aeson the Fallen (Mutalith Vortex Beast),,,,,,true
wh3_main_sc_tze_tzeentch,wh3_main_sc_tze_tzeentch|wh3_dlc24_tze_mon_screamers_ror,wh3_dlc24_tze_mon_screamers_ror,Shrieking Skyrays (Screamers of Tzeentch),,,,,,true
wh3_main_sc_tze_tzeentch,wh3_main_sc_tze_tzeentch|wh3_dlc27_nor_cav_chaos_chariot_ror,wh3_dlc27_nor_cav_chaos_chariot_ror,Followers of the Great Eagle (Marauder Chariots),,,,,,true
wh3_main_sc_tze_tzeentch,wh3_main_sc_tze_tzeentch|wh3_main_tze_cav_chaos_knights_0,wh3_main_tze_cav_chaos_knights_0,Chaos Knights of Tzeentch,,Tzeentch,,,,true
wh3_main_sc_tze_tzeentch,wh3_main_sc_tze_tzeentch|wh3_main_tze_cav_doom_knights_0,wh3_main_tze_cav_doom_knights_0,Doom Knights of Tzeentch,,,,,,true
wh3_main_sc_tze_tzeentch,wh3_main_sc_tze_tzeentch|wh3_main_tze_cha_cultist_0,wh3_dlc20_tze_cha_cultist_mtze_warshrine,Cultist of Tzeentch,,,,,Chaos Warshrine,true
wh3_main_sc_tze_tzeentch,wh3_main_sc_tze_tzeentch|wh3_main_tze_cha_cultist_0,wh3_main_tze_cha_cultist_0,Cultist of Tzeentch,,,,,On foot,true
wh3_main_sc_tze_tzeentch,wh3_main_sc_tze_tzeentch|wh3_main_tze_cha_cultist_0,wh3_main_tze_cha_cultist_1,Cultist of Tzeentch,,,,,Chaos Steed,true
wh3_main_sc_tze_tzeentch,wh3_main_sc_tze_tzeentch|wh3_main_tze_cha_exalted_lord_of_change_metal_0,wh3_main_tze_cha_exalted_lord_of_change_metal_0,Exalted Lord of Change (Metal),Metal,,,,,true
wh3_main_sc_tze_tzeentch,wh3_main_sc_tze_tzeentch|wh3_main_tze_cha_exalted_lord_of_change_metal_0,wh3_main_tze_cha_exalted_lord_of_change_tzeentch_0,Exalted Lord of Change (Tzeentch),Tzeentch,,,,,true
wh3_main_sc_tze_tzeentch,wh3_main_sc_tze_tzeentch|wh3_main_tze_cha_herald_of_tzeentch_metal_0,wh3_main_tze_cha_herald_of_tzeentch_metal_0,Herald of Tzeentch (Metal),Metal,,,,On foot,true
wh3_main_sc_tze_tzeentch,wh3_main_sc_tze_tzeentch|wh3_main_tze_cha_herald_of_tzeentch_metal_0,wh3_main_tze_cha_herald_of_tzeentch_metal_1,Herald of Tzeentch (Metal),Metal,,,,Disc of Tzeentch,true
wh3_main_sc_tze_tzeentch,wh3_main_sc_tze_tzeentch|wh3_main_tze_cha_herald_of_tzeentch_metal_0,wh3_main_tze_cha_herald_of_tzeentch_metal_2,Herald of Tzeentch (Metal),Metal,,,,Burning Chariot,true
wh3_main_sc_tze_tzeentch,wh3_main_sc_tze_tzeentch|wh3_main_tze_cha_herald_of_tzeentch_metal_0,wh3_main_tze_cha_herald_of_tzeentch_tzeentch_0,Herald of Tzeentch (Tzeentch),Tzeentch,,,,On foot,true
wh3_main_sc_tze_tzeentch,wh3_main_sc_tze_tzeentch|wh3_main_tze_cha_herald_of_tzeentch_metal_0,wh3_main_tze_cha_herald_of_tzeentch_tzeentch_1,Herald of Tzeentch (Tzeentch),Tzeentch,,,,Disc of Tzeentch,true
wh3_main_sc_tze_tzeentch,wh3_main_sc_tze_tzeentch|wh3_main_tze_cha_herald_of_tzeentch_metal_0,wh3_main_tze_cha_herald_of_tzeentch_tzeentch_2,Herald of Tzeentch (Tzeentch),Tzeentch,,,,Burning Chariot,true
wh3_main_sc_tze_tzeentch,wh3_main_sc_tze_tzeentch|wh3_main_tze_cha_iridescent_horror_metal_0,wh3_main_tze_cha_iridescent_horror_metal_0,Iridescent Horror (Metal),Metal,,,,On foot,true
wh3_main_sc_tze_tzeentch,wh3_main_sc_tze_tzeentch|wh3_main_tze_cha_iridescent_horror_metal_0,wh3_main_tze_cha_iridescent_horror_metal_1,Iridescent Horror (Metal),Metal,,,,Disc of Tzeentch,true
wh3_main_sc_tze_tzeentch,wh3_main_sc_tze_tzeentch|wh3_main_tze_cha_iridescent_horror_metal_0,wh3_main_tze_cha_iridescent_horror_metal_2,Iridescent Horror (Metal),Metal,,,,Burning Chariot,true
wh3_main_sc_tze_tzeentch,wh3_main_sc_tze_tzeentch|wh3_main_tze_cha_iridescent_horror_metal_0,wh3_main_tze_cha_iridescent_horror_tzeentch_0,Iridescent Horror (Tzeentch),Tzeentch,,,,On foot,true
wh3_main_sc_tze_tzeentch,wh3_main_sc_tze_tzeentch|wh3_main_tze_cha_iridescent_horror_metal_0,wh3_main_tze_cha_iridescent_horror_tzeentch_1,Iridescent Horror (Tzeentch),Tzeentch,,,,Disc of Tzeentch,true
wh3_main_sc_tze_tzeentch,wh3_main_sc_tze_tzeentch|wh3_main_tze_cha_iridescent_horror_metal_0,wh3_main_tze_cha_iridescent_horror_tzeentch_2,Iridescent Horror (Tzeentch),Tzeentch,,,,Burning Chariot,true
wh3_main_sc_tze_tzeentch,wh3_main_sc_tze_tzeentch|wh3_main_tze_cha_kairos_fateweaver_custom_battle_0,wh3_main_tze_cha_kairos_fateweaver_custom_battle_0,Kairos Fateweaver,,,,,,true
wh3_main_sc_tze_tzeentch,wh3_main_sc_tze_tzeentch|wh3_main_tze_inf_blue_horrors_0,wh3_main_tze_inf_blue_horrors_0,Blue Horrors of Tzeentch,,,,,,true
wh3_main_sc_tze_tzeentch,wh3_main_sc_tze_tzeentch|wh3_main_tze_inf_chaos_furies_0,wh3_main_tze_inf_chaos_furies_0,Chaos Furies (Tzeentch),,Tzeentch,,,,true
wh3_main_sc_tze_tzeentch,wh3_main_sc_tze_tzeentch|wh3_main_tze_inf_forsaken_0,wh3_main_tze_inf_forsaken_0,Forsaken of Tzeentch,,Tzeentch,,,,true
wh3_main_sc_tze_tzeentch,wh3_main_sc_tze_tzeentch|wh3_main_tze_inf_pink_horrors_0,wh3_main_tze_inf_pink_horrors_0,Pink Horrors of Tzeentch,,,,,,true
wh3_main_sc_tze_tzeentch,wh3_main_sc_tze_tzeentch|wh3_main_tze_inf_pink_horrors_1,wh3_main_tze_inf_pink_horrors_1,Exalted Pink Horrors of Tzeentch,,,,,,true
wh3_main_sc_tze_tzeentch,wh3_main_sc_tze_tzeentch|wh3_main_tze_mon_exalted_flamers_0,wh3_main_tze_mon_exalted_flamers_0,Exalted Flamer of Tzeentch,,,,,,true
wh3_main_sc_tze_tzeentch,wh3_main_sc_tze_tzeentch|wh3_main_tze_mon_flamers_0,wh3_main_tze_mon_flamers_0,Flamers of Tzeentch,,,,,,true
wh3_main_sc_tze_tzeentch,wh3_main_sc_tze_tzeentch|wh3_main_tze_mon_lord_of_change_0,wh3_main_tze_mon_lord_of_change_0,Lord of Change,,,,,,true
wh3_main_sc_tze_tzeentch,wh3_main_sc_tze_tzeentch|wh3_main_tze_mon_screamers_0,wh3_main_tze_mon_screamers_0,Screamers of Tzeentch,,,,,,true
wh3_main_sc_tze_tzeentch,wh3_main_sc_tze_tzeentch|wh3_main_tze_mon_soul_grinder_0,wh3_main_tze_mon_soul_grinder_0,Soul Grinder of Tzeentch,,,,,,true
wh3_main_sc_tze_tzeentch,wh3_main_sc_tze_tzeentch|wh3_main_tze_mon_spawn_of_tzeentch_0,wh3_main_tze_mon_spawn_of_tzeentch_0,Spawn of Tzeentch,,Tzeentch,,,,true
wh3_main_sc_tze_tzeentch,wh3_main_sc_tze_tzeentch|wh3_main_tze_veh_burning_chariot_0,wh3_main_tze_veh_burning_chariot_0,Burning Chariot of Tzeentch,,,,,,true
wh3_main_sc_tze_tzeentch,wh3_main_sc_tze_tzeentch|wh3_twa06_tze_inf_pink_horrors_ror_0,wh3_twa06_tze_inf_pink_horrors_ror_0,Blazing Squealers (Exalted Pink Horrors of Tzeentch),,,,,,true
wh3_main_sc_tze_tzeentch,wh3_main_sc_tze_tzeentch|wh3_twa07_tze_cav_doom_knights_ror_0,wh3_twa07_tze_cav_doom_knights_ror_0,Knights of Immolation (Doom Knights of Tzeentch),,,,,,true
wh3_main_sc_tze_tzeentch,wh3_main_sc_tze_tzeentch|wh3_twa08_tze_mon_lord_of_change_0_ror,wh3_twa08_tze_mon_lord_of_change_0_ror,The Golden Griffin of Theurgy (Lord of Change),,,,,,true
wh3_main_sc_tze_tzeentch,wh3_main_sc_tze_tzeentch|wh3_twa10_tze_inf_blue_horrors_ror,wh3_twa10_tze_inf_blue_horrors_ror,The Chromatic Abominations (Blue Horrors of Tzeentch),,,,,,true
wh3_main_sc_tze_tzeentch,wh3_main_sc_tze_tzeentch|wh_main_chs_cha_lord_of_change_0,wh_main_chs_cha_lord_of_change_0,Sarthorael the Everwatcher,,,,,,true
wh3_main_sc_tze_tzeentch,wh3_main_sc_tze_tzeentch|wh_pro04_chs_mon_chaos_spawn_ror_0,wh_pro04_chs_mon_chaos_spawn_ror_0,Wyrd Spawn (Chaos Spawn),,,,,,true
wh_dlc03_sc_bst_beastmen,wh_dlc03_sc_bst_beastmen|wh2_dlc17_bst_cav_tuskgor_chariot_0,wh2_dlc17_bst_cav_tuskgor_chariot_0,Tuskgor Chariots,,,,,,true
wh_dlc03_sc_bst_beastmen,wh_dlc03_sc_bst_beastmen|wh2_dlc17_bst_cha_doombull_0,wh2_dlc17_bst_cha_doombull_0,Doombull,,,,,,true
wh_dlc03_sc_bst_beastmen,wh_dlc03_sc_bst_beastmen|wh2_dlc17_bst_cha_taurox_the_brass_bull_0,wh2_dlc17_bst_cha_taurox_the_brass_bull_0,Taurox the Brass Bull,,,,,,true
wh_dlc03_sc_bst_beastmen,wh_dlc03_sc_bst_beastmen|wh2_dlc17_bst_cha_wargor_0,wh2_dlc17_bst_cha_wargor_0,Wargor,,,,,On foot,true
wh_dlc03_sc_bst_beastmen,wh_dlc03_sc_bst_beastmen|wh2_dlc17_bst_cha_wargor_0,wh2_dlc17_bst_cha_wargor_1,Wargor,,,,,Razorgor Chariot,true
wh_dlc03_sc_bst_beastmen,wh_dlc03_sc_bst_beastmen|wh2_dlc17_bst_cha_wargor_0,wh2_dlc17_bst_cha_wargor_2,Wargor,,,,,Tuskgor Chariot,true
wh_dlc03_sc_bst_beastmen,wh_dlc03_sc_bst_beastmen|wh2_dlc17_bst_inf_centigors_ror_1,wh2_dlc17_bst_inf_centigors_ror_1,Groghooves of Wolf's Run (Centigors – Throwing Axes),,,,,,true
wh_dlc03_sc_bst_beastmen,wh_dlc03_sc_bst_beastmen|wh2_dlc17_bst_mon_ghorgon_0,wh2_dlc17_bst_mon_ghorgon_0,Ghorgon,,,,,,true
wh_dlc03_sc_bst_beastmen,wh_dlc03_sc_bst_beastmen|wh2_dlc17_bst_mon_ghorgon_ror_0,wh2_dlc17_bst_mon_ghorgon_ror_0,The Bloodbrute Behemoth (Ghorgon),,,,,,true
wh_dlc03_sc_bst_beastmen,wh_dlc03_sc_bst_beastmen|wh2_dlc17_bst_mon_jabberslythe_0,wh2_dlc17_bst_mon_jabberslythe_0,Jabberslythe,,,,,,true
wh_dlc03_sc_bst_beastmen,wh_dlc03_sc_bst_beastmen|wh2_dlc17_bst_mon_jabberslythe_ror_0,wh2_dlc17_bst_mon_jabberslythe_ror_0,The Vorbergland Broodmother (Jabberslythe),,,,,,true
wh_dlc03_sc_bst_beastmen,wh_dlc03_sc_bst_beastmen|wh2_twa04_bst_cha_great_bray_shaman_beasts_0,wh2_twa04_bst_cha_great_bray_shaman_beasts_0,Great Bray-Shaman (Beasts),Beasts,,,,On foot,true
wh_dlc03_sc_bst_beastmen,wh_dlc03_sc_bst_beastmen|wh2_twa04_bst_cha_great_bray_shaman_beasts_0,wh2_twa04_bst_cha_great_bray_shaman_beasts_1,Great Bray-Shaman (Beasts),Beasts,,,,Razorgor Chariot,true
wh_dlc03_sc_bst_beastmen,wh_dlc03_sc_bst_beastmen|wh2_twa04_bst_cha_great_bray_shaman_beasts_0,wh2_twa04_bst_cha_great_bray_shaman_beasts_2,Great Bray-Shaman (Beasts),Beasts,,,,Tuskgor Chariot,true
wh_dlc03_sc_bst_beastmen,wh_dlc03_sc_bst_beastmen|wh2_twa04_bst_cha_great_bray_shaman_beasts_0,wh2_twa04_bst_cha_great_bray_shaman_death_0,Great Bray-Shaman (Death),Death,,,,On foot,true
wh_dlc03_sc_bst_beastmen,wh_dlc03_sc_bst_beastmen|wh2_twa04_bst_cha_great_bray_shaman_beasts_0,wh2_twa04_bst_cha_great_bray_shaman_death_1,Great Bray-Shaman (Death),Death,,,,Razorgor Chariot,true
wh_dlc03_sc_bst_beastmen,wh_dlc03_sc_bst_beastmen|wh2_twa04_bst_cha_great_bray_shaman_beasts_0,wh2_twa04_bst_cha_great_bray_shaman_death_2,Great Bray-Shaman (Death),Death,,,,Tuskgor Chariot,true
wh_dlc03_sc_bst_beastmen,wh_dlc03_sc_bst_beastmen|wh2_twa04_bst_cha_great_bray_shaman_beasts_0,wh2_twa04_bst_cha_great_bray_shaman_shadows_0,Great Bray-Shaman (Shadows),Shadows,,,,On foot,true
wh_dlc03_sc_bst_beastmen,wh_dlc03_sc_bst_beastmen|wh2_twa04_bst_cha_great_bray_shaman_beasts_0,wh2_twa04_bst_cha_great_bray_shaman_shadows_1,Great Bray-Shaman (Shadows),Shadows,,,,Razorgor Chariot,true
wh_dlc03_sc_bst_beastmen,wh_dlc03_sc_bst_beastmen|wh2_twa04_bst_cha_great_bray_shaman_beasts_0,wh2_twa04_bst_cha_great_bray_shaman_shadows_2,Great Bray-Shaman (Shadows),Shadows,,,,Tuskgor Chariot,true
wh_dlc03_sc_bst_beastmen,wh_dlc03_sc_bst_beastmen|wh2_twa04_bst_cha_great_bray_shaman_beasts_0,wh2_twa04_bst_cha_great_bray_shaman_wild_0,Great Bray-Shaman (Wild),Wild,,,,On foot,true
wh_dlc03_sc_bst_beastmen,wh_dlc03_sc_bst_beastmen|wh2_twa04_bst_cha_great_bray_shaman_beasts_0,wh2_twa04_bst_cha_great_bray_shaman_wild_1,Great Bray-Shaman (Wild),Wild,,,,Razorgor Chariot,true
wh_dlc03_sc_bst_beastmen,wh_dlc03_sc_bst_beastmen|wh2_twa04_bst_cha_great_bray_shaman_beasts_0,wh2_twa04_bst_cha_great_bray_shaman_wild_2,Great Bray-Shaman (Wild),Wild,,,,Tuskgor Chariot,true
wh_dlc03_sc_bst_beastmen,wh_dlc03_sc_bst_beastmen|wh3_dlc24_bst_inf_centigors_great_weapons_mtze,wh3_dlc24_bst_inf_centigors_great_weapons_mtze,Centigors of Tzeentch,,,,,,true
wh_dlc03_sc_bst_beastmen,wh_dlc03_sc_bst_beastmen|wh3_dlc24_bst_inf_tzaangors,wh3_dlc24_bst_inf_tzaangors,Tzaangors,,,,,,true
wh_dlc03_sc_bst_beastmen,wh_dlc03_sc_bst_beastmen|wh3_dlc24_bst_mon_cockatrice,wh3_dlc24_bst_mon_cockatrice,Cockatrice,,,,,,true
wh_dlc03_sc_bst_beastmen,wh_dlc03_sc_bst_beastmen|wh3_dlc24_bst_mon_incarnate_elemental_of_beasts,wh3_dlc24_bst_mon_incarnate_elemental_of_beasts,Incarnate Elemental of Beasts,,,,,,true
wh_dlc03_sc_bst_beastmen,wh_dlc03_sc_bst_beastmen|wh3_dlc25_bst_inf_pestigors,wh3_dlc25_bst_inf_pestigors,Pestigors,,,,,,true
wh_dlc03_sc_bst_beastmen,wh_dlc03_sc_bst_beastmen|wh3_dlc26_bst_inf_khorngors,wh3_dlc26_bst_inf_khorngors,Khorngors,,,,,,true
wh_dlc03_sc_bst_beastmen,wh_dlc03_sc_bst_beastmen|wh3_dlc27_bst_inf_slaangors,wh3_dlc27_bst_inf_slaangors,Slaangors,,,,,,true
wh_dlc03_sc_bst_beastmen,wh_dlc03_sc_bst_beastmen|wh3_dlc27_bst_mon_chimera,wh3_dlc27_bst_mon_chimera,Chimera,,,,,,true
wh_dlc03_sc_bst_beastmen,wh_dlc03_sc_bst_beastmen|wh3_dlc27_bst_mon_chimera_ror,wh3_dlc27_bst_mon_chimera_ror,Bloodshriek Chimera (Chimera),,,,,,true
wh_dlc03_sc_bst_beastmen,wh_dlc03_sc_bst_beastmen|wh3_dlc27_bst_mon_preyton,wh3_dlc27_bst_mon_preyton,Preyton,,,,,,true
wh_dlc03_sc_bst_beastmen,wh_dlc03_sc_bst_beastmen|wh3_dlc27_bst_mon_preyton_ror,wh3_dlc27_bst_mon_preyton_ror,Scourge of Arden (Preyton),,,,,,true
wh_dlc03_sc_bst_beastmen,wh_dlc03_sc_bst_beastmen|wh3_dlc29_bst_mon_basilisk,wh3_dlc29_bst_mon_basilisk,Basilisk,,,,,,true
wh_dlc03_sc_bst_beastmen,wh_dlc03_sc_bst_beastmen|wh3_dlc29_bst_mon_giant_spined_chaos_beast,wh3_dlc29_bst_mon_giant_spined_chaos_beast,Giant Spined Chaos Beast,,,,,,true
wh_dlc03_sc_bst_beastmen,wh_dlc03_sc_bst_beastmen|wh3_dlc29_bst_mon_giant_spined_chaos_beast_ror,wh3_dlc29_bst_mon_giant_spined_chaos_beast_ror,Bane of Wittengast (Giant Spined Chaos Beast),,,,,,true
wh_dlc03_sc_bst_beastmen,wh_dlc03_sc_bst_beastmen|wh_dlc03_bst_cav_razorgor_chariot_0,wh_dlc03_bst_cav_razorgor_chariot_0,Razorgor Chariots,,,,,,true
wh_dlc03_sc_bst_beastmen,wh_dlc03_sc_bst_beastmen|wh_dlc03_bst_cha_beastlord_0,wh2_dlc17_bst_cha_beastlord_2,Beastlord,,,,,Tuskgor Chariot,true
wh_dlc03_sc_bst_beastmen,wh_dlc03_sc_bst_beastmen|wh_dlc03_bst_cha_beastlord_0,wh_dlc03_bst_cha_beastlord_0,Beastlord,,,,,On foot,true
wh_dlc03_sc_bst_beastmen,wh_dlc03_sc_bst_beastmen|wh_dlc03_bst_cha_beastlord_0,wh_dlc03_bst_cha_beastlord_1,Beastlord,,,,,Razorgor Chariot,true
wh_dlc03_sc_bst_beastmen,wh_dlc03_sc_bst_beastmen|wh_dlc03_bst_cha_bray_shaman_beasts_0,wh2_dlc17_bst_cha_bray_shaman_beasts_2,Bray-Shaman (Beasts),Beasts,,,,Tuskgor Chariot,true
wh_dlc03_sc_bst_beastmen,wh_dlc03_sc_bst_beastmen|wh_dlc03_bst_cha_bray_shaman_beasts_0,wh2_dlc17_bst_cha_bray_shaman_death_2,Bray-Shaman (Death),Death,,,,Tuskgor Chariot,true
wh_dlc03_sc_bst_beastmen,wh_dlc03_sc_bst_beastmen|wh_dlc03_bst_cha_bray_shaman_beasts_0,wh2_dlc17_bst_cha_bray_shaman_shadows_2,Bray-Shaman (Shadows),Shadows,,,,Tuskgor Chariot,true
wh_dlc03_sc_bst_beastmen,wh_dlc03_sc_bst_beastmen|wh_dlc03_bst_cha_bray_shaman_beasts_0,wh2_dlc17_bst_cha_bray_shaman_wild_2,Bray-Shaman (Wild),Wild,,,,Tuskgor Chariot,true
wh_dlc03_sc_bst_beastmen,wh_dlc03_sc_bst_beastmen|wh_dlc03_bst_cha_bray_shaman_beasts_0,wh_dlc03_bst_cha_bray_shaman_beasts_0,Bray-Shaman (Beasts),Beasts,,,,On foot,true
wh_dlc03_sc_bst_beastmen,wh_dlc03_sc_bst_beastmen|wh_dlc03_bst_cha_bray_shaman_beasts_0,wh_dlc03_bst_cha_bray_shaman_beasts_1,Bray-Shaman (Beasts),Beasts,,,,Razorgor Chariot,true
wh_dlc03_sc_bst_beastmen,wh_dlc03_sc_bst_beastmen|wh_dlc03_bst_cha_bray_shaman_beasts_0,wh_dlc03_bst_cha_bray_shaman_death_0,Bray-Shaman (Death),Death,,,,On foot,true
wh_dlc03_sc_bst_beastmen,wh_dlc03_sc_bst_beastmen|wh_dlc03_bst_cha_bray_shaman_beasts_0,wh_dlc03_bst_cha_bray_shaman_death_1,Bray-Shaman (Death),Death,,,,Razorgor Chariot,true
wh_dlc03_sc_bst_beastmen,wh_dlc03_sc_bst_beastmen|wh_dlc03_bst_cha_bray_shaman_beasts_0,wh_dlc03_bst_cha_bray_shaman_shadows_0,Bray-Shaman (Shadows),Shadows,,,,On foot,true
wh_dlc03_sc_bst_beastmen,wh_dlc03_sc_bst_beastmen|wh_dlc03_bst_cha_bray_shaman_beasts_0,wh_dlc03_bst_cha_bray_shaman_shadows_1,Bray-Shaman (Shadows),Shadows,,,,Razorgor Chariot,true
wh_dlc03_sc_bst_beastmen,wh_dlc03_sc_bst_beastmen|wh_dlc03_bst_cha_bray_shaman_beasts_0,wh_dlc03_bst_cha_bray_shaman_wild_0,Bray-Shaman (Wild),Wild,,,,On foot,true
wh_dlc03_sc_bst_beastmen,wh_dlc03_sc_bst_beastmen|wh_dlc03_bst_cha_bray_shaman_beasts_0,wh_dlc03_bst_cha_bray_shaman_wild_1,Bray-Shaman (Wild),Wild,,,,Razorgor Chariot,true
wh_dlc03_sc_bst_beastmen,wh_dlc03_sc_bst_beastmen|wh_dlc03_bst_cha_gorebull_0,wh_dlc03_bst_cha_gorebull_0,Gorebull,,,,,,true
wh_dlc03_sc_bst_beastmen,wh_dlc03_sc_bst_beastmen|wh_dlc03_bst_cha_khazrak_one_eye_0,wh2_dlc17_bst_cha_khazrak_one_eye_2,Khazrak the One-Eye,,,,,Tuskgor Chariot,true
wh_dlc03_sc_bst_beastmen,wh_dlc03_sc_bst_beastmen|wh_dlc03_bst_cha_khazrak_one_eye_0,wh_dlc03_bst_cha_khazrak_one_eye_0,Khazrak the One-Eye,,,,,On foot,true
wh_dlc03_sc_bst_beastmen,wh_dlc03_sc_bst_beastmen|wh_dlc03_bst_cha_khazrak_one_eye_0,wh_dlc03_bst_cha_khazrak_one_eye_1,Khazrak the One-Eye,,,,,Razorgor Chariot,true
wh_dlc03_sc_bst_beastmen,wh_dlc03_sc_bst_beastmen|wh_dlc03_bst_cha_malagor_the_dark_omen_0,wh_dlc03_bst_cha_malagor_the_dark_omen_0,Malagor the Dark Omen,,,,,,true
wh_dlc03_sc_bst_beastmen,wh_dlc03_sc_bst_beastmen|wh_dlc03_bst_feral_manticore,wh_dlc03_bst_feral_manticore,Feral Manticore,,,,,,true
wh_dlc03_sc_bst_beastmen,wh_dlc03_sc_bst_beastmen|wh_dlc03_bst_inf_bestigor_herd_0,wh_dlc03_bst_inf_bestigor_herd_0,Bestigor Herd,,,,,,true
wh_dlc03_sc_bst_beastmen,wh_dlc03_sc_bst_beastmen|wh_dlc03_bst_inf_centigors_0,wh_dlc03_bst_inf_centigors_0,Centigors,,,,,,true
wh_dlc03_sc_bst_beastmen,wh_dlc03_sc_bst_beastmen|wh_dlc03_bst_inf_centigors_1,wh_dlc03_bst_inf_centigors_1,Centigors (Throwing Axes),,,,,,true
wh_dlc03_sc_bst_beastmen,wh_dlc03_sc_bst_beastmen|wh_dlc03_bst_inf_centigors_2,wh_dlc03_bst_inf_centigors_2,Centigors (Great Weapons),,,,,,true
wh_dlc03_sc_bst_beastmen,wh_dlc03_sc_bst_beastmen|wh_dlc03_bst_inf_chaos_warhounds_0,wh_dlc03_bst_inf_chaos_warhounds_0,Chaos Warhounds,,,,,,true
wh_dlc03_sc_bst_beastmen,wh_dlc03_sc_bst_beastmen|wh_dlc03_bst_inf_chaos_warhounds_1,wh_dlc03_bst_inf_chaos_warhounds_1,Chaos Warhounds (Poison),,,,,,true
wh_dlc03_sc_bst_beastmen,wh_dlc03_sc_bst_beastmen|wh_dlc03_bst_inf_cygor_0,wh_dlc03_bst_inf_cygor_0,Cygor,,,,,,true
wh_dlc03_sc_bst_beastmen,wh_dlc03_sc_bst_beastmen|wh_dlc03_bst_inf_gor_herd_0,wh_dlc03_bst_inf_gor_herd_0,Gor Herd,,,,,,true
wh_dlc03_sc_bst_beastmen,wh_dlc03_sc_bst_beastmen|wh_dlc03_bst_inf_gor_herd_1,wh_dlc03_bst_inf_gor_herd_1,Gor Herd (Shields),,,,,,true
wh_dlc03_sc_bst_beastmen,wh_dlc03_sc_bst_beastmen|wh_dlc03_bst_inf_minotaurs_0,wh_dlc03_bst_inf_minotaurs_0,Minotaurs,,,,,,true
wh_dlc03_sc_bst_beastmen,wh_dlc03_sc_bst_beastmen|wh_dlc03_bst_inf_minotaurs_1,wh_dlc03_bst_inf_minotaurs_1,Minotaurs (Shields),,,,,,true
wh_dlc03_sc_bst_beastmen,wh_dlc03_sc_bst_beastmen|wh_dlc03_bst_inf_minotaurs_2,wh_dlc03_bst_inf_minotaurs_2,Minotaurs (Great Weapons),,,,,,true
wh_dlc03_sc_bst_beastmen,wh_dlc03_sc_bst_beastmen|wh_dlc03_bst_inf_razorgor_herd_0,wh_dlc03_bst_inf_razorgor_herd_0,Razorgor Herd,,,,,,true
wh_dlc03_sc_bst_beastmen,wh_dlc03_sc_bst_beastmen|wh_dlc03_bst_inf_ungor_herd_1,wh_dlc03_bst_inf_ungor_herd_1,Ungor Herd,,,,,,true
wh_dlc03_sc_bst_beastmen,wh_dlc03_sc_bst_beastmen|wh_dlc03_bst_inf_ungor_raiders_0,wh_dlc03_bst_inf_ungor_raiders_0,Ungor Raiders,,,,,,true
wh_dlc03_sc_bst_beastmen,wh_dlc03_sc_bst_beastmen|wh_dlc03_bst_inf_ungor_spearmen_0,wh_dlc03_bst_inf_ungor_spearmen_0,Ungor Spearmen Herd,,,,,,true
wh_dlc03_sc_bst_beastmen,wh_dlc03_sc_bst_beastmen|wh_dlc03_bst_inf_ungor_spearmen_1,wh_dlc03_bst_inf_ungor_spearmen_1,Ungor Spearmen Herd (Shields),,,,,,true
wh_dlc03_sc_bst_beastmen,wh_dlc03_sc_bst_beastmen|wh_dlc03_bst_mon_chaos_spawn_0,wh_dlc03_bst_mon_chaos_spawn_0,Chaos Spawn,,,,,,true
wh_dlc03_sc_bst_beastmen,wh_dlc03_sc_bst_beastmen|wh_dlc03_bst_mon_giant_0,wh_dlc03_bst_mon_giant_0,Giant,,,,,,true
wh_dlc03_sc_bst_beastmen,wh_dlc03_sc_bst_beastmen|wh_dlc05_bst_cha_morghur_0,wh_dlc05_bst_cha_morghur_0,Morghur the Shadowgave,,,,,,true
wh_dlc03_sc_bst_beastmen,wh_dlc03_sc_bst_beastmen|wh_dlc05_bst_mon_harpies_0,wh_dlc05_bst_mon_harpies_0,Harpies,,,,,,true
wh_dlc03_sc_bst_beastmen,wh_dlc03_sc_bst_beastmen|wh_pro04_bst_inf_bestigor_herd_ror_0,wh_pro04_bst_inf_bestigor_herd_ror_0,Khorrok's Manrippers (Bestigor Herd),,,,,,true
wh_dlc03_sc_bst_beastmen,wh_dlc03_sc_bst_beastmen|wh_pro04_bst_inf_centigors_ror_0,wh_pro04_bst_inf_centigors_ror_0,Sons of Ghorros (Centigors – Great Weapons),,,,,,true
wh_dlc03_sc_bst_beastmen,wh_dlc03_sc_bst_beastmen|wh_pro04_bst_inf_cygor_ror_0,wh_pro04_bst_inf_cygor_ror_0,The Eye of Morrslieb (Cygor),,,,,,true
wh_dlc03_sc_bst_beastmen,wh_dlc03_sc_bst_beastmen|wh_pro04_bst_inf_gor_herd_ror_0,wh_pro04_bst_inf_gor_herd_ror_0,Black-Horn's Ravagers (Gor Herd – Shields),,,,,,true
wh_dlc03_sc_bst_beastmen,wh_dlc03_sc_bst_beastmen|wh_pro04_bst_inf_minotaurs_ror_0,wh_pro04_bst_inf_minotaurs_ror_0,Butchers of Kalkengard (Minotaurs – Shields),,,,,,true
wh_dlc03_sc_bst_beastmen,wh_dlc03_sc_bst_beastmen|wh_pro04_bst_inf_ungor_spearmen_ror_0,wh_pro04_bst_inf_ungor_spearmen_ror_0,Destroyers of the Drakwald (Ungor Spearmen Herd – Shields),,,,,,true
wh_dlc05_sc_wef_wood_elves,wh_dlc05_sc_wef_wood_elves|wh2_dlc16_wef_cav_glade_riders_2,wh2_dlc16_wef_cav_glade_riders_2,Glade Riders (Spears),,,,,,true
wh_dlc05_sc_wef_wood_elves,wh_dlc05_sc_wef_wood_elves|wh2_dlc16_wef_cav_great_stag_knights_0,wh2_dlc16_wef_cav_great_stag_knights_0,Great Stag Knights,,,,,,true
wh_dlc05_sc_wef_wood_elves,wh_dlc05_sc_wef_wood_elves|wh2_dlc16_wef_cav_great_stag_knights_ror_0,wh2_dlc16_wef_cav_great_stag_knights_ror_0,Lost Sylvan Knights (Great Stag Knights),,,,,,true
wh_dlc05_sc_wef_wood_elves,wh_dlc05_sc_wef_wood_elves|wh2_dlc16_wef_cha_ancient_treeman_coeddil_0,wh2_dlc16_wef_cha_ancient_treeman_coeddil_0,Coeddil,,,,,,false
wh_dlc05_sc_wef_wood_elves,wh_dlc05_sc_wef_wood_elves|wh2_dlc16_wef_cha_ariel_0,wh2_dlc16_wef_cha_ariel_0,Ariel,,,,,,true
wh_dlc05_sc_wef_wood_elves,wh_dlc05_sc_wef_wood_elves|wh2_dlc16_wef_cha_drycha_0,wh2_dlc16_wef_cha_drycha_0,Drycha,,,,,,true
wh_dlc05_sc_wef_wood_elves,wh_dlc05_sc_wef_wood_elves|wh2_dlc16_wef_cha_sisters_of_twilight_0,wh2_dlc16_wef_cha_sisters_of_twilight_0,Sisters of Twilight,,,,,On foot,true
wh_dlc05_sc_wef_wood_elves,wh_dlc05_sc_wef_wood_elves|wh2_dlc16_wef_cha_sisters_of_twilight_0,wh2_dlc16_wef_cha_sisters_of_twilight_1,Sisters of Twilight,,,,,Ceithin-Har,true
wh_dlc05_sc_wef_wood_elves,wh_dlc05_sc_wef_wood_elves|wh2_dlc16_wef_cha_spellweaver_beasts_0,wh2_dlc16_wef_cha_spellweaver_beasts_0,Spellweaver (Beasts),Beasts,,,,On foot,true
wh_dlc05_sc_wef_wood_elves,wh_dlc05_sc_wef_wood_elves|wh2_dlc16_wef_cha_spellweaver_beasts_0,wh2_dlc16_wef_cha_spellweaver_beasts_1,Spellweaver (Beasts),Beasts,,,,Elven Steed,true
wh_dlc05_sc_wef_wood_elves,wh_dlc05_sc_wef_wood_elves|wh2_dlc16_wef_cha_spellweaver_beasts_0,wh2_dlc16_wef_cha_spellweaver_beasts_2,Spellweaver (Beasts),Beasts,,,,Unicorn,true
wh_dlc05_sc_wef_wood_elves,wh_dlc05_sc_wef_wood_elves|wh2_dlc16_wef_cha_spellweaver_beasts_0,wh2_dlc16_wef_cha_spellweaver_beasts_3,Spellweaver (Beasts),Beasts,,,,Great Eagle,true
wh_dlc05_sc_wef_wood_elves,wh_dlc05_sc_wef_wood_elves|wh2_dlc16_wef_cha_spellweaver_beasts_0,wh2_dlc16_wef_cha_spellweaver_dark_0,Spellweaver (Dark),Dark,,,,On foot,true
wh_dlc05_sc_wef_wood_elves,wh_dlc05_sc_wef_wood_elves|wh2_dlc16_wef_cha_spellweaver_beasts_0,wh2_dlc16_wef_cha_spellweaver_dark_1,Spellweaver (Dark),Dark,,,,Elven Steed,true
wh_dlc05_sc_wef_wood_elves,wh_dlc05_sc_wef_wood_elves|wh2_dlc16_wef_cha_spellweaver_beasts_0,wh2_dlc16_wef_cha_spellweaver_dark_2,Spellweaver (Dark),Dark,,,,Unicorn,true
wh_dlc05_sc_wef_wood_elves,wh_dlc05_sc_wef_wood_elves|wh2_dlc16_wef_cha_spellweaver_beasts_0,wh2_dlc16_wef_cha_spellweaver_dark_3,Spellweaver (Dark),Dark,,,,Great Eagle,true
wh_dlc05_sc_wef_wood_elves,wh_dlc05_sc_wef_wood_elves|wh2_dlc16_wef_cha_spellweaver_beasts_0,wh2_dlc16_wef_cha_spellweaver_high_0,Spellweaver (High),High,,,,On foot,true
wh_dlc05_sc_wef_wood_elves,wh_dlc05_sc_wef_wood_elves|wh2_dlc16_wef_cha_spellweaver_beasts_0,wh2_dlc16_wef_cha_spellweaver_high_1,Spellweaver (High),High,,,,Elven Steed,true
wh_dlc05_sc_wef_wood_elves,wh_dlc05_sc_wef_wood_elves|wh2_dlc16_wef_cha_spellweaver_beasts_0,wh2_dlc16_wef_cha_spellweaver_high_2,Spellweaver (High),High,,,,Unicorn,true
wh_dlc05_sc_wef_wood_elves,wh_dlc05_sc_wef_wood_elves|wh2_dlc16_wef_cha_spellweaver_beasts_0,wh2_dlc16_wef_cha_spellweaver_high_3,Spellweaver (High),High,,,,Great Eagle,true
wh_dlc05_sc_wef_wood_elves,wh_dlc05_sc_wef_wood_elves|wh2_dlc16_wef_cha_spellweaver_beasts_0,wh2_dlc16_wef_cha_spellweaver_life_0,Spellweaver (Life),Life,,,,On foot,true
wh_dlc05_sc_wef_wood_elves,wh_dlc05_sc_wef_wood_elves|wh2_dlc16_wef_cha_spellweaver_beasts_0,wh2_dlc16_wef_cha_spellweaver_life_1,Spellweaver (Life),Life,,,,Elven Steed,true
wh_dlc05_sc_wef_wood_elves,wh_dlc05_sc_wef_wood_elves|wh2_dlc16_wef_cha_spellweaver_beasts_0,wh2_dlc16_wef_cha_spellweaver_life_2,Spellweaver (Life),Life,,,,Unicorn,true
wh_dlc05_sc_wef_wood_elves,wh_dlc05_sc_wef_wood_elves|wh2_dlc16_wef_cha_spellweaver_beasts_0,wh2_dlc16_wef_cha_spellweaver_life_3,Spellweaver (Life),Life,,,,Great Eagle,true
wh_dlc05_sc_wef_wood_elves,wh_dlc05_sc_wef_wood_elves|wh2_dlc16_wef_cha_spellweaver_beasts_0,wh2_dlc16_wef_cha_spellweaver_shadows_0,Spellweaver (Shadows),Shadows,,,,On foot,true
wh_dlc05_sc_wef_wood_elves,wh_dlc05_sc_wef_wood_elves|wh2_dlc16_wef_cha_spellweaver_beasts_0,wh2_dlc16_wef_cha_spellweaver_shadows_1,Spellweaver (Shadows),Shadows,,,,Elven Steed,true
wh_dlc05_sc_wef_wood_elves,wh_dlc05_sc_wef_wood_elves|wh2_dlc16_wef_cha_spellweaver_beasts_0,wh2_dlc16_wef_cha_spellweaver_shadows_2,Spellweaver (Shadows),Shadows,,,,Unicorn,true
wh_dlc05_sc_wef_wood_elves,wh_dlc05_sc_wef_wood_elves|wh2_dlc16_wef_cha_spellweaver_beasts_0,wh2_dlc16_wef_cha_spellweaver_shadows_3,Spellweaver (Shadows),Shadows,,,,Great Eagle,true
wh_dlc05_sc_wef_wood_elves,wh_dlc05_sc_wef_wood_elves|wh2_dlc16_wef_inf_bladesingers_0,wh2_dlc16_wef_inf_bladesingers_0,Bladesingers,,,,,,true
wh_dlc05_sc_wef_wood_elves,wh_dlc05_sc_wef_wood_elves|wh2_dlc16_wef_inf_dryads_ror_0,wh2_dlc16_wef_inf_dryads_ror_0,Wraiths of the Frozen Heart (Dryads),,,,,,true
wh_dlc05_sc_wef_wood_elves,wh_dlc05_sc_wef_wood_elves|wh2_dlc16_wef_mon_cave_bats,wh2_dlc16_wef_mon_cave_bats,Cave Bats,,,,,,false
wh_dlc05_sc_wef_wood_elves,wh_dlc05_sc_wef_wood_elves|wh2_dlc16_wef_mon_ceithin_har_summoned,wh2_dlc16_wef_mon_ceithin_har_summoned,Ceithin-Har,,,,,,false
wh_dlc05_sc_wef_wood_elves,wh_dlc05_sc_wef_wood_elves|wh2_dlc16_wef_mon_feral_manticore,wh2_dlc16_wef_mon_feral_manticore,Feral Manticore,,,,,,false
wh_dlc05_sc_wef_wood_elves,wh_dlc05_sc_wef_wood_elves|wh2_dlc16_wef_mon_giant_spiders_0,wh2_dlc16_wef_mon_giant_spiders_0,Giant Spiders,,,,,,false
wh_dlc05_sc_wef_wood_elves,wh_dlc05_sc_wef_wood_elves|wh2_dlc16_wef_mon_gwindalor_summoned,wh2_dlc16_wef_mon_gwindalor_summoned,Gwindalor,,,,,,false
wh_dlc05_sc_wef_wood_elves,wh_dlc05_sc_wef_wood_elves|wh2_dlc16_wef_mon_hawks_0,wh2_dlc16_wef_mon_hawks_0,Great Hawks,,,,,,false
wh_dlc05_sc_wef_wood_elves,wh_dlc05_sc_wef_wood_elves|wh2_dlc16_wef_mon_wolves_0,wh2_dlc16_wef_mon_wolves_0,Giant Wolves,,,,,,false
wh_dlc05_sc_wef_wood_elves,wh_dlc05_sc_wef_wood_elves|wh2_dlc16_wef_mon_zoats,wh2_dlc16_wef_mon_zoats,Zoats,,,,,,true
wh_dlc05_sc_wef_wood_elves,wh_dlc05_sc_wef_wood_elves|wh2_dlc16_wef_mon_zoats_ror_0,wh2_dlc16_wef_mon_zoats_ror_0,Enigmas of Ghyran (Zoats),,,,,,true
wh_dlc05_sc_wef_wood_elves,wh_dlc05_sc_wef_wood_elves|wh2_twa02_wef_cha_glade_captain_0,wh2_twa02_wef_cha_glade_captain_0,Glade Captain,,,,,On foot,true
wh_dlc05_sc_wef_wood_elves,wh_dlc05_sc_wef_wood_elves|wh2_twa02_wef_cha_glade_captain_0,wh2_twa02_wef_cha_glade_captain_1,Glade Captain,,,,,Elven Steed,true
wh_dlc05_sc_wef_wood_elves,wh_dlc05_sc_wef_wood_elves|wh2_twa02_wef_cha_glade_captain_0,wh2_twa02_wef_cha_glade_captain_2,Glade Captain,,,,,Great Eagle,true
wh_dlc05_sc_wef_wood_elves,wh_dlc05_sc_wef_wood_elves|wh2_twa02_wef_cha_glade_captain_0,wh2_twa02_wef_cha_glade_captain_3,Glade Captain,,,,,Great Stag,true
wh_dlc05_sc_wef_wood_elves,wh_dlc05_sc_wef_wood_elves|wh3_main_monster_feral_bears,wh3_main_monster_feral_bears,Feral Bears,,,,,,false
wh_dlc05_sc_wef_wood_elves,wh_dlc05_sc_wef_wood_elves|wh_dlc05_wef_cav_glade_riders_0,wh_dlc05_wef_cav_glade_riders_0,Glade Riders,,,,,,true
wh_dlc05_sc_wef_wood_elves,wh_dlc05_sc_wef_wood_elves|wh_dlc05_wef_cav_glade_riders_1,wh_dlc05_wef_cav_glade_riders_1,Glade Riders (Hagbane Tips),,,,,,true
wh_dlc05_sc_wef_wood_elves,wh_dlc05_sc_wef_wood_elves|wh_dlc05_wef_cav_hawk_riders_0,wh_dlc05_wef_cav_hawk_riders_0,Hawk Riders,,,,,,true
wh_dlc05_sc_wef_wood_elves,wh_dlc05_sc_wef_wood_elves|wh_dlc05_wef_cav_sisters_thorn_0,wh_dlc05_wef_cav_sisters_thorn_0,Sisters of the Thorn,,,,,,true
wh_dlc05_sc_wef_wood_elves,wh_dlc05_sc_wef_wood_elves|wh_dlc05_wef_cav_wild_riders_0,wh_dlc05_wef_cav_wild_riders_0,Wild Riders,,,,,,true
wh_dlc05_sc_wef_wood_elves,wh_dlc05_sc_wef_wood_elves|wh_dlc05_wef_cav_wild_riders_1,wh_dlc05_wef_cav_wild_riders_1,Wild Riders (Shields),,,,,,true
wh_dlc05_sc_wef_wood_elves,wh_dlc05_sc_wef_wood_elves|wh_dlc05_wef_cha_ancient_treeman_0,wh2_dlc16_wef_cha_malicious_ancient_treeman_beasts_0,Malevolent Ancient Treeman (Beasts),Beasts,,Wargrove of Woe,,,false
wh_dlc05_sc_wef_wood_elves,wh_dlc05_sc_wef_wood_elves|wh_dlc05_wef_cha_ancient_treeman_0,wh2_dlc16_wef_cha_malicious_ancient_treeman_life_0,Malevolent Ancient Treeman (Life),Life,,Wargrove of Woe,,,false
wh_dlc05_sc_wef_wood_elves,wh_dlc05_sc_wef_wood_elves|wh_dlc05_wef_cha_ancient_treeman_0,wh2_dlc16_wef_cha_malicious_ancient_treeman_shadows_0,Malevolent Ancient Treeman (Shadows),Shadows,,Wargrove of Woe,,,false
wh_dlc05_sc_wef_wood_elves,wh_dlc05_sc_wef_wood_elves|wh_dlc05_wef_cha_ancient_treeman_0,wh_dlc05_wef_cha_ancient_treeman_0,Ancient Treeman,,,Athel Loren,,,true
wh_dlc05_sc_wef_wood_elves,wh_dlc05_sc_wef_wood_elves|wh_dlc05_wef_cha_branchwraith_0,wh2_dlc16_wef_cha_malicious_branchwraith_beasts_0,Malevolent Branchwraith (Beasts),Beasts,,Wargrove of Woe,,,false
wh_dlc05_sc_wef_wood_elves,wh_dlc05_sc_wef_wood_elves|wh_dlc05_wef_cha_branchwraith_0,wh2_dlc16_wef_cha_malicious_branchwraith_life_0,Malevolent Branchwraith (Life),Life,,Wargrove of Woe,,,false
wh_dlc05_sc_wef_wood_elves,wh_dlc05_sc_wef_wood_elves|wh_dlc05_wef_cha_branchwraith_0,wh2_dlc16_wef_cha_malicious_branchwraith_shadows_0,Malevolent Branchwraith (Shadows),Shadows,,Wargrove of Woe,,,false
wh_dlc05_sc_wef_wood_elves,wh_dlc05_sc_wef_wood_elves|wh_dlc05_wef_cha_branchwraith_0,wh_dlc05_wef_cha_branchwraith_0,Branchwraith,,,Athel Loren,,,true
wh_dlc05_sc_wef_wood_elves,wh_dlc05_sc_wef_wood_elves|wh_dlc05_wef_cha_durthu_0,wh_dlc05_wef_cha_durthu_0,Durthu,,,,,,true
wh_dlc05_sc_wef_wood_elves,wh_dlc05_sc_wef_wood_elves|wh_dlc05_wef_cha_female_glade_lord_0,wh2_dlc16_wef_cha_female_glade_lord_4,Glade Lord,,,,,Great Stag,true
wh_dlc05_sc_wef_wood_elves,wh_dlc05_sc_wef_wood_elves|wh_dlc05_wef_cha_female_glade_lord_0,wh_dlc05_wef_cha_female_glade_lord_0,Glade Lord,,,,,On foot,true
wh_dlc05_sc_wef_wood_elves,wh_dlc05_sc_wef_wood_elves|wh_dlc05_wef_cha_female_glade_lord_0,wh_dlc05_wef_cha_female_glade_lord_1,Glade Lord,,,,,Elven Steed,true
wh_dlc05_sc_wef_wood_elves,wh_dlc05_sc_wef_wood_elves|wh_dlc05_wef_cha_female_glade_lord_0,wh_dlc05_wef_cha_female_glade_lord_2,Glade Lord,,,,,Great Eagle,true
wh_dlc05_sc_wef_wood_elves,wh_dlc05_sc_wef_wood_elves|wh_dlc05_wef_cha_female_glade_lord_0,wh_dlc05_wef_cha_female_glade_lord_3,Glade Lord,,,,,Forest Dragon,true
wh_dlc05_sc_wef_wood_elves,wh_dlc05_sc_wef_wood_elves|wh_dlc05_wef_cha_glade_lord_0,wh2_dlc16_wef_cha_glade_lord_4,Glade Lord,,,,,Great Stag,true
wh_dlc05_sc_wef_wood_elves,wh_dlc05_sc_wef_wood_elves|wh_dlc05_wef_cha_glade_lord_0,wh_dlc05_wef_cha_glade_lord_0,Glade Lord,,,,,On foot,true
wh_dlc05_sc_wef_wood_elves,wh_dlc05_sc_wef_wood_elves|wh_dlc05_wef_cha_glade_lord_0,wh_dlc05_wef_cha_glade_lord_1,Glade Lord,,,,,Elven Steed,true
wh_dlc05_sc_wef_wood_elves,wh_dlc05_sc_wef_wood_elves|wh_dlc05_wef_cha_glade_lord_0,wh_dlc05_wef_cha_glade_lord_2,Glade Lord,,,,,Great Eagle,true
wh_dlc05_sc_wef_wood_elves,wh_dlc05_sc_wef_wood_elves|wh_dlc05_wef_cha_glade_lord_0,wh_dlc05_wef_cha_glade_lord_3,Glade Lord,,,,,Forest Dragon,true
wh_dlc05_sc_wef_wood_elves,wh_dlc05_sc_wef_wood_elves|wh_dlc05_wef_cha_orion_0,wh_dlc05_wef_cha_orion_0,Orion,,,,,,true
wh_dlc05_sc_wef_wood_elves,wh_dlc05_sc_wef_wood_elves|wh_dlc05_wef_cha_spellsinger_beasts_0,wh_dlc05_wef_cha_spellsinger_beasts_0,Spellsinger (Beasts),Beasts,,,,On foot,true
wh_dlc05_sc_wef_wood_elves,wh_dlc05_sc_wef_wood_elves|wh_dlc05_wef_cha_spellsinger_beasts_0,wh_dlc05_wef_cha_spellsinger_beasts_1,Spellsinger (Beasts),Beasts,,,,Elven Steed,true
wh_dlc05_sc_wef_wood_elves,wh_dlc05_sc_wef_wood_elves|wh_dlc05_wef_cha_spellsinger_beasts_0,wh_dlc05_wef_cha_spellsinger_beasts_2,Spellsinger (Beasts),Beasts,,,,Great Eagle,true
wh_dlc05_sc_wef_wood_elves,wh_dlc05_sc_wef_wood_elves|wh_dlc05_wef_cha_spellsinger_beasts_0,wh_dlc05_wef_cha_spellsinger_beasts_3,Spellsinger (Beasts),Beasts,,,,Unicorn,true
wh_dlc05_sc_wef_wood_elves,wh_dlc05_sc_wef_wood_elves|wh_dlc05_wef_cha_spellsinger_beasts_0,wh_dlc05_wef_cha_spellsinger_life_0,Spellsinger (Life),Life,,,,On foot,true
wh_dlc05_sc_wef_wood_elves,wh_dlc05_sc_wef_wood_elves|wh_dlc05_wef_cha_spellsinger_beasts_0,wh_dlc05_wef_cha_spellsinger_life_1,Spellsinger (Life),Life,,,,Elven Steed,true
wh_dlc05_sc_wef_wood_elves,wh_dlc05_sc_wef_wood_elves|wh_dlc05_wef_cha_spellsinger_beasts_0,wh_dlc05_wef_cha_spellsinger_life_2,Spellsinger (Life),Life,,,,Great Eagle,true
wh_dlc05_sc_wef_wood_elves,wh_dlc05_sc_wef_wood_elves|wh_dlc05_wef_cha_spellsinger_beasts_0,wh_dlc05_wef_cha_spellsinger_life_3,Spellsinger (Life),Life,,,,Unicorn,true
wh_dlc05_sc_wef_wood_elves,wh_dlc05_sc_wef_wood_elves|wh_dlc05_wef_cha_spellsinger_beasts_0,wh_dlc05_wef_cha_spellsinger_shadows_0,Spellsinger (Shadows),Shadows,,,,On foot,true
wh_dlc05_sc_wef_wood_elves,wh_dlc05_sc_wef_wood_elves|wh_dlc05_wef_cha_spellsinger_beasts_0,wh_dlc05_wef_cha_spellsinger_shadows_1,Spellsinger (Shadows),Shadows,,,,Elven Steed,true
wh_dlc05_sc_wef_wood_elves,wh_dlc05_sc_wef_wood_elves|wh_dlc05_wef_cha_spellsinger_beasts_0,wh_dlc05_wef_cha_spellsinger_shadows_2,Spellsinger (Shadows),Shadows,,,,Great Eagle,true
wh_dlc05_sc_wef_wood_elves,wh_dlc05_sc_wef_wood_elves|wh_dlc05_wef_cha_spellsinger_beasts_0,wh_dlc05_wef_cha_spellsinger_shadows_3,Spellsinger (Shadows),Shadows,,,,Unicorn,true
wh_dlc05_sc_wef_wood_elves,wh_dlc05_sc_wef_wood_elves|wh_dlc05_wef_cha_waystalker_0,wh_dlc05_wef_cha_waystalker_0,Waystalker,,,,,,true
wh_dlc05_sc_wef_wood_elves,wh_dlc05_sc_wef_wood_elves|wh_dlc05_wef_forest_dragon_0,wh_dlc05_wef_forest_dragon_0,Forest Dragon,,,,,,true
wh_dlc05_sc_wef_wood_elves,wh_dlc05_sc_wef_wood_elves|wh_dlc05_wef_inf_deepwood_scouts_0,wh_dlc05_wef_inf_deepwood_scouts_0,Deepwood Scouts,,,,,,true
wh_dlc05_sc_wef_wood_elves,wh_dlc05_sc_wef_wood_elves|wh_dlc05_wef_inf_deepwood_scouts_1,wh_dlc05_wef_inf_deepwood_scouts_1,Deepwood Scouts (Swiftshiver Shards),,,,,,true
wh_dlc05_sc_wef_wood_elves,wh_dlc05_sc_wef_wood_elves|wh_dlc05_wef_inf_dryads_0,wh2_dlc16_wef_inf_malicious_dryads_0,Malevolent Dryads,,,Wargrove of Woe,,,false
wh_dlc05_sc_wef_wood_elves,wh_dlc05_sc_wef_wood_elves|wh_dlc05_wef_inf_dryads_0,wh_dlc05_wef_inf_dryads_0,Dryads,,,Athel Loren,,,true
wh_dlc05_sc_wef_wood_elves,wh_dlc05_sc_wef_wood_elves|wh_dlc05_wef_inf_eternal_guard_0,wh_dlc05_wef_inf_eternal_guard_0,Eternal Guard,,,,,,true
wh_dlc05_sc_wef_wood_elves,wh_dlc05_sc_wef_wood_elves|wh_dlc05_wef_inf_eternal_guard_1,wh_dlc05_wef_inf_eternal_guard_1,Eternal Guard (Shields),,,,,,true
wh_dlc05_sc_wef_wood_elves,wh_dlc05_sc_wef_wood_elves|wh_dlc05_wef_inf_glade_guard_0,wh_dlc05_wef_inf_glade_guard_0,Glade Guard,,,,,,true
wh_dlc05_sc_wef_wood_elves,wh_dlc05_sc_wef_wood_elves|wh_dlc05_wef_inf_glade_guard_1,wh_dlc05_wef_inf_glade_guard_1,Glade Guard (Starfire Shafts),,,,,,true
wh_dlc05_sc_wef_wood_elves,wh_dlc05_sc_wef_wood_elves|wh_dlc05_wef_inf_glade_guard_2,wh_dlc05_wef_inf_glade_guard_2,Glade Guard (Hagbane Tips),,,,,,true
wh_dlc05_sc_wef_wood_elves,wh_dlc05_sc_wef_wood_elves|wh_dlc05_wef_inf_wardancers_0,wh_dlc05_wef_inf_wardancers_0,Wardancers,,,,,,true
wh_dlc05_sc_wef_wood_elves,wh_dlc05_sc_wef_wood_elves|wh_dlc05_wef_inf_wardancers_1,wh_dlc05_wef_inf_wardancers_1,Wardancers (Asrai Spears),,,,,,true
wh_dlc05_sc_wef_wood_elves,wh_dlc05_sc_wef_wood_elves|wh_dlc05_wef_inf_waywatchers_0,wh_dlc05_wef_inf_waywatchers_0,Waywatchers,,,,,,true
wh_dlc05_sc_wef_wood_elves,wh_dlc05_sc_wef_wood_elves|wh_dlc05_wef_inf_wildwood_rangers_0,wh_dlc05_wef_inf_wildwood_rangers_0,Wildwood Rangers,,,,,,true
wh_dlc05_sc_wef_wood_elves,wh_dlc05_sc_wef_wood_elves|wh_dlc05_wef_mon_great_eagle_0,wh_dlc05_wef_mon_great_eagle_0,Great Eagle,,,,,,true
wh_dlc05_sc_wef_wood_elves,wh_dlc05_sc_wef_wood_elves|wh_dlc05_wef_mon_treekin_0,wh2_dlc16_wef_mon_malicious_treekin_0,Malevolent Tree Kin,,,Wargrove of Woe,,,false
wh_dlc05_sc_wef_wood_elves,wh_dlc05_sc_wef_wood_elves|wh_dlc05_wef_mon_treekin_0,wh_dlc05_wef_mon_treekin_0,Tree Kin,,,Athel Loren,,,true
wh_dlc05_sc_wef_wood_elves,wh_dlc05_sc_wef_wood_elves|wh_dlc05_wef_mon_treeman_0,wh2_dlc16_wef_mon_malicious_treeman_0,Malevolent Treeman,,,Wargrove of Woe,,,false
wh_dlc05_sc_wef_wood_elves,wh_dlc05_sc_wef_wood_elves|wh_dlc05_wef_mon_treeman_0,wh_dlc05_wef_mon_treeman_0,Treeman,,,Athel Loren,,,true
wh_dlc05_sc_wef_wood_elves,wh_dlc05_sc_wef_wood_elves|wh_pro04_wef_cav_wild_riders_ror_0,wh_pro04_wef_cav_wild_riders_ror_0,Wild Hunters of Kurnous (Wild Riders – Shields),,,,,,true
wh_dlc05_sc_wef_wood_elves,wh_dlc05_sc_wef_wood_elves|wh_pro04_wef_inf_eternal_guard_ror_0,wh_pro04_wef_inf_eternal_guard_ror_0,Winterheart Guard (Eternal Guard – Shields),,,,,,true
wh_dlc05_sc_wef_wood_elves,wh_dlc05_sc_wef_wood_elves|wh_pro04_wef_inf_wardancers_ror_0,wh_pro04_wef_inf_wardancers_ror_0,Loec's Tricksters (Wardancers – Asrai Spears),,,,,,true
wh_dlc05_sc_wef_wood_elves,wh_dlc05_sc_wef_wood_elves|wh_pro04_wef_inf_waywatchers_ror_0,wh_pro04_wef_inf_waywatchers_ror_0,Hawk-Eyes of Drakira (Waywatchers),,,,,,true
wh_dlc05_sc_wef_wood_elves,wh_dlc05_sc_wef_wood_elves|wh_pro04_wef_inf_wildwood_rangers_ror_0,wh_pro04_wef_inf_wildwood_rangers_ror_0,Wardens of Cythral (Wildwood Rangers),,,,,,true
wh_dlc05_sc_wef_wood_elves,wh_dlc05_sc_wef_wood_elves|wh_pro04_wef_mon_treekin_ror_0,wh_pro04_wef_mon_treekin_ror_0,Firebark Elders (Tree Kin),,,,,,true
wh_dlc08_sc_nor_norsca,wh_dlc08_sc_nor_norsca|wh3_dlc26_kho_cha_scyla_anfingrimm,wh3_dlc26_kho_cha_scyla_anfingrimm,Scyla Anfingrimm,,,,,,true
wh_dlc08_sc_nor_norsca,wh_dlc08_sc_nor_norsca|wh3_dlc27_nor_cav_chaos_chariot_ror,wh3_dlc27_nor_cav_chaos_chariot_ror,Followers of the Great Eagle (Marauder Chariots),,,,,,true
wh_dlc08_sc_nor_norsca,wh_dlc08_sc_nor_norsca|wh3_dlc27_nor_cav_kurgan_horsemen_dualweapons,wh3_dlc27_nor_cav_kurgan_horsemen_dualweapons,Kurgan Horsemen (Dual Weapons),,,,,,true
wh_dlc08_sc_nor_norsca,wh_dlc08_sc_nor_norsca|wh3_dlc27_nor_cav_kurgan_horsemen_greatweapons,wh3_dlc27_nor_cav_kurgan_horsemen_greatweapons,Kurgan Horsemen (Great Weapons),,,,,,true
wh_dlc08_sc_nor_norsca,wh_dlc08_sc_nor_norsca|wh3_dlc27_nor_cav_marauder_horsemen_ror,wh3_dlc27_nor_cav_marauder_horsemen_ror,Riders of the Mighty Serpent (Marauder Horsemen),,,,,,true
wh_dlc08_sc_nor_norsca,wh_dlc08_sc_nor_norsca|wh3_dlc27_nor_cha_beorg_bearstruck,wh3_dlc27_nor_cha_beorg_bearstruck,Beorg Bearstruck,,,,,,true
wh_dlc08_sc_nor_norsca,wh_dlc08_sc_nor_norsca|wh3_dlc27_nor_cha_fimir_noble,wh3_dlc27_nor_cha_fimir_noble,Fimir Noble,,,,,,true
wh_dlc08_sc_nor_norsca,wh_dlc08_sc_nor_norsca|wh3_dlc27_nor_cha_great_shaman_sorcerer_death,wh3_dlc27_nor_cha_great_shaman_sorcerer_death,Great Shaman-Sorcerer (Death),Death,,,,On foot,true
wh_dlc08_sc_nor_norsca,wh_dlc08_sc_nor_norsca|wh3_dlc27_nor_cha_great_shaman_sorcerer_death,wh3_dlc27_nor_cha_great_shaman_sorcerer_death_chariot,Great Shaman-Sorcerer (Death),Death,,,,Marauder Chariot,true
wh_dlc08_sc_nor_norsca,wh_dlc08_sc_nor_norsca|wh3_dlc27_nor_cha_great_shaman_sorcerer_death,wh3_dlc27_nor_cha_great_shaman_sorcerer_death_mammoth,Great Shaman-Sorcerer (Death),Death,,,,War Mammoth (Warshrine),true
wh_dlc08_sc_nor_norsca,wh_dlc08_sc_nor_norsca|wh3_dlc27_nor_cha_great_shaman_sorcerer_death,wh3_dlc27_nor_cha_great_shaman_sorcerer_death_warhorse,Great Shaman-Sorcerer (Death),Death,,,,Norscan Warhorse,true
wh_dlc08_sc_nor_norsca,wh_dlc08_sc_nor_norsca|wh3_dlc27_nor_cha_great_shaman_sorcerer_death,wh3_dlc27_nor_cha_great_shaman_sorcerer_fire,Great Shaman-Sorcerer (Fire),Fire,,,,On foot,true
wh_dlc08_sc_nor_norsca,wh_dlc08_sc_nor_norsca|wh3_dlc27_nor_cha_great_shaman_sorcerer_death,wh3_dlc27_nor_cha_great_shaman_sorcerer_fire_chariot,Great Shaman-Sorcerer (Fire),Fire,,,,Marauder Chariot,true
wh_dlc08_sc_nor_norsca,wh_dlc08_sc_nor_norsca|wh3_dlc27_nor_cha_great_shaman_sorcerer_death,wh3_dlc27_nor_cha_great_shaman_sorcerer_fire_mammoth,Great Shaman-Sorcerer (Fire),Fire,,,,War Mammoth (Warshrine),true
wh_dlc08_sc_nor_norsca,wh_dlc08_sc_nor_norsca|wh3_dlc27_nor_cha_great_shaman_sorcerer_death,wh3_dlc27_nor_cha_great_shaman_sorcerer_fire_warhorse,Great Shaman-Sorcerer (Fire),Fire,,,,Norscan Warhorse,true
wh_dlc08_sc_nor_norsca,wh_dlc08_sc_nor_norsca|wh3_dlc27_nor_cha_great_shaman_sorcerer_death,wh3_dlc27_nor_cha_great_shaman_sorcerer_metal,Great Shaman-Sorcerer (Metal),Metal,,,,On foot,true
wh_dlc08_sc_nor_norsca,wh_dlc08_sc_nor_norsca|wh3_dlc27_nor_cha_great_shaman_sorcerer_death,wh3_dlc27_nor_cha_great_shaman_sorcerer_metal_chariot,Great Shaman-Sorcerer (Metal),Metal,,,,Marauder Chariot,true
wh_dlc08_sc_nor_norsca,wh_dlc08_sc_nor_norsca|wh3_dlc27_nor_cha_great_shaman_sorcerer_death,wh3_dlc27_nor_cha_great_shaman_sorcerer_metal_mammoth,Great Shaman-Sorcerer (Metal),Metal,,,,War Mammoth (Warshrine),true
wh_dlc08_sc_nor_norsca,wh_dlc08_sc_nor_norsca|wh3_dlc27_nor_cha_great_shaman_sorcerer_death,wh3_dlc27_nor_cha_great_shaman_sorcerer_metal_warhorse,Great Shaman-Sorcerer (Metal),Metal,,,,Norscan Warhorse,true
wh_dlc08_sc_nor_norsca,wh_dlc08_sc_nor_norsca|wh3_dlc27_nor_cha_sayl_the_faithless,wh3_dlc27_nor_cha_sayl_the_faithless,Sayl the Faithless,,,,,On foot,true
wh_dlc08_sc_nor_norsca,wh_dlc08_sc_nor_norsca|wh3_dlc27_nor_cha_sayl_the_faithless,wh3_dlc27_nor_cha_sayl_the_faithless_chariot,Sayl the Faithless,,,,,Marauder Chariot,true
wh_dlc08_sc_nor_norsca,wh_dlc08_sc_nor_norsca|wh3_dlc27_nor_cha_sayl_the_faithless,wh3_dlc27_nor_cha_sayl_the_faithless_mammoth,Sayl the Faithless,,,,,War Mammoth (Warshrine),true
wh_dlc08_sc_nor_norsca,wh_dlc08_sc_nor_norsca|wh3_dlc27_nor_cha_sayl_the_faithless,wh3_dlc27_nor_cha_sayl_the_faithless_warhorse,Sayl the Faithless,,,,,Norscan Warhorse,true
wh_dlc08_sc_nor_norsca,wh_dlc08_sc_nor_norsca|wh3_dlc27_nor_inf_chaos_marauders_great_weapons_ror,wh3_dlc27_nor_inf_chaos_marauders_great_weapons_ror,Worshippers of the Crow (Marauders – Great Weapons),,,,,,true
wh_dlc08_sc_nor_norsca,wh_dlc08_sc_nor_norsca|wh3_dlc27_nor_inf_marauder_bearmen,wh3_dlc27_nor_inf_marauder_bearmen,Marauder Bearmen,,,,,,true
wh_dlc08_sc_nor_norsca,wh_dlc08_sc_nor_norsca|wh3_dlc27_nor_inf_marauder_bearmen_greatweapons,wh3_dlc27_nor_inf_marauder_bearmen_greatweapons,Marauder Bearmen (Great Weapons),,,,,,true
wh_dlc08_sc_nor_norsca,wh_dlc08_sc_nor_norsca|wh3_dlc27_nor_mon_chimera,wh3_dlc27_nor_mon_chimera,Chimera,,,,,,true
wh_dlc08_sc_nor_norsca,wh_dlc08_sc_nor_norsca|wh3_dlc27_nor_mon_chimera_ror,wh3_dlc27_nor_mon_chimera_ror,Bloodshriek Chimera (Chimera),,,,,,true
wh_dlc08_sc_nor_norsca,wh_dlc08_sc_nor_norsca|wh3_dlc27_nor_mon_cursd_ettin,wh3_dlc27_nor_mon_cursd_ettin,Curs'd Ettin,,,,,,true
wh_dlc08_sc_nor_norsca,wh_dlc08_sc_nor_norsca|wh3_dlc27_nor_mon_cursd_ettin_runecaller,wh3_dlc27_nor_mon_cursd_ettin_runecaller,Curs'd Ettin (Runecaller),,,,,,true
wh_dlc08_sc_nor_norsca,wh_dlc08_sc_nor_norsca|wh3_dlc27_nor_mon_dread_maw_underground,wh3_dlc27_nor_mon_dread_maw_underground,Dread Maw,,,,,,true
wh_dlc08_sc_nor_norsca,wh_dlc08_sc_nor_norsca|wh3_dlc27_throgg_mon_bile_trolls,wh3_dlc27_throgg_mon_bile_trolls,Bile Trolls,,,,,,false
wh_dlc08_sc_nor_norsca,wh_dlc08_sc_nor_norsca|wh3_dlc27_throgg_mon_chs_trolls_0,wh3_dlc27_throgg_mon_chs_trolls_0,Chaos Trolls,,,,,,false
wh_dlc08_sc_nor_norsca,wh_dlc08_sc_nor_norsca|wh3_dlc27_throgg_mon_chs_trolls_1,wh3_dlc27_throgg_mon_chs_trolls_1,Chaos Trolls (Armoured),,,,,,false
wh_dlc08_sc_nor_norsca,wh_dlc08_sc_nor_norsca|wh3_dlc27_throgg_mon_river_trolls_0,wh3_dlc27_throgg_mon_river_trolls_0,River Trolls,,,,,,false
wh_dlc08_sc_nor_norsca,wh_dlc08_sc_nor_norsca|wh3_dlc27_throgg_mon_stone_trolls_0,wh3_dlc27_throgg_mon_stone_trolls_0,Stone Trolls,,,,,,false
wh_dlc08_sc_nor_norsca,wh_dlc08_sc_nor_norsca|wh3_dlc29_chs_cha_gutrot_spume,wh3_dlc29_chs_cha_gutrot_spume,Gutrot Spume,,,,,On foot,true
wh_dlc08_sc_nor_norsca,wh_dlc08_sc_nor_norsca|wh3_dlc29_chs_cha_gutrot_spume,wh3_dlc29_chs_cha_gutrot_spume_warshrine,Gutrot Spume,,,,,Chaos Warshrine,true
wh_dlc08_sc_nor_norsca,wh_dlc08_sc_nor_norsca|wh3_dlc29_chs_inf_flayerkin,wh3_dlc29_chs_inf_flayerkin,Flayerkin,,,,,,true
wh_dlc08_sc_nor_norsca,wh_dlc08_sc_nor_norsca|wh3_main_ie_nor_cha_exalted_great_unclean_one_burplesmirk_spewpit,wh3_main_ie_nor_cha_exalted_great_unclean_one_burplesmirk_spewpit,Burplesmirk Spewpit,,,,,,false
wh_dlc08_sc_nor_norsca,wh_dlc08_sc_nor_norsca|wh3_main_ie_nor_cha_exalted_hero_mkho_killgore_slaymaim,wh3_main_ie_nor_cha_exalted_hero_mkho_killgore_slaymaim,Killgore Slaymaim,,,,,,false
wh_dlc08_sc_nor_norsca,wh_dlc08_sc_nor_norsca|wh_dlc08_nor_art_hellcannon_battery,wh_dlc08_nor_art_hellcannon_battery,The Ice-Forged Legion (Hellcannons),,,,,,false
wh_dlc08_sc_nor_norsca,wh_dlc08_sc_nor_norsca|wh_dlc08_nor_cav_marauder_horsemasters_0,wh_dlc08_nor_cav_marauder_horsemasters_0,Marauder Horsemasters,,,,,,true
wh_dlc08_sc_nor_norsca,wh_dlc08_sc_nor_norsca|wh_dlc08_nor_cha_arzik_0,wh_dlc08_nor_cha_arzik_0,Azrik the Maze Keeper,,,,,,false
wh_dlc08_sc_nor_norsca,wh_dlc08_sc_nor_norsca|wh_dlc08_nor_cha_fimir_balefiend_fire_0,wh_dlc08_nor_cha_fimir_balefiend_fire_0,Fimir Balefiend (Fire),Fire,,,,,true
wh_dlc08_sc_nor_norsca,wh_dlc08_sc_nor_norsca|wh_dlc08_nor_cha_fimir_balefiend_fire_0,wh_dlc08_nor_cha_fimir_balefiend_shadow_0,Fimir Balefiend (Shadows),Shadows,,,,,true
wh_dlc08_sc_nor_norsca,wh_dlc08_sc_nor_norsca|wh_dlc08_nor_cha_kihar_0,wh_dlc08_nor_cha_kihar_0,Kihar the Tormentor,,,,,,false
wh_dlc08_sc_nor_norsca,wh_dlc08_sc_nor_norsca|wh_dlc08_nor_cha_shaman_sorcerer_death_0,wh_dlc08_nor_cha_shaman_sorcerer_death_0,Shaman-Sorcerer (Death),Death,,,,On foot,true
wh_dlc08_sc_nor_norsca,wh_dlc08_sc_nor_norsca|wh_dlc08_nor_cha_shaman_sorcerer_death_0,wh_dlc08_nor_cha_shaman_sorcerer_death_1,Shaman-Sorcerer (Death),Death,,,,Norscan Warhorse,true
wh_dlc08_sc_nor_norsca,wh_dlc08_sc_nor_norsca|wh_dlc08_nor_cha_shaman_sorcerer_death_0,wh_dlc08_nor_cha_shaman_sorcerer_death_2,Shaman-Sorcerer (Death),Death,,,,Marauder Chariot,true
wh_dlc08_sc_nor_norsca,wh_dlc08_sc_nor_norsca|wh_dlc08_nor_cha_shaman_sorcerer_death_0,wh_dlc08_nor_cha_shaman_sorcerer_fire_0,Shaman-Sorcerer (Fire),Fire,,,,On foot,true
wh_dlc08_sc_nor_norsca,wh_dlc08_sc_nor_norsca|wh_dlc08_nor_cha_shaman_sorcerer_death_0,wh_dlc08_nor_cha_shaman_sorcerer_fire_1,Shaman-Sorcerer (Fire),Fire,,,,Norscan Warhorse,true
wh_dlc08_sc_nor_norsca,wh_dlc08_sc_nor_norsca|wh_dlc08_nor_cha_shaman_sorcerer_death_0,wh_dlc08_nor_cha_shaman_sorcerer_fire_2,Shaman-Sorcerer (Fire),Fire,,,,Marauder Chariot,true
wh_dlc08_sc_nor_norsca,wh_dlc08_sc_nor_norsca|wh_dlc08_nor_cha_shaman_sorcerer_death_0,wh_dlc08_nor_cha_shaman_sorcerer_metal_0,Shaman-Sorcerer (Metal),Metal,,,,On foot,true
wh_dlc08_sc_nor_norsca,wh_dlc08_sc_nor_norsca|wh_dlc08_nor_cha_shaman_sorcerer_death_0,wh_dlc08_nor_cha_shaman_sorcerer_metal_1,Shaman-Sorcerer (Metal),Metal,,,,Norscan Warhorse,true
wh_dlc08_sc_nor_norsca,wh_dlc08_sc_nor_norsca|wh_dlc08_nor_cha_shaman_sorcerer_death_0,wh_dlc08_nor_cha_shaman_sorcerer_metal_2,Shaman-Sorcerer (Metal),Metal,,,,Marauder Chariot,true
wh_dlc08_sc_nor_norsca,wh_dlc08_sc_nor_norsca|wh_dlc08_nor_cha_skin_wolf_werekin_0,wh_dlc08_nor_cha_skin_wolf_werekin_0,Skin Wolf Werekin,,,,,,true
wh_dlc08_sc_nor_norsca,wh_dlc08_sc_nor_norsca|wh_dlc08_nor_cha_throgg_0,wh_dlc08_nor_cha_throgg_0,Throgg,,,,,,true
wh_dlc08_sc_nor_norsca,wh_dlc08_sc_nor_norsca|wh_dlc08_nor_cha_wulfrik_0,wh_dlc08_nor_cha_wulfrik_0,Wulfrik the Wanderer,,,,,On foot,true
wh_dlc08_sc_nor_norsca,wh_dlc08_sc_nor_norsca|wh_dlc08_nor_cha_wulfrik_0,wh_dlc08_nor_cha_wulfrik_1,Wulfrik the Wanderer,,,,,Norscan Warhorse,true
wh_dlc08_sc_nor_norsca,wh_dlc08_sc_nor_norsca|wh_dlc08_nor_cha_wulfrik_0,wh_dlc08_nor_cha_wulfrik_2,Wulfrik the Wanderer,,,,,Marauder Chariot,true
wh_dlc08_sc_nor_norsca,wh_dlc08_sc_nor_norsca|wh_dlc08_nor_cha_wulfrik_0,wh_dlc08_nor_cha_wulfrik_3,Wulfrik the Wanderer,,,,,War Mammoth,true
wh_dlc08_sc_nor_norsca,wh_dlc08_sc_nor_norsca|wh_dlc08_nor_feral_manticore,wh_dlc08_nor_feral_manticore,Feral Manticore,,,,,,true
wh_dlc08_sc_nor_norsca,wh_dlc08_sc_nor_norsca|wh_dlc08_nor_inf_marauder_berserkers_0,wh_dlc08_nor_inf_marauder_berserkers_0,Marauder Berserkers,,,,,,true
wh_dlc08_sc_nor_norsca,wh_dlc08_sc_nor_norsca|wh_dlc08_nor_inf_marauder_champions_0,wh_dlc08_nor_inf_marauder_champions_0,Marauder Champions,,,,,,true
wh_dlc08_sc_nor_norsca,wh_dlc08_sc_nor_norsca|wh_dlc08_nor_inf_marauder_champions_1,wh_dlc08_nor_inf_marauder_champions_1,Marauder Champions (Great Weapons),,,,,,true
wh_dlc08_sc_nor_norsca,wh_dlc08_sc_nor_norsca|wh_dlc08_nor_inf_marauder_hunters_0,wh_dlc08_nor_inf_marauder_hunters_0,Marauder Hunters,,,,,,true
wh_dlc08_sc_nor_norsca,wh_dlc08_sc_nor_norsca|wh_dlc08_nor_inf_marauder_hunters_1,wh_dlc08_nor_inf_marauder_hunters_1,Marauder Hunters (Javelins),,,,,,true
wh_dlc08_sc_nor_norsca,wh_dlc08_sc_nor_norsca|wh_dlc08_nor_inf_marauder_spearman_0,wh_dlc08_nor_inf_marauder_spearman_0,Marauder Spearmen,,,,,,true
wh_dlc08_sc_nor_norsca,wh_dlc08_sc_nor_norsca|wh_dlc08_nor_mon_fimir_0,wh_dlc08_nor_mon_fimir_0,Fimir Warriors,,,,,,true
wh_dlc08_sc_nor_norsca,wh_dlc08_sc_nor_norsca|wh_dlc08_nor_mon_fimir_1,wh_dlc08_nor_mon_fimir_1,Fimir Warriors (Great Weapons),,,,,,true
wh_dlc08_sc_nor_norsca,wh_dlc08_sc_nor_norsca|wh_dlc08_nor_mon_frost_wyrm_0,wh_dlc08_nor_mon_frost_wyrm_0,Chaos Frost Dragon,,,,,,true
wh_dlc08_sc_nor_norsca,wh_dlc08_sc_nor_norsca|wh_dlc08_nor_mon_frost_wyrm_ror_0,wh_dlc08_nor_mon_frost_wyrm_ror_0,The Cold-Voider (Chaos Frost Dragon),,,,,,true
wh_dlc08_sc_nor_norsca,wh_dlc08_sc_nor_norsca|wh_dlc08_nor_mon_norscan_giant_0,wh_dlc08_nor_mon_norscan_giant_0,Norscan Giant,,,,,,true
wh_dlc08_sc_nor_norsca,wh_dlc08_sc_nor_norsca|wh_dlc08_nor_mon_norscan_ice_trolls_0,wh_dlc08_nor_mon_norscan_ice_trolls_0,Norscan Ice Trolls,,,,,,true
wh_dlc08_sc_nor_norsca,wh_dlc08_sc_nor_norsca|wh_dlc08_nor_mon_skinwolves_0,wh_dlc08_nor_mon_skinwolves_0,Skin Wolves,,,,,,true
wh_dlc08_sc_nor_norsca,wh_dlc08_sc_nor_norsca|wh_dlc08_nor_mon_skinwolves_1,wh_dlc08_nor_mon_skinwolves_1,Skin Wolves (Armoured),,,,,,true
wh_dlc08_sc_nor_norsca,wh_dlc08_sc_nor_norsca|wh_dlc08_nor_mon_war_mammoth_0,wh_dlc08_nor_mon_war_mammoth_0,Feral Mammoth,,,,,,true
wh_dlc08_sc_nor_norsca,wh_dlc08_sc_nor_norsca|wh_dlc08_nor_mon_war_mammoth_1,wh_dlc08_nor_mon_war_mammoth_1,War Mammoth,,,,,,true
wh_dlc08_sc_nor_norsca,wh_dlc08_sc_nor_norsca|wh_dlc08_nor_mon_war_mammoth_2,wh_dlc08_nor_mon_war_mammoth_2,War Mammoth (Warshrine),,,,,,true
wh_dlc08_sc_nor_norsca,wh_dlc08_sc_nor_norsca|wh_dlc08_nor_mon_war_mammoth_ror_1,wh_dlc08_nor_mon_war_mammoth_ror_1,The Great Mawherd of Bloodfjord (Feral Mammoths),,,,,,false
wh_dlc08_sc_nor_norsca,wh_dlc08_sc_nor_norsca|wh_dlc08_nor_mon_warwolves_0,wh_dlc08_nor_mon_warwolves_0,Norscan Ice Wolves,,,,,,true
wh_dlc08_sc_nor_norsca,wh_dlc08_sc_nor_norsca|wh_dlc08_nor_veh_marauder_warwolves_chariot_0,wh_dlc08_nor_veh_marauder_warwolves_chariot_0,Marauder Ice Wolf Chariots,,,,,,true
wh_dlc08_sc_nor_norsca,wh_dlc08_sc_nor_norsca|wh_main_nor_cav_chaos_chariot,wh_main_nor_cav_chaos_chariot,Marauder Chariots,,,,,,true
wh_dlc08_sc_nor_norsca,wh_dlc08_sc_nor_norsca|wh_main_nor_cav_marauder_horsemen_0,wh_main_nor_cav_marauder_horsemen_0,Marauder Horsemen,,,,,,true
wh_dlc08_sc_nor_norsca,wh_dlc08_sc_nor_norsca|wh_main_nor_cav_marauder_horsemen_1,wh_main_nor_cav_marauder_horsemen_1,Marauder Horsemen (Throwing Axes),,,,,,true
wh_dlc08_sc_nor_norsca,wh_dlc08_sc_nor_norsca|wh_main_nor_cha_marauder_chieftan_0,wh_main_nor_cha_marauder_chieftan_0,Marauder Chieftain,,,,,On foot,true
wh_dlc08_sc_nor_norsca,wh_dlc08_sc_nor_norsca|wh_main_nor_cha_marauder_chieftan_0,wh_main_nor_cha_marauder_chieftan_1,Marauder Chieftain,,,,,Norscan Warhorse,true
wh_dlc08_sc_nor_norsca,wh_dlc08_sc_nor_norsca|wh_main_nor_cha_marauder_chieftan_0,wh_main_nor_cha_marauder_chieftan_2,Marauder Chieftain,,,,,Marauder Chariot,true
wh_dlc08_sc_nor_norsca,wh_dlc08_sc_nor_norsca|wh_main_nor_cha_marauder_chieftan_0,wh_main_nor_cha_marauder_chieftan_3,Marauder Chieftain,,,,,War Mammoth,true
wh_dlc08_sc_nor_norsca,wh_dlc08_sc_nor_norsca|wh_main_nor_inf_chaos_marauders_0,wh_main_nor_inf_chaos_marauders_0,Marauders,,,,,,true
wh_dlc08_sc_nor_norsca,wh_dlc08_sc_nor_norsca|wh_main_nor_inf_chaos_marauders_1,wh_main_nor_inf_chaos_marauders_1,Marauders (Great Weapons),,,,,,true
wh_dlc08_sc_nor_norsca,wh_dlc08_sc_nor_norsca|wh_main_nor_mon_chaos_trolls,wh_main_nor_mon_chaos_trolls,Norscan Trolls,,,,,,true
wh_dlc08_sc_nor_norsca,wh_dlc08_sc_nor_norsca|wh_main_nor_mon_chaos_warhounds_0,wh_main_nor_mon_chaos_warhounds_0,Norscan Warhounds,,,,,,true
wh_dlc08_sc_nor_norsca,wh_dlc08_sc_nor_norsca|wh_main_nor_mon_chaos_warhounds_1,wh_main_nor_mon_chaos_warhounds_1,Norscan Warhounds (Poison),,,,,,true
wh_dlc08_sc_nor_norsca,wh_dlc08_sc_nor_norsca|wh_pro04_nor_inf_chaos_marauders_ror_0,wh_pro04_nor_inf_chaos_marauders_ror_0,Icehorn Marauders (Marauders),,,,,,true
wh_dlc08_sc_nor_norsca,wh_dlc08_sc_nor_norsca|wh_pro04_nor_inf_marauder_berserkers_ror_0,wh_pro04_nor_inf_marauder_berserkers_ror_0,Brutes of the Hound (Marauder Berserkers),,,,,,true
wh_dlc08_sc_nor_norsca,wh_dlc08_sc_nor_norsca|wh_pro04_nor_mon_fimir_ror_0,wh_pro04_nor_mon_fimir_ror_0,Mist Stalkers (Fimir Warriors),,,,,,true
wh_dlc08_sc_nor_norsca,wh_dlc08_sc_nor_norsca|wh_pro04_nor_mon_marauder_warwolves_ror_0,wh_pro04_nor_mon_marauder_warwolves_ror_0,Beasts of Tashnar (Norscan Warhounds),,,,,,true
wh_dlc08_sc_nor_norsca,wh_dlc08_sc_nor_norsca|wh_pro04_nor_mon_skinwolves_ror_0,wh_pro04_nor_mon_skinwolves_ror_0,Maws of Savagery (Skin Wolves – Armoured),,,,,,true
wh_dlc08_sc_nor_norsca,wh_dlc08_sc_nor_norsca|wh_pro04_nor_mon_war_mammoth_ror_0,wh_pro04_nor_mon_war_mammoth_ror_0,Soulcrusher (War Mammoth),,,,,,true
wh_main_sc_brt_bretonnia,wh_main_sc_brt_bretonnia|wh2_dlc14_brt_cha_henri_le_massif_0,wh2_dlc14_brt_cha_henri_le_massif_0,Henri le Massif,,,,,On foot,true
wh_main_sc_brt_bretonnia,wh_main_sc_brt_bretonnia|wh2_dlc14_brt_cha_henri_le_massif_0,wh2_dlc14_brt_cha_henri_le_massif_3,Henri le Massif,,,,,Hippogryph,true
wh_main_sc_brt_bretonnia,wh_main_sc_brt_bretonnia|wh2_dlc14_brt_cha_henri_le_massif_0,wh2_dlc14_brt_cha_henri_le_massif_4,Henri le Massif,,,,,Barded Warhorse,true
wh_main_sc_brt_bretonnia,wh_main_sc_brt_bretonnia|wh2_dlc14_brt_cha_repanse_de_lyonesse_0,wh2_dlc14_brt_cha_repanse_de_lyonesse_0,Repanse de Lyonesse,,,,,On foot,true
wh_main_sc_brt_bretonnia,wh_main_sc_brt_bretonnia|wh2_dlc14_brt_cha_repanse_de_lyonesse_0,wh2_dlc14_brt_cha_repanse_de_lyonesse_1,Repanse de Lyonesse,,,,,Suleman,true
wh_main_sc_brt_bretonnia,wh_main_sc_brt_bretonnia|wh2_pro08_neu_cha_felix,wh2_pro08_neu_cha_felix,Felix,,,,,,true
wh_main_sc_brt_bretonnia,wh_main_sc_brt_bretonnia|wh2_pro08_neu_cha_gotrek,wh2_pro08_neu_cha_gotrek,Gotrek,,,,,,true
wh_main_sc_brt_bretonnia,wh_main_sc_brt_bretonnia|wh_dlc07_brt_art_blessed_field_trebuchet_0,wh_dlc07_brt_art_blessed_field_trebuchet_0,Blessed Field Trebuchets,,,,,,true
wh_main_sc_brt_bretonnia,wh_main_sc_brt_bretonnia|wh_dlc07_brt_cav_grail_guardians_0,wh_dlc07_brt_cav_grail_guardians_0,Grail Guardians,,,,,,true
wh_main_sc_brt_bretonnia,wh_main_sc_brt_bretonnia|wh_dlc07_brt_cav_knights_errant_0,wh_dlc07_brt_cav_knights_errant_0,Knights Errant,,,,,,true
wh_main_sc_brt_bretonnia,wh_main_sc_brt_bretonnia|wh_dlc07_brt_cav_questing_knights_0,wh_dlc07_brt_cav_questing_knights_0,Questing Knights,,,,,,true
wh_main_sc_brt_bretonnia,wh_main_sc_brt_bretonnia|wh_dlc07_brt_cav_royal_hippogryph_knights_0,wh_dlc07_brt_cav_royal_hippogryph_knights_0,Royal Hippogryph Knights,,,,,,true
wh_main_sc_brt_bretonnia,wh_main_sc_brt_bretonnia|wh_dlc07_brt_cav_royal_pegasus_knights_0,wh_dlc07_brt_cav_royal_pegasus_knights_0,Royal Pegasus Knights,,,,,,true
wh_main_sc_brt_bretonnia,wh_main_sc_brt_bretonnia|wh_dlc07_brt_cha_alberic_bordeleaux_0,wh_dlc07_brt_cha_alberic_bordeleaux_0,Alberic de Bordeleaux,,,,,On foot,true
wh_main_sc_brt_bretonnia,wh_main_sc_brt_bretonnia|wh_dlc07_brt_cha_alberic_bordeleaux_0,wh_dlc07_brt_cha_alberic_bordeleaux_1,Alberic de Bordeleaux,,,,,Barded Warhorse,true
wh_main_sc_brt_bretonnia,wh_main_sc_brt_bretonnia|wh_dlc07_brt_cha_alberic_bordeleaux_0,wh_dlc07_brt_cha_alberic_bordeleaux_2,Alberic de Bordeleaux,,,,,Royal Pegasus,true
wh_main_sc_brt_bretonnia,wh_main_sc_brt_bretonnia|wh_dlc07_brt_cha_alberic_bordeleaux_0,wh_dlc07_brt_cha_alberic_bordeleaux_3,Alberic de Bordeleaux,,,,,Tempete,true
wh_main_sc_brt_bretonnia,wh_main_sc_brt_bretonnia|wh_dlc07_brt_cha_damsel_beasts_0,wh_dlc07_brt_cha_damsel_beasts_0,Damsel (Beasts),Beasts,,,,On foot,true
wh_main_sc_brt_bretonnia,wh_main_sc_brt_bretonnia|wh_dlc07_brt_cha_damsel_beasts_0,wh_dlc07_brt_cha_damsel_beasts_2,Damsel (Beasts),Beasts,,,,Barded Warhorse,true
wh_main_sc_brt_bretonnia,wh_main_sc_brt_bretonnia|wh_dlc07_brt_cha_damsel_beasts_0,wh_dlc07_brt_cha_damsel_beasts_3,Damsel (Beasts),Beasts,,,,Unicorn,true
wh_main_sc_brt_bretonnia,wh_main_sc_brt_bretonnia|wh_dlc07_brt_cha_damsel_beasts_0,wh_dlc07_brt_cha_damsel_life_0,Damsel (Life),Life,,,,On foot,true
wh_main_sc_brt_bretonnia,wh_main_sc_brt_bretonnia|wh_dlc07_brt_cha_damsel_beasts_0,wh_dlc07_brt_cha_damsel_life_2,Damsel (Life),Life,,,,Barded Warhorse,true
wh_main_sc_brt_bretonnia,wh_main_sc_brt_bretonnia|wh_dlc07_brt_cha_damsel_beasts_0,wh_dlc07_brt_cha_damsel_life_3,Damsel (Life),Life,,,,Unicorn,true
wh_main_sc_brt_bretonnia,wh_main_sc_brt_bretonnia|wh_dlc07_brt_cha_damsel_beasts_0,wh_main_brt_cha_damsel_0,Damsel (Heavens),Heavens,,,,On foot,true
wh_main_sc_brt_bretonnia,wh_main_sc_brt_bretonnia|wh_dlc07_brt_cha_damsel_beasts_0,wh_main_brt_cha_damsel_2,Damsel (Heavens),Heavens,,,,Barded Warhorse,true
wh_main_sc_brt_bretonnia,wh_main_sc_brt_bretonnia|wh_dlc07_brt_cha_damsel_beasts_0,wh_main_brt_cha_damsel_3,Damsel (Heavens),Heavens,,,,Unicorn,true
wh_main_sc_brt_bretonnia,wh_main_sc_brt_bretonnia|wh_dlc07_brt_cha_fay_enchantress_0,wh_dlc07_brt_cha_fay_enchantress_0,Fay Enchantress,,,,,On foot,true
wh_main_sc_brt_bretonnia,wh_main_sc_brt_bretonnia|wh_dlc07_brt_cha_fay_enchantress_0,wh_dlc07_brt_cha_fay_enchantress_1,Fay Enchantress,,,,,Silvaron,true
wh_main_sc_brt_bretonnia,wh_main_sc_brt_bretonnia|wh_dlc07_brt_cha_green_knight_0,wh_dlc07_brt_cha_green_knight_0,The Green Knight,,,,,,true
wh_main_sc_brt_bretonnia,wh_main_sc_brt_bretonnia|wh_dlc07_brt_cha_prophetess_beasts_0,wh_dlc07_brt_cha_prophetess_0,Prophetess (Life),Life,,,,On foot,true
wh_main_sc_brt_bretonnia,wh_main_sc_brt_bretonnia|wh_dlc07_brt_cha_prophetess_beasts_0,wh_dlc07_brt_cha_prophetess_2,Prophetess (Life),Life,,,,Barded Warhorse,true
wh_main_sc_brt_bretonnia,wh_main_sc_brt_bretonnia|wh_dlc07_brt_cha_prophetess_beasts_0,wh_dlc07_brt_cha_prophetess_3,Prophetess (Life),Life,,,,Royal Pegasus,true
wh_main_sc_brt_bretonnia,wh_main_sc_brt_bretonnia|wh_dlc07_brt_cha_prophetess_beasts_0,wh_dlc07_brt_cha_prophetess_beasts_0,Prophetess (Beasts),Beasts,,,,On foot,true
wh_main_sc_brt_bretonnia,wh_main_sc_brt_bretonnia|wh_dlc07_brt_cha_prophetess_beasts_0,wh_dlc07_brt_cha_prophetess_beasts_2,Prophetess (Beasts),Beasts,,,,Barded Warhorse,true
wh_main_sc_brt_bretonnia,wh_main_sc_brt_bretonnia|wh_dlc07_brt_cha_prophetess_beasts_0,wh_dlc07_brt_cha_prophetess_beasts_3,Prophetess (Beasts),Beasts,,,,Royal Pegasus,true
wh_main_sc_brt_bretonnia,wh_main_sc_brt_bretonnia|wh_dlc07_brt_cha_prophetess_beasts_0,wh_dlc07_brt_cha_prophetess_heavens_0,Prophetess (Heavens),Heavens,,,,On foot,true
wh_main_sc_brt_bretonnia,wh_main_sc_brt_bretonnia|wh_dlc07_brt_cha_prophetess_beasts_0,wh_dlc07_brt_cha_prophetess_heavens_2,Prophetess (Heavens),Heavens,,,,Barded Warhorse,true
wh_main_sc_brt_bretonnia,wh_main_sc_brt_bretonnia|wh_dlc07_brt_cha_prophetess_beasts_0,wh_dlc07_brt_cha_prophetess_heavens_3,Prophetess (Heavens),Heavens,,,,Royal Pegasus,true
wh_main_sc_brt_bretonnia,wh_main_sc_brt_bretonnia|wh_dlc07_brt_inf_battle_pilgrims_0,wh_dlc07_brt_inf_battle_pilgrims_0,Battle Pilgrims,,,,,,true
wh_main_sc_brt_bretonnia,wh_main_sc_brt_bretonnia|wh_dlc07_brt_inf_foot_squires_0,wh_dlc07_brt_inf_foot_squires_0,Foot Squires,,,,,,true
wh_main_sc_brt_bretonnia,wh_main_sc_brt_bretonnia|wh_dlc07_brt_inf_grail_reliquae_0,wh_dlc07_brt_inf_grail_reliquae_0,Grail Reliquae,,,,,,true
wh_main_sc_brt_bretonnia,wh_main_sc_brt_bretonnia|wh_dlc07_brt_inf_men_at_arms_1,wh_dlc07_brt_inf_men_at_arms_1,Men-at-Arms,,,,,,true
wh_main_sc_brt_bretonnia,wh_main_sc_brt_bretonnia|wh_dlc07_brt_inf_men_at_arms_2,wh_dlc07_brt_inf_men_at_arms_2,Men-at-Arms (Shields),,,,,,true
wh_main_sc_brt_bretonnia,wh_main_sc_brt_bretonnia|wh_dlc07_brt_inf_peasant_bowmen_1,wh_dlc07_brt_inf_peasant_bowmen_1,Peasant Bowmen (Fire Arrows),,,,,,true
wh_main_sc_brt_bretonnia,wh_main_sc_brt_bretonnia|wh_dlc07_brt_inf_peasant_bowmen_2,wh_dlc07_brt_inf_peasant_bowmen_2,Peasant Bowmen (Pox Arrows),,,,,,true
wh_main_sc_brt_bretonnia,wh_main_sc_brt_bretonnia|wh_dlc07_brt_inf_spearmen_at_arms_1,wh_dlc07_brt_inf_spearmen_at_arms_1,Spearmen-at-Arms,,,,,,true
wh_main_sc_brt_bretonnia,wh_main_sc_brt_bretonnia|wh_dlc07_brt_peasant_mob_0,wh_dlc07_brt_peasant_mob_0,Peasant Mob,,,,,,true
wh_main_sc_brt_bretonnia,wh_main_sc_brt_bretonnia|wh_main_brt_art_field_trebuchet,wh_main_brt_art_field_trebuchet,Field Trebuchets,,,,,,true
wh_main_sc_brt_bretonnia,wh_main_sc_brt_bretonnia|wh_main_brt_cav_grail_knights,wh_main_brt_cav_grail_knights,Grail Knights,,,,,,true
wh_main_sc_brt_bretonnia,wh_main_sc_brt_bretonnia|wh_main_brt_cav_knights_of_the_realm,wh_main_brt_cav_knights_of_the_realm,Knights of the Realm,,,,,,true
wh_main_sc_brt_bretonnia,wh_main_sc_brt_bretonnia|wh_main_brt_cav_mounted_yeomen_0,wh_main_brt_cav_mounted_yeomen_0,Mounted Yeomen,,,,,,true
wh_main_sc_brt_bretonnia,wh_main_sc_brt_bretonnia|wh_main_brt_cav_mounted_yeomen_1,wh_main_brt_cav_mounted_yeomen_1,Mounted Yeomen Archers,,,,,,true
wh_main_sc_brt_bretonnia,wh_main_sc_brt_bretonnia|wh_main_brt_cav_pegasus_knights,wh_main_brt_cav_pegasus_knights,Pegasus Knights,,,,,,true
wh_main_sc_brt_bretonnia,wh_main_sc_brt_bretonnia|wh_main_brt_cha_king_louen_leoncoeur_0,wh_main_brt_cha_king_louen_leoncoeur_0,King Louen Leoncoeur,,,,,On foot,true
wh_main_sc_brt_bretonnia,wh_main_sc_brt_bretonnia|wh_main_brt_cha_king_louen_leoncoeur_0,wh_main_brt_cha_king_louen_leoncoeur_1,King Louen Leoncoeur,,,,,Beaquis ,true
wh_main_sc_brt_bretonnia,wh_main_sc_brt_bretonnia|wh_main_brt_cha_king_louen_leoncoeur_0,wh_main_brt_cha_king_louen_leoncoeur_2,King Louen Leoncoeur,,,,,Barded Warhorse,true
wh_main_sc_brt_bretonnia,wh_main_sc_brt_bretonnia|wh_main_brt_cha_king_louen_leoncoeur_0,wh_main_brt_cha_king_louen_leoncoeur_3,King Louen Leoncoeur,,,,,Royal Pegasus,true
wh_main_sc_brt_bretonnia,wh_main_sc_brt_bretonnia|wh_main_brt_cha_king_louen_leoncoeur_0,wh_main_brt_cha_king_louen_leoncoeur_4,King Louen Leoncoeur,,,,,Hippogryph,true
wh_main_sc_brt_bretonnia,wh_main_sc_brt_bretonnia|wh_main_brt_cha_lord_0,wh_main_brt_cha_lord_0,Lord,,,,,On foot,true
wh_main_sc_brt_bretonnia,wh_main_sc_brt_bretonnia|wh_main_brt_cha_lord_0,wh_main_brt_cha_lord_2,Lord,,,,,Hippogryph,true
wh_main_sc_brt_bretonnia,wh_main_sc_brt_bretonnia|wh_main_brt_cha_lord_0,wh_main_brt_cha_lord_3,Lord,,,,,Royal Pegasus,true
wh_main_sc_brt_bretonnia,wh_main_sc_brt_bretonnia|wh_main_brt_cha_lord_0,wh_main_brt_cha_lord_4,Lord,,,,,Barded Warhorse,true
wh_main_sc_brt_bretonnia,wh_main_sc_brt_bretonnia|wh_main_brt_cha_paladin_0,wh_main_brt_cha_paladin_0,Paladin,,,,,On foot,true
wh_main_sc_brt_bretonnia,wh_main_sc_brt_bretonnia|wh_main_brt_cha_paladin_0,wh_main_brt_cha_paladin_3,Paladin,,,,,Royal Pegasus,true
wh_main_sc_brt_bretonnia,wh_main_sc_brt_bretonnia|wh_main_brt_cha_paladin_0,wh_main_brt_cha_paladin_4,Paladin,,,,,Barded Warhorse,true
wh_main_sc_brt_bretonnia,wh_main_sc_brt_bretonnia|wh_main_brt_inf_men_at_arms,wh_main_brt_inf_men_at_arms,Men-at-Arms (Polearms),,,,,,true
wh_main_sc_brt_bretonnia,wh_main_sc_brt_bretonnia|wh_main_brt_inf_peasant_bowmen,wh_main_brt_inf_peasant_bowmen,Peasant Bowmen,,,,,,true
wh_main_sc_brt_bretonnia,wh_main_sc_brt_bretonnia|wh_main_brt_inf_spearmen_at_arms,wh_main_brt_inf_spearmen_at_arms,Spearmen-at-Arms (Shields),,,,,,true
wh_main_sc_brt_bretonnia,wh_main_sc_brt_bretonnia|wh_pro04_brt_cav_knights_errant_ror_0,wh_pro04_brt_cav_knights_errant_ror_0,Defenders of the Fleur-de-lis (Knights Errant),,,,,,true
wh_main_sc_brt_bretonnia,wh_main_sc_brt_bretonnia|wh_pro04_brt_cav_knights_of_the_realm_ror_0,wh_pro04_brt_cav_knights_of_the_realm_ror_0,Knights of the Lionhearted (Knights of the Realm),,,,,,true
wh_main_sc_brt_bretonnia,wh_main_sc_brt_bretonnia|wh_pro04_brt_cav_mounted_yeomen_ror_0,wh_pro04_brt_cav_mounted_yeomen_ror_0,Wardens of Montfort (Mounted Yeomen Archers),,,,,,true
wh_main_sc_brt_bretonnia,wh_main_sc_brt_bretonnia|wh_pro04_brt_cav_questing_knights_ror_0,wh_pro04_brt_cav_questing_knights_ror_0,The Companions of Quenelles (Questing Knights),,,,,,true
wh_main_sc_brt_bretonnia,wh_main_sc_brt_bretonnia|wh_pro04_brt_inf_battle_pilgrims_ror_0,wh_pro04_brt_inf_battle_pilgrims_ror_0,The Holy Wardens of La Maisontaal (Battle Pilgrims),,,,,,true
wh_main_sc_brt_bretonnia,wh_main_sc_brt_bretonnia|wh_pro04_brt_inf_foot_squires_ror_0,wh_pro04_brt_inf_foot_squires_ror_0,Beastslayers of Bastonne (Foot Squires),,,,,,true
wh_main_sc_chs_chaos,wh_main_sc_chs_chaos|wh3_dlc20_chs_cav_chaos_chariot_msla_ror,wh3_dlc20_chs_cav_chaos_chariot_msla_ror,The Sibilant Slaughtercade (Chaos Chariots),,,,,,true
wh_main_sc_chs_chaos,wh_main_sc_chs_chaos|wh3_dlc20_chs_cha_daemon_prince,wh3_dlc20_chs_cha_daemon_prince,Daemon Prince,,Undivided,,,,true
wh_main_sc_chs_chaos,wh_main_sc_chs_chaos|wh3_dlc20_chs_cha_daemon_prince,wh3_dlc20_chs_cha_daemon_prince_mkho,Daemon Prince of Khorne,,Khorne,,,,true
wh_main_sc_chs_chaos,wh_main_sc_chs_chaos|wh3_dlc20_chs_cha_daemon_prince,wh3_dlc20_chs_cha_daemon_prince_mnur,Daemon Prince of Nurgle,,Nurgle,,,,true
wh_main_sc_chs_chaos,wh_main_sc_chs_chaos|wh3_dlc20_chs_cha_daemon_prince,wh3_dlc20_chs_cha_daemon_prince_msla,Daemon Prince of Slaanesh,,Slaanesh,,,,true
wh_main_sc_chs_chaos,wh_main_sc_chs_chaos|wh3_dlc20_chs_cha_daemon_prince,wh3_dlc20_chs_cha_daemon_prince_mtze,Daemon Prince of Tzeentch,,Tzeentch,,,,true
wh_main_sc_chs_chaos,wh_main_sc_chs_chaos|wh3_dlc20_chs_inf_aspiring_champions_mtze_ror,wh3_dlc20_chs_inf_aspiring_champions_mtze_ror,The Severed Claw (Aspiring Champions),,,,,,true
wh_main_sc_chs_chaos,wh_main_sc_chs_chaos|wh3_dlc20_chs_inf_chaos_marauders_mkho_dualweapons,wh3_dlc20_chs_inf_chaos_marauders_mkho_dualweapons,Marauders of Khorne (Dual Weapons),,,,,,true
wh_main_sc_chs_chaos,wh_main_sc_chs_chaos|wh3_dlc20_chs_inf_chaos_marauders_msla_hellscourges,wh3_dlc20_chs_inf_chaos_marauders_msla_hellscourges,Marauders of Slaanesh (Hellscourges),,,,,,true
wh_main_sc_chs_chaos,wh_main_sc_chs_chaos|wh3_dlc20_chs_inf_chaos_marauders_mtze_spears,wh3_dlc20_chs_inf_chaos_marauders_mtze_spears,Marauders of Tzeentch (Spears),,,,,,true
wh_main_sc_chs_chaos,wh_main_sc_chs_chaos|wh3_dlc20_chs_inf_chaos_warriors_msla_hellscourges,wh3_dlc20_chs_inf_chaos_warriors_msla_hellscourges,Chaos Warriors of Slaanesh (Hellscourges),,,,,,true
wh_main_sc_chs_chaos,wh_main_sc_chs_chaos|wh3_dlc20_chs_inf_chosen_mkho_dualweapons,wh3_dlc20_chs_inf_chosen_mkho_dualweapons,Chosen of Khorne (Dual Weapons),,,,,,true
wh_main_sc_chs_chaos,wh_main_sc_chs_chaos|wh3_dlc20_chs_inf_chosen_msla_hellscourges,wh3_dlc20_chs_inf_chosen_msla_hellscourges,Chosen of Slaanesh (Hellscourges),,,,,,true
wh_main_sc_chs_chaos,wh_main_sc_chs_chaos|wh3_dlc20_chs_mon_giant_mnur_ror,wh3_dlc20_chs_mon_giant_mnur_ror,Bilious Thunderguff (Chaos Giant),,,,,,true
wh_main_sc_chs_chaos,wh_main_sc_chs_chaos|wh3_dlc20_chs_mon_warshrine,wh3_dlc20_chs_mon_warshrine,Chaos Warshrine,,Undivided,,,,true
wh_main_sc_chs_chaos,wh_main_sc_chs_chaos|wh3_dlc20_chs_mon_warshrine,wh3_dlc20_chs_mon_warshrine_mkho,Chaos Warshrine of Khorne,,Khorne,,,,true
wh_main_sc_chs_chaos,wh_main_sc_chs_chaos|wh3_dlc20_chs_mon_warshrine,wh3_dlc20_chs_mon_warshrine_mnur,Chaos Warshrine of Nurgle,,Nurgle,,,,true
wh_main_sc_chs_chaos,wh_main_sc_chs_chaos|wh3_dlc20_chs_mon_warshrine,wh3_dlc20_chs_mon_warshrine_msla,Chaos Warshrine of Slaanesh,,Slaanesh,,,,true
wh_main_sc_chs_chaos,wh_main_sc_chs_chaos|wh3_dlc20_chs_mon_warshrine,wh3_dlc20_chs_mon_warshrine_mtze,Chaos Warshrine of Tzeentch,,Tzeentch,,,,true
wh_main_sc_chs_chaos,wh_main_sc_chs_chaos|wh3_dlc20_kho_cav_skullcrushers_mkho_ror,wh3_dlc20_kho_cav_skullcrushers_mkho_ror,Knights of the Brazen Throne (Skullcrushers of Khorne),,,,,,true
wh_main_sc_chs_chaos,wh_main_sc_chs_chaos|wh3_dlc20_kho_cha_valkia,wh3_dlc20_kho_cha_valkia,Valkia the Bloody,,,,,,true
wh_main_sc_chs_chaos,wh_main_sc_chs_chaos|wh3_dlc20_nur_cha_festus,wh3_dlc20_nur_cha_festus,Festus the Leechlord,,,,,,true
wh_main_sc_chs_chaos,wh_main_sc_chs_chaos|wh3_dlc20_sla_cha_azazel,wh3_dlc20_sla_cha_azazel,Azazel,,,,,,true
wh_main_sc_chs_chaos,wh_main_sc_chs_chaos|wh3_dlc20_tze_cha_vilitch,wh3_dlc20_tze_cha_vilitch,Vilitch the Curseling,,,,,,true
wh_main_sc_chs_chaos,wh_main_sc_chs_chaos|wh3_dlc24_tze_cha_aekold_helbrass,wh3_dlc24_tze_cha_aekold_helbrass,Aekold Helbrass,,,,,,true
wh_main_sc_chs_chaos,wh_main_sc_chs_chaos|wh3_dlc24_tze_inf_pink_horrors_ror,wh3_dlc24_tze_inf_pink_horrors_ror,The Sourguts (Pink Horrors of Tzeentch),,,,,,false
wh_main_sc_chs_chaos,wh_main_sc_chs_chaos|wh3_dlc24_tze_inf_tzaangors,wh3_dlc24_tze_inf_tzaangors,Tzaangors,,,,,,false
wh_main_sc_chs_chaos,wh_main_sc_chs_chaos|wh3_dlc24_tze_mon_cockatrice,wh3_dlc24_tze_mon_cockatrice,Cockatrice,,,,,,true
wh_main_sc_chs_chaos,wh_main_sc_chs_chaos|wh3_dlc24_tze_mon_flamers_changebringers,wh3_dlc24_tze_mon_flamers_changebringers,Changebringers,,,,,,false
wh_main_sc_chs_chaos,wh_main_sc_chs_chaos|wh3_dlc24_tze_mon_mutalith_vortex_beast,wh3_dlc24_tze_mon_mutalith_vortex_beast,Mutalith Vortex Beast,,,,,,true
wh_main_sc_chs_chaos,wh_main_sc_chs_chaos|wh3_dlc24_tze_mon_mutalith_vortex_beast_ror,wh3_dlc24_tze_mon_mutalith_vortex_beast_ror,Aeson the Fallen (Mutalith Vortex Beast),,,,,,true
wh_main_sc_chs_chaos,wh_main_sc_chs_chaos|wh3_dlc24_tze_mon_screamers_ror,wh3_dlc24_tze_mon_screamers_ror,Shrieking Skyrays (Screamers of Tzeentch),,,,,,false
wh_main_sc_chs_chaos,wh_main_sc_chs_chaos|wh3_dlc25_nur_cav_rot_knights,wh3_dlc25_nur_cav_rot_knights,Rot Knights,,,,,,true
wh_main_sc_chs_chaos,wh_main_sc_chs_chaos|wh3_dlc25_nur_cav_rot_knights_ror,wh3_dlc25_nur_cav_rot_knights_ror,The Rotting Riders (Rot Knights),,,,,,true
wh_main_sc_chs_chaos,wh_main_sc_chs_chaos|wh3_dlc25_nur_inf_pestigors,wh3_dlc25_nur_inf_pestigors,Pestigors,,,,,,false
wh_main_sc_chs_chaos,wh_main_sc_chs_chaos|wh3_dlc25_nur_inf_plague_ogres,wh3_dlc25_nur_inf_plague_ogres,Plague Ogres,,,,,,false
wh_main_sc_chs_chaos,wh_main_sc_chs_chaos|wh3_dlc25_nur_inf_plague_ogres_great_weapons,wh3_dlc25_nur_inf_plague_ogres_great_weapons,Plague Ogres (Great Weapons),,,,,,false
wh_main_sc_chs_chaos,wh_main_sc_chs_chaos|wh3_dlc25_nur_mon_bile_trolls,wh3_dlc25_nur_mon_bile_trolls,Bile Trolls,,,,,,true
wh_main_sc_chs_chaos,wh_main_sc_chs_chaos|wh3_dlc25_nur_mon_toad_dragon,wh3_dlc25_nur_mon_toad_dragon,Toad Dragon,,,,,,false
wh_main_sc_chs_chaos,wh_main_sc_chs_chaos|wh3_dlc26_chs_inf_chosen_mkho_ror,wh3_dlc26_chs_inf_chosen_mkho_ror,The Slaughtergard (Chosen of Khorne – Halberds),,,,,,true
wh_main_sc_chs_chaos,wh_main_sc_chs_chaos|wh3_dlc26_kho_cha_scyla_anfingrimm,wh3_dlc26_kho_cha_scyla_anfingrimm,Scyla Anfingrimm,,,,,,true
wh_main_sc_chs_chaos,wh_main_sc_chs_chaos|wh3_dlc26_kho_inf_khorngors,wh3_dlc26_kho_inf_khorngors,Khorngors,,,,,,false
wh_main_sc_chs_chaos,wh_main_sc_chs_chaos|wh3_dlc26_kho_mon_bloodbeast_of_khorne,wh3_dlc26_kho_mon_bloodbeast_of_khorne,Bloodbeasts of Khorne,,,,,,true
wh_main_sc_chs_chaos,wh_main_sc_chs_chaos|wh3_dlc26_kho_mon_slaughterbrute,wh3_dlc26_kho_mon_slaughterbrute,Slaughterbrute,,,,,,true
wh_main_sc_chs_chaos,wh_main_sc_chs_chaos|wh3_dlc26_kho_veh_skullcannon_ror,wh3_dlc26_kho_veh_skullcannon_ror,Hellforged Bellowers (Skullcannon),,,,,,false
wh_main_sc_chs_chaos,wh_main_sc_chs_chaos|wh3_dlc27_nor_cav_chaos_chariot_ror,wh3_dlc27_nor_cav_chaos_chariot_ror,Followers of the Great Eagle (Marauder Chariots),,,,,,false
wh_main_sc_chs_chaos,wh_main_sc_chs_chaos|wh3_dlc27_nor_cav_marauder_horsemen_ror,wh3_dlc27_nor_cav_marauder_horsemen_ror,Riders of the Mighty Serpent (Marauder Horsemen),,,,,,false
wh_main_sc_chs_chaos,wh_main_sc_chs_chaos|wh3_dlc27_nor_cha_beorg_bearstruck,wh3_dlc27_nor_cha_beorg_bearstruck,Beorg Bearstruck,,,,,,false
wh_main_sc_chs_chaos,wh_main_sc_chs_chaos|wh3_dlc27_nor_inf_chaos_marauders_great_weapons_ror,wh3_dlc27_nor_inf_chaos_marauders_great_weapons_ror,Worshippers of the Crow (Marauders – Great Weapons),,,,,,false
wh_main_sc_chs_chaos,wh_main_sc_chs_chaos|wh3_dlc27_nor_inf_marauder_bearmen,wh3_dlc27_nor_inf_marauder_bearmen,Marauder Bearmen,,,,,,false
wh_main_sc_chs_chaos,wh_main_sc_chs_chaos|wh3_dlc27_nor_inf_marauder_bearmen_greatweapons,wh3_dlc27_nor_inf_marauder_bearmen_greatweapons,Marauder Bearmen (Great Weapons),,,,,,false
wh_main_sc_chs_chaos,wh_main_sc_chs_chaos|wh3_dlc27_nor_mon_chimera,wh3_dlc27_nor_mon_chimera,Chimera,,,,,,true
wh_main_sc_chs_chaos,wh_main_sc_chs_chaos|wh3_dlc27_nor_mon_dread_maw_underground,wh3_dlc27_nor_mon_dread_maw_underground,Dread Maw,,,,,,true
wh_main_sc_chs_chaos,wh_main_sc_chs_chaos|wh3_dlc27_sla_cav_pleasureseekers,wh3_dlc27_sla_cav_pleasureseekers,Pleasureseekers,,,,,,false
wh_main_sc_chs_chaos,wh_main_sc_chs_chaos|wh3_dlc27_sla_cha_styrkaar_the_sortsvinaer,wh3_dlc27_sla_cha_styrkaar_the_sortsvinaer,Styrkaar of the Sortsvinaer,,,,,On foot,true
wh_main_sc_chs_chaos,wh_main_sc_chs_chaos|wh3_dlc27_sla_cha_styrkaar_the_sortsvinaer,wh3_dlc27_sla_cha_styrkaar_the_sortsvinaer_daemonic_steed,Styrkaar of the Sortsvinaer,,,,,Daemonic Steed,true
wh_main_sc_chs_chaos,wh_main_sc_chs_chaos|wh3_dlc27_sla_cha_styrkaar_the_sortsvinaer,wh3_dlc27_sla_cha_styrkaar_the_sortsvinaer_steed_of_slaanesh,Styrkaar of the Sortsvinaer,,,,,Steed Of Slaanesh,true
wh_main_sc_chs_chaos,wh_main_sc_chs_chaos|wh3_dlc27_sla_inf_slaangors,wh3_dlc27_sla_inf_slaangors,Slaangors,,,,,,false
wh_main_sc_chs_chaos,wh_main_sc_chs_chaos|wh3_dlc27_sla_mon_champions_of_slaanesh,wh3_dlc27_sla_mon_champions_of_slaanesh,Champions Of Slaanesh,,,,,,true
wh_main_sc_chs_chaos,wh_main_sc_chs_chaos|wh3_dlc27_sla_mon_champions_of_slaanesh_ror,wh3_dlc27_sla_mon_champions_of_slaanesh_ror,Pleasure Guard (Champions of Slaanesh),,,,,,true
wh_main_sc_chs_chaos,wh_main_sc_chs_chaos|wh3_dlc27_woc_mon_chimera_ror,wh3_dlc27_woc_mon_chimera_ror,Bloodshriek Chimera (Chimera),,,,,,true
wh_main_sc_chs_chaos,wh_main_sc_chs_chaos|wh3_dlc29_chs_cha_bloab,wh3_dlc29_chs_cha_bloab,Bloab Rotspawned,,,,,On foot,true
wh_main_sc_chs_chaos,wh_main_sc_chs_chaos|wh3_dlc29_chs_cha_bloab,wh3_dlc29_chs_cha_bloab_bilespurter,Bloab Rotspawned,,,,,Bilespurter,true
wh_main_sc_chs_chaos,wh_main_sc_chs_chaos|wh3_dlc29_chs_cha_glottkin,wh3_dlc29_chs_cha_glottkin,The Glottkin,,,,,,true
wh_main_sc_chs_chaos,wh_main_sc_chs_chaos|wh3_dlc29_chs_cha_gutrot_spume,wh3_dlc29_chs_cha_gutrot_spume,Gutrot Spume,,,,,On foot,true
wh_main_sc_chs_chaos,wh_main_sc_chs_chaos|wh3_dlc29_chs_cha_gutrot_spume,wh3_dlc29_chs_cha_gutrot_spume_warshrine,Gutrot Spume,,,,,Chaos Warshrine,true
wh_main_sc_chs_chaos,wh_main_sc_chs_chaos|wh3_dlc29_chs_cha_morbidex,wh3_dlc29_chs_cha_morbidex,Morbidex Twiceborn,,,,,On foot,true
wh_main_sc_chs_chaos,wh_main_sc_chs_chaos|wh3_dlc29_chs_cha_morbidex,wh3_dlc29_chs_cha_morbidex_tripletongue,Morbidex Twiceborn,,,,,Tripletongue,true
wh_main_sc_chs_chaos,wh_main_sc_chs_chaos|wh3_dlc29_chs_cha_orghotts,wh3_dlc29_chs_cha_orghotts,Orghotts Daemonspew,,,,,On foot,true
wh_main_sc_chs_chaos,wh_main_sc_chs_chaos|wh3_dlc29_chs_cha_orghotts,wh3_dlc29_chs_cha_orghotts_whippermaw,Orghotts Daemonspew,,,,,Whippermaw,true
wh_main_sc_chs_chaos,wh_main_sc_chs_chaos|wh3_dlc29_chs_inf_chosen_mnur_ror,wh3_dlc29_chs_inf_chosen_mnur_ror,Sons of the Last Plague (Chosen of Nurgle – Great Weapons),,,,,,true
wh_main_sc_chs_chaos,wh_main_sc_chs_chaos|wh3_dlc29_chs_inf_flayerkin,wh3_dlc29_chs_inf_flayerkin,Flayerkin,,,,,,true
wh_main_sc_chs_chaos,wh_main_sc_chs_chaos|wh3_dlc29_chs_inf_putrid_blightkings_axe_shield,wh3_dlc29_chs_inf_putrid_blightkings_axe_shield,Putrid Blightkings,,,,,,true
wh_main_sc_chs_chaos,wh_main_sc_chs_chaos|wh3_dlc29_chs_inf_putrid_blightkings_dual_axe,wh3_dlc29_chs_inf_putrid_blightkings_dual_axe,Putrid Blightkings (Dual Axes),,,,,,true
wh_main_sc_chs_chaos,wh_main_sc_chs_chaos|wh3_dlc29_chs_inf_putrid_blightkings_dual_axe_ror,wh3_dlc29_chs_inf_putrid_blightkings_dual_axe_ror,The Repugnauts of Brass Keep (Putrid Blightkings – Dual Axes),,,,,,true
wh_main_sc_chs_chaos,wh_main_sc_chs_chaos|wh3_dlc29_chs_inf_putrid_blightkings_great_weapons,wh3_dlc29_chs_inf_putrid_blightkings_great_weapons,Putrid Blightkings (Great Weapons),,,,,,true
wh_main_sc_chs_chaos,wh_main_sc_chs_chaos|wh3_dlc29_chs_mon_basilisk,wh3_dlc29_chs_mon_basilisk,Basilisk,,,,,,true
wh_main_sc_chs_chaos,wh_main_sc_chs_chaos|wh3_dlc29_chs_mon_chaos_siege_giant,wh3_dlc29_chs_mon_chaos_siege_giant,Chaos Siege Giant,,,,,,true
wh_main_sc_chs_chaos,wh_main_sc_chs_chaos|wh3_dlc29_chs_mon_giant_spined_chaos_beast,wh3_dlc29_chs_mon_giant_spined_chaos_beast,Giant Spined Chaos Beast,,,,,,true
wh_main_sc_chs_chaos,wh_main_sc_chs_chaos|wh3_dlc29_chs_mon_giant_spined_chaos_beast_ror,wh3_dlc29_chs_mon_giant_spined_chaos_beast_ror,Bane of Wittengast (Giant Spined Chaos Beast),,,,,,true
wh_main_sc_chs_chaos,wh_main_sc_chs_chaos|wh3_main_dae_cha_be_lakor_0,wh3_main_dae_cha_be_lakor_0,Be'lakor,,,,,,true
wh_main_sc_chs_chaos,wh_main_sc_chs_chaos|wh3_main_dae_inf_chaos_furies_0,wh3_main_dae_inf_chaos_furies_0,Chaos Furies,,Undivided,,,,false
wh_main_sc_chs_chaos,wh_main_sc_chs_chaos|wh3_main_dae_inf_chaos_furies_0,wh3_main_kho_inf_chaos_furies_0,Chaos Furies (Khorne),,Khorne,,,,false
wh_main_sc_chs_chaos,wh_main_sc_chs_chaos|wh3_main_dae_inf_chaos_furies_0,wh3_main_nur_inf_chaos_furies_0,Chaos Furies (Nurgle),,Nurgle,,,,false
wh_main_sc_chs_chaos,wh_main_sc_chs_chaos|wh3_main_dae_inf_chaos_furies_0,wh3_main_sla_inf_chaos_furies_0,Chaos Furies (Slaanesh),,Slaanesh,,,,false
wh_main_sc_chs_chaos,wh_main_sc_chs_chaos|wh3_main_dae_inf_chaos_furies_0,wh3_main_tze_inf_chaos_furies_0,Chaos Furies (Tzeentch),,Tzeentch,,,,false
wh_main_sc_chs_chaos,wh_main_sc_chs_chaos|wh3_main_kho_cav_bloodcrushers_0,wh3_main_kho_cav_bloodcrushers_0,Bloodcrushers of Khorne,,,,,,false
wh_main_sc_chs_chaos,wh_main_sc_chs_chaos|wh3_main_kho_cav_skullcrushers_0,wh3_main_kho_cav_skullcrushers_0,Skullcrushers of Khorne,,,,,,true
wh_main_sc_chs_chaos,wh_main_sc_chs_chaos|wh3_main_kho_inf_bloodletters_0,wh3_main_kho_inf_bloodletters_0,Bloodletters of Khorne,,,,,,false
wh_main_sc_chs_chaos,wh_main_sc_chs_chaos|wh3_main_kho_inf_chaos_warriors_2,wh3_main_kho_inf_chaos_warriors_2,Chaos Warriors of Khorne (Dual Weapons),,,,,,true
wh_main_sc_chs_chaos,wh_main_sc_chs_chaos|wh3_main_kho_inf_flesh_hounds_of_khorne_0,wh3_main_kho_inf_flesh_hounds_of_khorne_0,Flesh Hounds of Khorne,,,,,,false
wh_main_sc_chs_chaos,wh_main_sc_chs_chaos|wh3_main_kho_mon_bloodthirster_0,wh3_main_kho_mon_bloodthirster_0,Bloodthirster,,,,,,false
wh_main_sc_chs_chaos,wh_main_sc_chs_chaos|wh3_main_kho_veh_skullcannon_0,wh3_main_kho_veh_skullcannon_0,Skullcannon,,,,,,false
wh_main_sc_chs_chaos,wh_main_sc_chs_chaos|wh3_main_nur_cav_plague_drones_0,wh3_main_nur_cav_plague_drones_0,Plague Drones of Nurgle,,,,,,false
wh_main_sc_chs_chaos,wh_main_sc_chs_chaos|wh3_main_nur_cav_pox_riders_of_nurgle_0,wh3_main_nur_cav_pox_riders_of_nurgle_0,Pox Riders of Nurgle,,,,,,false
wh_main_sc_chs_chaos,wh_main_sc_chs_chaos|wh3_main_nur_inf_nurglings_0,wh3_main_nur_inf_nurglings_0,Nurglings,,,,,,false
wh_main_sc_chs_chaos,wh_main_sc_chs_chaos|wh3_main_nur_inf_plaguebearers_0,wh3_main_nur_inf_plaguebearers_0,Plaguebearers of Nurgle,,,,,,false
wh_main_sc_chs_chaos,wh_main_sc_chs_chaos|wh3_main_nur_mon_beast_of_nurgle_0,wh3_main_nur_mon_beast_of_nurgle_0,Beast of Nurgle,,,,,,false
wh_main_sc_chs_chaos,wh_main_sc_chs_chaos|wh3_main_nur_mon_great_unclean_one_0,wh3_main_nur_mon_great_unclean_one_0,Great Unclean One,,,,,,false
wh_main_sc_chs_chaos,wh_main_sc_chs_chaos|wh3_main_nur_mon_plague_toads_0,wh3_main_nur_mon_plague_toads_0,Plague Toads of Nurgle,,,,,,false
wh_main_sc_chs_chaos,wh_main_sc_chs_chaos|wh3_main_nur_mon_rot_flies_0,wh3_main_nur_mon_rot_flies_0,Rot Flies,,,,,,false
wh_main_sc_chs_chaos,wh_main_sc_chs_chaos|wh3_main_sla_cav_hellstriders_0,wh3_main_sla_cav_hellstriders_0,Hellstriders of Slaanesh,,,,,,true
wh_main_sc_chs_chaos,wh_main_sc_chs_chaos|wh3_main_sla_cav_hellstriders_1,wh3_main_sla_cav_hellstriders_1,Hellstriders of Slaanesh (Hellscourges),,,,,,true
wh_main_sc_chs_chaos,wh_main_sc_chs_chaos|wh3_main_sla_inf_daemonette_0,wh3_main_sla_inf_daemonette_0,Daemonettes of Slaanesh,,,,,,false
wh_main_sc_chs_chaos,wh_main_sc_chs_chaos|wh3_main_sla_mon_fiends_of_slaanesh_0,wh3_main_sla_mon_fiends_of_slaanesh_0,Fiends of Slaanesh,,,,,,false
wh_main_sc_chs_chaos,wh_main_sc_chs_chaos|wh3_main_sla_mon_keeper_of_secrets_0,wh3_main_sla_mon_keeper_of_secrets_0,Keeper of Secrets,,,,,,false
wh_main_sc_chs_chaos,wh_main_sc_chs_chaos|wh3_main_tze_cav_doom_knights_0,wh3_main_tze_cav_doom_knights_0,Doom Knights of Tzeentch,,,,,,true
wh_main_sc_chs_chaos,wh_main_sc_chs_chaos|wh3_main_tze_inf_blue_horrors_0,wh3_main_tze_inf_blue_horrors_0,Blue Horrors of Tzeentch,,,,,,false
wh_main_sc_chs_chaos,wh_main_sc_chs_chaos|wh3_main_tze_inf_pink_horrors_0,wh3_main_tze_inf_pink_horrors_0,Pink Horrors of Tzeentch,,,,,,false
wh_main_sc_chs_chaos,wh_main_sc_chs_chaos|wh3_main_tze_mon_flamers_0,wh3_main_tze_mon_flamers_0,Flamers of Tzeentch,,,,,,false
wh_main_sc_chs_chaos,wh_main_sc_chs_chaos|wh3_main_tze_mon_lord_of_change_0,wh3_main_tze_mon_lord_of_change_0,Lord of Change,,,,,,false
wh_main_sc_chs_chaos,wh_main_sc_chs_chaos|wh3_main_tze_mon_screamers_0,wh3_main_tze_mon_screamers_0,Screamers of Tzeentch,,,,,,false
wh_main_sc_chs_chaos,wh_main_sc_chs_chaos|wh3_pro11_chs_cha_harald_hammerstorm,wh3_pro11_chs_cha_harald_hammerstorm,Harald Hammerstorm,,,,,,true
wh_main_sc_chs_chaos,wh_main_sc_chs_chaos|wh3_twa07_tze_cav_doom_knights_ror_0,wh3_twa07_tze_cav_doom_knights_ror_0,Knights of Immolation (Doom Knights of Tzeentch),,,,,,true
wh_main_sc_chs_chaos,wh_main_sc_chs_chaos|wh3_twa08_kho_mon_bloodthirster_0_ror,wh3_twa08_kho_mon_bloodthirster_0_ror,Khorne’s Bloody Fist (Bloodthirster),,,,,,false
wh_main_sc_chs_chaos,wh_main_sc_chs_chaos|wh3_twa08_nur_mon_great_unclean_one_0_ror,wh3_twa08_nur_mon_great_unclean_one_0_ror,Uncle Furuncle (Great Unclean One),,,,,,false
wh_main_sc_chs_chaos,wh_main_sc_chs_chaos|wh3_twa08_sla_mon_keeper_of_secrets_0_ror,wh3_twa08_sla_mon_keeper_of_secrets_0_ror,The Marquis of Masochism (Keeper of Secrets),,,,,,false
wh_main_sc_chs_chaos,wh_main_sc_chs_chaos|wh3_twa08_tze_mon_lord_of_change_0_ror,wh3_twa08_tze_mon_lord_of_change_0_ror,The Golden Griffin of Theurgy (Lord of Change),,,,,,false
wh_main_sc_chs_chaos,wh_main_sc_chs_chaos|wh3_twa10_kho_inf_flesh_hounds_of_khorne_ror,wh3_twa10_kho_inf_flesh_hounds_of_khorne_ror,Hounds of the Blood Hunt (Flesh Hounds of Khorne),,,,,,false
wh_main_sc_chs_chaos,wh_main_sc_chs_chaos|wh3_twa10_nur_inf_nurglings_ror,wh3_twa10_nur_inf_nurglings_ror,The Frolickers Bubonic (Nurglings),,,,,,false
wh_main_sc_chs_chaos,wh_main_sc_chs_chaos|wh3_twa10_tze_inf_blue_horrors_ror,wh3_twa10_tze_inf_blue_horrors_ror,The Chromatic Abominations (Blue Horrors of Tzeentch),,,,,,false
wh_main_sc_chs_chaos,wh_main_sc_chs_chaos|wh_dlc01_chs_cav_gorebeast_chariot,wh3_main_kho_cav_gorebeast_chariot,Gorebeast Chariots of Khorne,,Khorne,,,,true
wh_main_sc_chs_chaos,wh_main_sc_chs_chaos|wh_dlc01_chs_cav_gorebeast_chariot,wh_dlc01_chs_cav_gorebeast_chariot,Gorebeast Chariots,,Undivided,,,,true
wh_main_sc_chs_chaos,wh_main_sc_chs_chaos|wh_dlc01_chs_cha_chaos_sorcerer_lord_death_0,wh3_dlc20_chs_cha_chaos_sorcerer_lord_death_mnur,Chaos Sorcerer Lord of Nurgle (Death),Death,Nurgle,,,On foot,true
wh_main_sc_chs_chaos,wh_main_sc_chs_chaos|wh_dlc01_chs_cha_chaos_sorcerer_lord_death_0,wh3_dlc20_chs_cha_chaos_sorcerer_lord_death_mnur_chaos_steed,Chaos Sorcerer Lord of Nurgle (Death),Death,Nurgle,,,Chaos Steed,true
wh_main_sc_chs_chaos,wh_main_sc_chs_chaos|wh_dlc01_chs_cha_chaos_sorcerer_lord_death_0,wh3_dlc20_chs_cha_chaos_sorcerer_lord_death_mnur_warshrine,Chaos Sorcerer Lord of Nurgle (Death),Death,Nurgle,,,Chaos Warshrine,true
wh_main_sc_chs_chaos,wh_main_sc_chs_chaos|wh_dlc01_chs_cha_chaos_sorcerer_lord_death_0,wh3_dlc20_chs_cha_chaos_sorcerer_lord_death_warshrine,Chaos Sorcerer Lord (Death),Death,Undivided,,,Chaos Warshrine,true
wh_main_sc_chs_chaos,wh_main_sc_chs_chaos|wh_dlc01_chs_cha_chaos_sorcerer_lord_death_0,wh3_dlc20_chs_cha_chaos_sorcerer_lord_fire_warshrine,Chaos Sorcerer Lord (Fire),Fire,Undivided,,,Chaos Warshrine,true
wh_main_sc_chs_chaos,wh_main_sc_chs_chaos|wh_dlc01_chs_cha_chaos_sorcerer_lord_death_0,wh3_dlc20_chs_cha_chaos_sorcerer_lord_metal_mtze,Chaos Sorcerer Lord of Tzeentch (Metal),Metal,Tzeentch,,,On foot,true
wh_main_sc_chs_chaos,wh_main_sc_chs_chaos|wh_dlc01_chs_cha_chaos_sorcerer_lord_death_0,wh3_dlc20_chs_cha_chaos_sorcerer_lord_metal_mtze_chaos_steed,Chaos Sorcerer Lord of Tzeentch (Metal),Metal,Tzeentch,,,Chaos Steed,true
wh_main_sc_chs_chaos,wh_main_sc_chs_chaos|wh_dlc01_chs_cha_chaos_sorcerer_lord_death_0,wh3_dlc20_chs_cha_chaos_sorcerer_lord_metal_mtze_disc,Chaos Sorcerer Lord of Tzeentch (Metal),Metal,Tzeentch,,,Disc of Tzeentch,true
wh_main_sc_chs_chaos,wh_main_sc_chs_chaos|wh_dlc01_chs_cha_chaos_sorcerer_lord_death_0,wh3_dlc20_chs_cha_chaos_sorcerer_lord_metal_mtze_warshrine,Chaos Sorcerer Lord of Tzeentch (Metal),Metal,Tzeentch,,,Chaos Warshrine,true
wh_main_sc_chs_chaos,wh_main_sc_chs_chaos|wh_dlc01_chs_cha_chaos_sorcerer_lord_death_0,wh3_dlc20_chs_cha_chaos_sorcerer_lord_metal_warshrine,Chaos Sorcerer Lord (Metal),Metal,Undivided,,,Chaos Warshrine,true
wh_main_sc_chs_chaos,wh_main_sc_chs_chaos|wh_dlc01_chs_cha_chaos_sorcerer_lord_death_0,wh3_dlc20_chs_cha_chaos_sorcerer_lord_nurgle_mnur,Chaos Sorcerer Lord of Nurgle (Nurgle),Nurgle,Nurgle,,,On foot,true
wh_main_sc_chs_chaos,wh_main_sc_chs_chaos|wh_dlc01_chs_cha_chaos_sorcerer_lord_death_0,wh3_dlc20_chs_cha_chaos_sorcerer_lord_nurgle_mnur_chaos_steed,Chaos Sorcerer Lord of Nurgle (Nurgle),Nurgle,Nurgle,,,Chaos Steed,true
wh_main_sc_chs_chaos,wh_main_sc_chs_chaos|wh_dlc01_chs_cha_chaos_sorcerer_lord_death_0,wh3_dlc20_chs_cha_chaos_sorcerer_lord_nurgle_mnur_warshrine,Chaos Sorcerer Lord of Nurgle (Nurgle),Nurgle,Nurgle,,,Chaos Warshrine,true
wh_main_sc_chs_chaos,wh_main_sc_chs_chaos|wh_dlc01_chs_cha_chaos_sorcerer_lord_death_0,wh3_dlc20_chs_cha_chaos_sorcerer_lord_shadows_warshrine,Chaos Sorcerer Lord (Shadows),Shadows,Undivided,,,Chaos Warshrine,true
wh_main_sc_chs_chaos,wh_main_sc_chs_chaos|wh_dlc01_chs_cha_chaos_sorcerer_lord_death_0,wh3_dlc20_chs_cha_chaos_sorcerer_lord_tzeentch_mtze,Chaos Sorcerer Lord of Tzeentch (Tzeentch),Tzeentch,Tzeentch,,,On foot,true
wh_main_sc_chs_chaos,wh_main_sc_chs_chaos|wh_dlc01_chs_cha_chaos_sorcerer_lord_death_0,wh3_dlc20_chs_cha_chaos_sorcerer_lord_tzeentch_mtze_chaos_steed,Chaos Sorcerer Lord of Tzeentch (Tzeentch),Tzeentch,Tzeentch,,,Chaos Steed,true
wh_main_sc_chs_chaos,wh_main_sc_chs_chaos|wh_dlc01_chs_cha_chaos_sorcerer_lord_death_0,wh3_dlc20_chs_cha_chaos_sorcerer_lord_tzeentch_mtze_disc,Chaos Sorcerer Lord of Tzeentch (Tzeentch),Tzeentch,Tzeentch,,,Disc of Tzeentch,true
wh_main_sc_chs_chaos,wh_main_sc_chs_chaos|wh_dlc01_chs_cha_chaos_sorcerer_lord_death_0,wh3_dlc20_chs_cha_chaos_sorcerer_lord_tzeentch_mtze_warshrine,Chaos Sorcerer Lord of Tzeentch (Tzeentch),Tzeentch,Tzeentch,,,Chaos Warshrine,true
wh_main_sc_chs_chaos,wh_main_sc_chs_chaos|wh_dlc01_chs_cha_chaos_sorcerer_lord_death_0,wh3_dlc27_chs_cha_sorcerer_lord_shadows_msla,Chaos Sorcerer Lord of Slaanesh (Shadows),Shadows,Slaanesh,,,On foot,true
wh_main_sc_chs_chaos,wh_main_sc_chs_chaos|wh_dlc01_chs_cha_chaos_sorcerer_lord_death_0,wh3_dlc27_chs_cha_sorcerer_lord_shadows_msla_chaos_steed,Chaos Sorcerer Lord of Slaanesh (Shadows),Shadows,Slaanesh,,,Chaos Steed,true
wh_main_sc_chs_chaos,wh_main_sc_chs_chaos|wh_dlc01_chs_cha_chaos_sorcerer_lord_death_0,wh3_dlc27_chs_cha_sorcerer_lord_shadows_msla_daemonic_steed,Chaos Sorcerer Lord of Slaanesh (Shadows),Shadows,Slaanesh,,,Daemonic Steed,true
wh_main_sc_chs_chaos,wh_main_sc_chs_chaos|wh_dlc01_chs_cha_chaos_sorcerer_lord_death_0,wh3_dlc27_chs_cha_sorcerer_lord_shadows_msla_warshrine,Chaos Sorcerer Lord of Slaanesh (Shadows),Shadows,Slaanesh,,,Warshrine,true
wh_main_sc_chs_chaos,wh_main_sc_chs_chaos|wh_dlc01_chs_cha_chaos_sorcerer_lord_death_0,wh3_dlc27_chs_cha_sorcerer_lord_slaanesh_msla,Chaos Sorcerer Lord of Slaanesh (Slaanesh),Slaanesh,Slaanesh,,,On foot,true
wh_main_sc_chs_chaos,wh_main_sc_chs_chaos|wh_dlc01_chs_cha_chaos_sorcerer_lord_death_0,wh3_dlc27_chs_cha_sorcerer_lord_slaanesh_msla_chaos_steed,Chaos Sorcerer Lord of Slaanesh (Slaanesh),Slaanesh,Slaanesh,,,Chaos Steed,true
wh_main_sc_chs_chaos,wh_main_sc_chs_chaos|wh_dlc01_chs_cha_chaos_sorcerer_lord_death_0,wh3_dlc27_chs_cha_sorcerer_lord_slaanesh_msla_daemonic_steed,Chaos Sorcerer Lord of Slaanesh (Slaanesh),Slaanesh,Slaanesh,,,Daemonic Steed,true
wh_main_sc_chs_chaos,wh_main_sc_chs_chaos|wh_dlc01_chs_cha_chaos_sorcerer_lord_death_0,wh3_dlc27_chs_cha_sorcerer_lord_slaanesh_msla_warshrine,Chaos Sorcerer Lord of Slaanesh (Slaanesh),Slaanesh,Slaanesh,,,Warshrine,true
wh_main_sc_chs_chaos,wh_main_sc_chs_chaos|wh_dlc01_chs_cha_chaos_sorcerer_lord_death_0,wh_dlc01_chs_cha_chaos_sorcerer_lord_death_0,Chaos Sorcerer Lord (Death),Death,Undivided,,,On foot,true
wh_main_sc_chs_chaos,wh_main_sc_chs_chaos|wh_dlc01_chs_cha_chaos_sorcerer_lord_death_0,wh_dlc01_chs_cha_chaos_sorcerer_lord_death_10,Chaos Sorcerer Lord (Death),Death,Undivided,,,Chaos Dragon,true
wh_main_sc_chs_chaos,wh_main_sc_chs_chaos|wh_dlc01_chs_cha_chaos_sorcerer_lord_death_0,wh_dlc01_chs_cha_chaos_sorcerer_lord_death_12,Chaos Sorcerer Lord (Death),Death,Undivided,,,Chaos Steed,true
wh_main_sc_chs_chaos,wh_main_sc_chs_chaos|wh_dlc01_chs_cha_chaos_sorcerer_lord_death_0,wh_dlc01_chs_cha_chaos_sorcerer_lord_death_9,Chaos Sorcerer Lord (Death),Death,Undivided,,,Manticore,true
wh_main_sc_chs_chaos,wh_main_sc_chs_chaos|wh_dlc01_chs_cha_chaos_sorcerer_lord_death_0,wh_dlc01_chs_cha_chaos_sorcerer_lord_fire_0,Chaos Sorcerer Lord (Fire),Fire,Undivided,,,On foot,true
wh_main_sc_chs_chaos,wh_main_sc_chs_chaos|wh_dlc01_chs_cha_chaos_sorcerer_lord_death_0,wh_dlc01_chs_cha_chaos_sorcerer_lord_fire_10,Chaos Sorcerer Lord (Fire),Fire,Undivided,,,Chaos Dragon,true
wh_main_sc_chs_chaos,wh_main_sc_chs_chaos|wh_dlc01_chs_cha_chaos_sorcerer_lord_death_0,wh_dlc01_chs_cha_chaos_sorcerer_lord_fire_12,Chaos Sorcerer Lord (Fire),Fire,Undivided,,,Chaos Steed,true
wh_main_sc_chs_chaos,wh_main_sc_chs_chaos|wh_dlc01_chs_cha_chaos_sorcerer_lord_death_0,wh_dlc01_chs_cha_chaos_sorcerer_lord_fire_9,Chaos Sorcerer Lord (Fire),Fire,Undivided,,,Manticore,true
wh_main_sc_chs_chaos,wh_main_sc_chs_chaos|wh_dlc01_chs_cha_chaos_sorcerer_lord_death_0,wh_dlc01_chs_cha_chaos_sorcerer_lord_metal_0,Chaos Sorcerer Lord (Metal),Metal,Undivided,,,On foot,true
wh_main_sc_chs_chaos,wh_main_sc_chs_chaos|wh_dlc01_chs_cha_chaos_sorcerer_lord_death_0,wh_dlc01_chs_cha_chaos_sorcerer_lord_metal_10,Chaos Sorcerer Lord (Metal),Metal,Undivided,,,Chaos Dragon,true
wh_main_sc_chs_chaos,wh_main_sc_chs_chaos|wh_dlc01_chs_cha_chaos_sorcerer_lord_death_0,wh_dlc01_chs_cha_chaos_sorcerer_lord_metal_12,Chaos Sorcerer Lord (Metal),Metal,Undivided,,,Chaos Steed,true
wh_main_sc_chs_chaos,wh_main_sc_chs_chaos|wh_dlc01_chs_cha_chaos_sorcerer_lord_death_0,wh_dlc01_chs_cha_chaos_sorcerer_lord_metal_9,Chaos Sorcerer Lord (Metal),Metal,Undivided,,,Manticore,true
wh_main_sc_chs_chaos,wh_main_sc_chs_chaos|wh_dlc01_chs_cha_chaos_sorcerer_lord_death_0,wh_dlc01_chs_cha_chaos_sorcerer_lord_shadows_0,Chaos Sorcerer Lord (Shadows),Shadows,Undivided,,,On foot,true
wh_main_sc_chs_chaos,wh_main_sc_chs_chaos|wh_dlc01_chs_cha_chaos_sorcerer_lord_death_0,wh_dlc01_chs_cha_chaos_sorcerer_lord_shadows_1,Chaos Sorcerer Lord (Shadows),Shadows,Undivided,,,Chaos Steed,true
wh_main_sc_chs_chaos,wh_main_sc_chs_chaos|wh_dlc01_chs_cha_chaos_sorcerer_lord_death_0,wh_dlc01_chs_cha_chaos_sorcerer_lord_shadows_3,Chaos Sorcerer Lord (Shadows),Shadows,Undivided,,,Manticore,true
wh_main_sc_chs_chaos,wh_main_sc_chs_chaos|wh_dlc01_chs_cha_chaos_sorcerer_lord_death_0,wh_dlc01_chs_cha_chaos_sorcerer_lord_shadows_4,Chaos Sorcerer Lord (Shadows),Shadows,Undivided,,,Chaos Dragon,true
wh_main_sc_chs_chaos,wh_main_sc_chs_chaos|wh_dlc01_chs_cha_kholek,wh_dlc01_chs_cha_kholek,Kholek Suneater,,,,,,true
wh_main_sc_chs_chaos,wh_main_sc_chs_chaos|wh_dlc01_chs_cha_prince_sigvald_the_magnificent,wh_dlc01_chs_cha_prince_sigvald_the_magnificent,Prince Sigvald the Magnificent,,,,,,true
wh_main_sc_chs_chaos,wh_main_sc_chs_chaos|wh_dlc01_chs_inf_chaos_warriors_2,wh3_dlc20_chs_inf_chaos_warriors_mnur_greatweapons,Chaos Warriors of Nurgle (Great Weapons),,Nurgle,,,,true
wh_main_sc_chs_chaos,wh_main_sc_chs_chaos|wh_dlc01_chs_inf_chaos_warriors_2,wh_dlc01_chs_inf_chaos_warriors_2,Chaos Warriors (Great Weapons),,Undivided,,,,true
wh_main_sc_chs_chaos,wh_main_sc_chs_chaos|wh_dlc01_chs_inf_chosen_2,wh3_dlc20_chs_inf_chosen_mtze_halberds,Chosen of Tzeentch (Halberds),,Tzeentch,,,,true
wh_main_sc_chs_chaos,wh_main_sc_chs_chaos|wh_dlc01_chs_inf_chosen_2,wh_dlc01_chs_inf_chosen_2,Chosen (Halberds),,Undivided,,,,true
wh_main_sc_chs_chaos,wh_main_sc_chs_chaos|wh_dlc01_chs_inf_forsaken_0,wh3_dlc20_chs_inf_forsaken_mkho,Forsaken of Khorne,,Khorne,,,,true
wh_main_sc_chs_chaos,wh_main_sc_chs_chaos|wh_dlc01_chs_inf_forsaken_0,wh3_dlc20_chs_inf_forsaken_msla,Forsaken of Slaanesh,,Slaanesh,,,,true
wh_main_sc_chs_chaos,wh_main_sc_chs_chaos|wh_dlc01_chs_inf_forsaken_0,wh3_main_nur_inf_forsaken_0,Forsaken of Nurgle,,Nurgle,,,,true
wh_main_sc_chs_chaos,wh_main_sc_chs_chaos|wh_dlc01_chs_inf_forsaken_0,wh3_main_tze_inf_forsaken_0,Forsaken of Tzeentch,,Tzeentch,,,,true
wh_main_sc_chs_chaos,wh_main_sc_chs_chaos|wh_dlc01_chs_inf_forsaken_0,wh_dlc01_chs_inf_forsaken_0,Forsaken,,Undivided,,,,true
wh_main_sc_chs_chaos,wh_main_sc_chs_chaos|wh_dlc01_chs_mon_dragon_ogre,wh_dlc01_chs_mon_dragon_ogre,Dragon Ogres,,,,,,true
wh_main_sc_chs_chaos,wh_main_sc_chs_chaos|wh_dlc01_chs_mon_dragon_ogre_shaggoth,wh_dlc01_chs_mon_dragon_ogre_shaggoth,Dragon Ogre Shaggoth,,,,,,true
wh_main_sc_chs_chaos,wh_main_sc_chs_chaos|wh_dlc01_chs_mon_trolls_1,wh_dlc01_chs_mon_trolls_1,Chaos Trolls (Armoured),,,,,,true
wh_main_sc_chs_chaos,wh_main_sc_chs_chaos|wh_dlc06_chs_cav_marauder_horsemasters_0,wh_dlc06_chs_cav_marauder_horsemasters_0,Marauder Horsemasters,,,,,,true
wh_main_sc_chs_chaos,wh_main_sc_chs_chaos|wh_dlc06_chs_feral_manticore,wh_dlc06_chs_feral_manticore,Chaos Feral Manticore,,,,,,true
wh_main_sc_chs_chaos,wh_main_sc_chs_chaos|wh_dlc06_chs_inf_aspiring_champions_0,wh_dlc06_chs_inf_aspiring_champions_0,Aspiring Champions,,,,,,true
wh_main_sc_chs_chaos,wh_main_sc_chs_chaos|wh_main_chs_art_hellcannon,wh_main_chs_art_hellcannon,Hellcannon,,,,,,true
wh_main_sc_chs_chaos,wh_main_sc_chs_chaos|wh_main_chs_cav_chaos_chariot,wh3_dlc20_chs_cav_chaos_chariot_mkho,Chaos Chariots of Khorne,,Khorne,,,,true
wh_main_sc_chs_chaos,wh_main_sc_chs_chaos|wh_main_chs_cav_chaos_chariot,wh3_dlc20_chs_cav_chaos_chariot_mnur,Chaos Chariots of Nurgle,,Nurgle,,,,true
wh_main_sc_chs_chaos,wh_main_sc_chs_chaos|wh_main_chs_cav_chaos_chariot,wh3_dlc20_chs_cav_chaos_chariot_msla,Chaos Chariots of Slaanesh,,Slaanesh,,,,true
wh_main_sc_chs_chaos,wh_main_sc_chs_chaos|wh_main_chs_cav_chaos_chariot,wh3_dlc20_chs_cav_chaos_chariot_mtze,Chaos Chariots of Tzeentch,,Tzeentch,,,,true
wh_main_sc_chs_chaos,wh_main_sc_chs_chaos|wh_main_chs_cav_chaos_chariot,wh_main_chs_cav_chaos_chariot,Chaos Chariots,,Undivided,,,,true
wh_main_sc_chs_chaos,wh_main_sc_chs_chaos|wh_main_chs_cav_chaos_knights_0,wh3_dlc20_chs_cav_chaos_knights_mkho,Chaos Knights of Khorne,,Khorne,,,,true
wh_main_sc_chs_chaos,wh_main_sc_chs_chaos|wh_main_chs_cav_chaos_knights_0,wh3_dlc20_chs_cav_chaos_knights_mnur,Chaos Knights of Nurgle,,Nurgle,,,,true
wh_main_sc_chs_chaos,wh_main_sc_chs_chaos|wh_main_chs_cav_chaos_knights_0,wh3_dlc20_chs_cav_chaos_knights_msla,Chaos Knights of Slaanesh,,Slaanesh,,,,true
wh_main_sc_chs_chaos,wh_main_sc_chs_chaos|wh_main_chs_cav_chaos_knights_0,wh3_main_tze_cav_chaos_knights_0,Chaos Knights of Tzeentch,,Tzeentch,,,,true
wh_main_sc_chs_chaos,wh_main_sc_chs_chaos|wh_main_chs_cav_chaos_knights_0,wh_main_chs_cav_chaos_knights_0,Chaos Knights,,Undivided,,,,true
wh_main_sc_chs_chaos,wh_main_sc_chs_chaos|wh_main_chs_cav_chaos_knights_1,wh3_dlc20_chs_cav_chaos_knights_mkho_lances,Chaos Knights of Khorne (Lances),,Khorne,,,,true
wh_main_sc_chs_chaos,wh_main_sc_chs_chaos|wh_main_chs_cav_chaos_knights_1,wh3_dlc20_chs_cav_chaos_knights_mnur_lances,Chaos Knights of Nurgle (Lances),,Nurgle,,,,true
wh_main_sc_chs_chaos,wh_main_sc_chs_chaos|wh_main_chs_cav_chaos_knights_1,wh3_dlc20_chs_cav_chaos_knights_msla_lances,Chaos Knights of Slaanesh (Lances),,Slaanesh,,,,true
wh_main_sc_chs_chaos,wh_main_sc_chs_chaos|wh_main_chs_cav_chaos_knights_1,wh3_dlc20_chs_cav_chaos_knights_mtze_lances,Chaos Knights of Tzeentch (Lances),,Tzeentch,,,,true
wh_main_sc_chs_chaos,wh_main_sc_chs_chaos|wh_main_chs_cav_chaos_knights_1,wh_main_chs_cav_chaos_knights_1,Chaos Knights (Lances),,Undivided,,,,true
wh_main_sc_chs_chaos,wh_main_sc_chs_chaos|wh_main_chs_cav_marauder_horsemen_0,wh3_dlc20_chs_cav_marauder_horsemen_msla_javelins,Marauder Horsemen of Slaanesh,,Slaanesh,,,,true
wh_main_sc_chs_chaos,wh_main_sc_chs_chaos|wh_main_chs_cav_marauder_horsemen_0,wh3_dlc20_chs_cav_marauder_horsemen_mtze_javelins,Marauder Horsemen of Tzeentch,,Tzeentch,,,,true
wh_main_sc_chs_chaos,wh_main_sc_chs_chaos|wh_main_chs_cav_marauder_horsemen_0,wh_main_chs_cav_marauder_horsemen_0,Marauder Horsemen,,Undivided,,,,true
wh_main_sc_chs_chaos,wh_main_sc_chs_chaos|wh_main_chs_cav_marauder_horsemen_1,wh3_dlc20_chs_cav_marauder_horsemen_mkho_throwing_axes,Marauder Horsemen of Khorne (Throwing Axes),,Khorne,,,,true
wh_main_sc_chs_chaos,wh_main_sc_chs_chaos|wh_main_chs_cav_marauder_horsemen_1,wh3_dlc20_chs_cav_marauder_horsemen_mnur_throwing_axes,Marauder Horsemen of Nurgle (Throwing Axes),,Nurgle,,,,true
wh_main_sc_chs_chaos,wh_main_sc_chs_chaos|wh_main_chs_cav_marauder_horsemen_1,wh_main_chs_cav_marauder_horsemen_1,Marauder Horsemen (Throwing Axes),,Undivided,,,,true
wh_main_sc_chs_chaos,wh_main_sc_chs_chaos|wh_main_chs_cha_archaon_the_everchosen_0,wh_main_chs_cha_archaon_the_everchosen_0,Archaon the Everchosen,,,,,On foot,true
wh_main_sc_chs_chaos,wh_main_sc_chs_chaos|wh_main_chs_cha_archaon_the_everchosen_0,wh_main_chs_cha_archaon_the_everchosen_1,Archaon the Everchosen,,,,,Dorghar,true
wh_main_sc_chs_chaos,wh_main_sc_chs_chaos|wh_main_chs_cha_chaos_lord_0,wh3_dlc20_chs_cha_chaos_lord_mkho,Chaos Lord of Khorne,,Khorne,,,On foot,true
wh_main_sc_chs_chaos,wh_main_sc_chs_chaos|wh_main_chs_cha_chaos_lord_0,wh3_dlc20_chs_cha_chaos_lord_mkho_chaos_steed,Chaos Lord of Khorne,,Khorne,,,Chaos Steed,true
wh_main_sc_chs_chaos,wh_main_sc_chs_chaos|wh_main_chs_cha_chaos_lord_0,wh3_dlc20_chs_cha_chaos_lord_mkho_gorebeast_chariot,Chaos Lord of Khorne,,Khorne,,,Gorebeast Chariot,true
wh_main_sc_chs_chaos,wh_main_sc_chs_chaos|wh_main_chs_cha_chaos_lord_0,wh3_dlc20_chs_cha_chaos_lord_mkho_juggernaut,Chaos Lord of Khorne,,Khorne,,,Juggernaut,true
wh_main_sc_chs_chaos,wh_main_sc_chs_chaos|wh_main_chs_cha_chaos_lord_0,wh3_dlc20_chs_cha_chaos_lord_msla,Chaos Lord of Slaanesh,,Slaanesh,,,On foot,true
wh_main_sc_chs_chaos,wh_main_sc_chs_chaos|wh_main_chs_cha_chaos_lord_0,wh3_dlc20_chs_cha_chaos_lord_msla_chaos_chariot,Chaos Lord of Slaanesh,,Slaanesh,,,Chaos Chariot,true
wh_main_sc_chs_chaos,wh_main_sc_chs_chaos|wh_main_chs_cha_chaos_lord_0,wh3_dlc20_chs_cha_chaos_lord_msla_chaos_steed,Chaos Lord of Slaanesh,,Slaanesh,,,Chaos Steed,true
wh_main_sc_chs_chaos,wh_main_sc_chs_chaos|wh_main_chs_cha_chaos_lord_0,wh3_dlc24_chs_cha_chaos_lord_mtze,Chaos Lord of Tzeentch,,Tzeentch,,,On foot,true
wh_main_sc_chs_chaos,wh_main_sc_chs_chaos|wh_main_chs_cha_chaos_lord_0,wh3_dlc24_chs_cha_chaos_lord_mtze_chaos_chariot,Chaos Lord of Tzeentch,,Tzeentch,,,Chaos Chariot,true
wh_main_sc_chs_chaos,wh_main_sc_chs_chaos|wh_main_chs_cha_chaos_lord_0,wh3_dlc24_chs_cha_chaos_lord_mtze_chaos_steed,Chaos Lord of Tzeentch,,Tzeentch,,,Chaos Steed,true
wh_main_sc_chs_chaos,wh_main_sc_chs_chaos|wh_main_chs_cha_chaos_lord_0,wh3_dlc24_chs_cha_chaos_lord_mtze_disc,Chaos Lord of Tzeentch,,Tzeentch,,,Disc of Tzeentch,true
wh_main_sc_chs_chaos,wh_main_sc_chs_chaos|wh_main_chs_cha_chaos_lord_0,wh3_dlc25_chs_cha_chaos_lord_mnur,Chaos Lord of Nurgle,,Nurgle,,,On foot,true
wh_main_sc_chs_chaos,wh_main_sc_chs_chaos|wh_main_chs_cha_chaos_lord_0,wh3_dlc25_chs_cha_chaos_lord_mnur_chaos_chariot,Chaos Lord of Nurgle,,Nurgle,,,Chaos Chariot,true
wh_main_sc_chs_chaos,wh_main_sc_chs_chaos|wh_main_chs_cha_chaos_lord_0,wh3_dlc25_chs_cha_chaos_lord_mnur_chaos_steed,Chaos Lord of Nurgle,,Nurgle,,,Chaos Steed,true
wh_main_sc_chs_chaos,wh_main_sc_chs_chaos|wh_main_chs_cha_chaos_lord_0,wh3_dlc25_chs_cha_chaos_lord_mnur_rot_beast,Chaos Lord of Nurgle,,Nurgle,,,Rot Beast,true
wh_main_sc_chs_chaos,wh_main_sc_chs_chaos|wh_main_chs_cha_chaos_lord_0,wh3_dlc27_chs_cha_chaos_lord_msla_daemonic_steed,Chaos Lord of Slaanesh,,Slaanesh,,,Daemonic Steed,true
wh_main_sc_chs_chaos,wh_main_sc_chs_chaos|wh_main_chs_cha_chaos_lord_0,wh_dlc01_chs_cha_chaos_lord_10,Chaos Lord,,Undivided,,,Manticore,true
wh_main_sc_chs_chaos,wh_main_sc_chs_chaos|wh_main_chs_cha_chaos_lord_0,wh_dlc01_chs_cha_chaos_lord_2,Chaos Lord,,Undivided,,,Chaos Dragon,true
wh_main_sc_chs_chaos,wh_main_sc_chs_chaos|wh_main_chs_cha_chaos_lord_0,wh_main_chs_cha_chaos_lord_0,Chaos Lord,,Undivided,,,On foot,true
wh_main_sc_chs_chaos,wh_main_sc_chs_chaos|wh_main_chs_cha_chaos_lord_0,wh_main_chs_cha_chaos_lord_11,Chaos Lord,,Undivided,,,Chaos Steed,true
wh_main_sc_chs_chaos,wh_main_sc_chs_chaos|wh_main_chs_cha_chaos_lord_0,wh_main_chs_cha_chaos_lord_8,Chaos Lord,,Undivided,,,Chaos Chariot,true
wh_main_sc_chs_chaos,wh_main_sc_chs_chaos|wh_main_chs_cha_chaos_sorcerer_death_0,wh3_dlc20_chs_cha_chaos_sorcerer_death_warshrine,Chaos Sorcerer (Death),Death,Undivided,,,Chaos Warshrine,true
wh_main_sc_chs_chaos,wh_main_sc_chs_chaos|wh_main_chs_cha_chaos_sorcerer_death_0,wh3_dlc20_chs_cha_chaos_sorcerer_fire_warshrine,Chaos Sorcerer (Fire),Fire,Undivided,,,Chaos Warshrine,true
wh_main_sc_chs_chaos,wh_main_sc_chs_chaos|wh_main_chs_cha_chaos_sorcerer_death_0,wh3_dlc20_chs_cha_chaos_sorcerer_metal_mtze,Chaos Sorcerer of Tzeentch (Metal),Metal,Tzeentch,,,On foot,true
wh_main_sc_chs_chaos,wh_main_sc_chs_chaos|wh_main_chs_cha_chaos_sorcerer_death_0,wh3_dlc20_chs_cha_chaos_sorcerer_metal_mtze_chaos_steed,Chaos Sorcerer of Tzeentch (Metal),Metal,Tzeentch,,,Chaos Steed,true
wh_main_sc_chs_chaos,wh_main_sc_chs_chaos|wh_main_chs_cha_chaos_sorcerer_death_0,wh3_dlc20_chs_cha_chaos_sorcerer_metal_mtze_disc,Chaos Sorcerer of Tzeentch (Metal),Metal,Tzeentch,,,Disc of Tzeentch,true
wh_main_sc_chs_chaos,wh_main_sc_chs_chaos|wh_main_chs_cha_chaos_sorcerer_death_0,wh3_dlc20_chs_cha_chaos_sorcerer_metal_mtze_warshrine,Chaos Sorcerer of Tzeentch (Metal),Metal,Tzeentch,,,Chaos Warshrine,true
wh_main_sc_chs_chaos,wh_main_sc_chs_chaos|wh_main_chs_cha_chaos_sorcerer_death_0,wh3_dlc20_chs_cha_chaos_sorcerer_metal_warshrine,Chaos Sorcerer (Metal),Metal,Undivided,,,Chaos Warshrine,true
wh_main_sc_chs_chaos,wh_main_sc_chs_chaos|wh_main_chs_cha_chaos_sorcerer_death_0,wh3_dlc20_chs_cha_chaos_sorcerer_shadows_msla,Chaos Sorcerer of Slaanesh (Shadows),Shadows,Slaanesh,,,On foot,true
wh_main_sc_chs_chaos,wh_main_sc_chs_chaos|wh_main_chs_cha_chaos_sorcerer_death_0,wh3_dlc20_chs_cha_chaos_sorcerer_shadows_msla_chaos_steed,Chaos Sorcerer of Slaanesh (Shadows),Shadows,Slaanesh,,,Chaos Steed,true
wh_main_sc_chs_chaos,wh_main_sc_chs_chaos|wh_main_chs_cha_chaos_sorcerer_death_0,wh3_dlc20_chs_cha_chaos_sorcerer_shadows_msla_warshrine,Chaos Sorcerer of Slaanesh (Shadows),Shadows,Slaanesh,,,Chaos Warshrine,true
wh_main_sc_chs_chaos,wh_main_sc_chs_chaos|wh_main_chs_cha_chaos_sorcerer_death_0,wh3_dlc20_chs_cha_chaos_sorcerer_shadows_warshrine,Chaos Sorcerer (Shadows),Shadows,Undivided,,,Chaos Warshrine,true
wh_main_sc_chs_chaos,wh_main_sc_chs_chaos|wh_main_chs_cha_chaos_sorcerer_death_0,wh3_dlc20_chs_cha_chaos_sorcerer_slaanesh_msla,Chaos Sorcerer of Slaanesh (Slaanesh),Slaanesh,Slaanesh,,,On foot,true
wh_main_sc_chs_chaos,wh_main_sc_chs_chaos|wh_main_chs_cha_chaos_sorcerer_death_0,wh3_dlc20_chs_cha_chaos_sorcerer_slaanesh_msla_chaos_steed,Chaos Sorcerer of Slaanesh (Slaanesh),Slaanesh,Slaanesh,,,Chaos Steed,true
wh_main_sc_chs_chaos,wh_main_sc_chs_chaos|wh_main_chs_cha_chaos_sorcerer_death_0,wh3_dlc20_chs_cha_chaos_sorcerer_slaanesh_msla_warshrine,Chaos Sorcerer of Slaanesh (Slaanesh),Slaanesh,Slaanesh,,,Chaos Warshrine,true
wh_main_sc_chs_chaos,wh_main_sc_chs_chaos|wh_main_chs_cha_chaos_sorcerer_death_0,wh3_dlc20_chs_cha_chaos_sorcerer_tzeentch_mtze,Chaos Sorcerer of Tzeentch (Tzeentch),Tzeentch,Tzeentch,,,On foot,true
wh_main_sc_chs_chaos,wh_main_sc_chs_chaos|wh_main_chs_cha_chaos_sorcerer_death_0,wh3_dlc20_chs_cha_chaos_sorcerer_tzeentch_mtze_chaos_steed,Chaos Sorcerer of Tzeentch (Tzeentch),Tzeentch,Tzeentch,,,Chaos Steed,true
wh_main_sc_chs_chaos,wh_main_sc_chs_chaos|wh_main_chs_cha_chaos_sorcerer_death_0,wh3_dlc20_chs_cha_chaos_sorcerer_tzeentch_mtze_disc,Chaos Sorcerer of Tzeentch (Tzeentch),Tzeentch,Tzeentch,,,Disc of Tzeentch,true
wh_main_sc_chs_chaos,wh_main_sc_chs_chaos|wh_main_chs_cha_chaos_sorcerer_death_0,wh3_dlc20_chs_cha_chaos_sorcerer_tzeentch_mtze_warshrine,Chaos Sorcerer of Tzeentch (Tzeentch),Tzeentch,Tzeentch,,,Chaos Warshrine,true
wh_main_sc_chs_chaos,wh_main_sc_chs_chaos|wh_main_chs_cha_chaos_sorcerer_death_0,wh3_dlc25_chs_cha_chaos_sorcerer_death_mnur,Chaos Sorcerer of Nurgle (Death),Death,Nurgle,,,On foot,true
wh_main_sc_chs_chaos,wh_main_sc_chs_chaos|wh_main_chs_cha_chaos_sorcerer_death_0,wh3_dlc25_chs_cha_chaos_sorcerer_death_mnur_chaos_steed,Chaos Sorcerer of Nurgle (Death),Death,Nurgle,,,Chaos Steed,true
wh_main_sc_chs_chaos,wh_main_sc_chs_chaos|wh_main_chs_cha_chaos_sorcerer_death_0,wh3_dlc25_chs_cha_chaos_sorcerer_death_mnur_rot_beast,Chaos Sorcerer of Nurgle (Death),Death,Nurgle,,,Rot Beast,true
wh_main_sc_chs_chaos,wh_main_sc_chs_chaos|wh_main_chs_cha_chaos_sorcerer_death_0,wh3_dlc25_chs_cha_chaos_sorcerer_death_mnur_warshrine,Chaos Sorcerer of Nurgle (Death),Death,Nurgle,,,Chaos Warshrine,true
wh_main_sc_chs_chaos,wh_main_sc_chs_chaos|wh_main_chs_cha_chaos_sorcerer_death_0,wh3_dlc25_chs_cha_chaos_sorcerer_nurgle_mnur,Chaos Sorcerer of Nurgle (Nurgle),Nurgle,Nurgle,,,On foot,true
wh_main_sc_chs_chaos,wh_main_sc_chs_chaos|wh_main_chs_cha_chaos_sorcerer_death_0,wh3_dlc25_chs_cha_chaos_sorcerer_nurgle_mnur_chaos_steed,Chaos Sorcerer of Nurgle (Nurgle),Nurgle,Nurgle,,,Chaos Steed,true
wh_main_sc_chs_chaos,wh_main_sc_chs_chaos|wh_main_chs_cha_chaos_sorcerer_death_0,wh3_dlc25_chs_cha_chaos_sorcerer_nurgle_mnur_rot_beast,Chaos Sorcerer of Nurgle (Nurgle),Nurgle,Nurgle,,,Rot Beast,true
wh_main_sc_chs_chaos,wh_main_sc_chs_chaos|wh_main_chs_cha_chaos_sorcerer_death_0,wh3_dlc25_chs_cha_chaos_sorcerer_nurgle_mnur_warshrine,Chaos Sorcerer of Nurgle (Nurgle),Nurgle,Nurgle,,,Chaos Warshrine,true
wh_main_sc_chs_chaos,wh_main_sc_chs_chaos|wh_main_chs_cha_chaos_sorcerer_death_0,wh3_dlc27_chs_cha_chaos_sorcerer_shadows_msla_daemonic_steed,Chaos Sorcerer of Slaanesh (Shadows),Shadows,Slaanesh,,,Daemonic Steed,true
wh_main_sc_chs_chaos,wh_main_sc_chs_chaos|wh_main_chs_cha_chaos_sorcerer_death_0,wh3_dlc27_chs_cha_chaos_sorcerer_slaanesh_msla_daemonic_steed,Chaos Sorcerer of Slaanesh (Slaanesh),Slaanesh,Slaanesh,,,Daemonic Steed,true
wh_main_sc_chs_chaos,wh_main_sc_chs_chaos|wh_main_chs_cha_chaos_sorcerer_death_0,wh_dlc01_chs_cha_chaos_sorcerer_shadows_0,Chaos Sorcerer (Shadows),Shadows,Undivided,,,On foot,true
wh_main_sc_chs_chaos,wh_main_sc_chs_chaos|wh_main_chs_cha_chaos_sorcerer_death_0,wh_dlc01_chs_cha_chaos_sorcerer_shadows_1,Chaos Sorcerer (Shadows),Shadows,Undivided,,,Chaos Steed,true
wh_main_sc_chs_chaos,wh_main_sc_chs_chaos|wh_main_chs_cha_chaos_sorcerer_death_0,wh_dlc01_chs_cha_chaos_sorcerer_shadows_3,Chaos Sorcerer (Shadows),Shadows,Undivided,,,Manticore,true
wh_main_sc_chs_chaos,wh_main_sc_chs_chaos|wh_main_chs_cha_chaos_sorcerer_death_0,wh_main_chs_cha_chaos_sorcerer_death_0,Chaos Sorcerer (Death),Death,Undivided,,,On foot,true
wh_main_sc_chs_chaos,wh_main_sc_chs_chaos|wh_main_chs_cha_chaos_sorcerer_death_0,wh_main_chs_cha_chaos_sorcerer_death_10,Chaos Sorcerer (Death),Death,Undivided,,,Chaos Steed,true
wh_main_sc_chs_chaos,wh_main_sc_chs_chaos|wh_main_chs_cha_chaos_sorcerer_death_0,wh_main_chs_cha_chaos_sorcerer_death_9,Chaos Sorcerer (Death),Death,Undivided,,,Manticore,true
wh_main_sc_chs_chaos,wh_main_sc_chs_chaos|wh_main_chs_cha_chaos_sorcerer_death_0,wh_main_chs_cha_chaos_sorcerer_fire_0,Chaos Sorcerer (Fire),Fire,Undivided,,,On foot,true
wh_main_sc_chs_chaos,wh_main_sc_chs_chaos|wh_main_chs_cha_chaos_sorcerer_death_0,wh_main_chs_cha_chaos_sorcerer_fire_10,Chaos Sorcerer (Fire),Fire,Undivided,,,Chaos Steed,true
wh_main_sc_chs_chaos,wh_main_sc_chs_chaos|wh_main_chs_cha_chaos_sorcerer_death_0,wh_main_chs_cha_chaos_sorcerer_fire_9,Chaos Sorcerer (Fire),Fire,Undivided,,,Manticore,true
wh_main_sc_chs_chaos,wh_main_sc_chs_chaos|wh_main_chs_cha_chaos_sorcerer_death_0,wh_main_chs_cha_chaos_sorcerer_metal_0,Chaos Sorcerer (Metal),Metal,Undivided,,,On foot,true
wh_main_sc_chs_chaos,wh_main_sc_chs_chaos|wh_main_chs_cha_chaos_sorcerer_death_0,wh_main_chs_cha_chaos_sorcerer_metal_10,Chaos Sorcerer (Metal),Metal,Undivided,,,Chaos Steed,true
wh_main_sc_chs_chaos,wh_main_sc_chs_chaos|wh_main_chs_cha_chaos_sorcerer_death_0,wh_main_chs_cha_chaos_sorcerer_metal_9,Chaos Sorcerer (Metal),Metal,Undivided,,,Manticore,true
wh_main_sc_chs_chaos,wh_main_sc_chs_chaos|wh_main_chs_cha_exalted_hero_0,wh3_dlc20_chs_cha_exalted_hero_mkho,Exalted Hero of Khorne,,Khorne,,,On foot,true
wh_main_sc_chs_chaos,wh_main_sc_chs_chaos|wh_main_chs_cha_exalted_hero_0,wh3_dlc20_chs_cha_exalted_hero_mkho_chaos_steed,Exalted Hero of Khorne,,Khorne,,,Chaos Steed,true
wh_main_sc_chs_chaos,wh_main_sc_chs_chaos|wh_main_chs_cha_exalted_hero_0,wh3_dlc20_chs_cha_exalted_hero_mkho_gorebeast_chariot,Exalted Hero of Khorne,,Khorne,,,Gorebeast Chariot,true
wh_main_sc_chs_chaos,wh_main_sc_chs_chaos|wh_main_chs_cha_exalted_hero_0,wh3_dlc20_chs_cha_exalted_hero_mkho_juggernaut,Exalted Hero of Khorne,,Khorne,,,Juggernaut,true
wh_main_sc_chs_chaos,wh_main_sc_chs_chaos|wh_main_chs_cha_exalted_hero_0,wh3_dlc20_chs_cha_exalted_hero_mnur,Exalted Hero of Nurgle,,Nurgle,,,On foot,true
wh_main_sc_chs_chaos,wh_main_sc_chs_chaos|wh_main_chs_cha_exalted_hero_0,wh3_dlc20_chs_cha_exalted_hero_mnur_chaos_chariot,Exalted Hero of Nurgle,,Nurgle,,,Chaos Chariot,true
wh_main_sc_chs_chaos,wh_main_sc_chs_chaos|wh_main_chs_cha_exalted_hero_0,wh3_dlc20_chs_cha_exalted_hero_mnur_chaos_steed,Exalted Hero of Nurgle,,Nurgle,,,Chaos Steed,true
wh_main_sc_chs_chaos,wh_main_sc_chs_chaos|wh_main_chs_cha_exalted_hero_0,wh3_dlc24_chs_cha_exalted_hero_mtze,Exalted Hero of Tzeentch,,Tzeentch,,,On foot,true
wh_main_sc_chs_chaos,wh_main_sc_chs_chaos|wh_main_chs_cha_exalted_hero_0,wh3_dlc24_chs_cha_exalted_hero_mtze_chaos_chariot,Exalted Hero of Tzeentch,,Tzeentch,,,Chaos Chariot,true
wh_main_sc_chs_chaos,wh_main_sc_chs_chaos|wh_main_chs_cha_exalted_hero_0,wh3_dlc24_chs_cha_exalted_hero_mtze_chaos_steed,Exalted Hero of Tzeentch,,Tzeentch,,,Chaos Steed,true
wh_main_sc_chs_chaos,wh_main_sc_chs_chaos|wh_main_chs_cha_exalted_hero_0,wh3_dlc24_chs_cha_exalted_hero_mtze_disc,Exalted Hero of Tzeentch,,Tzeentch,,,Disc of Tzeentch,true
wh_main_sc_chs_chaos,wh_main_sc_chs_chaos|wh_main_chs_cha_exalted_hero_0,wh3_dlc25_chs_cha_exalted_hero_mnur_rot_beast,Exalted Hero of Nurgle,,Nurgle,,,Rot Beast,true
wh_main_sc_chs_chaos,wh_main_sc_chs_chaos|wh_main_chs_cha_exalted_hero_0,wh3_dlc27_chs_cha_exalted_hero_msla,Exalted Hero of Slaanesh,,Slaanesh,,,On foot,true
wh_main_sc_chs_chaos,wh_main_sc_chs_chaos|wh_main_chs_cha_exalted_hero_0,wh3_dlc27_chs_cha_exalted_hero_msla_chaos_chariot,Exalted Hero of Slaanesh,,Slaanesh,,,Chaos Chariot,true
wh_main_sc_chs_chaos,wh_main_sc_chs_chaos|wh_main_chs_cha_exalted_hero_0,wh3_dlc27_chs_cha_exalted_hero_msla_chaos_steed,Exalted Hero of Slaanesh,,Slaanesh,,,Chaos Steed,true
wh_main_sc_chs_chaos,wh_main_sc_chs_chaos|wh_main_chs_cha_exalted_hero_0,wh3_dlc27_chs_cha_exalted_hero_msla_daemonic_steed,Exalted Hero of Slaanesh,,Slaanesh,,,Daemonic Steed,true
wh_main_sc_chs_chaos,wh_main_sc_chs_chaos|wh_main_chs_cha_exalted_hero_0,wh_dlc01_chs_cha_exalted_hero_10,Exalted Hero,,Undivided,,,Manticore,true
wh_main_sc_chs_chaos,wh_main_sc_chs_chaos|wh_main_chs_cha_exalted_hero_0,wh_main_chs_cha_exalted_hero_0,Exalted Hero,,Undivided,,,On foot,true
wh_main_sc_chs_chaos,wh_main_sc_chs_chaos|wh_main_chs_cha_exalted_hero_0,wh_main_chs_cha_exalted_hero_12,Exalted Hero,,Undivided,,,Chaos Steed,true
wh_main_sc_chs_chaos,wh_main_sc_chs_chaos|wh_main_chs_cha_exalted_hero_0,wh_main_chs_cha_exalted_hero_7,Exalted Hero,,Undivided,,,Chaos Chariot,true
wh_main_sc_chs_chaos,wh_main_sc_chs_chaos|wh_main_chs_cha_lord_of_change_0,wh_main_chs_cha_lord_of_change_0,Sarthorael the Everwatcher,,,,,,true
wh_main_sc_chs_chaos,wh_main_sc_chs_chaos|wh_main_chs_inf_chaos_marauders_0,wh3_dlc20_chs_inf_chaos_marauders_mkho,Marauders of Khorne,,Khorne,,,,true
wh_main_sc_chs_chaos,wh_main_sc_chs_chaos|wh_main_chs_inf_chaos_marauders_0,wh3_dlc20_chs_inf_chaos_marauders_mnur,Marauders of Nurgle,,Nurgle,,,,true
wh_main_sc_chs_chaos,wh_main_sc_chs_chaos|wh_main_chs_inf_chaos_marauders_0,wh3_dlc20_chs_inf_chaos_marauders_msla,Marauders of Slaanesh,,Slaanesh,,,,true
wh_main_sc_chs_chaos,wh_main_sc_chs_chaos|wh_main_chs_inf_chaos_marauders_0,wh3_dlc20_chs_inf_chaos_marauders_mtze,Marauders of Tzeentch,,Tzeentch,,,,true
wh_main_sc_chs_chaos,wh_main_sc_chs_chaos|wh_main_chs_inf_chaos_marauders_0,wh_main_chs_inf_chaos_marauders_0,Marauders,,Undivided,,,,true
wh_main_sc_chs_chaos,wh_main_sc_chs_chaos|wh_main_chs_inf_chaos_marauders_1,wh3_dlc20_chs_inf_chaos_marauders_mnur_greatweapons,Marauders of Nurgle (Great Weapons),,Nurgle,,,,true
wh_main_sc_chs_chaos,wh_main_sc_chs_chaos|wh_main_chs_inf_chaos_marauders_1,wh_main_chs_inf_chaos_marauders_1,Marauders (Great Weapons),,Undivided,,,,true
wh_main_sc_chs_chaos,wh_main_sc_chs_chaos|wh_main_chs_inf_chaos_warriors_0,wh3_dlc20_chs_inf_chaos_warriors_mnur,Chaos Warriors of Nurgle,,Nurgle,,,,true
wh_main_sc_chs_chaos,wh_main_sc_chs_chaos|wh_main_chs_inf_chaos_warriors_0,wh3_dlc20_chs_inf_chaos_warriors_msla,Chaos Warriors of Slaanesh,,Slaanesh,,,,true
wh_main_sc_chs_chaos,wh_main_sc_chs_chaos|wh_main_chs_inf_chaos_warriors_0,wh3_dlc20_chs_inf_chaos_warriors_mtze,Chaos Warriors of Tzeentch,,Tzeentch,,,,true
wh_main_sc_chs_chaos,wh_main_sc_chs_chaos|wh_main_chs_inf_chaos_warriors_0,wh3_main_kho_inf_chaos_warriors_0,Chaos Warriors of Khorne,,Khorne,,,,true
wh_main_sc_chs_chaos,wh_main_sc_chs_chaos|wh_main_chs_inf_chaos_warriors_0,wh_main_chs_inf_chaos_warriors_0,Chaos Warriors,,Undivided,,,,true
wh_main_sc_chs_chaos,wh_main_sc_chs_chaos|wh_main_chs_inf_chaos_warriors_1,wh3_dlc20_chs_inf_chaos_warriors_mtze_halberds,Chaos Warriors of Tzeentch (Halberds),,Tzeentch,,,,true
wh_main_sc_chs_chaos,wh_main_sc_chs_chaos|wh_main_chs_inf_chaos_warriors_1,wh3_main_kho_inf_chaos_warriors_1,Chaos Warriors of Khorne (Halberds),,Khorne,,,,true
wh_main_sc_chs_chaos,wh_main_sc_chs_chaos|wh_main_chs_inf_chaos_warriors_1,wh_main_chs_inf_chaos_warriors_1,Chaos Warriors (Halberds),,Undivided,,,,true
wh_main_sc_chs_chaos,wh_main_sc_chs_chaos|wh_main_chs_inf_chosen_0,wh3_dlc20_chs_inf_chosen_mkho,Chosen of Khorne,,Khorne,,,,true
wh_main_sc_chs_chaos,wh_main_sc_chs_chaos|wh_main_chs_inf_chosen_0,wh3_dlc20_chs_inf_chosen_mnur,Chosen of Nurgle,,Nurgle,,,,true
wh_main_sc_chs_chaos,wh_main_sc_chs_chaos|wh_main_chs_inf_chosen_0,wh3_dlc20_chs_inf_chosen_msla,Chosen of Slaanesh,,Slaanesh,,,,true
wh_main_sc_chs_chaos,wh_main_sc_chs_chaos|wh_main_chs_inf_chosen_0,wh3_dlc20_chs_inf_chosen_mtze,Chosen of Tzeentch,,Tzeentch,,,,true
wh_main_sc_chs_chaos,wh_main_sc_chs_chaos|wh_main_chs_inf_chosen_0,wh_main_chs_inf_chosen_0,Chosen,,Undivided,,,,true
wh_main_sc_chs_chaos,wh_main_sc_chs_chaos|wh_main_chs_inf_chosen_1,wh3_dlc20_chs_inf_chosen_mnur_greatweapons,Chosen of Nurgle (Great Weapons),,Nurgle,,,,true
wh_main_sc_chs_chaos,wh_main_sc_chs_chaos|wh_main_chs_inf_chosen_1,wh_main_chs_inf_chosen_1,Chosen (Great Weapons),,Undivided,,,,true
wh_main_sc_chs_chaos,wh_main_sc_chs_chaos|wh_main_chs_mon_chaos_spawn,wh3_main_kho_mon_spawn_of_khorne_0,Spawn of Khorne,,Khorne,,,,false
wh_main_sc_chs_chaos,wh_main_sc_chs_chaos|wh_main_chs_mon_chaos_spawn,wh3_main_nur_mon_spawn_of_nurgle_0,Spawn of Nurgle,,Nurgle,,,,true
wh_main_sc_chs_chaos,wh_main_sc_chs_chaos|wh_main_chs_mon_chaos_spawn,wh3_main_sla_mon_spawn_of_slaanesh_0,Spawn of Slaanesh,,Slaanesh,,,,true
wh_main_sc_chs_chaos,wh_main_sc_chs_chaos|wh_main_chs_mon_chaos_spawn,wh3_main_tze_mon_spawn_of_tzeentch_0,Spawn of Tzeentch,,Tzeentch,,,,true
wh_main_sc_chs_chaos,wh_main_sc_chs_chaos|wh_main_chs_mon_chaos_spawn,wh_main_chs_mon_chaos_spawn,Chaos Spawn,,Undivided,,,,true
wh_main_sc_chs_chaos,wh_main_sc_chs_chaos|wh_main_chs_mon_chaos_warhounds_0,wh3_main_kho_inf_chaos_warhounds_0,Chaos Warhounds of Khorne,,Khorne,,,,true
wh_main_sc_chs_chaos,wh_main_sc_chs_chaos|wh_main_chs_mon_chaos_warhounds_0,wh_main_chs_mon_chaos_warhounds_0,Chaos Warhounds,,Undivided,,,,true
wh_main_sc_chs_chaos,wh_main_sc_chs_chaos|wh_main_chs_mon_chaos_warhounds_1,wh_main_chs_mon_chaos_warhounds_1,Chaos Warhounds (Poison),,,,,,true
wh_main_sc_chs_chaos,wh_main_sc_chs_chaos|wh_main_chs_mon_giant,wh_main_chs_mon_giant,Chaos Giant,,,,,,true
wh_main_sc_chs_chaos,wh_main_sc_chs_chaos|wh_main_chs_mon_trolls,wh_main_chs_mon_trolls,Chaos Trolls,,,,,,true
wh_main_sc_chs_chaos,wh_main_sc_chs_chaos|wh_pro04_chs_art_hellcannon_ror_0,wh_pro04_chs_art_hellcannon_ror_0,The Soul of Damnation (Hellcannon),,,,,,true
wh_main_sc_chs_chaos,wh_main_sc_chs_chaos|wh_pro04_chs_cav_chaos_knights_ror_0,wh_pro04_chs_cav_chaos_knights_ror_0,Swords of Chaos (Chaos Knights),,,,,,true
wh_main_sc_chs_chaos,wh_main_sc_chs_chaos|wh_pro04_chs_inf_chaos_warriors_ror_0,wh_pro04_chs_inf_chaos_warriors_ror_0,Mirror Guard (Chaos Warriors),,,,,,true
wh_main_sc_chs_chaos,wh_main_sc_chs_chaos|wh_pro04_chs_inf_forsaken_ror_0,wh_pro04_chs_inf_forsaken_ror_0,The Daemonspew (Forsaken),,,,,,true
wh_main_sc_chs_chaos,wh_main_sc_chs_chaos|wh_pro04_chs_mon_chaos_spawn_ror_0,wh_pro04_chs_mon_chaos_spawn_ror_0,Wyrd Spawn (Chaos Spawn),,,,,,true
wh_main_sc_chs_chaos,wh_main_sc_chs_chaos|wh_pro04_chs_mon_dragon_ogre_ror_0,wh_pro04_chs_mon_dragon_ogre_ror_0,Summoners of Rage (Dragon Ogres),,,,,,true
wh_main_sc_chs_chaos,wh_main_sc_chs_chaos|wh_pro04_nor_inf_marauder_berserkers_ror_0,wh_pro04_nor_inf_marauder_berserkers_ror_0,Brutes of the Hound (Marauder Berserkers),,,,,,false
wh_main_sc_dwf_dwarfs,wh_main_sc_dwf_dwarfs|wh2_dlc10_dwf_inf_giant_slayers,wh2_dlc10_dwf_inf_giant_slayers,Giant Slayers,,,,,,true
wh_main_sc_dwf_dwarfs,wh_main_sc_dwf_dwarfs|wh2_dlc17_dwf_cha_thane_ghost_2,wh2_dlc17_dwf_cha_thane_ghost_2,Hans Valhirsson,,,,,,false
wh_main_sc_dwf_dwarfs,wh_main_sc_dwf_dwarfs|wh2_dlc17_dwf_cha_thorek_ironbrow_0,wh2_dlc17_dwf_cha_thorek_ironbrow_0,Thorek Ironbrow,,,,,On foot,true
wh_main_sc_dwf_dwarfs,wh_main_sc_dwf_dwarfs|wh2_dlc17_dwf_cha_thorek_ironbrow_0,wh2_dlc17_dwf_cha_thorek_ironbrow_1,Thorek Ironbrow,,,,,Anvil of Doom,true
wh_main_sc_dwf_dwarfs,wh_main_sc_dwf_dwarfs|wh2_dlc17_dwf_mon_carnosaur_thorek_0,wh2_dlc17_dwf_mon_carnosaur_thorek_0,Yoked Carnosaur,,,,,,false
wh_main_sc_dwf_dwarfs,wh_main_sc_dwf_dwarfs|wh2_pro08_neu_cha_felix,wh2_pro08_neu_cha_felix,Felix,,,,,,true
wh_main_sc_dwf_dwarfs,wh_main_sc_dwf_dwarfs|wh2_pro08_neu_cha_gotrek,wh2_pro08_neu_cha_gotrek,Gotrek,,,,,,true
wh_main_sc_dwf_dwarfs,wh_main_sc_dwf_dwarfs|wh3_dlc23_neu_cha_ulrika,wh3_dlc23_neu_cha_ulrika,Ulrika Magdova,,,,,On foot,false
wh_main_sc_dwf_dwarfs,wh_main_sc_dwf_dwarfs|wh3_dlc23_neu_cha_ulrika,wh3_dlc23_neu_cha_ulrika_warhorse,Ulrika Magdova,,,,,Warhorse,false
wh_main_sc_dwf_dwarfs,wh_main_sc_dwf_dwarfs|wh3_dlc25_dwf_art_goblin_hewer,wh3_dlc25_dwf_art_goblin_hewer,Goblin Hewers,,,,,,true
wh_main_sc_dwf_dwarfs,wh_main_sc_dwf_dwarfs|wh3_dlc25_dwf_art_grudge_thrower_grudge_reward,wh3_dlc25_dwf_art_grudge_thrower_grudge_reward,Grudge Throwers (Grudge Settlers),,,,,,false
wh_main_sc_dwf_dwarfs,wh_main_sc_dwf_dwarfs|wh3_dlc25_dwf_cha_daemon_slayer,wh3_dlc25_dwf_cha_daemon_slayer,Daemon Slayer,,,,,,true
wh_main_sc_dwf_dwarfs,wh_main_sc_dwf_dwarfs|wh3_dlc25_dwf_cha_dragon_slayer,wh3_dlc25_dwf_cha_dragon_slayer,Dragon Slayer,,,,,,true
wh_main_sc_dwf_dwarfs,wh_main_sc_dwf_dwarfs|wh3_dlc25_dwf_cha_garagrim_ironfist,wh3_dlc25_dwf_cha_garagrim_ironfist,Garagrim Ironfist,,,,,,true
wh_main_sc_dwf_dwarfs,wh_main_sc_dwf_dwarfs|wh3_dlc25_dwf_cha_malakai_makaisson,wh3_dlc25_dwf_cha_malakai_makaisson,Malakai Makaisson,,,,,,true
wh_main_sc_dwf_dwarfs,wh_main_sc_dwf_dwarfs|wh3_dlc25_dwf_inf_doomseekers,wh3_dlc25_dwf_inf_doomseekers,Doomseekers,,,,,,true
wh_main_sc_dwf_dwarfs,wh_main_sc_dwf_dwarfs|wh3_dlc25_dwf_inf_doomseekers_ror,wh3_dlc25_dwf_inf_doomseekers_ror,The Brotherhood of Grimnir (Doomseekers),,,,,,true
wh_main_sc_dwf_dwarfs,wh_main_sc_dwf_dwarfs|wh3_dlc25_dwf_inf_slayer_pirates,wh3_dlc25_dwf_inf_slayer_pirates,Slayer Pirates,,,,,,true
wh_main_sc_dwf_dwarfs,wh_main_sc_dwf_dwarfs|wh3_dlc25_dwf_inf_slayer_pirates_ror,wh3_dlc25_dwf_inf_slayer_pirates_ror,Long Drong's Slayer Pirates,,,,,,true
wh_main_sc_dwf_dwarfs,wh_main_sc_dwf_dwarfs|wh3_dlc25_dwf_inf_thunderers_grudge_rakers,wh3_dlc25_dwf_inf_thunderers_grudge_rakers,Thunderers (Grudge-Rakers),,,,,,true
wh_main_sc_dwf_dwarfs,wh_main_sc_dwf_dwarfs|wh3_dlc25_dwf_inf_thunderers_ror,wh3_dlc25_dwf_inf_thunderers_ror,The Grimdelvers (Thunderers),,,,,,true
wh_main_sc_dwf_dwarfs,wh_main_sc_dwf_dwarfs|wh3_dlc25_dwf_veh_thunderbarge,wh3_dlc25_dwf_veh_thunderbarge,Thunderbarge,,,,,,true
wh_main_sc_dwf_dwarfs,wh_main_sc_dwf_dwarfs|wh3_dlc25_dwf_veh_thunderbarge_grungni_mp,wh3_dlc25_dwf_veh_thunderbarge_grungni_mp,The Spirit of Grungni,,,,,,false
wh_main_sc_dwf_dwarfs,wh_main_sc_dwf_dwarfs|wh_dlc06_dwf_art_bolt_thrower_0,wh_dlc06_dwf_art_bolt_thrower_0,Bolt Throwers,,,,,,true
wh_main_sc_dwf_dwarfs,wh_main_sc_dwf_dwarfs|wh_dlc06_dwf_art_gob_lobber_0,wh_dlc06_dwf_art_gob_lobber_0,Gob-Lobbers (Grudge Throwers),,,,,,true
wh_main_sc_dwf_dwarfs,wh_main_sc_dwf_dwarfs|wh_dlc06_dwf_cha_belegar_ironhammer_0,wh_dlc06_dwf_cha_belegar_ironhammer_0,Belegar Ironhammer,,,,,,true
wh_main_sc_dwf_dwarfs,wh_main_sc_dwf_dwarfs|wh_dlc06_dwf_cha_master_engineer_ghost_0,wh_dlc06_dwf_cha_master_engineer_ghost_0,Dramar Hammerfist,,,,,,false
wh_main_sc_dwf_dwarfs,wh_main_sc_dwf_dwarfs|wh_dlc06_dwf_cha_runelord_0,wh_dlc06_dwf_cha_runelord_0,Runelord,,,,,On foot,true
wh_main_sc_dwf_dwarfs,wh_main_sc_dwf_dwarfs|wh_dlc06_dwf_cha_runelord_0,wh_dlc06_dwf_cha_runelord_1,Runelord,,,,,Anvil of Doom,true
wh_main_sc_dwf_dwarfs,wh_main_sc_dwf_dwarfs|wh_dlc06_dwf_cha_runesmith_ghost_0,wh_dlc06_dwf_cha_runesmith_ghost_0,Throni Ironbrow,,,,,,false
wh_main_sc_dwf_dwarfs,wh_main_sc_dwf_dwarfs|wh_dlc06_dwf_cha_thane_ghost_0,wh_dlc06_dwf_cha_thane_ghost_0,King Lunn Ironhammer,,,,,,false
wh_main_sc_dwf_dwarfs,wh_main_sc_dwf_dwarfs|wh_dlc06_dwf_cha_thane_ghost_1,wh_dlc06_dwf_cha_thane_ghost_1,Halkenhaf Stonebeard,,,,,,false
wh_main_sc_dwf_dwarfs,wh_main_sc_dwf_dwarfs|wh_dlc06_dwf_inf_bugmans_rangers_0,wh_dlc06_dwf_inf_bugmans_rangers_0,Bugman's Rangers,,,,,,true
wh_main_sc_dwf_dwarfs,wh_main_sc_dwf_dwarfs|wh_dlc06_dwf_inf_dragonback_slayers_0,wh_dlc06_dwf_inf_dragonback_slayers_0,Dragonback Slayers (Slayers),,,,,,true
wh_main_sc_dwf_dwarfs,wh_main_sc_dwf_dwarfs|wh_dlc06_dwf_inf_ekrund_miners_0,wh_dlc06_dwf_inf_ekrund_miners_0,Ekrund Miners (Miners – Blasting Charges),,,,,,true
wh_main_sc_dwf_dwarfs,wh_main_sc_dwf_dwarfs|wh_dlc06_dwf_inf_norgrimlings_ironbreakers_0,wh_dlc06_dwf_inf_norgrimlings_ironbreakers_0,Norgrimlings Ironbreakers (Ironbreakers),,,,,,true
wh_main_sc_dwf_dwarfs,wh_main_sc_dwf_dwarfs|wh_dlc06_dwf_inf_norgrimlings_irondrakes_0,wh_dlc06_dwf_inf_norgrimlings_irondrakes_0,The Skolder Guard (Irondrakes),,,,,,true
wh_main_sc_dwf_dwarfs,wh_main_sc_dwf_dwarfs|wh_dlc06_dwf_inf_old_grumblers_0,wh_dlc06_dwf_inf_old_grumblers_0,The Grumbling Guard (Longbeards – Great Weapons),,,,,,true
wh_main_sc_dwf_dwarfs,wh_main_sc_dwf_dwarfs|wh_dlc06_dwf_inf_peak_gate_guard_0,wh_dlc06_dwf_inf_peak_gate_guard_0,Peak Gate Guard (Hammerers),,,,,,true
wh_main_sc_dwf_dwarfs,wh_main_sc_dwf_dwarfs|wh_dlc06_dwf_inf_rangers_0,wh_dlc06_dwf_inf_rangers_0,Rangers,,,,,,true
wh_main_sc_dwf_dwarfs,wh_main_sc_dwf_dwarfs|wh_dlc06_dwf_inf_rangers_1,wh_dlc06_dwf_inf_rangers_1,Rangers (Great Weapons),,,,,,true
wh_main_sc_dwf_dwarfs,wh_main_sc_dwf_dwarfs|wh_dlc06_dwf_inf_ulthars_raiders_0,wh_dlc06_dwf_inf_ulthars_raiders_0,Ulthar's Raiders (Rangers – Great Weapons),,,,,,true
wh_main_sc_dwf_dwarfs,wh_main_sc_dwf_dwarfs|wh_dlc06_dwf_inf_warriors_dragonfire_pass_0,wh_dlc06_dwf_inf_warriors_dragonfire_pass_0,Warriors of Dragonfire Pass (Dwarf Warriors),,,,,,true
wh_main_sc_dwf_dwarfs,wh_main_sc_dwf_dwarfs|wh_dlc06_dwf_veh_skyhammer_0,wh_dlc06_dwf_veh_skyhammer_0,Skyhammer Squadron (Gyrobombers),,,,,,true
wh_main_sc_dwf_dwarfs,wh_main_sc_dwf_dwarfs|wh_main_dwf_art_cannon,wh_main_dwf_art_cannon,Cannons,,,,,,true
wh_main_sc_dwf_dwarfs,wh_main_sc_dwf_dwarfs|wh_main_dwf_art_flame_cannon,wh_main_dwf_art_flame_cannon,Flame Cannons,,,,,,true
wh_main_sc_dwf_dwarfs,wh_main_sc_dwf_dwarfs|wh_main_dwf_art_flame_cannon_grudge_reward,wh_main_dwf_art_flame_cannon_grudge_reward,Flame Cannons (Grudge Settlers),,,,,,false
wh_main_sc_dwf_dwarfs,wh_main_sc_dwf_dwarfs|wh_main_dwf_art_grudge_thrower,wh_main_dwf_art_grudge_thrower,Grudge Throwers,,,,,,true
wh_main_sc_dwf_dwarfs,wh_main_sc_dwf_dwarfs|wh_main_dwf_art_organ_gun,wh_main_dwf_art_organ_gun,Organ Guns,,,,,,true
wh_main_sc_dwf_dwarfs,wh_main_sc_dwf_dwarfs|wh_main_dwf_cha_high_king_thorgrim_grudgebearer_1,wh_main_dwf_cha_high_king_thorgrim_grudgebearer_1,Thorgrim Grudgebearer,,,,,,true
wh_main_sc_dwf_dwarfs,wh_main_sc_dwf_dwarfs|wh_main_dwf_cha_lord_0,wh_main_dwf_cha_lord_0,Lord,,,,,,true
wh_main_sc_dwf_dwarfs,wh_main_sc_dwf_dwarfs|wh_main_dwf_cha_master_engineer_0,wh_main_dwf_cha_master_engineer_0,Master Engineer,,,,,,true
wh_main_sc_dwf_dwarfs,wh_main_sc_dwf_dwarfs|wh_main_dwf_cha_rune_smith_0,wh_main_dwf_cha_rune_smith_0,Runesmith,,,,,,true
wh_main_sc_dwf_dwarfs,wh_main_sc_dwf_dwarfs|wh_main_dwf_cha_thane,wh_main_dwf_cha_thane,Thane,,,,,,true
wh_main_sc_dwf_dwarfs,wh_main_sc_dwf_dwarfs|wh_main_dwf_cha_ungrim_ironfist,wh_main_dwf_cha_ungrim_ironfist,Ungrim Ironfist,,,,,,true
wh_main_sc_dwf_dwarfs,wh_main_sc_dwf_dwarfs|wh_main_dwf_inf_dwarf_warrior_0,wh_main_dwf_inf_dwarf_warrior_0,Dwarf Warriors,,,,,,true
wh_main_sc_dwf_dwarfs,wh_main_sc_dwf_dwarfs|wh_main_dwf_inf_dwarf_warrior_1,wh_main_dwf_inf_dwarf_warrior_1,Dwarf Warriors (Great Weapons),,,,,,true
wh_main_sc_dwf_dwarfs,wh_main_sc_dwf_dwarfs|wh_main_dwf_inf_hammerers,wh_main_dwf_inf_hammerers,Hammerers,,,,,,true
wh_main_sc_dwf_dwarfs,wh_main_sc_dwf_dwarfs|wh_main_dwf_inf_hammerers_grudge_reward,wh_main_dwf_inf_hammerers_grudge_reward,Hammerers (Grudge Settlers),,,,,,false
wh_main_sc_dwf_dwarfs,wh_main_sc_dwf_dwarfs|wh_main_dwf_inf_ironbreakers,wh_main_dwf_inf_ironbreakers,Ironbreakers,,,,,,true
wh_main_sc_dwf_dwarfs,wh_main_sc_dwf_dwarfs|wh_main_dwf_inf_irondrakes_0,wh_main_dwf_inf_irondrakes_0,Irondrakes,,,,,,true
wh_main_sc_dwf_dwarfs,wh_main_sc_dwf_dwarfs|wh_main_dwf_inf_irondrakes_0_grudge_reward,wh_main_dwf_inf_irondrakes_0_grudge_reward,Irondrakes (Grudge Settlers),,,,,,false
wh_main_sc_dwf_dwarfs,wh_main_sc_dwf_dwarfs|wh_main_dwf_inf_irondrakes_2,wh_main_dwf_inf_irondrakes_2,Irondrakes (Trollhammer Torpedoes),,,,,,true
wh_main_sc_dwf_dwarfs,wh_main_sc_dwf_dwarfs|wh_main_dwf_inf_longbeards,wh_main_dwf_inf_longbeards,Longbeards,,,,,,true
wh_main_sc_dwf_dwarfs,wh_main_sc_dwf_dwarfs|wh_main_dwf_inf_longbeards_1,wh_main_dwf_inf_longbeards_1,Longbeards (Great Weapons),,,,,,true
wh_main_sc_dwf_dwarfs,wh_main_sc_dwf_dwarfs|wh_main_dwf_inf_longbeards_1_grudge_reward,wh_main_dwf_inf_longbeards_1_grudge_reward,Longbeards (Great Weapons – Grudge Settlers),,,,,,false
wh_main_sc_dwf_dwarfs,wh_main_sc_dwf_dwarfs|wh_main_dwf_inf_miners_0,wh_main_dwf_inf_miners_0,Miners,,,,,,true
wh_main_sc_dwf_dwarfs,wh_main_sc_dwf_dwarfs|wh_main_dwf_inf_miners_1,wh_main_dwf_inf_miners_1,Miners (Blasting Charges),,,,,,true
wh_main_sc_dwf_dwarfs,wh_main_sc_dwf_dwarfs|wh_main_dwf_inf_quarrellers_0,wh_main_dwf_inf_quarrellers_0,Quarrellers,,,,,,true
wh_main_sc_dwf_dwarfs,wh_main_sc_dwf_dwarfs|wh_main_dwf_inf_quarrellers_1,wh_main_dwf_inf_quarrellers_1,Quarrellers (Great Weapons),,,,,,true
wh_main_sc_dwf_dwarfs,wh_main_sc_dwf_dwarfs|wh_main_dwf_inf_quarrellers_1_grudge_reward,wh_main_dwf_inf_quarrellers_1_grudge_reward,Quarrellers (Great Weapons – Grudge Settlers),,,,,,false
wh_main_sc_dwf_dwarfs,wh_main_sc_dwf_dwarfs|wh_main_dwf_inf_slayers,wh_main_dwf_inf_slayers,Slayers,,,,,,true
wh_main_sc_dwf_dwarfs,wh_main_sc_dwf_dwarfs|wh_main_dwf_inf_slayers_grudge_reward,wh_main_dwf_inf_slayers_grudge_reward,Slayers (Grudge Settlers),,,,,,false
wh_main_sc_dwf_dwarfs,wh_main_sc_dwf_dwarfs|wh_main_dwf_inf_thunderers_0,wh_main_dwf_inf_thunderers_0,Thunderers,,,,,,true
wh_main_sc_dwf_dwarfs,wh_main_sc_dwf_dwarfs|wh_main_dwf_veh_gyrobomber,wh_main_dwf_veh_gyrobomber,Gyrobombers,,,,,,true
wh_main_sc_dwf_dwarfs,wh_main_sc_dwf_dwarfs|wh_main_dwf_veh_gyrocopter_0,wh_main_dwf_veh_gyrocopter_0,Gyrocopters,,,,,,true
wh_main_sc_dwf_dwarfs,wh_main_sc_dwf_dwarfs|wh_main_dwf_veh_gyrocopter_1,wh_main_dwf_veh_gyrocopter_1,Gyrocopters (Brimstone Guns),,,,,,true
wh_main_sc_dwf_dwarfs,wh_main_sc_dwf_dwarfs|wh_main_dwf_veh_gyrocopter_1_grudge_reward,wh_main_dwf_veh_gyrocopter_1_grudge_reward,Gyrocopters (Trollhammers – Grudge Settlers),,,,,,false
wh_main_sc_dwf_dwarfs,wh_main_sc_dwf_dwarfs|wh_pro01_dwf_cha_grombrindal_0,wh_pro01_dwf_cha_grombrindal_0,Grombrindal – The White Dwarf,,,,,,true
wh_main_sc_emp_empire,wh_main_sc_emp_empire|wh2_dlc13_emp_art_mortar_ror_0,wh2_dlc13_emp_art_mortar_ror_0,Sootson's Guns (Mortars),,,,,,false
wh_main_sc_emp_empire,wh_main_sc_emp_empire|wh2_dlc13_emp_cav_empire_knights_ror_0,wh2_dlc13_emp_cav_empire_knights_ror_0,Knights of the Everlasting Light (Empire Knights),,,,,,false
wh_main_sc_emp_empire,wh_main_sc_emp_empire|wh2_dlc13_emp_cav_empire_knights_ror_1,wh2_dlc13_emp_cav_empire_knights_ror_1,Knights of Morr (Empire Knights),,,,,,false
wh_main_sc_emp_empire,wh_main_sc_emp_empire|wh2_dlc13_emp_cav_empire_knights_ror_2,wh2_dlc13_emp_cav_empire_knights_ror_2,The Stubborn Bulls (Empire Knights – Greatswords),,,,,,false
wh_main_sc_emp_empire,wh_main_sc_emp_empire|wh2_dlc13_emp_cav_outriders_ror_0,wh2_dlc13_emp_cav_outriders_ror_0,The Bordermen (Outriders – Grenade Launchers),,,,,,false
wh_main_sc_emp_empire,wh_main_sc_emp_empire|wh2_dlc13_emp_cav_pistoliers_ror_0,wh2_dlc13_emp_cav_pistoliers_ror_0,The Noble Sons Abroad (Pistoliers),,,,,,false
wh_main_sc_emp_empire,wh_main_sc_emp_empire|wh2_dlc13_emp_cha_hunter_doctor_hertwig_van_hal_0,wh2_dlc13_emp_cha_hunter_doctor_hertwig_van_hal_0,Hertwig van Hal,,,,,,false
wh_main_sc_emp_empire,wh_main_sc_emp_empire|wh2_dlc13_emp_cha_hunter_jorek_grimm_0,wh2_dlc13_emp_cha_hunter_jorek_grimm_0,Jorek Grimm,,,,,,false
wh_main_sc_emp_empire,wh_main_sc_emp_empire|wh2_dlc13_emp_cha_hunter_kalara_of_wydrioth_0,wh2_dlc13_emp_cha_hunter_kalara_of_wydrioth_0,Kalara,,,,,,false
wh_main_sc_emp_empire,wh_main_sc_emp_empire|wh2_dlc13_emp_cha_hunter_rodrik_l_anguille_0,wh2_dlc13_emp_cha_hunter_rodrik_l_anguille_0,Rodrik L'Anguille,,,,,,false
wh_main_sc_emp_empire,wh_main_sc_emp_empire|wh2_dlc13_emp_cha_huntsmarshal_0,wh2_dlc13_emp_cha_huntsmarshal_0,Huntsman General,,,,,,true
wh_main_sc_emp_empire,wh_main_sc_emp_empire|wh2_dlc13_emp_cha_markus_wulfhart_0,wh2_dlc13_emp_cha_markus_wulfhart_0,Markus Wulfhart,,,,,,true
wh_main_sc_emp_empire,wh_main_sc_emp_empire|wh2_dlc13_emp_inf_archers_0,wh2_dlc13_emp_inf_archers_0,Archers,,,,,,true
wh_main_sc_emp_empire,wh_main_sc_emp_empire|wh2_dlc13_emp_inf_archers_ror_0,wh2_dlc13_emp_inf_archers_ror_0,Deathjacks (Archers),,,,,,true
wh_main_sc_emp_empire,wh_main_sc_emp_empire|wh2_dlc13_emp_inf_crossbowmen_ror_0,wh2_dlc13_emp_inf_crossbowmen_ror_0,Stir River Patrol (Crossbowmen),,,,,,false
wh_main_sc_emp_empire,wh_main_sc_emp_empire|wh2_dlc13_emp_inf_greatswords_ror_0,wh2_dlc13_emp_inf_greatswords_ror_0,Carroburg Greatswords (Greatswords),,,,,,false
wh_main_sc_emp_empire,wh_main_sc_emp_empire|wh2_dlc13_emp_inf_halberdiers_ror_0,wh2_dlc13_emp_inf_halberdiers_ror_0,Nordland Mariners (Halberdiers),,,,,,false
wh_main_sc_emp_empire,wh_main_sc_emp_empire|wh2_dlc13_emp_inf_handgunners_ror_0,wh2_dlc13_emp_inf_handgunners_ror_0,Gunderman's Surefires (Handgunners),,,,,,false
wh_main_sc_emp_empire,wh_main_sc_emp_empire|wh2_dlc13_emp_inf_huntsmen_0,wh2_dlc13_emp_inf_huntsmen_0,Huntsmen,,,,,,true
wh_main_sc_emp_empire,wh_main_sc_emp_empire|wh2_dlc13_emp_inf_huntsmen_ror_0,wh2_dlc13_emp_inf_huntsmen_ror_0,The White Wolves (Huntsmen),,,,,,true
wh_main_sc_emp_empire,wh_main_sc_emp_empire|wh2_dlc13_emp_inf_spearmen_ror_0,wh2_dlc13_emp_inf_spearmen_ror_0,Eldred's Guard (Spearmen – Shields),,,,,,false
wh_main_sc_emp_empire,wh_main_sc_emp_empire|wh2_dlc13_emp_inf_swordsmen_ror_0,wh2_dlc13_emp_inf_swordsmen_ror_0,Swords of Ulric (Swordsmen),,,,,,false
wh_main_sc_emp_empire,wh_main_sc_emp_empire|wh2_dlc13_emp_veh_steam_tank_ror_0,wh2_dlc13_emp_veh_steam_tank_ror_0,The Emperor's Wrath (Steam Tank),,,,,,false
wh_main_sc_emp_empire,wh_main_sc_emp_empire|wh2_dlc13_emp_veh_war_wagon_0,wh2_dlc13_emp_veh_war_wagon_0,War Wagons,,,,,,true
wh_main_sc_emp_empire,wh_main_sc_emp_empire|wh2_dlc13_emp_veh_war_wagon_1,wh2_dlc13_emp_veh_war_wagon_1,War Wagons (Mortars),,,,,,true
wh_main_sc_emp_empire,wh_main_sc_emp_empire|wh2_dlc13_emp_veh_war_wagon_ror_0,wh2_dlc13_emp_veh_war_wagon_ror_0,The Black Lions (War Wagons – Helblasters),,,,,,true
wh_main_sc_emp_empire,wh_main_sc_emp_empire|wh2_dlc13_huntmarshall_veh_obsinite_gyrocopter_0,wh2_dlc13_huntmarshall_veh_obsinite_gyrocopter_0,Obsinite Gyrocopters,,,,,,false
wh_main_sc_emp_empire,wh_main_sc_emp_empire|wh2_pro08_neu_cha_felix,wh2_pro08_neu_cha_felix,Felix,,,,,,true
wh_main_sc_emp_empire,wh_main_sc_emp_empire|wh2_pro08_neu_cha_gotrek,wh2_pro08_neu_cha_gotrek,Gotrek,,,,,,true
wh_main_sc_emp_empire,wh_main_sc_emp_empire|wh3_dlc23_neu_cha_ulrika,wh3_dlc23_neu_cha_ulrika,Ulrika Magdova,,,,,On foot,true
wh_main_sc_emp_empire,wh_main_sc_emp_empire|wh3_dlc23_neu_cha_ulrika,wh3_dlc23_neu_cha_ulrika_warhorse,Ulrika Magdova,,,,,Warhorse,true
wh_main_sc_emp_empire,wh_main_sc_emp_empire|wh3_dlc25_emp_art_helstorm_rocket_battery_morr,wh3_dlc25_emp_art_helstorm_rocket_battery_morr,Amethyst Helstorm Rocket Battery,,,,,,false
wh_main_sc_emp_empire,wh_main_sc_emp_empire|wh3_dlc25_emp_cav_knights_of_the_black_rose,wh3_dlc25_emp_cav_knights_of_the_black_rose,Knights of the Black Rose,,,,,,true
wh_main_sc_emp_empire,wh_main_sc_emp_empire|wh3_dlc25_emp_cav_outriders_morr,wh3_dlc25_emp_cav_outriders_morr,Amethyst Outriders,,,,,,false
wh_main_sc_emp_empire,wh_main_sc_emp_empire|wh3_dlc25_emp_cha_elspeth_von_draken,wh3_dlc25_emp_cha_elspeth_von_draken,Elspeth von Draken,,,,,On foot,true
wh_main_sc_emp_empire,wh_main_sc_emp_empire|wh3_dlc25_emp_cha_elspeth_von_draken,wh3_dlc25_emp_cha_elspeth_von_draken_carmine_dragon,Elspeth von Draken,,,,,Carmine Dragon,true
wh_main_sc_emp_empire,wh_main_sc_emp_empire|wh3_dlc25_emp_cha_elspeth_von_draken,wh3_dlc25_emp_cha_elspeth_von_draken_warhorse,Elspeth von Draken,,,,,Barded Warhorse,true
wh_main_sc_emp_empire,wh_main_sc_emp_empire|wh3_dlc25_emp_cha_engineer,wh3_dlc25_emp_cha_engineer,Engineer,,,,,On foot,true
wh_main_sc_emp_empire,wh_main_sc_emp_empire|wh3_dlc25_emp_cha_engineer,wh3_dlc25_emp_cha_engineer_mechanical_steed,Engineer,,,,,Mechanical Steed,true
wh_main_sc_emp_empire,wh_main_sc_emp_empire|wh3_dlc25_emp_cha_engineer,wh3_dlc25_emp_cha_engineer_warhorse,Engineer,,,,,Barded Warhorse,true
wh_main_sc_emp_empire,wh_main_sc_emp_empire|wh3_dlc25_emp_cha_master_engineer,wh3_dlc25_emp_cha_master_engineer,Master Engineer,,,,,On foot,true
wh_main_sc_emp_empire,wh_main_sc_emp_empire|wh3_dlc25_emp_cha_master_engineer,wh3_dlc25_emp_cha_master_engineer_mechanical_steed,Master Engineer,,,,,Mechanical Steed,true
wh_main_sc_emp_empire,wh_main_sc_emp_empire|wh3_dlc25_emp_cha_master_engineer,wh3_dlc25_emp_cha_master_engineer_steam_tank,Master Engineer,,,,,Steam Tank,true
wh_main_sc_emp_empire,wh_main_sc_emp_empire|wh3_dlc25_emp_cha_master_engineer,wh3_dlc25_emp_cha_master_engineer_warhorse,Master Engineer,,,,,Barded Warhorse,true
wh_main_sc_emp_empire,wh_main_sc_emp_empire|wh3_dlc25_emp_cha_theodore_bruckner,wh3_dlc25_emp_cha_theodore_bruckner,Theodore Bruckner,,,,,On foot,true
wh_main_sc_emp_empire,wh_main_sc_emp_empire|wh3_dlc25_emp_cha_theodore_bruckner,wh3_dlc25_emp_cha_theodore_bruckner_demigryph_reaper,Theodore Bruckner,,,,,Reaper,true
wh_main_sc_emp_empire,wh_main_sc_emp_empire|wh3_dlc25_emp_inf_hochland_long_rifles,wh3_dlc25_emp_inf_hochland_long_rifles,Hochland Long Rifles,,,,,,true
wh_main_sc_emp_empire,wh_main_sc_emp_empire|wh3_dlc25_emp_inf_hochland_long_rifles_ror,wh3_dlc25_emp_inf_hochland_long_rifles_ror,The Hergig Jaegerkorps (Hochland Long Rifles),,,,,,true
wh_main_sc_emp_empire,wh_main_sc_emp_empire|wh3_dlc25_emp_inf_nuln_ironsides,wh3_dlc25_emp_inf_nuln_ironsides,Nuln Ironsides,,,,,,true
wh_main_sc_emp_empire,wh_main_sc_emp_empire|wh3_dlc25_emp_inf_nuln_ironsides_morr,wh3_dlc25_emp_inf_nuln_ironsides_morr,Amethyst Ironsides,,,,,,false
wh_main_sc_emp_empire,wh_main_sc_emp_empire|wh3_dlc25_emp_inf_spearmen_shields_ror,wh3_dlc25_emp_inf_spearmen_shields_ror,Grundel's Defenders (Spearmen – Shields),,,,,,true
wh_main_sc_emp_empire,wh_main_sc_emp_empire|wh3_dlc25_emp_veh_marienburg_land_ship,wh3_dlc25_emp_veh_marienburg_land_ship,Land Ship,,,,,,true
wh_main_sc_emp_empire,wh_main_sc_emp_empire|wh3_dlc25_emp_veh_marienburg_land_ship_morr,wh3_dlc25_emp_veh_marienburg_land_ship_morr,Amethyst Land Ship,,,,,,false
wh_main_sc_emp_empire,wh_main_sc_emp_empire|wh3_dlc25_emp_veh_marienburg_land_ship_ror,wh3_dlc25_emp_veh_marienburg_land_ship_ror,The Wonder of the Age (Land Ship),,,,,,true
wh_main_sc_emp_empire,wh_main_sc_emp_empire|wh3_dlc25_emp_veh_steam_tank_volley_gun,wh3_dlc25_emp_veh_steam_tank_volley_gun,Steam Tank (Volley Gun),,,,,,true
wh_main_sc_emp_empire,wh_main_sc_emp_empire|wh3_dlc29_emp_cav_knights_of_the_white_wolf,wh3_dlc29_emp_cav_knights_of_the_white_wolf,Knights of the White Wolf,,,,,,true
wh_main_sc_emp_empire,wh_main_sc_emp_empire|wh3_dlc29_emp_cav_knights_of_the_white_wolf_ror,wh3_dlc29_emp_cav_knights_of_the_white_wolf_ror,Fellwolf Brotherhood (Knights of the White Wolf),,,,,,true
wh_main_sc_emp_empire,wh_main_sc_emp_empire|wh3_dlc29_emp_cav_knights_panther,wh3_dlc29_emp_cav_knights_panther,Knights Panther,,,,,,true
wh_main_sc_emp_empire,wh_main_sc_emp_empire|wh3_dlc29_emp_cha_emil_valgeir,wh3_dlc29_emp_cha_emil_valgeir,Emil Valgeir,,,,,On foot,true
wh_main_sc_emp_empire,wh_main_sc_emp_empire|wh3_dlc29_emp_cha_emil_valgeir,wh3_dlc29_emp_cha_emil_valgeir_warhorse,Emil Valgeir,,,,,Barded Warhorse,true
wh_main_sc_emp_empire,wh_main_sc_emp_empire|wh3_dlc29_emp_cha_priest_of_ulric,wh3_dlc29_emp_cha_priest_of_ulric,Priest of Ulric,,,,,On foot,true
wh_main_sc_emp_empire,wh_main_sc_emp_empire|wh3_dlc29_emp_cha_priest_of_ulric,wh3_dlc29_emp_cha_priest_of_ulric_warhorse,Priest of Ulric,,,,,Barded Warhorse,true
wh_main_sc_emp_empire,wh_main_sc_emp_empire|wh3_dlc29_emp_cha_seneschal_of_the_white_wolf,wh3_dlc29_emp_cha_seneschal_of_the_white_wolf,Seneschal of the White Wolf,,,,,On foot,true
wh_main_sc_emp_empire,wh_main_sc_emp_empire|wh3_dlc29_emp_cha_seneschal_of_the_white_wolf,wh3_dlc29_emp_cha_seneschal_of_the_white_wolf_warhorse,Seneschal of the White Wolf,,,,,Barded Warhorse,true
wh_main_sc_emp_empire,wh_main_sc_emp_empire|wh3_dlc29_emp_inf_hunting_hounds,wh3_dlc29_emp_inf_hunting_hounds,Hunting Hounds,,,,,,true
wh_main_sc_emp_empire,wh_main_sc_emp_empire|wh3_dlc29_emp_inf_hunting_hounds_ror,wh3_dlc29_emp_inf_hunting_hounds_ror,Hounds of Ulricsberg (Hunting Hounds),,,,,,true
wh_main_sc_emp_empire,wh_main_sc_emp_empire|wh3_dlc29_emp_inf_teutogen_guard,wh3_dlc29_emp_inf_teutogen_guard,Teutogen Guard,,,,,,true
wh_main_sc_emp_empire,wh_main_sc_emp_empire|wh3_dlc29_emp_inf_teutogen_guard_ror,wh3_dlc29_emp_inf_teutogen_guard_ror,Order of the Axe (Teutogen Guard),,,,,,true
wh_main_sc_emp_empire,wh_main_sc_emp_empire|wh3_dlc29_emp_inf_warriors_of_ulric,wh3_dlc29_emp_inf_warriors_of_ulric,Warriors of Ulric,,,,,,true
wh_main_sc_emp_empire,wh_main_sc_emp_empire|wh3_dlc29_emp_inf_wolf_kin,wh3_dlc29_emp_inf_wolf_kin,Wolf-kin,,,,,,true
wh_main_sc_emp_empire,wh_main_sc_emp_empire|wh3_dlc29_emp_veh_celestial_hurricanum_0,wh3_dlc29_emp_veh_celestial_hurricanum_0,Celestial Hurricanum,,,,,,true
wh_main_sc_emp_empire,wh_main_sc_emp_empire|wh_dlc03_emp_cha_boris_todbringer_0,wh3_dlc29_emp_cha_boris_todbringer_toddy_0,Boris Todbringer (Custom VO),,,,Custom,On foot,true
wh_main_sc_emp_empire,wh_main_sc_emp_empire|wh_dlc03_emp_cha_boris_todbringer_0,wh3_dlc29_emp_cha_boris_todbringer_toddy_1,Boris Todbringer (Custom VO),,,,Custom,Barded Warhorse,true
wh_main_sc_emp_empire,wh_main_sc_emp_empire|wh_dlc03_emp_cha_boris_todbringer_0,wh3_dlc29_emp_cha_boris_todbringer_toddy_2,Boris Todbringer (Custom VO),,,,Custom,Imperial Pegasus,true
wh_main_sc_emp_empire,wh_main_sc_emp_empire|wh_dlc03_emp_cha_boris_todbringer_0,wh3_dlc29_emp_cha_boris_todbringer_toddy_3,Boris Todbringer (Custom VO),,,,Custom,Imperial Griffon,true
wh_main_sc_emp_empire,wh_main_sc_emp_empire|wh_dlc03_emp_cha_boris_todbringer_0,wh_dlc03_emp_cha_boris_todbringer_0,Boris Todbringer,,,,Default,On foot,true
wh_main_sc_emp_empire,wh_main_sc_emp_empire|wh_dlc03_emp_cha_boris_todbringer_0,wh_dlc03_emp_cha_boris_todbringer_1,Boris Todbringer,,,,Default,Barded Warhorse,true
wh_main_sc_emp_empire,wh_main_sc_emp_empire|wh_dlc03_emp_cha_boris_todbringer_0,wh_dlc03_emp_cha_boris_todbringer_2,Boris Todbringer,,,,Default,Imperial Pegasus,true
wh_main_sc_emp_empire,wh_main_sc_emp_empire|wh_dlc03_emp_cha_boris_todbringer_0,wh_dlc03_emp_cha_boris_todbringer_3,Boris Todbringer,,,,Default,Imperial Griffon,true
wh_main_sc_emp_empire,wh_main_sc_emp_empire|wh_dlc04_emp_art_hammer_of_the_witches_0,wh_dlc04_emp_art_hammer_of_the_witches_0,Hammer of the Witches (Great Cannons),,,,,,true
wh_main_sc_emp_empire,wh_main_sc_emp_empire|wh_dlc04_emp_art_sunmaker_0,wh_dlc04_emp_art_sunmaker_0,The Sunmaker (Helstorm Rocket Battery),,,,,,true
wh_main_sc_emp_empire,wh_main_sc_emp_empire|wh_dlc04_emp_cav_knights_blazing_sun_0,wh_dlc04_emp_cav_knights_blazing_sun_0,Knights of the Blazing Sun,,,,,,true
wh_main_sc_emp_empire,wh_main_sc_emp_empire|wh_dlc04_emp_cav_royal_altdorf_gryphites_0,wh_dlc04_emp_cav_royal_altdorf_gryphites_0,The Royal Altdorf Gryphites (Demigryph Knights),,,,,,true
wh_main_sc_emp_empire,wh_main_sc_emp_empire|wh_dlc04_emp_cav_zintlers_reiksguard_0,wh_dlc04_emp_cav_zintlers_reiksguard_0,Zintler's Reiksguard (Reiksguard),,,,,,true
wh_main_sc_emp_empire,wh_main_sc_emp_empire|wh_dlc04_emp_cha_arch_lector_0,wh_dlc04_emp_cha_arch_lector_0,Arch Lector,,,,,On foot,true
wh_main_sc_emp_empire,wh_main_sc_emp_empire|wh_dlc04_emp_cha_arch_lector_0,wh_dlc04_emp_cha_arch_lector_2,Arch Lector,,,,,Barded Warhorse,true
wh_main_sc_emp_empire,wh_main_sc_emp_empire|wh_dlc04_emp_cha_volkmar_the_grim_0,wh_dlc04_emp_cha_volkmar_the_grim_0,Volkmar the Grim,,,,,On foot,true
wh_main_sc_emp_empire,wh_main_sc_emp_empire|wh_dlc04_emp_cha_volkmar_the_grim_0,wh_dlc04_emp_cha_volkmar_the_grim_1,Volkmar the Grim,,,,,War Altar of Sigmar,true
wh_main_sc_emp_empire,wh_main_sc_emp_empire|wh_dlc04_emp_cha_volkmar_the_grim_0,wh_dlc04_emp_cha_volkmar_the_grim_3,Volkmar the Grim,,,,,Barded Warhorse,true
wh_main_sc_emp_empire,wh_main_sc_emp_empire|wh_dlc04_emp_inf_flagellants_0,wh_dlc04_emp_inf_flagellants_0,Flagellants,,,,,,true
wh_main_sc_emp_empire,wh_main_sc_emp_empire|wh_dlc04_emp_inf_free_company_militia_0,wh_dlc04_emp_inf_free_company_militia_0,Free Company Militia,,,,,,true
wh_main_sc_emp_empire,wh_main_sc_emp_empire|wh_dlc04_emp_inf_sigmars_sons_0,wh_dlc04_emp_inf_sigmars_sons_0,Sigmar's Sons (Swordsmen),,,,,,true
wh_main_sc_emp_empire,wh_main_sc_emp_empire|wh_dlc04_emp_inf_silver_bullets_0,wh_dlc04_emp_inf_silver_bullets_0,The Silver Bullets (Handgunners),,,,,,true
wh_main_sc_emp_empire,wh_main_sc_emp_empire|wh_dlc04_emp_inf_stirlands_revenge_0,wh_dlc04_emp_inf_stirlands_revenge_0,Stirland's Revenge (Free Company Militia),,,,,,true
wh_main_sc_emp_empire,wh_main_sc_emp_empire|wh_dlc04_emp_inf_tattersouls_0,wh_dlc04_emp_inf_tattersouls_0,The Tattersouls (Flagellants),,,,,,true
wh_main_sc_emp_empire,wh_main_sc_emp_empire|wh_dlc04_emp_veh_templehof_luminark_0,wh_dlc04_emp_veh_templehof_luminark_0,Templehof Luminark (Luminark of Hysh),,,,,,true
wh_main_sc_emp_empire,wh_main_sc_emp_empire|wh_main_emp_art_great_cannon,wh_main_emp_art_great_cannon,Great Cannons,,,,,,true
wh_main_sc_emp_empire,wh_main_sc_emp_empire|wh_main_emp_art_helblaster_volley_gun,wh_main_emp_art_helblaster_volley_gun,Helblaster Volley Guns,,,,,,true
wh_main_sc_emp_empire,wh_main_sc_emp_empire|wh_main_emp_art_helstorm_rocket_battery,wh_main_emp_art_helstorm_rocket_battery,Helstorm Rocket Battery,,,,,,true
wh_main_sc_emp_empire,wh_main_sc_emp_empire|wh_main_emp_art_mortar,wh_main_emp_art_mortar,Mortars,,,,,,true
wh_main_sc_emp_empire,wh_main_sc_emp_empire|wh_main_emp_cav_demigryph_knights_0,wh_main_emp_cav_demigryph_knights_0,Demigryph Knights,,,,,,true
wh_main_sc_emp_empire,wh_main_sc_emp_empire|wh_main_emp_cav_demigryph_knights_1,wh_main_emp_cav_demigryph_knights_1,Demigryph Knights (Halberds),,,,,,true
wh_main_sc_emp_empire,wh_main_sc_emp_empire|wh_main_emp_cav_empire_knights,wh_main_emp_cav_empire_knights,Empire Knights,,,,,,true
wh_main_sc_emp_empire,wh_main_sc_emp_empire|wh_main_emp_cav_outriders_0,wh_main_emp_cav_outriders_0,Outriders,,,,,,true
wh_main_sc_emp_empire,wh_main_sc_emp_empire|wh_main_emp_cav_outriders_1,wh_main_emp_cav_outriders_1,Outriders (Grenade Launchers),,,,,,true
wh_main_sc_emp_empire,wh_main_sc_emp_empire|wh_main_emp_cav_pistoliers_1,wh_main_emp_cav_pistoliers_1,Pistoliers,,,,,,true
wh_main_sc_emp_empire,wh_main_sc_emp_empire|wh_main_emp_cav_reiksguard,wh_main_emp_cav_reiksguard,Reiksguard,,,,,,true
wh_main_sc_emp_empire,wh_main_sc_emp_empire|wh_main_emp_cha_balthasar_gelt_0,wh_main_emp_cha_balthasar_gelt_0,Balthasar Gelt,,,,,On foot,true
wh_main_sc_emp_empire,wh_main_sc_emp_empire|wh_main_emp_cha_balthasar_gelt_0,wh_main_emp_cha_balthasar_gelt_1,Balthasar Gelt,,,,,Quicksilver,true
wh_main_sc_emp_empire,wh_main_sc_emp_empire|wh_main_emp_cha_balthasar_gelt_0,wh_main_emp_cha_balthasar_gelt_3,Balthasar Gelt,,,,,Barded Warhorse,true
wh_main_sc_emp_empire,wh_main_sc_emp_empire|wh_main_emp_cha_captain_0,wh_main_emp_cha_captain_0,Empire Captain,,,,,On foot,true
wh_main_sc_emp_empire,wh_main_sc_emp_empire|wh_main_emp_cha_captain_0,wh_main_emp_cha_captain_2,Empire Captain,,,,,Barded Warhorse,true
wh_main_sc_emp_empire,wh_main_sc_emp_empire|wh_main_emp_cha_captain_0,wh_main_emp_cha_captain_3,Empire Captain,,,,,Imperial Pegasus,true
wh_main_sc_emp_empire,wh_main_sc_emp_empire|wh_main_emp_cha_general_0,wh_main_emp_cha_general_0,General of the Empire,,,,,On foot,true
wh_main_sc_emp_empire,wh_main_sc_emp_empire|wh_main_emp_cha_general_0,wh_main_emp_cha_general_1,General of the Empire,,,,,Barded Warhorse,true
wh_main_sc_emp_empire,wh_main_sc_emp_empire|wh_main_emp_cha_general_0,wh_main_emp_cha_general_2,General of the Empire,,,,,Imperial Pegasus,true
wh_main_sc_emp_empire,wh_main_sc_emp_empire|wh_main_emp_cha_general_0,wh_main_emp_cha_general_3,General of the Empire,,,,,Imperial Griffon,true
wh_main_sc_emp_empire,wh_main_sc_emp_empire|wh_main_emp_cha_karl_franz_0,wh_main_emp_cha_karl_franz_0,Emperor Karl Franz,,,,,On foot,true
wh_main_sc_emp_empire,wh_main_sc_emp_empire|wh_main_emp_cha_karl_franz_0,wh_main_emp_cha_karl_franz_1,Emperor Karl Franz,,,,,Deathclaw,true
wh_main_sc_emp_empire,wh_main_sc_emp_empire|wh_main_emp_cha_karl_franz_0,wh_main_emp_cha_karl_franz_2,Emperor Karl Franz,,,,,Imperial Pegasus,true
wh_main_sc_emp_empire,wh_main_sc_emp_empire|wh_main_emp_cha_karl_franz_0,wh_main_emp_cha_karl_franz_4,Emperor Karl Franz,,,,,Barded Warhorse,true
wh_main_sc_emp_empire,wh_main_sc_emp_empire|wh_main_emp_cha_warrior_priest_0,wh_main_emp_cha_warrior_priest_0,Warrior Priest,,,,,On foot,true
wh_main_sc_emp_empire,wh_main_sc_emp_empire|wh_main_emp_cha_warrior_priest_0,wh_main_emp_cha_warrior_priest_2,Warrior Priest,,,,,Barded Warhorse,true
wh_main_sc_emp_empire,wh_main_sc_emp_empire|wh_main_emp_cha_witch_hunter,wh_main_emp_cha_witch_hunter,Witch Hunter,,,,,,true
wh_main_sc_emp_empire,wh_main_sc_emp_empire|wh_main_emp_cha_wizard_fire_0,wh2_pro07_emp_cha_wizard_death_0,Amethyst Wizard,Amethyst Wizard,,,,On foot,true
wh_main_sc_emp_empire,wh_main_sc_emp_empire|wh_main_emp_cha_wizard_fire_0,wh2_pro07_emp_cha_wizard_death_2,Amethyst Wizard,Amethyst Wizard,,,,Imperial Pegasus,true
wh_main_sc_emp_empire,wh_main_sc_emp_empire|wh_main_emp_cha_wizard_fire_0,wh2_pro07_emp_cha_wizard_death_3,Amethyst Wizard,Amethyst Wizard,,,,Barded Warhorse,true
wh_main_sc_emp_empire,wh_main_sc_emp_empire|wh_main_emp_cha_wizard_fire_0,wh3_dlc25_emp_cha_wizard_metal,Gold Wizard,Gold Wizard,,,,On foot,true
wh_main_sc_emp_empire,wh_main_sc_emp_empire|wh_main_emp_cha_wizard_fire_0,wh3_dlc25_emp_cha_wizard_metal_pegasus,Gold Wizard,Gold Wizard,,,,Imperial Pegasus,true
wh_main_sc_emp_empire,wh_main_sc_emp_empire|wh_main_emp_cha_wizard_fire_0,wh3_dlc25_emp_cha_wizard_metal_warhorse,Gold Wizard,Gold Wizard,,,,Barded Warhorse,true
wh_main_sc_emp_empire,wh_main_sc_emp_empire|wh_main_emp_cha_wizard_fire_0,wh_dlc03_emp_cha_wizard_beasts_0,Amber Wizard,Amber Wizard,,,,On foot,true
wh_main_sc_emp_empire,wh_main_sc_emp_empire|wh_main_emp_cha_wizard_fire_0,wh_dlc03_emp_cha_wizard_beasts_2,Amber Wizard,Amber Wizard,,,,Barded Warhorse,true
wh_main_sc_emp_empire,wh_main_sc_emp_empire|wh_main_emp_cha_wizard_fire_0,wh_dlc03_emp_cha_wizard_beasts_3,Amber Wizard,Amber Wizard,,,,Imperial Griffon,true
wh_main_sc_emp_empire,wh_main_sc_emp_empire|wh_main_emp_cha_wizard_fire_0,wh_dlc03_emp_cha_wizard_beasts_4,Amber Wizard,Amber Wizard,,,,Imperial Pegasus,true
wh_main_sc_emp_empire,wh_main_sc_emp_empire|wh_main_emp_cha_wizard_fire_0,wh_dlc05_emp_cha_wizard_life_0,Jade Wizard,Jade Wizard,,,,On foot,true
wh_main_sc_emp_empire,wh_main_sc_emp_empire|wh_main_emp_cha_wizard_fire_0,wh_dlc05_emp_cha_wizard_life_2,Jade Wizard,Jade Wizard,,,,Barded Warhorse,true
wh_main_sc_emp_empire,wh_main_sc_emp_empire|wh_main_emp_cha_wizard_fire_0,wh_dlc05_emp_cha_wizard_life_3,Jade Wizard,Jade Wizard,,,,Imperial Pegasus,true
wh_main_sc_emp_empire,wh_main_sc_emp_empire|wh_main_emp_cha_wizard_fire_0,wh_dlc05_emp_cha_wizard_shadows_0,Grey Wizard,Grey Wizard,,,,On foot,true
wh_main_sc_emp_empire,wh_main_sc_emp_empire|wh_main_emp_cha_wizard_fire_0,wh_dlc05_emp_cha_wizard_shadows_2,Grey Wizard,Grey Wizard,,,,Barded Warhorse,true
wh_main_sc_emp_empire,wh_main_sc_emp_empire|wh_main_emp_cha_wizard_fire_0,wh_dlc05_emp_cha_wizard_shadows_3,Grey Wizard,Grey Wizard,,,,Imperial Pegasus,true
wh_main_sc_emp_empire,wh_main_sc_emp_empire|wh_main_emp_cha_wizard_fire_0,wh_main_emp_cha_wizard_fire_0,Bright Wizard,Bright Wizard,,,,On foot,true
wh_main_sc_emp_empire,wh_main_sc_emp_empire|wh_main_emp_cha_wizard_fire_0,wh_main_emp_cha_wizard_fire_2,Bright Wizard,Bright Wizard,,,,Imperial Pegasus,true
wh_main_sc_emp_empire,wh_main_sc_emp_empire|wh_main_emp_cha_wizard_fire_0,wh_main_emp_cha_wizard_fire_3,Bright Wizard,Bright Wizard,,,,Barded Warhorse,true
wh_main_sc_emp_empire,wh_main_sc_emp_empire|wh_main_emp_cha_wizard_fire_0,wh_main_emp_cha_wizard_heavens_0,Celestial Wizard,Celestial Wizard,,,,On foot,true
wh_main_sc_emp_empire,wh_main_sc_emp_empire|wh_main_emp_cha_wizard_fire_0,wh_main_emp_cha_wizard_heavens_2,Celestial Wizard,Celestial Wizard,,,,Imperial Pegasus,true
wh_main_sc_emp_empire,wh_main_sc_emp_empire|wh_main_emp_cha_wizard_fire_0,wh_main_emp_cha_wizard_heavens_4,Celestial Wizard,Celestial Wizard,,,,Barded Warhorse,true
wh_main_sc_emp_empire,wh_main_sc_emp_empire|wh_main_emp_cha_wizard_fire_0,wh_main_emp_cha_wizard_light_0,Light Wizard,Light Wizard,,,,On foot,true
wh_main_sc_emp_empire,wh_main_sc_emp_empire|wh_main_emp_cha_wizard_fire_0,wh_main_emp_cha_wizard_light_2,Light Wizard,Light Wizard,,,,Imperial Pegasus,true
wh_main_sc_emp_empire,wh_main_sc_emp_empire|wh_main_emp_cha_wizard_fire_0,wh_main_emp_cha_wizard_light_4,Light Wizard,Light Wizard,,,,Barded Warhorse,true
wh_main_sc_emp_empire,wh_main_sc_emp_empire|wh_main_emp_inf_crossbowmen,wh_main_emp_inf_crossbowmen,Crossbowmen,,,,,,true
wh_main_sc_emp_empire,wh_main_sc_emp_empire|wh_main_emp_inf_greatswords,wh_main_emp_inf_greatswords,Greatswords,,,,,,true
wh_main_sc_emp_empire,wh_main_sc_emp_empire|wh_main_emp_inf_halberdiers,wh_main_emp_inf_halberdiers,Halberdiers,,,,,,true
wh_main_sc_emp_empire,wh_main_sc_emp_empire|wh_main_emp_inf_handgunners,wh_main_emp_inf_handgunners,Handgunners,,,,,,true
wh_main_sc_emp_empire,wh_main_sc_emp_empire|wh_main_emp_inf_spearmen_0,wh_main_emp_inf_spearmen_0,Spearmen,,,,,,true
wh_main_sc_emp_empire,wh_main_sc_emp_empire|wh_main_emp_inf_spearmen_1,wh_main_emp_inf_spearmen_1,Spearmen (Shields),,,,,,true
wh_main_sc_emp_empire,wh_main_sc_emp_empire|wh_main_emp_inf_swordsmen,wh_main_emp_inf_swordsmen,Swordsmen,,,,,,true
wh_main_sc_emp_empire,wh_main_sc_emp_empire|wh_main_emp_veh_luminark_of_hysh_0,wh_main_emp_veh_luminark_of_hysh_0,Luminark of Hysh,,,,,,true
wh_main_sc_emp_empire,wh_main_sc_emp_empire|wh_main_emp_veh_steam_tank,wh_main_emp_veh_steam_tank,Steam Tank,,,,,,true
wh_main_sc_grn_greenskins,wh_main_sc_grn_greenskins|wh2_dlc15_grn_cav_forest_goblin_spider_riders_waaagh_0,wh2_dlc15_grn_cav_forest_goblin_spider_riders_waaagh_0,Lava Spider Rider Archers,,,,,,false
wh_main_sc_grn_greenskins,wh_main_sc_grn_greenskins|wh2_dlc15_grn_cav_squig_hoppers_waaagh_0,wh2_dlc15_grn_cav_squig_hoppers_waaagh_0,Armoured Squig Hoppers,,,,,,false
wh_main_sc_grn_greenskins,wh_main_sc_grn_greenskins|wh2_dlc15_grn_cha_grom_the_paunch_0,wh2_dlc15_grn_cha_grom_the_paunch_0,Grom the Paunch,,,,,,true
wh_main_sc_grn_greenskins,wh_main_sc_grn_greenskins|wh2_dlc15_grn_cha_river_troll_hag_0,wh2_dlc15_grn_cha_river_troll_hag_0,Giant River Troll Hag,,,,,,true
wh_main_sc_grn_greenskins,wh_main_sc_grn_greenskins|wh2_dlc15_grn_mon_feral_hydra_waaagh_0,wh2_dlc15_grn_mon_feral_hydra_waaagh_0,Feral Hydra,,,,,,false
wh_main_sc_grn_greenskins,wh_main_sc_grn_greenskins|wh2_dlc15_grn_mon_river_trolls_0,wh2_dlc15_grn_mon_river_trolls_0,River Trolls,,,,,,true
wh_main_sc_grn_greenskins,wh_main_sc_grn_greenskins|wh2_dlc15_grn_mon_river_trolls_ror_0,wh2_dlc15_grn_mon_river_trolls_ror_0,Da Swamp Fings (River Trolls),,,,,,true
wh_main_sc_grn_greenskins,wh_main_sc_grn_greenskins|wh2_dlc15_grn_mon_rogue_idol_0,wh2_dlc15_grn_mon_rogue_idol_0,Rogue Idol,,,,,,true
wh_main_sc_grn_greenskins,wh_main_sc_grn_greenskins|wh2_dlc15_grn_mon_rogue_idol_ror_0,wh2_dlc15_grn_mon_rogue_idol_ror_0,Da Big Un (Rogue Idol),,,,,,true
wh_main_sc_grn_greenskins,wh_main_sc_grn_greenskins|wh2_dlc15_grn_mon_stone_trolls_0,wh2_dlc15_grn_mon_stone_trolls_0,Stone Trolls,,,,,,true
wh_main_sc_grn_greenskins,wh_main_sc_grn_greenskins|wh2_dlc15_grn_mon_wyvern_waaagh_0,wh2_dlc15_grn_mon_wyvern_waaagh_0,Feral Wyvern,,,,,,false
wh_main_sc_grn_greenskins,wh_main_sc_grn_greenskins|wh2_dlc15_grn_veh_snotling_pump_wagon_0,wh2_dlc15_grn_veh_snotling_pump_wagon_0,Snotling Pump Wagons,,,,,,true
wh_main_sc_grn_greenskins,wh_main_sc_grn_greenskins|wh2_dlc15_grn_veh_snotling_pump_wagon_flappas_0,wh2_dlc15_grn_veh_snotling_pump_wagon_flappas_0,Snotling Pump Wagons (Flappas),,,,,,true
wh_main_sc_grn_greenskins,wh_main_sc_grn_greenskins|wh2_dlc15_grn_veh_snotling_pump_wagon_roller_0,wh2_dlc15_grn_veh_snotling_pump_wagon_roller_0,Snotling Pump Wagons (Spiky Rollers),,,,,,true
wh_main_sc_grn_greenskins,wh_main_sc_grn_greenskins|wh2_dlc15_grn_veh_snotling_pump_wagon_ror_0,wh2_dlc15_grn_veh_snotling_pump_wagon_ror_0,Logey Bogey’s Spore ‘Splodaz (Snotling Pump Wagons),,,,,,true
wh_main_sc_grn_greenskins,wh_main_sc_grn_greenskins|wh2_pro09_grn_cha_black_orc_big_boss_0,wh2_pro09_grn_cha_black_orc_big_boss_0,Black Orc Big Boss,,,,,On foot,true
wh_main_sc_grn_greenskins,wh_main_sc_grn_greenskins|wh2_pro09_grn_cha_black_orc_big_boss_0,wh2_pro09_grn_cha_black_orc_big_boss_1,Black Orc Big Boss,,,,,Warboar,true
wh_main_sc_grn_greenskins,wh_main_sc_grn_greenskins|wh2_twa03_grn_mon_wyvern_0,wh2_twa03_grn_mon_wyvern_0,Feral Wyvern,,,,,,true
wh_main_sc_grn_greenskins,wh_main_sc_grn_greenskins|wh3_dlc26_grn_art_bolt_throwa,wh3_dlc26_grn_art_bolt_throwa,Goblin Bolt Throwa,,,,,,true
wh_main_sc_grn_greenskins,wh_main_sc_grn_greenskins|wh3_dlc26_grn_art_bolt_throwa_ror,wh3_dlc26_grn_art_bolt_throwa_ror,Snagla's Deff Throwa (Goblin Bolt Throwa),,,,,,true
wh_main_sc_grn_greenskins,wh_main_sc_grn_greenskins|wh3_dlc26_grn_cav_mangler_squig,wh3_dlc26_grn_cav_mangler_squig,Mangler Squigs,,,,,,true
wh_main_sc_grn_greenskins,wh_main_sc_grn_greenskins|wh3_dlc26_grn_cha_gorbad_ironclaw,wh3_dlc26_grn_cha_gorbad_ironclaw,Gorbad Ironclaw,,,,,On foot,true
wh_main_sc_grn_greenskins,wh_main_sc_grn_greenskins|wh3_dlc26_grn_cha_gorbad_ironclaw,wh3_dlc26_grn_cha_gorbad_ironclaw_gnarla,Gorbad Ironclaw,,,,,War Boar,true
wh_main_sc_grn_greenskins,wh_main_sc_grn_greenskins|wh3_dlc26_grn_cha_night_goblin_big_boss,wh3_dlc26_grn_cha_night_goblin_big_boss,Night Goblin Big Boss,,,,,On foot,true
wh_main_sc_grn_greenskins,wh_main_sc_grn_greenskins|wh3_dlc26_grn_cha_night_goblin_big_boss,wh3_dlc26_grn_cha_night_goblin_big_boss_squig,Night Goblin Big Boss,,,,,Great Cave Squig,true
wh_main_sc_grn_greenskins,wh_main_sc_grn_greenskins|wh3_dlc26_grn_cha_savage_orc_great_shaman,wh3_dlc26_grn_cha_savage_orc_great_shaman,Savage Orc Great Shaman,,,,,On foot,true
wh_main_sc_grn_greenskins,wh_main_sc_grn_greenskins|wh3_dlc26_grn_cha_savage_orc_great_shaman,wh3_dlc26_grn_cha_savage_orc_great_shaman_boar,Savage Orc Great Shaman,,,,,War Boar,true
wh_main_sc_grn_greenskins,wh_main_sc_grn_greenskins|wh3_dlc26_grn_cha_savage_orc_great_shaman,wh3_dlc26_grn_cha_savage_orc_great_shaman_wyvern,Savage Orc Great Shaman,,,,,Wyvern,true
wh_main_sc_grn_greenskins,wh_main_sc_grn_greenskins|wh3_dlc26_grn_cha_snagla_grobspit,wh3_dlc26_grn_cha_snagla_grobspit,Snagla Grobspit,,,,,,true
wh_main_sc_grn_greenskins,wh_main_sc_grn_greenskins|wh3_dlc26_grn_inf_black_orcs_shield,wh3_dlc26_grn_inf_black_orcs_shield,Black Orcs,,,,,,true
wh_main_sc_grn_greenskins,wh_main_sc_grn_greenskins|wh3_dlc26_grn_inf_rugluds_armoured_orcs,wh3_dlc26_grn_inf_rugluds_armoured_orcs,Ruglud's Armoured Orcs,,,,,,true
wh_main_sc_grn_greenskins,wh_main_sc_grn_greenskins|wh3_dlc26_grn_mon_arachnarok_spider_flinger,wh3_dlc26_grn_mon_arachnarok_spider_flinger,Arachnarok Spider (Flinger),,,,,,true
wh_main_sc_grn_greenskins,wh_main_sc_grn_greenskins|wh3_dlc26_grn_mon_colossal_squig,wh3_dlc26_grn_mon_colossal_squig,Colossal Squig,,,,,,true
wh_main_sc_grn_greenskins,wh_main_sc_grn_greenskins|wh3_dlc26_grn_mon_colossal_squig_ror,wh3_dlc26_grn_mon_colossal_squig_ror,Da Acid Burpa (Colossal Squig),,,,,,true
wh_main_sc_grn_greenskins,wh_main_sc_grn_greenskins|wh3_main_grn_inf_goblins_sword_shield,wh3_main_grn_inf_goblins_sword_shield,Goblins,,,,,,true
wh_main_sc_grn_greenskins,wh_main_sc_grn_greenskins|wh3_main_grn_inf_orc_boyz_spear_shield,wh3_main_grn_inf_orc_boyz_spear_shield,Orc Boyz (Spears),,,,,,true
wh_main_sc_grn_greenskins,wh_main_sc_grn_greenskins|wh_dlc06_grn_art_hammer_of_gork_0,wh_dlc06_grn_art_hammer_of_gork_0,Hammer of Gork (Goblin Rock Lobbers),,,,,,true
wh_main_sc_grn_greenskins,wh_main_sc_grn_greenskins|wh_dlc06_grn_cav_broken_tusks_mob_0,wh_dlc06_grn_cav_broken_tusks_mob_0,Broken Tusks Mob (Orc Boar Boy Big 'Uns),,,,,,true
wh_main_sc_grn_greenskins,wh_main_sc_grn_greenskins|wh_dlc06_grn_cav_deff_creepers_0,wh_dlc06_grn_cav_deff_creepers_0,Deff Creepers (Forest Goblin Spider Rider Archers),,,,,,true
wh_main_sc_grn_greenskins,wh_main_sc_grn_greenskins|wh_dlc06_grn_cav_durkits_squigs_0,wh_dlc06_grn_cav_durkits_squigs_0,Durkit's Squigs (Night Goblin Squig Hoppers),,,,,,true
wh_main_sc_grn_greenskins,wh_main_sc_grn_greenskins|wh_dlc06_grn_cav_mogrubbs_marauders_0,wh_dlc06_grn_cav_mogrubbs_marauders_0,Mogrubb's Mangy Marauders (Goblin Wolf Archers),,,,,,true
wh_main_sc_grn_greenskins,wh_main_sc_grn_greenskins|wh_dlc06_grn_cav_moon_howlers_0,wh_dlc06_grn_cav_moon_howlers_0,Moon-howlers (Goblin Wolf Riders),,,,,,true
wh_main_sc_grn_greenskins,wh_main_sc_grn_greenskins|wh_dlc06_grn_cav_squig_hoppers_0,wh_dlc06_grn_cav_squig_hoppers_0,Night Goblin Squig Hoppers,,,,,,true
wh_main_sc_grn_greenskins,wh_main_sc_grn_greenskins|wh_dlc06_grn_cav_teef_robbers_0,wh_dlc06_grn_cav_teef_robbers_0,Teef Robbers (Goblin Wolf Chariots),,,,,,true
wh_main_sc_grn_greenskins,wh_main_sc_grn_greenskins|wh_dlc06_grn_cha_night_goblin_warboss_0,wh_dlc06_grn_cha_night_goblin_warboss_0,Night Goblin Warboss,,,,,On foot,true
wh_main_sc_grn_greenskins,wh_main_sc_grn_greenskins|wh_dlc06_grn_cha_night_goblin_warboss_0,wh_dlc06_grn_cha_night_goblin_warboss_1,Night Goblin Warboss,,,,,Great Cave Squig,true
wh_main_sc_grn_greenskins,wh_main_sc_grn_greenskins|wh_dlc06_grn_cha_skarsnik_0,wh_dlc06_grn_cha_skarsnik_0,Skarsnik,,,,,,true
wh_main_sc_grn_greenskins,wh_main_sc_grn_greenskins|wh_dlc06_grn_cha_wurrzag_0,wh_dlc06_grn_cha_wurrzag_0,Wurrzag,,,,,On foot,true
wh_main_sc_grn_greenskins,wh_main_sc_grn_greenskins|wh_dlc06_grn_cha_wurrzag_0,wh_dlc06_grn_cha_wurrzag_1,Wurrzag,,,,,Spleenrippa,true
wh_main_sc_grn_greenskins,wh_main_sc_grn_greenskins|wh_dlc06_grn_inf_da_eight_peaks_loonies_0,wh_dlc06_grn_inf_da_eight_peaks_loonies_0,Da Eight Peak Loonies (Night Goblins – Fanatics),,,,,,true
wh_main_sc_grn_greenskins,wh_main_sc_grn_greenskins|wh_dlc06_grn_inf_da_rusty_arrers_0,wh_dlc06_grn_inf_da_rusty_arrers_0,Da Rusty Arrers (Night Goblin Archers),,,,,,true
wh_main_sc_grn_greenskins,wh_main_sc_grn_greenskins|wh_dlc06_grn_inf_da_warlords_boyz_0,wh_dlc06_grn_inf_da_warlords_boyz_0,Da Warlord's Boyz (Night Goblins),,,,,,true
wh_main_sc_grn_greenskins,wh_main_sc_grn_greenskins|wh_dlc06_grn_inf_krimson_killerz_0,wh_dlc06_grn_inf_krimson_killerz_0,Krimson Killerz (Black Orcs),,,,,,true
wh_main_sc_grn_greenskins,wh_main_sc_grn_greenskins|wh_dlc06_grn_inf_nasty_skulkers_0,wh_dlc06_grn_inf_nasty_skulkers_0,Nasty Skulkers,,,,,,true
wh_main_sc_grn_greenskins,wh_main_sc_grn_greenskins|wh_dlc06_grn_inf_squig_explosive_0,wh_dlc06_grn_inf_squig_explosive_0,Soopa-Squig!,,,,,,false
wh_main_sc_grn_greenskins,wh_main_sc_grn_greenskins|wh_dlc06_grn_inf_squig_herd_0,wh_dlc06_grn_inf_squig_herd_0,Squig Herd,,,,,,true
wh_main_sc_grn_greenskins,wh_main_sc_grn_greenskins|wh_dlc06_grn_mon_spider_hatchlings_0,wh_dlc06_grn_mon_spider_hatchlings_0,Spider Hatchlings,,,,,,false
wh_main_sc_grn_greenskins,wh_main_sc_grn_greenskins|wh_dlc06_grn_mon_venom_queen_0,wh_dlc06_grn_mon_venom_queen_0,The Arachnarok Queen (Arachnarok Spider),,,,,,true
wh_main_sc_grn_greenskins,wh_main_sc_grn_greenskins|wh_dlc15_grn_mon_arachnarok_spider_waaagh_0,wh_dlc15_grn_mon_arachnarok_spider_waaagh_0,Lava Arachnarok Spider,,,,,,false
wh_main_sc_grn_greenskins,wh_main_sc_grn_greenskins|wh_main_grn_art_doom_diver_catapult,wh_main_grn_art_doom_diver_catapult,Doom Diver Catapults,,,,,,true
wh_main_sc_grn_greenskins,wh_main_sc_grn_greenskins|wh_main_grn_art_goblin_rock_lobber,wh_main_grn_art_goblin_rock_lobber,Goblin Rock Lobbers,,,,,,true
wh_main_sc_grn_greenskins,wh_main_sc_grn_greenskins|wh_main_grn_cav_forest_goblin_spider_riders_0,wh_main_grn_cav_forest_goblin_spider_riders_0,Forest Goblin Spider Riders,,,,,,true
wh_main_sc_grn_greenskins,wh_main_sc_grn_greenskins|wh_main_grn_cav_forest_goblin_spider_riders_1,wh_main_grn_cav_forest_goblin_spider_riders_1,Forest Goblin Spider Rider Archers,,,,,,true
wh_main_sc_grn_greenskins,wh_main_sc_grn_greenskins|wh_main_grn_cav_goblin_wolf_chariot,wh_main_grn_cav_goblin_wolf_chariot,Goblin Wolf Chariots,,,,,,true
wh_main_sc_grn_greenskins,wh_main_sc_grn_greenskins|wh_main_grn_cav_goblin_wolf_riders_0,wh_main_grn_cav_goblin_wolf_riders_0,Goblin Wolf Riders,,,,,,true
wh_main_sc_grn_greenskins,wh_main_sc_grn_greenskins|wh_main_grn_cav_goblin_wolf_riders_1,wh_main_grn_cav_goblin_wolf_riders_1,Goblin Wolf Rider Archers,,,,,,true
wh_main_sc_grn_greenskins,wh_main_sc_grn_greenskins|wh_main_grn_cav_orc_boar_boy_big_uns,wh_main_grn_cav_orc_boar_boy_big_uns,Orc Boar Boy Big 'Uns,,,,,,true
wh_main_sc_grn_greenskins,wh_main_sc_grn_greenskins|wh_main_grn_cav_orc_boar_boyz,wh_main_grn_cav_orc_boar_boyz,Orc Boar Boyz,,,,,,true
wh_main_sc_grn_greenskins,wh_main_sc_grn_greenskins|wh_main_grn_cav_orc_boar_chariot,wh_main_grn_cav_orc_boar_chariot,Orc Boar Chariots,,,,,,true
wh_main_sc_grn_greenskins,wh_main_sc_grn_greenskins|wh_main_grn_cav_savage_orc_boar_boy_big_uns,wh_main_grn_cav_savage_orc_boar_boy_big_uns,Savage Orc Boar Boy Big 'Uns,,,,,,true
wh_main_sc_grn_greenskins,wh_main_sc_grn_greenskins|wh_main_grn_cav_savage_orc_boar_boyz,wh_main_grn_cav_savage_orc_boar_boyz,Savage Orc Boar Boyz,,,,,,true
wh_main_sc_grn_greenskins,wh_main_sc_grn_greenskins|wh_main_grn_cha_azhag_the_slaughterer_0,wh_main_grn_cha_azhag_the_slaughterer_0,Azhag the Slaughterer,,,,,On foot,true
wh_main_sc_grn_greenskins,wh_main_sc_grn_greenskins|wh_main_grn_cha_azhag_the_slaughterer_0,wh_main_grn_cha_azhag_the_slaughterer_1,Azhag the Slaughterer,,,,,Skullmuncha,true
wh_main_sc_grn_greenskins,wh_main_sc_grn_greenskins|wh_main_grn_cha_goblin_big_boss_0,wh_main_grn_cha_goblin_big_boss_0,Goblin Big Boss,,,,,On foot,true
wh_main_sc_grn_greenskins,wh_main_sc_grn_greenskins|wh_main_grn_cha_goblin_big_boss_0,wh_main_grn_cha_goblin_big_boss_1,Goblin Big Boss,,,,,Giant Wolf,true
wh_main_sc_grn_greenskins,wh_main_sc_grn_greenskins|wh_main_grn_cha_goblin_big_boss_0,wh_main_grn_cha_goblin_big_boss_2,Goblin Big Boss,,,,,Giant Spider,true
wh_main_sc_grn_greenskins,wh_main_sc_grn_greenskins|wh_main_grn_cha_goblin_big_boss_0,wh_main_grn_cha_goblin_big_boss_4,Goblin Big Boss,,,,,Goblin Wolf Chariot,true
wh_main_sc_grn_greenskins,wh_main_sc_grn_greenskins|wh_main_grn_cha_goblin_great_shaman_0,wh2_twa01_grn_cha_goblin_great_shaman_3,Goblin Great Shaman,,,,,Arachnarok Spider (Catchweb Spidershrine),true
wh_main_sc_grn_greenskins,wh_main_sc_grn_greenskins|wh_main_grn_cha_goblin_great_shaman_0,wh_main_grn_cha_goblin_great_shaman_0,Goblin Great Shaman,,,,,On foot,true
wh_main_sc_grn_greenskins,wh_main_sc_grn_greenskins|wh_main_grn_cha_goblin_great_shaman_0,wh_main_grn_cha_goblin_great_shaman_1,Goblin Great Shaman,,,,,Giant Wolf,true
wh_main_sc_grn_greenskins,wh_main_sc_grn_greenskins|wh_main_grn_cha_goblin_great_shaman_0,wh_main_grn_cha_goblin_great_shaman_2,Goblin Great Shaman,,,,,Goblin Wolf Chariot,true
wh_main_sc_grn_greenskins,wh_main_sc_grn_greenskins|wh_main_grn_cha_grimgor_ironhide,wh_main_grn_cha_grimgor_ironhide,Grimgor Ironhide,,,,,,true
wh_main_sc_grn_greenskins,wh_main_sc_grn_greenskins|wh_main_grn_cha_night_goblin_shaman,wh_main_grn_cha_night_goblin_shaman,Night Goblin Shaman,,,,,,true
wh_main_sc_grn_greenskins,wh_main_sc_grn_greenskins|wh_main_grn_cha_orc_shaman_0,wh_main_grn_cha_orc_shaman_0,Orc Shaman,,,,,On foot,true
wh_main_sc_grn_greenskins,wh_main_sc_grn_greenskins|wh_main_grn_cha_orc_shaman_0,wh_main_grn_cha_orc_shaman_1,Orc Shaman,,,,,Warboar,true
wh_main_sc_grn_greenskins,wh_main_sc_grn_greenskins|wh_main_grn_cha_orc_warboss_0,wh_main_grn_cha_orc_warboss_0,Orc Warboss,,,,,On foot,true
wh_main_sc_grn_greenskins,wh_main_sc_grn_greenskins|wh_main_grn_cha_orc_warboss_0,wh_main_grn_cha_orc_warboss_1,Orc Warboss,,,,,Wyvern,true
wh_main_sc_grn_greenskins,wh_main_sc_grn_greenskins|wh_main_grn_cha_orc_warboss_0,wh_main_grn_cha_orc_warboss_2,Orc Warboss,,,,,Warboar,true
wh_main_sc_grn_greenskins,wh_main_sc_grn_greenskins|wh_main_grn_cha_orc_warboss_0,wh_main_grn_cha_orc_warboss_3,Orc Warboss,,,,,Orc Boar Chariot,true
wh_main_sc_grn_greenskins,wh_main_sc_grn_greenskins|wh_main_grn_inf_black_orcs,wh_main_grn_inf_black_orcs,Black Orcs (Great Weapons),,,,,,true
wh_main_sc_grn_greenskins,wh_main_sc_grn_greenskins|wh_main_grn_inf_goblin_archers,wh_main_grn_inf_goblin_archers,Goblin Archers,,,,,,true
wh_main_sc_grn_greenskins,wh_main_sc_grn_greenskins|wh_main_grn_inf_goblin_spearmen,wh_main_grn_inf_goblin_spearmen,Goblins (Spears),,,,,,true
wh_main_sc_grn_greenskins,wh_main_sc_grn_greenskins|wh_main_grn_inf_night_goblin_archers,wh_main_grn_inf_night_goblin_archers,Night Goblin Archers,,,,,,true
wh_main_sc_grn_greenskins,wh_main_sc_grn_greenskins|wh_main_grn_inf_night_goblin_fanatics,wh_main_grn_inf_night_goblin_fanatics,Night Goblins (Fanatics),,,,,,true
wh_main_sc_grn_greenskins,wh_main_sc_grn_greenskins|wh_main_grn_inf_night_goblin_fanatics_1,wh_main_grn_inf_night_goblin_fanatics_1,Night Goblin Archers (Fanatics),,,,,,true
wh_main_sc_grn_greenskins,wh_main_sc_grn_greenskins|wh_main_grn_inf_night_goblins,wh_main_grn_inf_night_goblins,Night Goblins,,,,,,true
wh_main_sc_grn_greenskins,wh_main_sc_grn_greenskins|wh_main_grn_inf_orc_arrer_boyz,wh_main_grn_inf_orc_arrer_boyz,Orc Arrer Boyz,,,,,,true
wh_main_sc_grn_greenskins,wh_main_sc_grn_greenskins|wh_main_grn_inf_orc_big_uns,wh_main_grn_inf_orc_big_uns,Orc Big 'Uns,,,,,,true
wh_main_sc_grn_greenskins,wh_main_sc_grn_greenskins|wh_main_grn_inf_orc_boyz,wh_main_grn_inf_orc_boyz,Orc Boyz,,,,,,true
wh_main_sc_grn_greenskins,wh_main_sc_grn_greenskins|wh_main_grn_inf_savage_orc_arrer_boyz,wh_main_grn_inf_savage_orc_arrer_boyz,Savage Orc Arrer Boyz,,,,,,true
wh_main_sc_grn_greenskins,wh_main_sc_grn_greenskins|wh_main_grn_inf_savage_orc_big_uns,wh_main_grn_inf_savage_orc_big_uns,Savage Orc Big 'Uns,,,,,,true
wh_main_sc_grn_greenskins,wh_main_sc_grn_greenskins|wh_main_grn_inf_savage_orcs,wh_main_grn_inf_savage_orcs,Savage Orcs,,,,,,true
wh_main_sc_grn_greenskins,wh_main_sc_grn_greenskins|wh_main_grn_mon_arachnarok_spider_0,wh_main_grn_mon_arachnarok_spider_0,Arachnarok Spider,,,,,,true
wh_main_sc_grn_greenskins,wh_main_sc_grn_greenskins|wh_main_grn_mon_giant,wh_main_grn_mon_giant,Giant,,,,,,true
wh_main_sc_grn_greenskins,wh_main_sc_grn_greenskins|wh_main_grn_mon_trolls,wh_main_grn_mon_trolls,Trolls,,,,,,true
wh_main_sc_vmp_vampire_counts,wh_main_sc_vmp_vampire_counts|wh2_dlc11_cst_cha_mourngul_haunter,wh2_dlc11_cst_cha_mourngul_haunter,Mourngul Haunter,,,,,,true
wh_main_sc_vmp_vampire_counts,wh_main_sc_vmp_vampire_counts|wh2_dlc11_cst_mon_mournguls_0,wh2_dlc11_cst_mon_mournguls_0,Mournguls,,,,,,true
wh_main_sc_vmp_vampire_counts,wh_main_sc_vmp_vampire_counts|wh2_dlc11_cst_mon_mournguls_ror_0,wh2_dlc11_cst_mon_mournguls_ror_0,Night Terrors (Mournguls),,,,,,true
wh_main_sc_vmp_vampire_counts,wh_main_sc_vmp_vampire_counts|wh2_dlc11_vmp_inf_crossbowmen,wh2_dlc11_vmp_inf_crossbowmen,Sylvanian Crossbowmen,,,,,,false
wh_main_sc_vmp_vampire_counts,wh_main_sc_vmp_vampire_counts|wh2_dlc11_vmp_inf_handgunners,wh2_dlc11_vmp_inf_handgunners,Sylvanian Handgunners,,,,,,false
wh_main_sc_vmp_vampire_counts,wh_main_sc_vmp_vampire_counts|wh3_dlc23_neu_cha_ulrika,wh3_dlc23_neu_cha_ulrika,Ulrika Magdova,,,,,On foot,false
wh_main_sc_vmp_vampire_counts,wh_main_sc_vmp_vampire_counts|wh3_dlc23_neu_cha_ulrika,wh3_dlc23_neu_cha_ulrika_warhorse,Ulrika Magdova,,,,,Warhorse,false
wh_main_sc_vmp_vampire_counts,wh_main_sc_vmp_vampire_counts|wh3_dlc29_vmp_cav_drakenhof_templars,wh3_dlc29_vmp_cav_drakenhof_templars,Drakenhof Templars,,,,,,true
wh_main_sc_vmp_vampire_counts,wh_main_sc_vmp_vampire_counts|wh3_dlc29_vmp_cha_dieter_helsnicht,wh3_dlc29_vmp_cha_dieter_helsnicht,Dieter Helsnicht,,,,,On foot,true
wh_main_sc_vmp_vampire_counts,wh_main_sc_vmp_vampire_counts|wh3_dlc29_vmp_cha_dieter_helsnicht,wh3_dlc29_vmp_cha_dieter_helsnicht_undead_manticore,Dieter Helsnicht,,,,,Manticore,true
wh_main_sc_vmp_vampire_counts,wh_main_sc_vmp_vampire_counts|wh3_dlc29_vmp_cha_krell,wh3_dlc29_vmp_cha_krell,Krell,,,,,,true
wh_main_sc_vmp_vampire_counts,wh_main_sc_vmp_vampire_counts|wh3_dlc29_vmp_cha_lahmian_vampire,wh3_dlc29_vmp_cha_lahmian_vampire,Lahmian Vampire,,,,,On foot,true
wh_main_sc_vmp_vampire_counts,wh_main_sc_vmp_vampire_counts|wh3_dlc29_vmp_cha_lahmian_vampire,wh3_dlc29_vmp_cha_lahmian_vampire_barded_nightmare,Lahmian Vampire,,,,,Barded Nightmare,true
wh_main_sc_vmp_vampire_counts,wh_main_sc_vmp_vampire_counts|wh3_dlc29_vmp_cha_lahmian_vampire,wh3_dlc29_vmp_cha_lahmian_vampire_hellsteed,Lahmian Vampire,,,,,Hellsteed,true
wh_main_sc_vmp_vampire_counts,wh_main_sc_vmp_vampire_counts|wh3_dlc29_vmp_cha_mannfred_von_carstein_mp,wh3_dlc29_vmp_cha_mannfred_von_carstein_barded_nightmare_mp,Mannfred von Carstein,,,,,Barded Nightmare,true
wh_main_sc_vmp_vampire_counts,wh_main_sc_vmp_vampire_counts|wh3_dlc29_vmp_cha_mannfred_von_carstein_mp,wh3_dlc29_vmp_cha_mannfred_von_carstein_hellsteed_mp,Mannfred von Carstein,,,,,Hellsteed,true
wh_main_sc_vmp_vampire_counts,wh_main_sc_vmp_vampire_counts|wh3_dlc29_vmp_cha_mannfred_von_carstein_mp,wh3_dlc29_vmp_cha_mannfred_von_carstein_mp,Mannfred von Carstein,,,,,On foot,true
wh_main_sc_vmp_vampire_counts,wh_main_sc_vmp_vampire_counts|wh3_dlc29_vmp_cha_mannfred_von_carstein_mp,wh3_dlc29_vmp_cha_mannfred_von_carstein_zombie_dragon_mp,Mannfred von Carstein,,,,,Zombie Dragon,true
wh_main_sc_vmp_vampire_counts,wh_main_sc_vmp_vampire_counts|wh3_dlc29_vmp_cha_neferata_mp,wh3_dlc29_vmp_cha_neferata_barded_nightmare_mp,Neferata,,,,,Barded Nightmare,true
wh_main_sc_vmp_vampire_counts,wh_main_sc_vmp_vampire_counts|wh3_dlc29_vmp_cha_neferata_mp,wh3_dlc29_vmp_cha_neferata_coven_throne_mp,Neferata,,,,,Coven Throne,true
wh_main_sc_vmp_vampire_counts,wh_main_sc_vmp_vampire_counts|wh3_dlc29_vmp_cha_neferata_mp,wh3_dlc29_vmp_cha_neferata_hellsteed_mp,Neferata,,,,,Hellsteed,true
wh_main_sc_vmp_vampire_counts,wh_main_sc_vmp_vampire_counts|wh3_dlc29_vmp_cha_neferata_mp,wh3_dlc29_vmp_cha_neferata_mp,Neferata,,,,,On foot,true
wh_main_sc_vmp_vampire_counts,wh_main_sc_vmp_vampire_counts|wh3_dlc29_vmp_cha_neferata_mp,wh3_dlc29_vmp_cha_neferata_zombie_dragon_mp,Neferata,,,,,Zombie Dragon,true
wh_main_sc_vmp_vampire_counts,wh_main_sc_vmp_vampire_counts|wh3_dlc29_vmp_cha_walach_harkon,wh3_dlc29_vmp_cha_walach_harkon,Walach Harkon,,,,,On foot,true
wh_main_sc_vmp_vampire_counts,wh_main_sc_vmp_vampire_counts|wh3_dlc29_vmp_cha_walach_harkon,wh3_dlc29_vmp_cha_walach_harkon_barded_nightmare,Walach Harkon,,,,,Barded Nightmare,true
wh_main_sc_vmp_vampire_counts,wh_main_sc_vmp_vampire_counts|wh3_dlc29_vmp_inf_lahmian_handmaidens_death,wh3_dlc29_vmp_inf_lahmian_handmaidens_death,Lahmian Handmaidens (Death),,,,,,true
wh_main_sc_vmp_vampire_counts,wh_main_sc_vmp_vampire_counts|wh3_dlc29_vmp_inf_lahmian_handmaidens_shadow,wh3_dlc29_vmp_inf_lahmian_handmaidens_shadow,Lahmian Handmaidens (Shadows),,,,,,true
wh_main_sc_vmp_vampire_counts,wh_main_sc_vmp_vampire_counts|wh3_dlc29_vmp_inf_spirit_host,wh3_dlc29_vmp_inf_spirit_host,Spirit Host,,,,,,true
wh_main_sc_vmp_vampire_counts,wh_main_sc_vmp_vampire_counts|wh3_dlc29_vmp_mon_zombie_dragon,wh3_dlc29_vmp_mon_zombie_dragon,Zombie Dragon,,,,,,true
wh_main_sc_vmp_vampire_counts,wh_main_sc_vmp_vampire_counts|wh3_dlc29_vmp_veh_coven_throne,wh3_dlc29_vmp_veh_coven_throne,Coven Throne,,,,,,true
wh_main_sc_vmp_vampire_counts,wh_main_sc_vmp_vampire_counts|wh3_main_vmp_blood_knights_sword_shield,wh3_main_vmp_blood_knights_sword_shield,Blood Knights,,,,,,true
wh_main_sc_vmp_vampire_counts,wh_main_sc_vmp_vampire_counts|wh3_main_vmp_inf_grave_guard_2,wh3_main_vmp_inf_grave_guard_2,Grave Guard (Halberds),,,,,,true
wh_main_sc_vmp_vampire_counts,wh_main_sc_vmp_vampire_counts|wh_dlc02_vmp_cav_blood_knights_0,wh_dlc02_vmp_cav_blood_knights_0,Blood Knights (Lances),,,,,,true
wh_main_sc_vmp_vampire_counts,wh_main_sc_vmp_vampire_counts|wh_dlc04_vmp_cav_chillgheists_0,wh_dlc04_vmp_cav_chillgheists_0,The Chillgheists (Hexwraiths),,,,,,true
wh_main_sc_vmp_vampire_counts,wh_main_sc_vmp_vampire_counts|wh_dlc04_vmp_cav_vereks_reavers_0,wh_dlc04_vmp_cav_vereks_reavers_0,Verek's Reavers (Black Knights – Lances & Barding),,,,,,true
wh_main_sc_vmp_vampire_counts,wh_main_sc_vmp_vampire_counts|wh_dlc04_vmp_cha_helman_ghorst_0,wh_dlc04_vmp_cha_helman_ghorst_0,Helman Ghorst,,,,,On foot,true
wh_main_sc_vmp_vampire_counts,wh_main_sc_vmp_vampire_counts|wh_dlc04_vmp_cha_helman_ghorst_0,wh_dlc04_vmp_cha_helman_ghorst_1,Helman Ghorst,,,,,The Brothers Ghorst Corpse Cart ,true
wh_main_sc_vmp_vampire_counts,wh_main_sc_vmp_vampire_counts|wh_dlc04_vmp_cha_strigoi_ghoul_king_0,wh_dlc04_vmp_cha_strigoi_ghoul_king_0,Strigoi Ghoul King,,,,,On foot,true
wh_main_sc_vmp_vampire_counts,wh_main_sc_vmp_vampire_counts|wh_dlc04_vmp_cha_strigoi_ghoul_king_0,wh_dlc04_vmp_cha_strigoi_ghoul_king_1,Strigoi Ghoul King,,,,,Terrorgheist,true
wh_main_sc_vmp_vampire_counts,wh_main_sc_vmp_vampire_counts|wh_dlc04_vmp_cha_vlad_von_carstein_0,wh_dlc04_vmp_cha_vlad_von_carstein_0,Vlad von Carstein,,,,,,true
wh_main_sc_vmp_vampire_counts,wh_main_sc_vmp_vampire_counts|wh_dlc04_vmp_inf_feasters_in_the_dusk_0,wh_dlc04_vmp_inf_feasters_in_the_dusk_0,The Feasters in the Dusk (Crypt Ghouls),,,,,,true
wh_main_sc_vmp_vampire_counts,wh_main_sc_vmp_vampire_counts|wh_dlc04_vmp_inf_konigstein_stalkers_0,wh_dlc04_vmp_inf_konigstein_stalkers_0,The Konigstein Stalkers (Skeleton Warriors),,,,,,true
wh_main_sc_vmp_vampire_counts,wh_main_sc_vmp_vampire_counts|wh_dlc04_vmp_inf_sternsmen_0,wh_dlc04_vmp_inf_sternsmen_0,The Sternsmen (Grave Guard),,,,,,true
wh_main_sc_vmp_vampire_counts,wh_main_sc_vmp_vampire_counts|wh_dlc04_vmp_inf_tithe_0,wh_dlc04_vmp_inf_tithe_0,The Tithe (Zombies),,,,,,true
wh_main_sc_vmp_vampire_counts,wh_main_sc_vmp_vampire_counts|wh_dlc04_vmp_mon_devils_swartzhafen_0,wh_dlc04_vmp_mon_devils_swartzhafen_0,The Devils of Swartzhafen (Vargheists),,,,,,true
wh_main_sc_vmp_vampire_counts,wh_main_sc_vmp_vampire_counts|wh_dlc04_vmp_mon_direpack_0,wh_dlc04_vmp_mon_direpack_0,The Direpack (Dire Wolves),,,,,,true
wh_main_sc_vmp_vampire_counts,wh_main_sc_vmp_vampire_counts|wh_dlc04_vmp_veh_claw_of_nagash_0,wh_dlc04_vmp_veh_claw_of_nagash_0,The Claw of Nagash (Mortis Engine),,,,,,true
wh_main_sc_vmp_vampire_counts,wh_main_sc_vmp_vampire_counts|wh_dlc04_vmp_veh_corpse_cart_0,wh_dlc04_vmp_veh_corpse_cart_0,Corpse Cart,,,,,,true
wh_main_sc_vmp_vampire_counts,wh_main_sc_vmp_vampire_counts|wh_dlc04_vmp_veh_corpse_cart_1,wh_dlc04_vmp_veh_corpse_cart_1,Corpse Cart (Balefire),,,,,,true
wh_main_sc_vmp_vampire_counts,wh_main_sc_vmp_vampire_counts|wh_dlc04_vmp_veh_corpse_cart_2,wh_dlc04_vmp_veh_corpse_cart_2,Corpse Cart (Unholy Lodestone),,,,,,true
wh_main_sc_vmp_vampire_counts,wh_main_sc_vmp_vampire_counts|wh_dlc04_vmp_veh_mortis_engine_0,wh_dlc04_vmp_veh_mortis_engine_0,Mortis Engine,,,,,,true
wh_main_sc_vmp_vampire_counts,wh_main_sc_vmp_vampire_counts|wh_dlc05_vmp_cha_red_duke_0,wh_dlc05_vmp_cha_red_duke_0,The Red Duke,,,,,On foot,true
wh_main_sc_vmp_vampire_counts,wh_main_sc_vmp_vampire_counts|wh_dlc05_vmp_cha_red_duke_0,wh_dlc05_vmp_cha_red_duke_1,The Red Duke,,,,,Hellsteed,true
wh_main_sc_vmp_vampire_counts,wh_main_sc_vmp_vampire_counts|wh_dlc05_vmp_cha_red_duke_0,wh_dlc05_vmp_cha_red_duke_2,The Red Duke,,,,,Barded Nightmare,true
wh_main_sc_vmp_vampire_counts,wh_main_sc_vmp_vampire_counts|wh_dlc05_vmp_cha_red_duke_0,wh_dlc05_vmp_cha_red_duke_3,The Red Duke,,,,,Zombie Dragon,true
wh_main_sc_vmp_vampire_counts,wh_main_sc_vmp_vampire_counts|wh_dlc05_vmp_cha_vampire_shadows_0,wh_dlc05_vmp_cha_vampire_shadows_0,Vampire (Shadows),Shadows,,,,On foot,true
wh_main_sc_vmp_vampire_counts,wh_main_sc_vmp_vampire_counts|wh_dlc05_vmp_cha_vampire_shadows_0,wh_dlc05_vmp_cha_vampire_shadows_1,Vampire (Shadows),Shadows,,,,Barded Nightmare,true
wh_main_sc_vmp_vampire_counts,wh_main_sc_vmp_vampire_counts|wh_dlc05_vmp_cha_vampire_shadows_0,wh_dlc05_vmp_cha_vampire_shadows_2,Vampire (Shadows),Shadows,,,,Hellsteed,true
wh_main_sc_vmp_vampire_counts,wh_main_sc_vmp_vampire_counts|wh_dlc05_vmp_cha_vampire_shadows_0,wh_main_vmp_cha_vampire_0,Vampire (Death),Death,,,,On foot,true
wh_main_sc_vmp_vampire_counts,wh_main_sc_vmp_vampire_counts|wh_dlc05_vmp_cha_vampire_shadows_0,wh_main_vmp_cha_vampire_1,Vampire (Death),Death,,,,Barded Nightmare,true
wh_main_sc_vmp_vampire_counts,wh_main_sc_vmp_vampire_counts|wh_dlc05_vmp_cha_vampire_shadows_0,wh_main_vmp_cha_vampire_2,Vampire (Death),Death,,,,Hellsteed,true
wh_main_sc_vmp_vampire_counts,wh_main_sc_vmp_vampire_counts|wh_main_vmp_cav_black_knights_0,wh_main_vmp_cav_black_knights_0,Black Knights,,,,,,true
wh_main_sc_vmp_vampire_counts,wh_main_sc_vmp_vampire_counts|wh_main_vmp_cav_black_knights_3,wh_main_vmp_cav_black_knights_3,Black Knights (Lances & Barding),,,,,,true
wh_main_sc_vmp_vampire_counts,wh_main_sc_vmp_vampire_counts|wh_main_vmp_cav_hexwraiths,wh_main_vmp_cav_hexwraiths,Hexwraiths,,,,,,true
wh_main_sc_vmp_vampire_counts,wh_main_sc_vmp_vampire_counts|wh_main_vmp_cha_banshee,wh_main_vmp_cha_banshee,Banshee,,,,,,true
wh_main_sc_vmp_vampire_counts,wh_main_sc_vmp_vampire_counts|wh_main_vmp_cha_heinrich_kemmler,wh2_dlc11_vmp_cha_heinrich_kemmler_1,Heinrich Kemmler,,,,,Barded Nightmare,true
wh_main_sc_vmp_vampire_counts,wh_main_sc_vmp_vampire_counts|wh_main_vmp_cha_heinrich_kemmler,wh_main_vmp_cha_heinrich_kemmler,Heinrich Kemmler,,,,,On foot,true
wh_main_sc_vmp_vampire_counts,wh_main_sc_vmp_vampire_counts|wh_main_vmp_cha_master_necromancer_0,wh3_dlc29_vmp_cha_master_necromancer_undeath,Master Necromancer (Undeath),Undeath,,,,On foot,true
wh_main_sc_vmp_vampire_counts,wh_main_sc_vmp_vampire_counts|wh_main_vmp_cha_master_necromancer_0,wh3_dlc29_vmp_cha_master_necromancer_undeath_barded_nightmare,Master Necromancer (Undeath),Undeath,,,,Barded Nightmare,true
wh_main_sc_vmp_vampire_counts,wh_main_sc_vmp_vampire_counts|wh_main_vmp_cha_master_necromancer_0,wh3_dlc29_vmp_cha_master_necromancer_undeath_corpse_cart,Master Necromancer (Undeath),Undeath,,,,Corpse Cart,true
wh_main_sc_vmp_vampire_counts,wh_main_sc_vmp_vampire_counts|wh_main_vmp_cha_master_necromancer_0,wh3_dlc29_vmp_cha_master_necromancer_undeath_corpse_cart_balefire,Master Necromancer (Undeath),Undeath,,,,Corpse Cart (Balefire),true
wh_main_sc_vmp_vampire_counts,wh_main_sc_vmp_vampire_counts|wh_main_vmp_cha_master_necromancer_0,wh3_dlc29_vmp_cha_master_necromancer_undeath_corpse_cart_lodestone,Master Necromancer (Undeath),Undeath,,,,Corpse Cart (Unholy Lodestone),true
wh_main_sc_vmp_vampire_counts,wh_main_sc_vmp_vampire_counts|wh_main_vmp_cha_master_necromancer_0,wh3_dlc29_vmp_cha_master_necromancer_undeath_hellsteed,Master Necromancer (Undeath),Undeath,,,,Hellsteed,true
wh_main_sc_vmp_vampire_counts,wh_main_sc_vmp_vampire_counts|wh_main_vmp_cha_master_necromancer_0,wh_dlc04_vmp_cha_master_necromancer_1,Master Necromancer (Vampires),Vampires,,,,Corpse Cart,true
wh_main_sc_vmp_vampire_counts,wh_main_sc_vmp_vampire_counts|wh_main_vmp_cha_master_necromancer_0,wh_dlc04_vmp_cha_master_necromancer_2,Master Necromancer (Vampires),Vampires,,,,Corpse Cart (Balefire),true
wh_main_sc_vmp_vampire_counts,wh_main_sc_vmp_vampire_counts|wh_main_vmp_cha_master_necromancer_0,wh_dlc04_vmp_cha_master_necromancer_3,Master Necromancer (Vampires),Vampires,,,,Corpse Cart (Unholy Lodestone),true
wh_main_sc_vmp_vampire_counts,wh_main_sc_vmp_vampire_counts|wh_main_vmp_cha_master_necromancer_0,wh_main_vmp_cha_master_necromancer_0,Master Necromancer (Vampires),Vampires,,,,On foot,true
wh_main_sc_vmp_vampire_counts,wh_main_sc_vmp_vampire_counts|wh_main_vmp_cha_master_necromancer_0,wh_main_vmp_cha_master_necromancer_4,Master Necromancer (Vampires),Vampires,,,,Hellsteed,true
wh_main_sc_vmp_vampire_counts,wh_main_sc_vmp_vampire_counts|wh_main_vmp_cha_master_necromancer_0,wh_main_vmp_cha_master_necromancer_5,Master Necromancer (Vampires),Vampires,,,,Barded Nightmare,true
wh_main_sc_vmp_vampire_counts,wh_main_sc_vmp_vampire_counts|wh_main_vmp_cha_necromancer_0,wh3_dlc29_vmp_cha_necromancer_undeath,Necromancer (Undeath),Undeath,,,,On foot,true
wh_main_sc_vmp_vampire_counts,wh_main_sc_vmp_vampire_counts|wh_main_vmp_cha_necromancer_0,wh3_dlc29_vmp_cha_necromancer_undeath_barded_nightmare,Necromancer (Undeath),Undeath,,,,Nightmare,true
wh_main_sc_vmp_vampire_counts,wh_main_sc_vmp_vampire_counts|wh_main_vmp_cha_necromancer_0,wh3_dlc29_vmp_cha_necromancer_undeath_corpse_cart,Necromancer (Undeath),Undeath,,,,Corpse Cart,true
wh_main_sc_vmp_vampire_counts,wh_main_sc_vmp_vampire_counts|wh_main_vmp_cha_necromancer_0,wh3_dlc29_vmp_cha_necromancer_undeath_corpse_cart_balefire,Necromancer (Undeath),Undeath,,,,Corpse Cart (Balefire),true
wh_main_sc_vmp_vampire_counts,wh_main_sc_vmp_vampire_counts|wh_main_vmp_cha_necromancer_0,wh3_dlc29_vmp_cha_necromancer_undeath_corpse_cart_lodestone,Necromancer (Undeath),Undeath,,,,Corpse Cart (Unholy Lodestone),true
wh_main_sc_vmp_vampire_counts,wh_main_sc_vmp_vampire_counts|wh_main_vmp_cha_necromancer_0,wh_dlc04_vmp_cha_necromancer_1,Necromancer (Vampires),Vampires,,,,Corpse Cart,true
wh_main_sc_vmp_vampire_counts,wh_main_sc_vmp_vampire_counts|wh_main_vmp_cha_necromancer_0,wh_dlc04_vmp_cha_necromancer_2,Necromancer (Vampires),Vampires,,,,Corpse Cart (Balefire),true
wh_main_sc_vmp_vampire_counts,wh_main_sc_vmp_vampire_counts|wh_main_vmp_cha_necromancer_0,wh_dlc04_vmp_cha_necromancer_3,Necromancer (Vampires),Vampires,,,,Corpse Cart (Unholy Lodestone),true
wh_main_sc_vmp_vampire_counts,wh_main_sc_vmp_vampire_counts|wh_main_vmp_cha_necromancer_0,wh_main_vmp_cha_necromancer_0,Necromancer (Vampires),Vampires,,,,On foot,true
wh_main_sc_vmp_vampire_counts,wh_main_sc_vmp_vampire_counts|wh_main_vmp_cha_necromancer_0,wh_main_vmp_cha_necromancer_5,Necromancer (Vampires),Vampires,,,,Nightmare,true
wh_main_sc_vmp_vampire_counts,wh_main_sc_vmp_vampire_counts|wh_main_vmp_cha_vampire_lord_0,wh2_dlc11_vmp_cha_bloodline_blood_dragon_lord_0,Blood Dragon Vampire Lord,Blood Dragon,,,,On foot,true
wh_main_sc_vmp_vampire_counts,wh_main_sc_vmp_vampire_counts|wh_main_vmp_cha_vampire_lord_0,wh2_dlc11_vmp_cha_bloodline_blood_dragon_lord_1,Blood Dragon Vampire Lord,Blood Dragon,,,,Barded Nightmare,true
wh_main_sc_vmp_vampire_counts,wh_main_sc_vmp_vampire_counts|wh_main_vmp_cha_vampire_lord_0,wh2_dlc11_vmp_cha_bloodline_blood_dragon_lord_2,Blood Dragon Vampire Lord,Blood Dragon,,,,Hellsteed,true
wh_main_sc_vmp_vampire_counts,wh_main_sc_vmp_vampire_counts|wh_main_vmp_cha_vampire_lord_0,wh2_dlc11_vmp_cha_bloodline_blood_dragon_lord_3,Blood Dragon Vampire Lord,Blood Dragon,,,,Zombie Dragon,true
wh_main_sc_vmp_vampire_counts,wh_main_sc_vmp_vampire_counts|wh_main_vmp_cha_vampire_lord_0,wh2_dlc11_vmp_cha_bloodline_lahmian_lord_0,Lahmian Vampire Lord,Lahmian,,,,On foot,true
wh_main_sc_vmp_vampire_counts,wh_main_sc_vmp_vampire_counts|wh_main_vmp_cha_vampire_lord_0,wh2_dlc11_vmp_cha_bloodline_lahmian_lord_1,Lahmian Vampire Lord,Lahmian,,,,Barded Nightmare,true
wh_main_sc_vmp_vampire_counts,wh_main_sc_vmp_vampire_counts|wh_main_vmp_cha_vampire_lord_0,wh2_dlc11_vmp_cha_bloodline_lahmian_lord_2,Lahmian Vampire Lord,Lahmian,,,,Hellsteed,true
wh_main_sc_vmp_vampire_counts,wh_main_sc_vmp_vampire_counts|wh_main_vmp_cha_vampire_lord_0,wh2_dlc11_vmp_cha_bloodline_lahmian_lord_3,Lahmian Vampire Lord,Lahmian,,,,Zombie Dragon,true
wh_main_sc_vmp_vampire_counts,wh_main_sc_vmp_vampire_counts|wh_main_vmp_cha_vampire_lord_0,wh2_dlc11_vmp_cha_bloodline_necrarch_lord_0,Necrarch Vampire Lord,Necrarch,,,,On foot,true
wh_main_sc_vmp_vampire_counts,wh_main_sc_vmp_vampire_counts|wh_main_vmp_cha_vampire_lord_0,wh2_dlc11_vmp_cha_bloodline_necrarch_lord_1,Necrarch Vampire Lord,Necrarch,,,,Barded Nightmare,true
wh_main_sc_vmp_vampire_counts,wh_main_sc_vmp_vampire_counts|wh_main_vmp_cha_vampire_lord_0,wh2_dlc11_vmp_cha_bloodline_necrarch_lord_2,Necrarch Vampire Lord,Necrarch,,,,Hellsteed,true
wh_main_sc_vmp_vampire_counts,wh_main_sc_vmp_vampire_counts|wh_main_vmp_cha_vampire_lord_0,wh2_dlc11_vmp_cha_bloodline_necrarch_lord_3,Necrarch Vampire Lord,Necrarch,,,,Zombie Dragon,true
wh_main_sc_vmp_vampire_counts,wh_main_sc_vmp_vampire_counts|wh_main_vmp_cha_vampire_lord_0,wh2_dlc11_vmp_cha_bloodline_strigoi_lord_0,Strigoi Vampire Lord,Strigoi,,,,On foot,true
wh_main_sc_vmp_vampire_counts,wh_main_sc_vmp_vampire_counts|wh_main_vmp_cha_vampire_lord_0,wh2_dlc11_vmp_cha_bloodline_strigoi_lord_1,Strigoi Vampire Lord,Strigoi,,,,Terrorgheist,true
wh_main_sc_vmp_vampire_counts,wh_main_sc_vmp_vampire_counts|wh_main_vmp_cha_vampire_lord_0,wh2_dlc11_vmp_cha_bloodline_von_carstein_lord_0,Von Carstein Vampire Lord,Von Carstein,,,,On foot,true
wh_main_sc_vmp_vampire_counts,wh_main_sc_vmp_vampire_counts|wh_main_vmp_cha_vampire_lord_0,wh2_dlc11_vmp_cha_bloodline_von_carstein_lord_1,Von Carstein Vampire Lord,Von Carstein,,,,Barded Nightmare,true
wh_main_sc_vmp_vampire_counts,wh_main_sc_vmp_vampire_counts|wh_main_vmp_cha_vampire_lord_0,wh2_dlc11_vmp_cha_bloodline_von_carstein_lord_2,Von Carstein Vampire Lord,Von Carstein,,,,Hellsteed,true
wh_main_sc_vmp_vampire_counts,wh_main_sc_vmp_vampire_counts|wh_main_vmp_cha_vampire_lord_0,wh2_dlc11_vmp_cha_bloodline_von_carstein_lord_3,Von Carstein Vampire Lord,Von Carstein,,,,Zombie Dragon,true
wh_main_sc_vmp_vampire_counts,wh_main_sc_vmp_vampire_counts|wh_main_vmp_cha_vampire_lord_0,wh3_dlc29_vmp_cha_bloodline_lahmian_lord_coven_throne,Lahmian Vampire Lord,Lahmian,,,,Coven Throne,true
wh_main_sc_vmp_vampire_counts,wh_main_sc_vmp_vampire_counts|wh_main_vmp_cha_vampire_lord_0,wh_main_vmp_cha_vampire_lord_0,Vampire Lord,None,,,,On foot,true
wh_main_sc_vmp_vampire_counts,wh_main_sc_vmp_vampire_counts|wh_main_vmp_cha_vampire_lord_0,wh_main_vmp_cha_vampire_lord_2,Vampire Lord,None,,,,Hellsteed,true
wh_main_sc_vmp_vampire_counts,wh_main_sc_vmp_vampire_counts|wh_main_vmp_cha_vampire_lord_0,wh_main_vmp_cha_vampire_lord_3,Vampire Lord,None,,,,Zombie Dragon,true
wh_main_sc_vmp_vampire_counts,wh_main_sc_vmp_vampire_counts|wh_main_vmp_cha_vampire_lord_0,wh_main_vmp_cha_vampire_lord_5,Vampire Lord,None,,,,Barded Nightmare,true
wh_main_sc_vmp_vampire_counts,wh_main_sc_vmp_vampire_counts|wh_main_vmp_cha_wight_king_0,wh_main_vmp_cha_wight_king_0,Wight King,,,,,On foot,true
wh_main_sc_vmp_vampire_counts,wh_main_sc_vmp_vampire_counts|wh_main_vmp_cha_wight_king_0,wh_main_vmp_cha_wight_king_2,Wight King,,,,,Barded Skeletal Steed,true
wh_main_sc_vmp_vampire_counts,wh_main_sc_vmp_vampire_counts|wh_main_vmp_inf_cairn_wraiths,wh_main_vmp_inf_cairn_wraiths,Cairn Wraiths,,,,,,true
wh_main_sc_vmp_vampire_counts,wh_main_sc_vmp_vampire_counts|wh_main_vmp_inf_crypt_ghouls,wh_main_vmp_inf_crypt_ghouls,Crypt Ghouls,,,,,,true
wh_main_sc_vmp_vampire_counts,wh_main_sc_vmp_vampire_counts|wh_main_vmp_inf_grave_guard_0,wh_main_vmp_inf_grave_guard_0,Grave Guard,,,,,,true
wh_main_sc_vmp_vampire_counts,wh_main_sc_vmp_vampire_counts|wh_main_vmp_inf_grave_guard_1,wh_main_vmp_inf_grave_guard_1,Grave Guard (Great Weapons),,,,,,true
wh_main_sc_vmp_vampire_counts,wh_main_sc_vmp_vampire_counts|wh_main_vmp_inf_skeleton_warriors_0,wh_main_vmp_inf_skeleton_warriors_0,Skeleton Warriors,,,,,,true
wh_main_sc_vmp_vampire_counts,wh_main_sc_vmp_vampire_counts|wh_main_vmp_inf_skeleton_warriors_1,wh_main_vmp_inf_skeleton_warriors_1,Skeleton Spearmen,,,,,,true
wh_main_sc_vmp_vampire_counts,wh_main_sc_vmp_vampire_counts|wh_main_vmp_inf_zombie,wh_main_vmp_inf_zombie,Zombies,,,,,,true
wh_main_sc_vmp_vampire_counts,wh_main_sc_vmp_vampire_counts|wh_main_vmp_mon_crypt_horrors,wh_main_vmp_mon_crypt_horrors,Crypt Horrors,,,,,,true
wh_main_sc_vmp_vampire_counts,wh_main_sc_vmp_vampire_counts|wh_main_vmp_mon_dire_wolves,wh_main_vmp_mon_dire_wolves,Dire Wolves,,,,,,true
wh_main_sc_vmp_vampire_counts,wh_main_sc_vmp_vampire_counts|wh_main_vmp_mon_fell_bats,wh_main_vmp_mon_fell_bats,Fell Bats,,,,,,true
wh_main_sc_vmp_vampire_counts,wh_main_sc_vmp_vampire_counts|wh_main_vmp_mon_terrorgheist,wh_main_vmp_mon_terrorgheist,Terrorgheist,,,,,,true
wh_main_sc_vmp_vampire_counts,wh_main_sc_vmp_vampire_counts|wh_main_vmp_mon_vargheists,wh_main_vmp_mon_vargheists,Vargheists,,,,,,true
wh_main_sc_vmp_vampire_counts,wh_main_sc_vmp_vampire_counts|wh_main_vmp_mon_varghulf,wh_main_vmp_mon_varghulf,Varghulf,,,,,,true
wh_main_sc_vmp_vampire_counts,wh_main_sc_vmp_vampire_counts|wh_main_vmp_veh_black_coach,wh_main_vmp_veh_black_coach,Black Coach,,,,,,true
wh_main_sc_vmp_vampire_counts,wh_main_sc_vmp_vampire_counts|wh_pro02_vmp_cha_isabella_von_carstein_0,wh_pro02_vmp_cha_isabella_von_carstein_0,Isabella von Carstein,,,,,On foot,true
wh_main_sc_vmp_vampire_counts,wh_main_sc_vmp_vampire_counts|wh_pro02_vmp_cha_isabella_von_carstein_0,wh_pro02_vmp_cha_isabella_von_carstein_2,Isabella von Carstein,,,,,Hellsteed,true
wh_main_sc_vmp_vampire_counts,wh_main_sc_vmp_vampire_counts|wh_pro02_vmp_cha_isabella_von_carstein_0,wh_pro02_vmp_cha_isabella_von_carstein_4,Isabella von Carstein,,,,,Barded Nightmare,true
