faction_key,subculture_key,unit_key,general_unit,is_campaign_exclusive,blocking_cap_sets,is_selectable_pvp,multiplayer_cost,ui_group_key,ui_group_parent_key
wh2_dlc09_tmb_followers_of_nagash,wh2_dlc09_sc_tmb_tomb_kings,wh2_dlc09_tmb_inf_cairn_wraiths,false,true,mp_cap_group_extended_roster,false,850,vmp_infantry_scythe,infantry
wh2_dlc09_tmb_followers_of_nagash,wh2_dlc09_sc_tmb_tomb_kings,wh2_dlc09_tmb_inf_spirit_host,false,true,mp_cap_group_extended_roster,false,450,wh3_dlc29_vmp_spirit_host,infantry
wh2_dlc09_tmb_followers_of_nagash,wh2_dlc09_sc_tmb_tomb_kings,wh2_dlc09_tmb_mon_crypt_horrors,false,true,mp_cap_group_extended_roster,false,900,monstrous_infantry,monster_beasts
wh2_dlc09_tmb_followers_of_nagash,wh2_dlc09_sc_tmb_tomb_kings,wh2_dlc09_tmb_mon_morghast_archai,false,true,mp_cap_group_extended_roster,false,1900,wh3_dlc29_vmp_morghast_archai,monster_beasts
wh2_dlc09_tmb_followers_of_nagash,wh2_dlc09_sc_tmb_tomb_kings,wh2_dlc09_tmb_mon_morghast_harbingers,false,true,mp_cap_group_extended_roster,false,1800,wh3_dlc29_vmp_morghast_harbingers,monster_beasts
wh2_dlc09_tmb_tomb_kings,wh2_dlc09_sc_tmb_tomb_kings,wh2_dlc09_tmb_art_casket_of_souls_0,false,false,,true,1200,wh2_dlc09_tmb_casket_of_souls,artillery_war_machines
wh2_dlc09_tmb_tomb_kings,wh2_dlc09_sc_tmb_tomb_kings,wh2_dlc09_tmb_art_screaming_skull_catapult_0,false,false,,true,800,catapult,artillery_war_machines
wh2_dlc09_tmb_tomb_kings,wh2_dlc09_sc_tmb_tomb_kings,wh2_dlc09_tmb_cav_hexwraiths,false,true,mp_cap_group_extended_roster,false,1475,vmp_cavalry_scythe,cavalry_chariots
wh2_dlc09_tmb_tomb_kings,wh2_dlc09_sc_tmb_tomb_kings,wh2_dlc09_tmb_cav_necropolis_knights_0,false,false,,true,1400,wh2_dlc09_tmb_necroserpent_spear,cavalry_chariots
wh2_dlc09_tmb_tomb_kings,wh2_dlc09_sc_tmb_tomb_kings,wh2_dlc09_tmb_cav_necropolis_knights_1,false,false,,true,1450,wh2_dlc09_tmb_necroserpent_halberd,cavalry_chariots
wh2_dlc09_tmb_tomb_kings,wh2_dlc09_sc_tmb_tomb_kings,wh2_dlc09_tmb_cav_necropolis_knights_ror,false,true,mp_cap_group_extended_roster,false,1700,wh2_dlc09_tmb_necroserpent_spear,cavalry_chariots
wh2_dlc09_tmb_tomb_kings,wh2_dlc09_sc_tmb_tomb_kings,wh2_dlc09_tmb_cav_nehekhara_horsemen_0,false,false,,true,650,cavalry_skeleton,cavalry_chariots
wh2_dlc09_tmb_tomb_kings,wh2_dlc09_sc_tmb_tomb_kings,wh2_dlc09_tmb_cav_nehekhara_horsemen_ror,false,true,mp_cap_group_extended_roster,false,900,cavalry_skeleton,cavalry_chariots
wh2_dlc09_tmb_tomb_kings,wh2_dlc09_sc_tmb_tomb_kings,wh2_dlc09_tmb_cav_skeleton_horsemen_0,false,false,,true,400,cavalry_spear_skeleton,cavalry_chariots
wh2_dlc09_tmb_tomb_kings,wh2_dlc09_sc_tmb_tomb_kings,wh2_dlc09_tmb_cav_skeleton_horsemen_archers_0,false,false,,true,475,missile_cavalry_bow_skeleton,missile_cavalry_chariots
wh2_dlc09_tmb_tomb_kings,wh2_dlc09_sc_tmb_tomb_kings,wh2_dlc09_tmb_cha_khalida_0,true,false,,true,950,lord,commander
wh2_dlc09_tmb_tomb_kings,wh2_dlc09_sc_tmb_tomb_kings,wh2_dlc09_tmb_cha_khalida_1,true,false,,true,1400,lord,commander
wh2_dlc09_tmb_tomb_kings,wh2_dlc09_sc_tmb_tomb_kings,wh2_dlc09_tmb_cha_khalida_2,true,false,,true,1200,lord,commander
wh2_dlc09_tmb_tomb_kings,wh2_dlc09_sc_tmb_tomb_kings,wh2_dlc09_tmb_cha_khatep_0,true,false,,true,550,lord_wizard_nehekhara,commander
wh2_dlc09_tmb_tomb_kings,wh2_dlc09_sc_tmb_tomb_kings,wh2_dlc09_tmb_cha_khatep_1,true,false,,true,750,lord_wizard_nehekhara,commander
wh2_dlc09_tmb_tomb_kings,wh2_dlc09_sc_tmb_tomb_kings,wh2_dlc09_tmb_cha_khatep_2,true,false,,true,900,lord_wizard_nehekhara,commander
wh2_dlc09_tmb_tomb_kings,wh2_dlc09_sc_tmb_tomb_kings,wh2_dlc09_tmb_cha_khatep_3,true,false,,true,1250,lord_wizard_nehekhara,commander
wh2_dlc09_tmb_tomb_kings,wh2_dlc09_sc_tmb_tomb_kings,wh2_dlc09_tmb_cha_liche_priest_death_0,false,false,,true,300,wizard_death,heroes_agents
wh2_dlc09_tmb_tomb_kings,wh2_dlc09_sc_tmb_tomb_kings,wh2_dlc09_tmb_cha_liche_priest_death_1,false,false,,true,500,wizard_death_cavalry,heroes_agents
wh2_dlc09_tmb_tomb_kings,wh2_dlc09_sc_tmb_tomb_kings,wh2_dlc09_tmb_cha_liche_priest_light_0,false,false,,true,300,wizard_light,heroes_agents
wh2_dlc09_tmb_tomb_kings,wh2_dlc09_sc_tmb_tomb_kings,wh2_dlc09_tmb_cha_liche_priest_light_1,false,false,,true,500,wizard_light_cavalry,heroes_agents
wh2_dlc09_tmb_tomb_kings,wh2_dlc09_sc_tmb_tomb_kings,wh2_dlc09_tmb_cha_liche_priest_nehekhara_0,false,false,,true,300,wizard_nehekhara,heroes_agents
wh2_dlc09_tmb_tomb_kings,wh2_dlc09_sc_tmb_tomb_kings,wh2_dlc09_tmb_cha_liche_priest_nehekhara_1,false,false,,true,500,wizard_nehekhara_cavalry,heroes_agents
wh2_dlc09_tmb_tomb_kings,wh2_dlc09_sc_tmb_tomb_kings,wh2_dlc09_tmb_cha_liche_priest_shadow_0,false,false,mp_cap_group_extended_roster,false,300,wizard_shadows,heroes_agents
wh2_dlc09_tmb_tomb_kings,wh2_dlc09_sc_tmb_tomb_kings,wh2_dlc09_tmb_cha_liche_priest_shadow_1,false,false,mp_cap_group_extended_roster,false,500,wizard_shadows_cavalry,heroes_agents
wh2_dlc09_tmb_tomb_kings,wh2_dlc09_sc_tmb_tomb_kings,wh2_dlc09_tmb_cha_necrotect_0,false,false,,true,500,wh2_dlc09_tmb_necrotect,heroes_agents
wh2_dlc09_tmb_tomb_kings,wh2_dlc09_sc_tmb_tomb_kings,wh2_dlc09_tmb_cha_necrotect_1,false,false,,true,850,wh2_dlc09_tmb_necrotect,heroes_agents
wh2_dlc09_tmb_tomb_kings,wh2_dlc09_sc_tmb_tomb_kings,wh2_dlc09_tmb_cha_settra_0,true,false,,true,1250,lord_wizard_nehekhara,commander
wh2_dlc09_tmb_tomb_kings,wh2_dlc09_sc_tmb_tomb_kings,wh2_dlc09_tmb_cha_settra_1,true,false,,true,1450,lord_wizard_nehekhara,commander
wh2_dlc09_tmb_tomb_kings,wh2_dlc09_sc_tmb_tomb_kings,wh2_dlc09_tmb_cha_settra_2,true,false,,true,2100,lord_wizard_nehekhara,commander
wh2_dlc09_tmb_tomb_kings,wh2_dlc09_sc_tmb_tomb_kings,wh2_dlc09_tmb_cha_settra_3,true,false,,true,2200,lord_wizard_nehekhara,commander
wh2_dlc09_tmb_tomb_kings,wh2_dlc09_sc_tmb_tomb_kings,wh2_dlc09_tmb_cha_tomb_king_0,true,false,,true,900,lord,commander
wh2_dlc09_tmb_tomb_kings,wh2_dlc09_sc_tmb_tomb_kings,wh2_dlc09_tmb_cha_tomb_king_1,true,false,,true,1100,lord,commander
wh2_dlc09_tmb_tomb_kings,wh2_dlc09_sc_tmb_tomb_kings,wh2_dlc09_tmb_cha_tomb_king_2,true,false,,true,1150,lord,commander
wh2_dlc09_tmb_tomb_kings,wh2_dlc09_sc_tmb_tomb_kings,wh2_dlc09_tmb_cha_tomb_king_3,true,false,,true,2100,lord,commander
wh2_dlc09_tmb_tomb_kings,wh2_dlc09_sc_tmb_tomb_kings,wh2_dlc09_tmb_cha_tomb_prince_0,false,false,,true,600,wh2_dlc09_tmb_tomb_prince,heroes_agents
wh2_dlc09_tmb_tomb_kings,wh2_dlc09_sc_tmb_tomb_kings,wh2_dlc09_tmb_cha_tomb_prince_1,false,false,,true,800,wh2_dlc09_tmb_tomb_prince,heroes_agents
wh2_dlc09_tmb_tomb_kings,wh2_dlc09_sc_tmb_tomb_kings,wh2_dlc09_tmb_cha_tomb_prince_2,false,false,,true,850,wh2_dlc09_tmb_tomb_prince,heroes_agents
wh2_dlc09_tmb_tomb_kings,wh2_dlc09_sc_tmb_tomb_kings,wh2_dlc09_tmb_inf_crypt_ghouls,false,true,mp_cap_group_extended_roster,false,600,vmp_crypt_ghouls,infantry
wh2_dlc09_tmb_tomb_kings,wh2_dlc09_sc_tmb_tomb_kings,wh2_dlc09_tmb_inf_nehekhara_warriors_0,false,false,,true,525,infantry_sword_dual,infantry
wh2_dlc09_tmb_tomb_kings,wh2_dlc09_sc_tmb_tomb_kings,wh2_dlc09_tmb_inf_nehekhara_warriors_ror,false,true,mp_cap_group_extended_roster,false,950,infantry_sword_dual,infantry
wh2_dlc09_tmb_tomb_kings,wh2_dlc09_sc_tmb_tomb_kings,wh2_dlc09_tmb_inf_skeleton_archers_0,false,false,,true,425,missile_infantry_bow,missile_infantry
wh2_dlc09_tmb_tomb_kings,wh2_dlc09_sc_tmb_tomb_kings,wh2_dlc09_tmb_inf_skeleton_archers_ror,false,false,,true,625,missile_infantry_bow,missile_infantry
wh2_dlc09_tmb_tomb_kings,wh2_dlc09_sc_tmb_tomb_kings,wh2_dlc09_tmb_inf_skeleton_spearmen_0,false,false,,true,325,infantry_spear,infantry
wh2_dlc09_tmb_tomb_kings,wh2_dlc09_sc_tmb_tomb_kings,wh2_dlc09_tmb_inf_skeleton_spearmen_ror,false,false,,true,550,infantry_spear,infantry
wh2_dlc09_tmb_tomb_kings,wh2_dlc09_sc_tmb_tomb_kings,wh2_dlc09_tmb_inf_skeleton_warriors_0,false,false,,true,300,infantry_sword,infantry
wh2_dlc09_tmb_tomb_kings,wh2_dlc09_sc_tmb_tomb_kings,wh2_dlc09_tmb_inf_tomb_guard_0,false,false,,true,750,infantry_sword,infantry
wh2_dlc09_tmb_tomb_kings,wh2_dlc09_sc_tmb_tomb_kings,wh2_dlc09_tmb_inf_tomb_guard_1,false,false,,true,850,infantry_spear_halberd,infantry
wh2_dlc09_tmb_tomb_kings,wh2_dlc09_sc_tmb_tomb_kings,wh2_dlc09_tmb_inf_tomb_guard_ror,false,false,,true,1100,infantry_sword_dual,infantry
wh2_dlc09_tmb_tomb_kings,wh2_dlc09_sc_tmb_tomb_kings,wh2_dlc09_tmb_mon_carrion_0,false,false,,true,350,wh2_dlc09_tmb_carrion,monster_beasts
wh2_dlc09_tmb_tomb_kings,wh2_dlc09_sc_tmb_tomb_kings,wh2_dlc09_tmb_mon_carrion_ror,false,true,mp_cap_group_extended_roster,false,450,wh2_dlc09_tmb_carrion,monster_beasts
wh2_dlc09_tmb_tomb_kings,wh2_dlc09_sc_tmb_tomb_kings,wh2_dlc09_tmb_mon_dire_wolves,false,true,mp_cap_group_extended_roster,false,525,war_beast,monster_beasts
wh2_dlc09_tmb_tomb_kings,wh2_dlc09_sc_tmb_tomb_kings,wh2_dlc09_tmb_mon_fell_bats,false,true,mp_cap_group_extended_roster,false,350,vmp_fell_bats,monster_beasts
wh2_dlc09_tmb_tomb_kings,wh2_dlc09_sc_tmb_tomb_kings,wh2_dlc09_tmb_mon_heirotitan_0,false,false,,true,2000,wh2_dlc09_tmb_hierotitan,monster_beasts
wh2_dlc09_tmb_tomb_kings,wh2_dlc09_sc_tmb_tomb_kings,wh2_dlc09_tmb_mon_necrosphinx_0,false,false,,true,2000,wh2_dlc09_tmb_necrosphinx,monster_beasts
wh2_dlc09_tmb_tomb_kings,wh2_dlc09_sc_tmb_tomb_kings,wh2_dlc09_tmb_mon_necrosphinx_ror,false,false,,true,2450,wh2_dlc09_tmb_necrosphinx,monster_beasts
wh2_dlc09_tmb_tomb_kings,wh2_dlc09_sc_tmb_tomb_kings,wh2_dlc09_tmb_mon_sepulchral_stalkers_0,false,false,,true,1200,wh2_dlc09_tmb_sepulchral_stalkers,missile_monster_beasts
wh2_dlc09_tmb_tomb_kings,wh2_dlc09_sc_tmb_tomb_kings,wh2_dlc09_tmb_mon_sepulchral_stalkers_ror,false,false,,true,1400,wh2_dlc09_tmb_sepulchral_stalkers,missile_monster_beasts
wh2_dlc09_tmb_tomb_kings,wh2_dlc09_sc_tmb_tomb_kings,wh2_dlc09_tmb_mon_tomb_scorpion_0,false,false,,true,1000,wh2_dlc09_tmb_scorpion,monster_beasts
wh2_dlc09_tmb_tomb_kings,wh2_dlc09_sc_tmb_tomb_kings,wh2_dlc09_tmb_mon_ushabti_0,false,false,,true,900,wh2_dlc09_tmb_ushabti,monster_beasts
wh2_dlc09_tmb_tomb_kings,wh2_dlc09_sc_tmb_tomb_kings,wh2_dlc09_tmb_mon_ushabti_1,false,false,,true,1100,wh2_dlc09_tmb_ushabti_bow,missile_monster_beasts
wh2_dlc09_tmb_tomb_kings,wh2_dlc09_sc_tmb_tomb_kings,wh2_dlc09_tmb_mon_ushabti_ror,false,false,,true,1350,wh2_dlc09_tmb_ushabti_bow,missile_monster_beasts
wh2_dlc09_tmb_tomb_kings,wh2_dlc09_sc_tmb_tomb_kings,wh2_dlc09_tmb_veh_khemrian_warsphinx_0,false,false,,true,1950,wh2_dlc09_tmb_warsphinx,missile_monster_beasts
wh2_dlc09_tmb_tomb_kings,wh2_dlc09_sc_tmb_tomb_kings,wh2_dlc09_tmb_veh_skeleton_archer_chariot_0,false,false,,true,1000,missile_chariot,missile_cavalry_chariots
wh2_dlc09_tmb_tomb_kings,wh2_dlc09_sc_tmb_tomb_kings,wh2_dlc09_tmb_veh_skeleton_chariot_0,false,false,,true,850,chariot,cavalry_chariots
wh2_dlc09_tmb_tomb_kings,wh2_dlc09_sc_tmb_tomb_kings,wh2_pro06_tmb_mon_bone_giant_0,false,false,,true,1600,wh2_dlc10_tmb_bone_giant,missile_monster_beasts
wh2_dlc09_tmb_tomb_kings,wh2_dlc09_sc_tmb_tomb_kings,wh3_dlc29_tmb_cha_arkhan_the_black_mp,true,false,,true,900,lord_wizard_death,commander
wh2_dlc09_tmb_tomb_kings,wh2_dlc09_sc_tmb_tomb_kings,wh3_dlc29_tmb_cha_arkhan_the_black_skeletal_steed_mp,true,false,,true,1100,lord_wizard_death,commander
wh2_dlc09_tmb_tomb_kings,wh2_dlc09_sc_tmb_tomb_kings,wh3_dlc29_tmb_cha_arkhan_the_black_skeleton_chariot_mp,true,false,,true,1200,lord_wizard_death,commander
wh2_dlc09_tmb_tomb_kings,wh2_dlc09_sc_tmb_tomb_kings,wh3_dlc29_tmb_cha_liche_high_priest_death,true,false,,true,400,lord_wizard_death,commander
wh2_dlc09_tmb_tomb_kings,wh2_dlc09_sc_tmb_tomb_kings,wh3_dlc29_tmb_cha_liche_high_priest_death_skeletal_steed,true,false,,true,600,lord_wizard_death,commander
wh2_dlc09_tmb_tomb_kings,wh2_dlc09_sc_tmb_tomb_kings,wh3_dlc29_tmb_cha_liche_high_priest_light,true,false,,true,400,lord_wizard_light,commander
wh2_dlc09_tmb_tomb_kings,wh2_dlc09_sc_tmb_tomb_kings,wh3_dlc29_tmb_cha_liche_high_priest_light_skeletal_steed,true,false,,true,600,lord_wizard_light,commander
wh2_dlc09_tmb_tomb_kings,wh2_dlc09_sc_tmb_tomb_kings,wh3_dlc29_tmb_cha_liche_high_priest_nehekhara,true,false,,true,400,lord_wizard_nehekhara,commander
wh2_dlc09_tmb_tomb_kings,wh2_dlc09_sc_tmb_tomb_kings,wh3_dlc29_tmb_cha_liche_high_priest_nehekhara_skeletal_steed,true,false,,true,600,lord_wizard_nehekhara,commander
wh2_dlc09_tmb_tomb_kings,wh2_dlc09_sc_tmb_tomb_kings,wh3_dlc29_tmb_cha_liche_high_priest_shadow,true,false,,true,400,lord_wizard_shadows,commander
wh2_dlc09_tmb_tomb_kings,wh2_dlc09_sc_tmb_tomb_kings,wh3_dlc29_tmb_cha_liche_high_priest_shadow_skeletal_steed,true,false,,true,600,lord_wizard_shadows,commander
wh2_dlc09_tmb_tomb_kings,wh2_dlc09_sc_tmb_tomb_kings,wh3_dlc29_tmb_cha_liche_high_priest_undeath,true,false,,true,400,wh3_dlc29_lord_wizard_undeath,commander
wh2_dlc09_tmb_tomb_kings,wh2_dlc09_sc_tmb_tomb_kings,wh3_dlc29_tmb_cha_liche_high_priest_undeath_skeletal_steed,true,false,,true,600,wh3_dlc29_lord_wizard_undeath,commander
wh2_dlc09_tmb_tomb_kings,wh2_dlc09_sc_tmb_tomb_kings,wh3_dlc29_tmb_cha_liche_priest_undeath,false,false,mp_cap_group_extended_roster,false,300,wh3_dlc29_wizard_undeath,heroes_agents
wh2_dlc09_tmb_tomb_kings,wh2_dlc09_sc_tmb_tomb_kings,wh3_dlc29_tmb_cha_liche_priest_undeath_skeletal_steed,false,false,mp_cap_group_extended_roster,false,500,wh3_dlc29_wizard_undeath,heroes_agents
wh2_dlc09_tmb_tomb_kings,wh2_dlc09_sc_tmb_tomb_kings,wh3_dlc29_tmb_cha_tomb_herald,false,false,,true,500,wh3_dlc29_tmb_tomb_herald,heroes_agents
wh2_dlc09_tmb_tomb_kings,wh2_dlc09_sc_tmb_tomb_kings,wh3_dlc29_tmb_cha_tomb_herald_skeletal_steed,false,false,,true,700,wh3_dlc29_tmb_tomb_herald,heroes_agents
wh2_dlc09_tmb_tomb_kings,wh2_dlc09_sc_tmb_tomb_kings,wh3_dlc29_tmb_cha_tomb_herald_skeleton_chariot,false,false,,true,750,wh3_dlc29_tmb_tomb_herald,heroes_agents
wh2_dlc09_tmb_tomb_kings,wh2_dlc09_sc_tmb_tomb_kings,wh3_dlc29_tmb_mon_khemric_titan,false,false,,true,2600,wh3_dlc29_tmb_khemric_titan,monster_beasts
wh2_dlc09_tmb_tomb_kings,wh2_dlc09_sc_tmb_tomb_kings,wh3_dlc29_tmb_mon_khemric_titan_ror,false,false,,true,3050,wh3_dlc29_tmb_khemric_titan,monster_beasts
wh2_dlc11_cst_vampire_coast,wh2_dlc11_sc_cst_vampire_coast,wh2_dlc11_cst_art_carronade,false,false,,true,750,artillery_cannon,artillery_war_machines
wh2_dlc11_cst_vampire_coast,wh2_dlc11_sc_cst_vampire_coast,wh2_dlc11_cst_art_mortar,false,false,,true,600,artillery_mortar,artillery_war_machines
wh2_dlc11_cst_vampire_coast,wh2_dlc11_sc_cst_vampire_coast,wh2_dlc11_cst_art_queen_bess,false,false,,true,1600,artillery_mortar,artillery_war_machines
wh2_dlc11_cst_vampire_coast,wh2_dlc11_sc_cst_vampire_coast,wh2_dlc11_cst_cav_deck_droppers_0,false,false,,true,450,wh2_dlc11_cst_deck_droppers_pistols,missile_monster_beasts
wh2_dlc11_cst_vampire_coast,wh2_dlc11_sc_cst_vampire_coast,wh2_dlc11_cst_cav_deck_droppers_1,false,false,,true,500,wh2_dlc11_cst_deck_droppers_bombs,missile_monster_beasts
wh2_dlc11_cst_vampire_coast,wh2_dlc11_sc_cst_vampire_coast,wh2_dlc11_cst_cav_deck_droppers_2,false,false,,true,650,wh2_dlc11_cst_deck_droppers,missile_monster_beasts
wh2_dlc11_cst_vampire_coast,wh2_dlc11_sc_cst_vampire_coast,wh2_dlc11_cst_cav_deck_droppers_ror_0,false,false,,true,750,wh2_dlc11_cst_deck_droppers_bombs,missile_monster_beasts
wh2_dlc11_cst_vampire_coast,wh2_dlc11_sc_cst_vampire_coast,wh2_dlc11_cst_cha_aranessa_0,true,false,,true,800,lord,commander
wh2_dlc11_cst_vampire_coast,wh2_dlc11_sc_cst_vampire_coast,wh2_dlc11_cst_cha_aranessa_1,true,false,,true,1100,lord,commander
wh2_dlc11_cst_vampire_coast,wh2_dlc11_sc_cst_vampire_coast,wh2_dlc11_cst_cha_cylostra_direfin_0,true,false,,true,850,lord_wizard_deep,commander
wh2_dlc11_cst_vampire_coast,wh2_dlc11_sc_cst_vampire_coast,wh2_dlc11_cst_cha_cylostra_direfin_1,true,false,,true,2300,lord_wizard_deep,commander
wh2_dlc11_cst_vampire_coast,wh2_dlc11_sc_cst_vampire_coast,wh2_dlc11_cst_cha_damned_paladin_0,false,true,mp_cap_group_extended_roster,false,900,brt_paladin,heroes_agents
wh2_dlc11_cst_vampire_coast,wh2_dlc11_sc_cst_vampire_coast,wh2_dlc11_cst_cha_damned_paladin_1,false,true,mp_cap_group_extended_roster,false,1100,brt_paladin_cavalry,heroes_agents
wh2_dlc11_cst_vampire_coast,wh2_dlc11_sc_cst_vampire_coast,wh2_dlc11_cst_cha_gunnery_wight_0,false,false,,true,600,wh2_dlc11_cst_gunnery_wight,heroes_agents
wh2_dlc11_cst_vampire_coast,wh2_dlc11_sc_cst_vampire_coast,wh2_dlc11_cst_cha_gunnery_wight_1,false,false,,true,950,wh2_dlc11_cst_gunnery_wight,heroes_agents
wh2_dlc11_cst_vampire_coast,wh2_dlc11_sc_cst_vampire_coast,wh2_dlc11_cst_cha_luthor_harkon_0,true,false,,true,900,lord,commander
wh2_dlc11_cst_vampire_coast,wh2_dlc11_sc_cst_vampire_coast,wh2_dlc11_cst_cha_luthor_harkon_1,true,false,,true,2400,lord,commander
wh2_dlc11_cst_vampire_coast,wh2_dlc11_sc_cst_vampire_coast,wh2_dlc11_cst_cha_mourngul_haunter,false,false,,true,1150,wh2_dlc11_cst_mourngul_haunter,heroes_agents
wh2_dlc11_cst_vampire_coast,wh2_dlc11_sc_cst_vampire_coast,wh2_dlc11_cst_cha_vampire_fleet_admiral_0,true,false,,true,950,lord_wizard_vampires,commander
wh2_dlc11_cst_vampire_coast,wh2_dlc11_sc_cst_vampire_coast,wh2_dlc11_cst_cha_vampire_fleet_admiral_1,true,false,,true,1250,lord_wizard_vampires,commander
wh2_dlc11_cst_vampire_coast,wh2_dlc11_sc_cst_vampire_coast,wh2_dlc11_cst_cha_vampire_fleet_admiral_death_0,true,false,,true,950,lord_wizard_death,commander
wh2_dlc11_cst_vampire_coast,wh2_dlc11_sc_cst_vampire_coast,wh2_dlc11_cst_cha_vampire_fleet_admiral_death_1,true,false,,true,1250,lord_wizard_death,commander
wh2_dlc11_cst_vampire_coast,wh2_dlc11_sc_cst_vampire_coast,wh2_dlc11_cst_cha_vampire_fleet_admiral_deeps_0,true,false,,true,950,lord_wizard_deep,commander
wh2_dlc11_cst_vampire_coast,wh2_dlc11_sc_cst_vampire_coast,wh2_dlc11_cst_cha_vampire_fleet_admiral_deeps_1,true,false,,true,1250,lord_wizard_deep,commander
wh2_dlc11_cst_vampire_coast,wh2_dlc11_sc_cst_vampire_coast,wh2_dlc11_cst_cha_vampire_fleet_admiral_female_0,true,false,,true,950,lord_wizard_vampires,commander
wh2_dlc11_cst_vampire_coast,wh2_dlc11_sc_cst_vampire_coast,wh2_dlc11_cst_cha_vampire_fleet_admiral_female_1,true,false,,true,1250,lord_wizard_vampires,commander
wh2_dlc11_cst_vampire_coast,wh2_dlc11_sc_cst_vampire_coast,wh2_dlc11_cst_cha_vampire_fleet_admiral_female_death_0,true,false,,true,950,lord_wizard_death,commander
wh2_dlc11_cst_vampire_coast,wh2_dlc11_sc_cst_vampire_coast,wh2_dlc11_cst_cha_vampire_fleet_admiral_female_death_1,true,false,,true,1250,lord_wizard_death,commander
wh2_dlc11_cst_vampire_coast,wh2_dlc11_sc_cst_vampire_coast,wh2_dlc11_cst_cha_vampire_fleet_admiral_female_deeps_0,true,false,,true,950,lord_wizard_deep,commander
wh2_dlc11_cst_vampire_coast,wh2_dlc11_sc_cst_vampire_coast,wh2_dlc11_cst_cha_vampire_fleet_admiral_female_deeps_1,true,false,,true,1250,lord_wizard_deep,commander
wh2_dlc11_cst_vampire_coast,wh2_dlc11_sc_cst_vampire_coast,wh2_dlc11_cst_cha_vampire_fleet_captain_0,false,false,,true,600,wizard_vampires,heroes_agents
wh2_dlc11_cst_vampire_coast,wh2_dlc11_sc_cst_vampire_coast,wh2_dlc11_cst_cha_vampire_fleet_captain_1,false,false,,true,1000,wizard_vampires,heroes_agents
wh2_dlc11_cst_vampire_coast,wh2_dlc11_sc_cst_vampire_coast,wh2_dlc11_cst_cha_vampire_fleet_captain_death_0,false,false,,true,600,wizard_death,heroes_agents
wh2_dlc11_cst_vampire_coast,wh2_dlc11_sc_cst_vampire_coast,wh2_dlc11_cst_cha_vampire_fleet_captain_death_1,false,false,,true,1000,wizard_death,heroes_agents
wh2_dlc11_cst_vampire_coast,wh2_dlc11_sc_cst_vampire_coast,wh2_dlc11_cst_cha_vampire_fleet_captain_deeps_0,false,false,,true,600,wizard_deep,heroes_agents
wh2_dlc11_cst_vampire_coast,wh2_dlc11_sc_cst_vampire_coast,wh2_dlc11_cst_cha_vampire_fleet_captain_deeps_1,false,false,,true,1000,wizard_deep,heroes_agents
wh2_dlc11_cst_vampire_coast,wh2_dlc11_sc_cst_vampire_coast,wh2_dlc11_cst_inf_count_noctilus_0,true,false,,true,1400,lord_wizard_vampires_shadows,commander
wh2_dlc11_cst_vampire_coast,wh2_dlc11_sc_cst_vampire_coast,wh2_dlc11_cst_inf_count_noctilus_1,true,false,,true,2100,lord_wizard_vampires_shadows,commander
wh2_dlc11_cst_vampire_coast,wh2_dlc11_sc_cst_vampire_coast,wh2_dlc11_cst_inf_deck_gunners_0,false,false,,true,700,missile_infantry_sniper,missile_infantry
wh2_dlc11_cst_vampire_coast,wh2_dlc11_sc_cst_vampire_coast,wh2_dlc11_cst_inf_deck_gunners_ror_0,false,false,,true,1050,missile_infantry_sniper,missile_infantry
wh2_dlc11_cst_vampire_coast,wh2_dlc11_sc_cst_vampire_coast,wh2_dlc11_cst_inf_depth_guard_0,false,false,,true,1100,infantry_axe_dual,infantry
wh2_dlc11_cst_vampire_coast,wh2_dlc11_sc_cst_vampire_coast,wh2_dlc11_cst_inf_depth_guard_1,false,false,,true,1200,infantry_spear_halberd,infantry
wh2_dlc11_cst_vampire_coast,wh2_dlc11_sc_cst_vampire_coast,wh2_dlc11_cst_inf_depth_guard_ror_0,false,false,,true,1500,infantry_spear_halberd,infantry
wh2_dlc11_cst_vampire_coast,wh2_dlc11_sc_cst_vampire_coast,wh2_dlc11_cst_inf_sartosa_free_company_0,false,true,mp_cap_group_extended_roster,false,450,wh2_main_infantry_dual_swords,infantry
wh2_dlc11_cst_vampire_coast,wh2_dlc11_sc_cst_vampire_coast,wh2_dlc11_cst_inf_sartosa_militia_0,false,true,mp_cap_group_extended_roster,false,450,missile_infantry_pistol,missile_infantry
wh2_dlc11_cst_vampire_coast,wh2_dlc11_sc_cst_vampire_coast,wh2_dlc11_cst_inf_syreens,false,false,,true,850,wh2_dlc11_cst_syreens,infantry
wh2_dlc11_cst_vampire_coast,wh2_dlc11_sc_cst_vampire_coast,wh2_dlc11_cst_inf_zombie_deckhands_mob_0,false,false,,true,250,wh2_main_infantry_dual_swords,infantry
wh2_dlc11_cst_vampire_coast,wh2_dlc11_sc_cst_vampire_coast,wh2_dlc11_cst_inf_zombie_deckhands_mob_1,false,false,,true,375,infantry_spear_halberd,infantry
wh2_dlc11_cst_vampire_coast,wh2_dlc11_sc_cst_vampire_coast,wh2_dlc11_cst_inf_zombie_deckhands_mob_ror_0,false,false,,true,425,wh2_main_infantry_dual_swords,infantry
wh2_dlc11_cst_vampire_coast,wh2_dlc11_sc_cst_vampire_coast,wh2_dlc11_cst_inf_zombie_gunnery_mob_0,false,false,,true,325,wh2_dlc11_cst_missile_pistol,missile_infantry
wh2_dlc11_cst_vampire_coast,wh2_dlc11_sc_cst_vampire_coast,wh2_dlc11_cst_inf_zombie_gunnery_mob_1,false,false,,true,550,missile_infantry_rifle,missile_infantry
wh2_dlc11_cst_vampire_coast,wh2_dlc11_sc_cst_vampire_coast,wh2_dlc11_cst_inf_zombie_gunnery_mob_2,false,false,,true,500,wh2_dlc11_cst_close_quarters_missile_infantry,missile_infantry
wh2_dlc11_cst_vampire_coast,wh2_dlc11_sc_cst_vampire_coast,wh2_dlc11_cst_inf_zombie_gunnery_mob_3,false,false,,true,450,wh2_dlc11_cst_explosives_infantry,missile_infantry
wh2_dlc11_cst_vampire_coast,wh2_dlc11_sc_cst_vampire_coast,wh2_dlc11_cst_inf_zombie_gunnery_mob_ror_0,false,false,,true,800,missile_infantry_rifle,missile_infantry
wh2_dlc11_cst_vampire_coast,wh2_dlc11_sc_cst_vampire_coast,wh2_dlc11_cst_mon_animated_hulks_0,false,false,,true,500,monstrous_infantry,monster_beasts
wh2_dlc11_cst_vampire_coast,wh2_dlc11_sc_cst_vampire_coast,wh2_dlc11_cst_mon_bloated_corpse_0,false,false,,true,350,wh2_dlc11_cst_exploding_monster,monster_beasts
wh2_dlc11_cst_vampire_coast,wh2_dlc11_sc_cst_vampire_coast,wh2_dlc11_cst_mon_fell_bats,false,false,,true,350,vmp_fell_bats,monster_beasts
wh2_dlc11_cst_vampire_coast,wh2_dlc11_sc_cst_vampire_coast,wh2_dlc11_cst_mon_mournguls_0,false,false,,true,950,wh2_dlc11_cst_mournguls,monster_beasts
wh2_dlc11_cst_vampire_coast,wh2_dlc11_sc_cst_vampire_coast,wh2_dlc11_cst_mon_mournguls_ror_0,false,false,,true,1200,wh2_dlc11_cst_mournguls,monster_beasts
wh2_dlc11_cst_vampire_coast,wh2_dlc11_sc_cst_vampire_coast,wh2_dlc11_cst_mon_necrofex_colossus_0,false,false,,true,1800,monster_artillery,missile_monster_beasts
wh2_dlc11_cst_vampire_coast,wh2_dlc11_sc_cst_vampire_coast,wh2_dlc11_cst_mon_necrofex_colossus_ror_0,false,false,,true,2000,monster_artillery,missile_monster_beasts
wh2_dlc11_cst_vampire_coast,wh2_dlc11_sc_cst_vampire_coast,wh2_dlc11_cst_mon_rotting_leviathan_0,false,false,,true,2100,monster_generic,monster_beasts
wh2_dlc11_cst_vampire_coast,wh2_dlc11_sc_cst_vampire_coast,wh2_dlc11_cst_mon_rotting_prometheans_0,false,false,,true,1000,wh2_dlc11_cst_promethean,monster_beasts
wh2_dlc11_cst_vampire_coast,wh2_dlc11_sc_cst_vampire_coast,wh2_dlc11_cst_mon_rotting_prometheans_gunnery_mob_0,false,false,,true,1300,wh2_dlc11_cst_promethean_missile,missile_monster_beasts
wh2_dlc11_cst_vampire_coast,wh2_dlc11_sc_cst_vampire_coast,wh2_dlc11_cst_mon_rotting_prometheans_gunnery_mob_ror,false,false,,true,1700,wh2_dlc11_cst_promethean_missile,missile_monster_beasts
wh2_dlc11_cst_vampire_coast,wh2_dlc11_sc_cst_vampire_coast,wh2_dlc11_cst_mon_scurvy_dogs,false,false,,true,475,war_beast,monster_beasts
wh2_dlc11_cst_vampire_coast,wh2_dlc11_sc_cst_vampire_coast,wh2_dlc11_cst_mon_terrorgheist,false,false,,true,2000,dragon,monster_beasts
wh2_dlc11_cst_vampire_coast,wh2_dlc11_sc_cst_vampire_coast,wh3_dlc29_cst_cha_vampire_fleet_admiral_female_undeath,true,false,,true,950,wh3_dlc29_lord_wizard_undeath,commander
wh2_dlc11_cst_vampire_coast,wh2_dlc11_sc_cst_vampire_coast,wh3_dlc29_cst_cha_vampire_fleet_admiral_female_undeath_rotting_promethean,true,false,,true,1250,wh3_dlc29_lord_wizard_undeath,commander
wh2_dlc11_cst_vampire_coast,wh2_dlc11_sc_cst_vampire_coast,wh3_dlc29_cst_cha_vampire_fleet_admiral_undeath,true,false,,true,950,wh3_dlc29_lord_wizard_undeath,commander
wh2_dlc11_cst_vampire_coast,wh2_dlc11_sc_cst_vampire_coast,wh3_dlc29_cst_cha_vampire_fleet_admiral_undeath_rotting_promethean,true,false,,true,1250,wh3_dlc29_lord_wizard_undeath,commander
wh2_dlc11_cst_vampire_coast,wh2_dlc11_sc_cst_vampire_coast,wh3_dlc29_cst_cha_vampire_fleet_captain_undeath,false,false,,true,600,wh3_dlc29_wizard_undeath,heroes_agents
wh2_dlc11_cst_vampire_coast,wh2_dlc11_sc_cst_vampire_coast,wh3_dlc29_cst_cha_vampire_fleet_captain_undeath_rotting_promethean,false,false,,true,1000,wh3_dlc29_wizard_undeath,heroes_agents
wh2_main_def_dark_elves,wh2_main_sc_def_dark_elves,wh2_dlc10_def_cav_doomfire_warlocks_0,false,false,,true,1100,wh2_dlc10_magic_melee_cav,cavalry_chariots
wh2_main_def_dark_elves,wh2_main_sc_def_dark_elves,wh2_dlc10_def_cav_knights_of_the_ebon_claw_ror_0,false,false,,true,1550,wh2_main_cold_one,cavalry_chariots
wh2_main_def_dark_elves,wh2_main_sc_def_dark_elves,wh2_dlc10_def_cav_raven_heralds_ror_0,false,false,,true,900,wh2_dlc10_flying_missile_cavalry,missile_cavalry_chariots
wh2_main_def_dark_elves,wh2_main_sc_def_dark_elves,wh2_dlc10_def_cav_slaanesh_harvesters_ror_0,false,false,,true,1450,wh2_dlc10_magic_melee_cav,cavalry_chariots
wh2_main_def_dark_elves,wh2_main_sc_def_dark_elves,wh2_dlc10_def_cha_crone_0,true,false,,true,1050,lord,commander
wh2_main_def_dark_elves,wh2_main_sc_def_dark_elves,wh2_dlc10_def_cha_crone_1,true,false,,true,1250,lord,commander
wh2_main_def_dark_elves,wh2_main_sc_def_dark_elves,wh2_dlc10_def_cha_crone_4,true,false,,true,1800,lord,commander
wh2_main_def_dark_elves,wh2_main_sc_def_dark_elves,wh2_dlc10_def_cha_crone_5,true,false,,true,1650,lord,commander
wh2_main_def_dark_elves,wh2_main_sc_def_dark_elves,wh2_dlc10_def_cha_sorceress_beasts_0,false,false,,true,300,wizard_beasts,heroes_agents
wh2_main_def_dark_elves,wh2_main_sc_def_dark_elves,wh2_dlc10_def_cha_sorceress_beasts_1,false,false,,true,500,wizard_beasts,heroes_agents
wh2_main_def_dark_elves,wh2_main_sc_def_dark_elves,wh2_dlc10_def_cha_sorceress_beasts_2,false,false,,true,650,wizard_beasts,heroes_agents
wh2_main_def_dark_elves,wh2_main_sc_def_dark_elves,wh2_dlc10_def_cha_sorceress_beasts_3,false,false,,true,850,wizard_beasts,heroes_agents
wh2_main_def_dark_elves,wh2_main_sc_def_dark_elves,wh2_dlc10_def_cha_sorceress_death_0,false,false,,true,300,wizard_death,heroes_agents
wh2_main_def_dark_elves,wh2_main_sc_def_dark_elves,wh2_dlc10_def_cha_sorceress_death_1,false,false,,true,500,wizard_death,heroes_agents
wh2_main_def_dark_elves,wh2_main_sc_def_dark_elves,wh2_dlc10_def_cha_sorceress_death_2,false,false,,true,650,wizard_death,heroes_agents
wh2_main_def_dark_elves,wh2_main_sc_def_dark_elves,wh2_dlc10_def_cha_sorceress_death_3,false,false,,true,850,wizard_death,heroes_agents
wh2_main_def_dark_elves,wh2_main_sc_def_dark_elves,wh2_dlc10_def_cha_supreme_sorceress_beasts_0,true,false,,true,450,lord_wizard_beasts,commander
wh2_main_def_dark_elves,wh2_main_sc_def_dark_elves,wh2_dlc10_def_cha_supreme_sorceress_beasts_1,true,false,,true,650,lord_wizard_beasts,commander
wh2_main_def_dark_elves,wh2_main_sc_def_dark_elves,wh2_dlc10_def_cha_supreme_sorceress_beasts_2,true,false,,true,800,lord_wizard_beasts,commander
wh2_main_def_dark_elves,wh2_main_sc_def_dark_elves,wh2_dlc10_def_cha_supreme_sorceress_beasts_3,true,false,,true,1000,lord_wizard_beasts,commander
wh2_main_def_dark_elves,wh2_main_sc_def_dark_elves,wh2_dlc10_def_cha_supreme_sorceress_beasts_4,true,false,,true,1200,lord_wizard_beasts,commander
wh2_main_def_dark_elves,wh2_main_sc_def_dark_elves,wh2_dlc10_def_cha_supreme_sorceress_beasts_5,true,false,,true,2100,lord_wizard_beasts,commander
wh2_main_def_dark_elves,wh2_main_sc_def_dark_elves,wh2_dlc10_def_cha_supreme_sorceress_dark_0,true,false,,true,450,wh2_main_lord_wizard_dark,commander
wh2_main_def_dark_elves,wh2_main_sc_def_dark_elves,wh2_dlc10_def_cha_supreme_sorceress_dark_1,true,false,,true,650,wh2_main_lord_wizard_dark,commander
wh2_main_def_dark_elves,wh2_main_sc_def_dark_elves,wh2_dlc10_def_cha_supreme_sorceress_dark_2,true,false,,true,800,wh2_main_lord_wizard_dark,commander
wh2_main_def_dark_elves,wh2_main_sc_def_dark_elves,wh2_dlc10_def_cha_supreme_sorceress_dark_3,true,false,,true,1000,wh2_main_lord_wizard_dark,commander
wh2_main_def_dark_elves,wh2_main_sc_def_dark_elves,wh2_dlc10_def_cha_supreme_sorceress_dark_4,true,false,,true,1200,wh2_main_lord_wizard_dark,commander
wh2_main_def_dark_elves,wh2_main_sc_def_dark_elves,wh2_dlc10_def_cha_supreme_sorceress_dark_5,true,false,,true,2100,wh2_main_lord_wizard_dark,commander
wh2_main_def_dark_elves,wh2_main_sc_def_dark_elves,wh2_dlc10_def_cha_supreme_sorceress_death_0,true,false,,true,450,lord_wizard_death,commander
wh2_main_def_dark_elves,wh2_main_sc_def_dark_elves,wh2_dlc10_def_cha_supreme_sorceress_death_1,true,false,,true,650,lord_wizard_death,commander
wh2_main_def_dark_elves,wh2_main_sc_def_dark_elves,wh2_dlc10_def_cha_supreme_sorceress_death_2,true,false,,true,800,lord_wizard_death,commander
wh2_main_def_dark_elves,wh2_main_sc_def_dark_elves,wh2_dlc10_def_cha_supreme_sorceress_death_3,true,false,,true,1000,lord_wizard_death,commander
wh2_main_def_dark_elves,wh2_main_sc_def_dark_elves,wh2_dlc10_def_cha_supreme_sorceress_death_4,true,false,,true,1200,lord_wizard_death,commander
wh2_main_def_dark_elves,wh2_main_sc_def_dark_elves,wh2_dlc10_def_cha_supreme_sorceress_death_5,true,false,,true,2100,lord_wizard_death,commander
wh2_main_def_dark_elves,wh2_main_sc_def_dark_elves,wh2_dlc10_def_cha_supreme_sorceress_fire_0,true,false,,true,450,lord_wizard_fire,commander
wh2_main_def_dark_elves,wh2_main_sc_def_dark_elves,wh2_dlc10_def_cha_supreme_sorceress_fire_1,true,false,,true,650,lord_wizard_fire,commander
wh2_main_def_dark_elves,wh2_main_sc_def_dark_elves,wh2_dlc10_def_cha_supreme_sorceress_fire_2,true,false,,true,800,lord_wizard_fire,commander
wh2_main_def_dark_elves,wh2_main_sc_def_dark_elves,wh2_dlc10_def_cha_supreme_sorceress_fire_3,true,false,,true,1000,lord_wizard_fire,commander
wh2_main_def_dark_elves,wh2_main_sc_def_dark_elves,wh2_dlc10_def_cha_supreme_sorceress_fire_4,true,false,,true,1200,lord_wizard_fire,commander
wh2_main_def_dark_elves,wh2_main_sc_def_dark_elves,wh2_dlc10_def_cha_supreme_sorceress_fire_5,true,false,,true,2100,lord_wizard_fire,commander
wh2_main_def_dark_elves,wh2_main_sc_def_dark_elves,wh2_dlc10_def_cha_supreme_sorceress_shadow_0,true,false,,true,450,lord_wizard_shadows,commander
wh2_main_def_dark_elves,wh2_main_sc_def_dark_elves,wh2_dlc10_def_cha_supreme_sorceress_shadow_1,true,false,,true,650,lord_wizard_shadows,commander
wh2_main_def_dark_elves,wh2_main_sc_def_dark_elves,wh2_dlc10_def_cha_supreme_sorceress_shadow_2,true,false,,true,800,lord_wizard_shadows,commander
wh2_main_def_dark_elves,wh2_main_sc_def_dark_elves,wh2_dlc10_def_cha_supreme_sorceress_shadow_3,true,false,,true,1000,lord_wizard_shadows,commander
wh2_main_def_dark_elves,wh2_main_sc_def_dark_elves,wh2_dlc10_def_cha_supreme_sorceress_shadow_4,true,false,,true,1200,lord_wizard_shadows,commander
wh2_main_def_dark_elves,wh2_main_sc_def_dark_elves,wh2_dlc10_def_cha_supreme_sorceress_shadow_5,true,false,,true,2100,lord_wizard_shadows,commander
wh2_main_def_dark_elves,wh2_main_sc_def_dark_elves,wh2_dlc10_def_inf_blades_of_the_blood_queen_ror_0,false,false,,true,1450,infantry_sword_great,infantry
wh2_main_def_dark_elves,wh2_main_sc_def_dark_elves,wh2_dlc10_def_inf_sisters_of_slaughter,false,false,,true,1000,wh2_dlc10_def_whip_infantry,infantry
wh2_main_def_dark_elves,wh2_main_sc_def_dark_elves,wh2_dlc10_def_inf_sisters_of_the_singing_doom_ror_0,false,false,,true,1000,wh2_main_def_infantry_dual_daggers,infantry
wh2_main_def_dark_elves,wh2_main_sc_def_dark_elves,wh2_dlc10_def_inf_the_bolt_fiends_ror_0,false,false,,true,850,missile_infantry_bow,missile_infantry
wh2_main_def_dark_elves,wh2_main_sc_def_dark_elves,wh2_dlc10_def_inf_the_hellebronai_ror_0,false,false,,true,650,infantry_spear,infantry
wh2_main_def_dark_elves,wh2_main_sc_def_dark_elves,wh2_dlc10_def_mon_chill_of_sontar_ror_0,false,false,,true,1900,wh2_main_def_mon_war_hydra,monster_beasts
wh2_main_def_dark_elves,wh2_main_sc_def_dark_elves,wh2_dlc10_def_mon_feral_manticore_0,false,false,,true,800,wh2_dlc17_bst_manticore,monster_beasts
wh2_main_def_dark_elves,wh2_main_sc_def_dark_elves,wh2_dlc10_def_mon_kharibdyss_0,false,false,,true,1600,wh2_dlc10_def_kharibdyss,monster_beasts
wh2_main_def_dark_elves,wh2_main_sc_def_dark_elves,wh2_dlc11_def_cha_lokhir_fellheart_0,true,false,,true,900,lord,commander
wh2_main_def_dark_elves,wh2_main_sc_def_dark_elves,wh2_dlc11_def_cha_lokhir_fellheart_1,true,false,,true,2100,lord,commander
wh2_main_def_dark_elves,wh2_main_sc_def_dark_elves,wh2_dlc14_def_cav_scourgerunner_chariot_0,false,false,,true,950,missile_chariot,missile_cavalry_chariots
wh2_main_def_dark_elves,wh2_main_sc_def_dark_elves,wh2_dlc14_def_cav_scourgerunner_chariot_ror_0,false,false,,true,1200,missile_chariot,missile_cavalry_chariots
wh2_main_def_dark_elves,wh2_main_sc_def_dark_elves,wh2_dlc14_def_cha_high_beastmaster_0,true,false,,true,750,lord,commander
wh2_main_def_dark_elves,wh2_main_sc_def_dark_elves,wh2_dlc14_def_cha_high_beastmaster_1,true,false,,true,1200,lord,commander
wh2_main_def_dark_elves,wh2_main_sc_def_dark_elves,wh2_dlc14_def_cha_high_beastmaster_2,true,false,,true,1400,lord,commander
wh2_main_def_dark_elves,wh2_main_sc_def_dark_elves,wh2_dlc14_def_cha_malus_darkblade_0_mp,true,false,,true,1600,lord,commander
wh2_main_def_dark_elves,wh2_main_sc_def_dark_elves,wh2_dlc14_def_cha_malus_darkblade_1_mp,true,false,,true,1950,lord,commander
wh2_main_def_dark_elves,wh2_main_sc_def_dark_elves,wh2_dlc14_def_cha_master_0,false,false,,true,600,wh2_dlc14_def_hero_champion,heroes_agents
wh2_main_def_dark_elves,wh2_main_sc_def_dark_elves,wh2_dlc14_def_cha_master_1,false,false,,true,800,wh2_dlc14_def_hero_champion,heroes_agents
wh2_main_def_dark_elves,wh2_main_sc_def_dark_elves,wh2_dlc14_def_cha_master_2,false,false,,true,950,wh2_dlc14_def_hero_champion,heroes_agents
wh2_main_def_dark_elves,wh2_main_sc_def_dark_elves,wh2_dlc14_def_cha_master_3,false,false,,true,1150,wh2_dlc14_def_hero_champion,heroes_agents
wh2_main_def_dark_elves,wh2_main_sc_def_dark_elves,wh2_dlc14_def_cha_master_4,false,false,,true,1100,wh2_dlc14_def_hero_champion,heroes_agents
wh2_main_def_dark_elves,wh2_main_sc_def_dark_elves,wh2_dlc14_def_inf_harpies_ror_0,false,false,,true,750,wh_dlc05_bst_harpies,monster_beasts
wh2_main_def_dark_elves,wh2_main_sc_def_dark_elves,wh2_dlc14_def_mon_bloodwrack_medusa_0,false,false,,true,1300,wh2_dlc14_def_monster_medusa,missile_monster_beasts
wh2_main_def_dark_elves,wh2_main_sc_def_dark_elves,wh2_dlc14_def_mon_bloodwrack_medusa_ror_0,false,false,,true,1650,wh2_dlc14_def_monster_medusa,missile_monster_beasts
wh2_main_def_dark_elves,wh2_main_sc_def_dark_elves,wh2_dlc14_def_veh_bloodwrack_shrine_0,false,false,,true,1600,magic_chariot,artillery_war_machines
wh2_main_def_dark_elves,wh2_main_sc_def_dark_elves,wh2_dlc16_wef_mon_giant_spiders_0,false,true,mp_cap_group_extended_roster,false,550,grn_spider_hatchling,monster_beasts
wh2_main_def_dark_elves,wh2_main_sc_def_dark_elves,wh2_main_def_art_reaper_bolt_thrower,false,false,,true,700,wh_dlc06_bolt_thrower,artillery_war_machines
wh2_main_def_dark_elves,wh2_main_sc_def_dark_elves,wh2_main_def_cav_cold_one_chariot,false,false,,true,1100,missile_chariot,missile_cavalry_chariots
wh2_main_def_dark_elves,wh2_main_sc_def_dark_elves,wh2_main_def_cav_cold_one_knights_0,false,false,,true,1050,wh2_main_cold_one_spear,cavalry_chariots
wh2_main_def_dark_elves,wh2_main_sc_def_dark_elves,wh2_main_def_cav_cold_one_knights_1,false,false,,true,1350,wh2_main_cold_one,cavalry_chariots
wh2_main_def_dark_elves,wh2_main_sc_def_dark_elves,wh2_main_def_cav_dark_riders_0,false,false,,true,450,shock_cavalry,cavalry_chariots
wh2_main_def_dark_elves,wh2_main_sc_def_dark_elves,wh2_main_def_cav_dark_riders_1,false,false,,true,500,shock_cavalry,cavalry_chariots
wh2_main_def_dark_elves,wh2_main_sc_def_dark_elves,wh2_main_def_cav_dark_riders_2,false,false,,true,650,missile_cavalry_bow,missile_cavalry_chariots
wh2_main_def_dark_elves,wh2_main_sc_def_dark_elves,wh2_main_def_cha_death_hag_0,false,false,,true,600,wh2_main_def_dignitary,heroes_agents
wh2_main_def_dark_elves,wh2_main_sc_def_dark_elves,wh2_main_def_cha_death_hag_1,false,false,,true,1350,wh2_main_def_dignitary,heroes_agents
wh2_main_def_dark_elves,wh2_main_sc_def_dark_elves,wh2_main_def_cha_dreadlord_0,true,false,,true,850,lord,commander
wh2_main_def_dark_elves,wh2_main_sc_def_dark_elves,wh2_main_def_cha_dreadlord_1,true,false,,true,1050,lord,commander
wh2_main_def_dark_elves,wh2_main_sc_def_dark_elves,wh2_main_def_cha_dreadlord_2,true,false,,true,1200,lord,commander
wh2_main_def_dark_elves,wh2_main_sc_def_dark_elves,wh2_main_def_cha_dreadlord_4,true,false,,true,2100,lord,commander
wh2_main_def_dark_elves,wh2_main_sc_def_dark_elves,wh2_main_def_cha_dreadlord_5,true,false,,true,1400,lord,commander
wh2_main_def_dark_elves,wh2_main_sc_def_dark_elves,wh2_main_def_cha_dreadlord_female_0,true,false,,true,850,lord,commander
wh2_main_def_dark_elves,wh2_main_sc_def_dark_elves,wh2_main_def_cha_dreadlord_female_1,true,false,,true,1050,lord,commander
wh2_main_def_dark_elves,wh2_main_sc_def_dark_elves,wh2_main_def_cha_dreadlord_female_2,true,false,,true,1200,lord,commander
wh2_main_def_dark_elves,wh2_main_sc_def_dark_elves,wh2_main_def_cha_dreadlord_female_4,true,false,,true,2100,lord,commander
wh2_main_def_dark_elves,wh2_main_sc_def_dark_elves,wh2_main_def_cha_dreadlord_female_5,true,false,,true,1400,lord,commander
wh2_main_def_dark_elves,wh2_main_sc_def_dark_elves,wh2_main_def_cha_khainite_assassin_0,false,false,,true,650,wh2_main_def_spy,heroes_agents
wh2_main_def_dark_elves,wh2_main_sc_def_dark_elves,wh2_main_def_cha_malekith_0,true,false,,true,1300,wh2_main_lord_wizard_dark,commander
wh2_main_def_dark_elves,wh2_main_sc_def_dark_elves,wh2_main_def_cha_malekith_1,true,false,,true,1650,wh2_main_lord_wizard_dark,commander
wh2_main_def_dark_elves,wh2_main_sc_def_dark_elves,wh2_main_def_cha_malekith_2,true,false,,true,1800,wh2_main_lord_wizard_dark,commander
wh2_main_def_dark_elves,wh2_main_sc_def_dark_elves,wh2_main_def_cha_malekith_3,true,false,,true,2500,wh2_main_lord_wizard_dark,commander
wh2_main_def_dark_elves,wh2_main_sc_def_dark_elves,wh2_main_def_cha_morathi_0,true,false,,true,900,wh2_main_lord_wizard_dark,commander
wh2_main_def_dark_elves,wh2_main_sc_def_dark_elves,wh2_main_def_cha_morathi_1,true,false,,true,1300,wh2_main_lord_wizard_dark,commander
wh2_main_def_dark_elves,wh2_main_sc_def_dark_elves,wh2_main_def_cha_sorceress_dark_0,false,false,,true,300,wh2_main_wizard_dark,heroes_agents
wh2_main_def_dark_elves,wh2_main_sc_def_dark_elves,wh2_main_def_cha_sorceress_dark_1,false,false,,true,500,wh2_main_wizard_dark,heroes_agents
wh2_main_def_dark_elves,wh2_main_sc_def_dark_elves,wh2_main_def_cha_sorceress_dark_2,false,false,,true,650,wh2_main_wizard_dark,heroes_agents
wh2_main_def_dark_elves,wh2_main_sc_def_dark_elves,wh2_main_def_cha_sorceress_dark_3,false,false,,true,850,wh2_main_wizard_dark,heroes_agents
wh2_main_def_dark_elves,wh2_main_sc_def_dark_elves,wh2_main_def_cha_sorceress_fire_0,false,false,,true,300,wizard_fire,heroes_agents
wh2_main_def_dark_elves,wh2_main_sc_def_dark_elves,wh2_main_def_cha_sorceress_fire_1,false,false,,true,500,wizard_fire,heroes_agents
wh2_main_def_dark_elves,wh2_main_sc_def_dark_elves,wh2_main_def_cha_sorceress_fire_2,false,false,,true,650,wizard_fire,heroes_agents
wh2_main_def_dark_elves,wh2_main_sc_def_dark_elves,wh2_main_def_cha_sorceress_fire_3,false,false,,true,850,wizard_fire,heroes_agents
wh2_main_def_dark_elves,wh2_main_sc_def_dark_elves,wh2_main_def_cha_sorceress_shadow_0,false,false,,true,300,wizard_shadows,heroes_agents
wh2_main_def_dark_elves,wh2_main_sc_def_dark_elves,wh2_main_def_cha_sorceress_shadow_1,false,false,,true,500,wizard_shadows,heroes_agents
wh2_main_def_dark_elves,wh2_main_sc_def_dark_elves,wh2_main_def_cha_sorceress_shadow_2,false,false,,true,650,wizard_shadows,heroes_agents
wh2_main_def_dark_elves,wh2_main_sc_def_dark_elves,wh2_main_def_cha_sorceress_shadow_3,false,false,,true,850,wizard_shadows,heroes_agents
wh2_main_def_dark_elves,wh2_main_sc_def_dark_elves,wh2_main_def_inf_black_ark_corsairs_0,false,false,,true,650,wh2_main_infantry_dual_swords,infantry
wh2_main_def_dark_elves,wh2_main_sc_def_dark_elves,wh2_main_def_inf_black_ark_corsairs_1,false,false,,true,750,wh2_main_def_missile_infantry_handbow,missile_infantry
wh2_main_def_dark_elves,wh2_main_sc_def_dark_elves,wh2_main_def_inf_black_guard_0,false,false,,true,1300,infantry_spear_halberd,infantry
wh2_main_def_dark_elves,wh2_main_sc_def_dark_elves,wh2_main_def_inf_bleakswords_0,false,false,,true,450,infantry_sword,infantry
wh2_main_def_dark_elves,wh2_main_sc_def_dark_elves,wh2_main_def_inf_darkshards_0,false,false,,true,550,missile_infantry_bow,missile_infantry
wh2_main_def_dark_elves,wh2_main_sc_def_dark_elves,wh2_main_def_inf_darkshards_1,false,false,,true,600,missile_infantry_bow,missile_infantry
wh2_main_def_dark_elves,wh2_main_sc_def_dark_elves,wh2_main_def_inf_dreadspears_0,false,false,,true,450,infantry_spear,infantry
wh2_main_def_dark_elves,wh2_main_sc_def_dark_elves,wh2_main_def_inf_har_ganeth_executioners_0,false,false,,true,1150,infantry_sword_great,infantry
wh2_main_def_dark_elves,wh2_main_sc_def_dark_elves,wh2_main_def_inf_harpies,false,false,,true,500,wh_dlc05_bst_harpies,monster_beasts
wh2_main_def_dark_elves,wh2_main_sc_def_dark_elves,wh2_main_def_inf_shades_0,false,false,,true,950,wh2_main_def_missile_infantry_bow_shades,missile_infantry
wh2_main_def_dark_elves,wh2_main_sc_def_dark_elves,wh2_main_def_inf_shades_1,false,false,,true,1000,wh2_main_def_missile_infantry_bow_shades_dual_weapons,missile_infantry
wh2_main_def_dark_elves,wh2_main_sc_def_dark_elves,wh2_main_def_inf_shades_2,false,false,,true,1100,wh2_main_def_missile_infantry_bow_shades_great_weapons,missile_infantry
wh2_main_def_dark_elves,wh2_main_sc_def_dark_elves,wh2_main_def_inf_witch_elves_0,false,false,,true,750,wh2_main_def_infantry_dual_daggers,infantry
wh2_main_def_dark_elves,wh2_main_sc_def_dark_elves,wh2_main_def_mon_black_dragon,false,false,,true,1900,dragon,monster_beasts
wh2_main_def_dark_elves,wh2_main_sc_def_dark_elves,wh2_main_def_mon_war_hydra,false,false,,true,1550,wh2_main_def_mon_war_hydra,monster_beasts
wh2_main_def_dark_elves,wh2_main_sc_def_dark_elves,wh2_main_lzd_cav_cold_ones_feral_0,false,true,mp_cap_group_extended_roster_rakarth_units,false,500,wh2_main_cold_one,cavalry_chariots
wh2_main_def_dark_elves,wh2_main_sc_def_dark_elves,wh2_main_lzd_mon_carnosaur_0,false,true,mp_cap_group_extended_roster_rakarth_units,false,1450,wh2_dlc17_lzd_carnosaur,monster_beasts
wh2_main_def_dark_elves,wh2_main_sc_def_dark_elves,wh2_main_lzd_mon_stegadon_0,false,true,mp_cap_group_extended_roster_rakarth_units,false,950,wh2_dlc17_lzd_stegadon_feral,monster_beasts
wh2_main_def_dark_elves,wh2_main_sc_def_dark_elves,wh2_twa03_def_cha_rakarth_0,true,false,,true,900,lord,commander
wh2_main_def_dark_elves,wh2_main_sc_def_dark_elves,wh2_twa03_def_cha_rakarth_1,true,false,,true,1350,lord,commander
wh2_main_def_dark_elves,wh2_main_sc_def_dark_elves,wh2_twa03_def_cha_rakarth_2,true,false,,true,1650,lord,commander
wh2_main_def_dark_elves,wh2_main_sc_def_dark_elves,wh2_twa03_def_cha_rakarth_3,true,false,,true,2200,lord,commander
wh2_main_def_dark_elves,wh2_main_sc_def_dark_elves,wh2_twa03_def_mon_war_mammoth_0,false,true,mp_cap_group_extended_roster_rakarth_units,false,1450,nor_mammoth,monster_beasts
wh2_main_def_dark_elves,wh2_main_sc_def_dark_elves,wh2_twa03_def_mon_wolves_0,false,true,mp_cap_group_extended_roster_rakarth_units,false,650,war_beast,monster_beasts
wh2_main_def_dark_elves,wh2_main_sc_def_dark_elves,wh2_twa03_grn_mon_wyvern_0,false,true,mp_cap_group_extended_roster_rakarth_units,false,1200,dragon,monster_beasts
wh2_main_def_dark_elves,wh2_main_sc_def_dark_elves,wh3_main_monster_feral_bears,false,true,mp_cap_group_extended_roster,false,850,wh3_main_monster_feral_bear,monster_beasts
wh2_main_def_dark_elves,wh2_main_sc_def_dark_elves,wh3_main_monster_feral_ice_bears,false,true,mp_cap_group_extended_roster,false,1100,wh3_main_monster_feral_bear,monster_beasts
wh2_main_def_dark_elves,wh2_main_sc_def_dark_elves,wh3_main_ogr_mon_sabretusk_pack_0,false,true,mp_cap_group_extended_roster_rakarth_units,false,525,war_beast,monster_beasts
wh2_main_def_dark_elves,wh2_main_sc_def_dark_elves,wh_twa03_def_inf_squig_explosive_0,false,true,mp_cap_group_extended_roster_rakarth_units,false,425,wh2_dlc15_squig_explosive,monster_beasts
wh2_main_hef_high_elves,wh2_main_sc_hef_high_elves,wh2_dlc10_hef_cav_the_fireborn_ror_0,false,false,,true,1850,shock_cavalry,cavalry_chariots
wh2_main_hef_high_elves,wh2_main_sc_hef_high_elves,wh2_dlc10_hef_cav_the_heralds_of_the_wind_ror_0,false,false,,true,800,missile_cavalry_bow,missile_cavalry_chariots
wh2_main_hef_high_elves,wh2_main_sc_hef_high_elves,wh2_dlc10_hef_cha_alarielle_the_radiant_0,true,false,,true,600,lord_wizard_life,commander
wh2_main_hef_high_elves,wh2_main_sc_hef_high_elves,wh2_dlc10_hef_cha_alarielle_the_radiant_2,true,false,,true,850,lord_wizard_life,commander
wh2_main_hef_high_elves,wh2_main_sc_hef_high_elves,wh2_dlc10_hef_cha_alarielle_the_radiant_3,true,false,,true,1150,lord_wizard_life,commander
wh2_main_hef_high_elves,wh2_main_sc_hef_high_elves,wh2_dlc10_hef_cha_alith_anar_0,true,false,,true,900,lord,commander
wh2_main_hef_high_elves,wh2_main_sc_hef_high_elves,wh2_dlc10_hef_cha_handmaiden_0,false,false,,true,700,wh2_dlc10_hef_handmaiden,heroes_agents
wh2_main_hef_high_elves,wh2_main_sc_hef_high_elves,wh2_dlc10_hef_cha_handmaiden_2,false,false,,true,950,wh2_dlc10_hef_handmaiden,heroes_agents
wh2_main_hef_high_elves,wh2_main_sc_hef_high_elves,wh2_dlc10_hef_cha_mage_heavens_0,false,false,,true,300,wizard_heavens,heroes_agents
wh2_main_hef_high_elves,wh2_main_sc_hef_high_elves,wh2_dlc10_hef_cha_mage_heavens_1,false,false,,true,550,wizard_heavens,heroes_agents
wh2_main_hef_high_elves,wh2_main_sc_hef_high_elves,wh2_dlc10_hef_cha_mage_heavens_2,false,false,,true,750,wizard_heavens,heroes_agents
wh2_main_hef_high_elves,wh2_main_sc_hef_high_elves,wh2_dlc10_hef_cha_mage_shadows_0,false,false,,true,300,wizard_shadows,heroes_agents
wh2_main_hef_high_elves,wh2_main_sc_hef_high_elves,wh2_dlc10_hef_cha_mage_shadows_1,false,false,,true,550,wizard_shadows,heroes_agents
wh2_main_hef_high_elves,wh2_main_sc_hef_high_elves,wh2_dlc10_hef_cha_mage_shadows_2,false,false,,true,750,wizard_shadows,heroes_agents
wh2_main_hef_high_elves,wh2_main_sc_hef_high_elves,wh2_dlc10_hef_cha_shadow_walker,false,true,mp_cap_group_extended_roster,false,1200,wh2_dlc10_hef_hand_of_the_shadow_crown,heroes_agents
wh2_main_hef_high_elves,wh2_main_sc_hef_high_elves,wh2_dlc10_hef_inf_dryads_0,false,true,mp_cap_group_extended_roster,false,550,wh_dlc05_wef_dryad,infantry
wh2_main_hef_high_elves,wh2_main_sc_hef_high_elves,wh2_dlc10_hef_inf_everqueens_court_guards_ror_0,false,false,,true,1250,missile_infantry_bow,missile_infantry
wh2_main_hef_high_elves,wh2_main_sc_hef_high_elves,wh2_dlc10_hef_inf_keepers_of_the_flame_ror_0,false,false,,true,1500,infantry_spear_halberd,infantry
wh2_main_hef_high_elves,wh2_main_sc_hef_high_elves,wh2_dlc10_hef_inf_shadow_walkers_0,false,false,,true,1000,missile_infantry_bow,missile_infantry
wh2_main_hef_high_elves,wh2_main_sc_hef_high_elves,wh2_dlc10_hef_inf_shadow_warriors_0,false,false,,true,850,missile_infantry_bow,missile_infantry
wh2_main_hef_high_elves,wh2_main_sc_hef_high_elves,wh2_dlc10_hef_inf_sisters_of_avelorn_0,false,false,,true,1050,missile_infantry_bow,missile_infantry
wh2_main_hef_high_elves,wh2_main_sc_hef_high_elves,wh2_dlc10_hef_inf_the_grey_ror_0,false,false,,true,1050,missile_infantry_bow,missile_infantry
wh2_main_hef_high_elves,wh2_main_sc_hef_high_elves,wh2_dlc10_hef_inf_the_scions_of_mathlann_ror_0,false,false,,true,800,infantry_spear,infantry
wh2_main_hef_high_elves,wh2_main_sc_hef_high_elves,wh2_dlc10_hef_inf_the_silverpelts_ror_0,false,false,,true,1000,infantry_axe_great,infantry
wh2_main_hef_high_elves,wh2_main_sc_hef_high_elves,wh2_dlc10_hef_inf_the_storm_riders_ror_0,false,false,,true,800,wh2_main_hef_missile_infantry_bow_spear,missile_infantry
wh2_main_hef_high_elves,wh2_main_sc_hef_high_elves,wh2_dlc10_hef_mon_treekin_0,false,true,mp_cap_group_extended_roster,false,900,monstrous_infantry,monster_beasts
wh2_main_hef_high_elves,wh2_main_sc_hef_high_elves,wh2_dlc10_hef_mon_treeman_0,false,true,mp_cap_group_extended_roster,false,1500,wh_dlc05_wef_treeman,monster_beasts
wh2_main_hef_high_elves,wh2_main_sc_hef_high_elves,wh2_dlc15_hef_cha_alastair_1,true,false,,true,1550,lord,commander
wh2_main_hef_high_elves,wh2_main_sc_hef_high_elves,wh2_dlc15_hef_cha_archmage_beasts_0,true,false,,true,450,lord_wizard_beasts,commander
wh2_main_hef_high_elves,wh2_main_sc_hef_high_elves,wh2_dlc15_hef_cha_archmage_beasts_1,true,false,,true,700,lord_wizard_beasts,commander
wh2_main_hef_high_elves,wh2_main_sc_hef_high_elves,wh2_dlc15_hef_cha_archmage_beasts_2,true,false,,true,900,lord_wizard_beasts,commander
wh2_main_hef_high_elves,wh2_main_sc_hef_high_elves,wh2_dlc15_hef_cha_archmage_beasts_3,true,false,,true,1000,lord_wizard_beasts,commander
wh2_main_hef_high_elves,wh2_main_sc_hef_high_elves,wh2_dlc15_hef_cha_archmage_beasts_4,true,false,,true,2000,lord_wizard_beasts,commander
wh2_main_hef_high_elves,wh2_main_sc_hef_high_elves,wh2_dlc15_hef_cha_archmage_death_0,true,false,,true,450,lord_wizard_death,commander
wh2_main_hef_high_elves,wh2_main_sc_hef_high_elves,wh2_dlc15_hef_cha_archmage_death_1,true,false,,true,700,lord_wizard_death,commander
wh2_main_hef_high_elves,wh2_main_sc_hef_high_elves,wh2_dlc15_hef_cha_archmage_death_2,true,false,,true,900,lord_wizard_death,commander
wh2_main_hef_high_elves,wh2_main_sc_hef_high_elves,wh2_dlc15_hef_cha_archmage_death_3,true,false,,true,1000,lord_wizard_death,commander
wh2_main_hef_high_elves,wh2_main_sc_hef_high_elves,wh2_dlc15_hef_cha_archmage_death_4,true,false,,true,2000,lord_wizard_death,commander
wh2_main_hef_high_elves,wh2_main_sc_hef_high_elves,wh2_dlc15_hef_cha_archmage_fire_0,true,false,,true,450,lord_wizard_fire,commander
wh2_main_hef_high_elves,wh2_main_sc_hef_high_elves,wh2_dlc15_hef_cha_archmage_fire_1,true,false,,true,700,lord_wizard_fire,commander
wh2_main_hef_high_elves,wh2_main_sc_hef_high_elves,wh2_dlc15_hef_cha_archmage_fire_2,true,false,,true,900,lord_wizard_fire,commander
wh2_main_hef_high_elves,wh2_main_sc_hef_high_elves,wh2_dlc15_hef_cha_archmage_fire_3,true,false,,true,1000,lord_wizard_fire,commander
wh2_main_hef_high_elves,wh2_main_sc_hef_high_elves,wh2_dlc15_hef_cha_archmage_fire_4,true,false,,true,2000,lord_wizard_fire,commander
wh2_main_hef_high_elves,wh2_main_sc_hef_high_elves,wh2_dlc15_hef_cha_archmage_heavens_0,true,false,,true,450,lord_wizard_heavens,commander
wh2_main_hef_high_elves,wh2_main_sc_hef_high_elves,wh2_dlc15_hef_cha_archmage_heavens_1,true,false,,true,700,lord_wizard_heavens,commander
wh2_main_hef_high_elves,wh2_main_sc_hef_high_elves,wh2_dlc15_hef_cha_archmage_heavens_2,true,false,,true,900,lord_wizard_heavens,commander
wh2_main_hef_high_elves,wh2_main_sc_hef_high_elves,wh2_dlc15_hef_cha_archmage_heavens_3,true,false,,true,1000,lord_wizard_heavens,commander
wh2_main_hef_high_elves,wh2_main_sc_hef_high_elves,wh2_dlc15_hef_cha_archmage_heavens_4,true,false,,true,2000,lord_wizard_heavens,commander
wh2_main_hef_high_elves,wh2_main_sc_hef_high_elves,wh2_dlc15_hef_cha_archmage_high_0,true,false,,true,450,wh2_main_lord_wizard_high,commander
wh2_main_hef_high_elves,wh2_main_sc_hef_high_elves,wh2_dlc15_hef_cha_archmage_high_1,true,false,,true,700,wh2_main_lord_wizard_high,commander
wh2_main_hef_high_elves,wh2_main_sc_hef_high_elves,wh2_dlc15_hef_cha_archmage_high_2,true,false,,true,900,wh2_main_lord_wizard_high,commander
wh2_main_hef_high_elves,wh2_main_sc_hef_high_elves,wh2_dlc15_hef_cha_archmage_high_3,true,false,,true,1000,wh2_main_lord_wizard_high,commander
wh2_main_hef_high_elves,wh2_main_sc_hef_high_elves,wh2_dlc15_hef_cha_archmage_high_4,true,false,,true,2000,wh2_main_lord_wizard_high,commander
wh2_main_hef_high_elves,wh2_main_sc_hef_high_elves,wh2_dlc15_hef_cha_archmage_life_0,true,false,,true,450,lord_wizard_life,commander
wh2_main_hef_high_elves,wh2_main_sc_hef_high_elves,wh2_dlc15_hef_cha_archmage_life_1,true,false,,true,700,lord_wizard_life,commander
wh2_main_hef_high_elves,wh2_main_sc_hef_high_elves,wh2_dlc15_hef_cha_archmage_life_2,true,false,,true,900,lord_wizard_life,commander
wh2_main_hef_high_elves,wh2_main_sc_hef_high_elves,wh2_dlc15_hef_cha_archmage_life_3,true,false,,true,1000,lord_wizard_life,commander
wh2_main_hef_high_elves,wh2_main_sc_hef_high_elves,wh2_dlc15_hef_cha_archmage_life_4,true,false,,true,2000,lord_wizard_life,commander
wh2_main_hef_high_elves,wh2_main_sc_hef_high_elves,wh2_dlc15_hef_cha_archmage_light_0,true,false,,true,450,lord_wizard_light,commander
wh2_main_hef_high_elves,wh2_main_sc_hef_high_elves,wh2_dlc15_hef_cha_archmage_light_1,true,false,,true,700,lord_wizard_light,commander
wh2_main_hef_high_elves,wh2_main_sc_hef_high_elves,wh2_dlc15_hef_cha_archmage_light_2,true,false,,true,900,lord_wizard_light,commander
wh2_main_hef_high_elves,wh2_main_sc_hef_high_elves,wh2_dlc15_hef_cha_archmage_light_3,true,false,,true,1000,lord_wizard_light,commander
wh2_main_hef_high_elves,wh2_main_sc_hef_high_elves,wh2_dlc15_hef_cha_archmage_light_4,true,false,,true,2000,lord_wizard_light,commander
wh2_main_hef_high_elves,wh2_main_sc_hef_high_elves,wh2_dlc15_hef_cha_archmage_metal_0,true,false,,true,450,lord_wizard_metal,commander
wh2_main_hef_high_elves,wh2_main_sc_hef_high_elves,wh2_dlc15_hef_cha_archmage_metal_1,true,false,,true,700,lord_wizard_metal,commander
wh2_main_hef_high_elves,wh2_main_sc_hef_high_elves,wh2_dlc15_hef_cha_archmage_metal_2,true,false,,true,900,lord_wizard_metal,commander
wh2_main_hef_high_elves,wh2_main_sc_hef_high_elves,wh2_dlc15_hef_cha_archmage_metal_3,true,false,,true,1000,lord_wizard_metal,commander
wh2_main_hef_high_elves,wh2_main_sc_hef_high_elves,wh2_dlc15_hef_cha_archmage_metal_4,true,false,,true,2000,lord_wizard_metal,commander
wh2_main_hef_high_elves,wh2_main_sc_hef_high_elves,wh2_dlc15_hef_cha_archmage_shadows_0,true,false,,true,450,lord_wizard_shadows,commander
wh2_main_hef_high_elves,wh2_main_sc_hef_high_elves,wh2_dlc15_hef_cha_archmage_shadows_1,true,false,,true,700,lord_wizard_shadows,commander
wh2_main_hef_high_elves,wh2_main_sc_hef_high_elves,wh2_dlc15_hef_cha_archmage_shadows_2,true,false,,true,900,lord_wizard_shadows,commander
wh2_main_hef_high_elves,wh2_main_sc_hef_high_elves,wh2_dlc15_hef_cha_archmage_shadows_3,true,false,,true,1000,lord_wizard_shadows,commander
wh2_main_hef_high_elves,wh2_main_sc_hef_high_elves,wh2_dlc15_hef_cha_archmage_shadows_4,true,false,,true,2000,lord_wizard_shadows,commander
wh2_main_hef_high_elves,wh2_main_sc_hef_high_elves,wh2_dlc15_hef_cha_eltharion_the_grim_0,true,false,,true,1000,lord,commander
wh2_main_hef_high_elves,wh2_main_sc_hef_high_elves,wh2_dlc15_hef_cha_eltharion_the_grim_1,true,false,,true,1250,lord,commander
wh2_main_hef_high_elves,wh2_main_sc_hef_high_elves,wh2_dlc15_hef_cha_eltharion_the_grim_2,true,false,,true,2000,lord,commander
wh2_main_hef_high_elves,wh2_main_sc_hef_high_elves,wh2_dlc15_hef_cha_imrik_0,true,false,,true,1200,lord,commander
wh2_main_hef_high_elves,wh2_main_sc_hef_high_elves,wh2_dlc15_hef_cha_imrik_1,true,false,,true,1450,lord,commander
wh2_main_hef_high_elves,wh2_main_sc_hef_high_elves,wh2_dlc15_hef_cha_imrik_2,true,false,,true,2550,lord,commander
wh2_main_hef_high_elves,wh2_main_sc_hef_high_elves,wh2_dlc15_hef_cha_mage_beasts_0,false,false,,true,300,wizard_beasts,heroes_agents
wh2_main_hef_high_elves,wh2_main_sc_hef_high_elves,wh2_dlc15_hef_cha_mage_beasts_1,false,false,,true,550,wizard_beasts,heroes_agents
wh2_main_hef_high_elves,wh2_main_sc_hef_high_elves,wh2_dlc15_hef_cha_mage_beasts_2,false,false,,true,750,wizard_beasts,heroes_agents
wh2_main_hef_high_elves,wh2_main_sc_hef_high_elves,wh2_dlc15_hef_cha_mage_death_0,false,false,,true,300,wizard_death,heroes_agents
wh2_main_hef_high_elves,wh2_main_sc_hef_high_elves,wh2_dlc15_hef_cha_mage_death_1,false,false,,true,550,wizard_death,heroes_agents
wh2_main_hef_high_elves,wh2_main_sc_hef_high_elves,wh2_dlc15_hef_cha_mage_death_2,false,false,,true,750,wizard_death,heroes_agents
wh2_main_hef_high_elves,wh2_main_sc_hef_high_elves,wh2_dlc15_hef_cha_mage_fire_0,false,false,,true,300,wizard_fire,heroes_agents
wh2_main_hef_high_elves,wh2_main_sc_hef_high_elves,wh2_dlc15_hef_cha_mage_fire_1,false,false,,true,550,wizard_fire,heroes_agents
wh2_main_hef_high_elves,wh2_main_sc_hef_high_elves,wh2_dlc15_hef_cha_mage_fire_2,false,false,,true,750,wizard_fire,heroes_agents
wh2_main_hef_high_elves,wh2_main_sc_hef_high_elves,wh2_dlc15_hef_cha_mage_fire_3,false,false,,true,1750,wizard_fire,heroes_agents
wh2_main_hef_high_elves,wh2_main_sc_hef_high_elves,wh2_dlc15_hef_cha_mage_metal_0,false,false,,true,300,wizard_metal,heroes_agents
wh2_main_hef_high_elves,wh2_main_sc_hef_high_elves,wh2_dlc15_hef_cha_mage_metal_1,false,false,,true,550,wizard_metal,heroes_agents
wh2_main_hef_high_elves,wh2_main_sc_hef_high_elves,wh2_dlc15_hef_cha_mage_metal_2,false,false,,true,750,wizard_metal,heroes_agents
wh2_main_hef_high_elves,wh2_main_sc_hef_high_elves,wh2_dlc15_hef_cha_prince_6,true,false,,true,1550,lord,commander
wh2_main_hef_high_elves,wh2_main_sc_hef_high_elves,wh2_dlc15_hef_cha_princess_6,true,false,,true,1550,lord,commander
wh2_main_hef_high_elves,wh2_main_sc_hef_high_elves,wh2_dlc15_hef_cha_teclis_2,true,false,,true,2200,wh2_main_lord_wizard_high,commander
wh2_main_hef_high_elves,wh2_main_sc_hef_high_elves,wh2_dlc15_hef_inf_archers_ror_0,false,false,,true,675,missile_infantry_bow,missile_infantry
wh2_main_hef_high_elves,wh2_main_sc_hef_high_elves,wh2_dlc15_hef_inf_mistwalkers_faithbearers_0,false,true,mp_cap_group_extended_roster,false,1000,wh2_dlc15_hef_mistwalkers_sword,infantry
wh2_main_hef_high_elves,wh2_main_sc_hef_high_elves,wh2_dlc15_hef_inf_mistwalkers_griffon_knights_0,false,true,mp_cap_group_extended_roster,false,2600,wh2_dlc15_hef_mistwalkers_cavalry,monster_beasts
wh2_main_hef_high_elves,wh2_main_sc_hef_high_elves,wh2_dlc15_hef_inf_mistwalkers_sentinels_0,false,true,mp_cap_group_extended_roster,false,750,wh2_dlc15_hef_mistwalkers_hybrid,missile_infantry
wh2_main_hef_high_elves,wh2_main_sc_hef_high_elves,wh2_dlc15_hef_inf_mistwalkers_skyhawks_0,false,true,mp_cap_group_extended_roster,false,1100,wh2_dlc15_hef_close_quarters_missile_infantry,missile_infantry
wh2_main_hef_high_elves,wh2_main_sc_hef_high_elves,wh2_dlc15_hef_inf_mistwalkers_spireguard_0,false,true,mp_cap_group_extended_roster,false,850,wh2_dlc15_hef_mistwalkers_hybrid,missile_infantry
wh2_main_hef_high_elves,wh2_main_sc_hef_high_elves,wh2_dlc15_hef_inf_rangers_0,false,false,,true,600,wh2_main_infantry_dual_swords,infantry
wh2_main_hef_high_elves,wh2_main_sc_hef_high_elves,wh2_dlc15_hef_inf_silverin_guard_0,false,false,,true,850,infantry_spear,infantry
wh2_main_hef_high_elves,wh2_main_sc_hef_high_elves,wh2_dlc15_hef_mon_arcane_phoenix_0,false,false,,true,1850,wh2_dlc15_hef_phoenix_arcane,monster_beasts
wh2_main_hef_high_elves,wh2_main_sc_hef_high_elves,wh2_dlc15_hef_mon_arcane_phoenix_ror_0,false,false,,true,2250,wh2_dlc15_hef_phoenix_arcane,monster_beasts
wh2_main_hef_high_elves,wh2_main_sc_hef_high_elves,wh2_dlc15_hef_mon_black_dragon_imrik,false,true,mp_cap_group_extended_roster,false,2200,dragon,monster_beasts
wh2_main_hef_high_elves,wh2_main_sc_hef_high_elves,wh2_dlc15_hef_mon_forest_dragon_imrik,false,true,mp_cap_group_extended_roster,false,1700,dragon,monster_beasts
wh2_main_hef_high_elves,wh2_main_sc_hef_high_elves,wh2_dlc15_hef_mon_moon_dragon_imrik,false,true,mp_cap_group_extended_roster,false,2000,dragon,monster_beasts
wh2_main_hef_high_elves,wh2_main_sc_hef_high_elves,wh2_dlc15_hef_mon_star_dragon_imrik,false,true,mp_cap_group_extended_roster,false,2400,dragon,monster_beasts
wh2_main_hef_high_elves,wh2_main_sc_hef_high_elves,wh2_dlc15_hef_mon_sun_dragon_imrik,false,true,mp_cap_group_extended_roster,false,1800,dragon,monster_beasts
wh2_main_hef_high_elves,wh2_main_sc_hef_high_elves,wh2_dlc15_hef_mon_war_lions_of_chrace_0,false,false,,true,825,war_beast,monster_beasts
wh2_main_hef_high_elves,wh2_main_sc_hef_high_elves,wh2_dlc15_hef_mon_war_lions_of_chrace_ror_0,false,false,,true,1050,war_beast,monster_beasts
wh2_main_hef_high_elves,wh2_main_sc_hef_high_elves,wh2_dlc15_hef_veh_lion_chariot_of_chrace_0,false,false,,true,1250,monstrous_chariot,cavalry_chariots
wh2_main_hef_high_elves,wh2_main_sc_hef_high_elves,wh2_main_hef_art_eagle_claw_bolt_thrower,false,false,,true,700,wh_dlc06_bolt_thrower,artillery_war_machines
wh2_main_hef_high_elves,wh2_main_sc_hef_high_elves,wh2_main_hef_cav_dragon_princes,false,false,,true,1400,shock_cavalry,cavalry_chariots
wh2_main_hef_high_elves,wh2_main_sc_hef_high_elves,wh2_main_hef_cav_ellyrian_reavers_0,false,false,,true,550,shock_cavalry,cavalry_chariots
wh2_main_hef_high_elves,wh2_main_sc_hef_high_elves,wh2_main_hef_cav_ellyrian_reavers_1,false,false,,true,600,missile_cavalry_bow,missile_cavalry_chariots
wh2_main_hef_high_elves,wh2_main_sc_hef_high_elves,wh2_main_hef_cav_ithilmar_chariot,false,false,,true,950,chariot,cavalry_chariots
wh2_main_hef_high_elves,wh2_main_sc_hef_high_elves,wh2_main_hef_cav_silver_helms_0,false,false,,true,900,shock_cavalry,cavalry_chariots
wh2_main_hef_high_elves,wh2_main_sc_hef_high_elves,wh2_main_hef_cav_silver_helms_1,false,false,,true,1000,shock_cavalry,cavalry_chariots
wh2_main_hef_high_elves,wh2_main_sc_hef_high_elves,wh2_main_hef_cav_tiranoc_chariot,false,false,,true,900,missile_chariot,missile_cavalry_chariots
wh2_main_hef_high_elves,wh2_main_sc_hef_high_elves,wh2_main_hef_cha_alastair_0,true,false,,true,1000,lord,commander
wh2_main_hef_high_elves,wh2_main_sc_hef_high_elves,wh2_main_hef_cha_alastair_3,true,false,,true,1400,lord,commander
wh2_main_hef_high_elves,wh2_main_sc_hef_high_elves,wh2_main_hef_cha_alastair_4,true,false,,true,1950,lord,commander
wh2_main_hef_high_elves,wh2_main_sc_hef_high_elves,wh2_main_hef_cha_alastair_5,true,false,,true,2550,lord,commander
wh2_main_hef_high_elves,wh2_main_sc_hef_high_elves,wh2_main_hef_cha_loremaster_of_hoeth_0,false,false,,true,750,wh2_main_hef_hero_loremaster,heroes_agents
wh2_main_hef_high_elves,wh2_main_sc_hef_high_elves,wh2_main_hef_cha_mage_high_0,false,false,,true,300,wh2_main_wizard_high,heroes_agents
wh2_main_hef_high_elves,wh2_main_sc_hef_high_elves,wh2_main_hef_cha_mage_high_1,false,false,,true,550,wh2_main_wizard_high,heroes_agents
wh2_main_hef_high_elves,wh2_main_sc_hef_high_elves,wh2_main_hef_cha_mage_high_4,false,false,,true,750,wh2_main_wizard_high,heroes_agents
wh2_main_hef_high_elves,wh2_main_sc_hef_high_elves,wh2_main_hef_cha_mage_life_0,false,false,,true,300,wizard_life,heroes_agents
wh2_main_hef_high_elves,wh2_main_sc_hef_high_elves,wh2_main_hef_cha_mage_life_1,false,false,,true,550,wizard_life,heroes_agents
wh2_main_hef_high_elves,wh2_main_sc_hef_high_elves,wh2_main_hef_cha_mage_life_4,false,false,,true,750,wizard_life,heroes_agents
wh2_main_hef_high_elves,wh2_main_sc_hef_high_elves,wh2_main_hef_cha_mage_light_0,false,false,,true,300,wizard_light,heroes_agents
wh2_main_hef_high_elves,wh2_main_sc_hef_high_elves,wh2_main_hef_cha_mage_light_1,false,false,,true,550,wizard_light,heroes_agents
wh2_main_hef_high_elves,wh2_main_sc_hef_high_elves,wh2_main_hef_cha_mage_light_4,false,false,,true,750,wizard_light,heroes_agents
wh2_main_hef_high_elves,wh2_main_sc_hef_high_elves,wh2_main_hef_cha_noble_0,false,false,,true,600,wh2_main_hef_hero_champion,heroes_agents
wh2_main_hef_high_elves,wh2_main_sc_hef_high_elves,wh2_main_hef_cha_noble_2,false,false,,true,850,wh2_main_hef_hero_champion,heroes_agents
wh2_main_hef_high_elves,wh2_main_sc_hef_high_elves,wh2_main_hef_cha_noble_3,false,false,,true,1100,wh2_main_hef_hero_champion,heroes_agents
wh2_main_hef_high_elves,wh2_main_sc_hef_high_elves,wh2_main_hef_cha_noble_4,false,false,,true,1050,wh2_main_hef_hero_champion,heroes_agents
wh2_main_hef_high_elves,wh2_main_sc_hef_high_elves,wh2_main_hef_cha_prince_0,true,false,,true,850,lord,commander
wh2_main_hef_high_elves,wh2_main_sc_hef_high_elves,wh2_main_hef_cha_prince_2,true,false,,true,1100,lord,commander
wh2_main_hef_high_elves,wh2_main_sc_hef_high_elves,wh2_main_hef_cha_prince_3,true,false,,true,1400,lord,commander
wh2_main_hef_high_elves,wh2_main_sc_hef_high_elves,wh2_main_hef_cha_prince_4,true,false,,true,1800,lord,commander
wh2_main_hef_high_elves,wh2_main_sc_hef_high_elves,wh2_main_hef_cha_prince_5,true,false,,true,2400,lord,commander
wh2_main_hef_high_elves,wh2_main_sc_hef_high_elves,wh2_main_hef_cha_princess_0,true,false,,true,850,lord,commander
wh2_main_hef_high_elves,wh2_main_sc_hef_high_elves,wh2_main_hef_cha_princess_1,true,false,,true,1100,lord,commander
wh2_main_hef_high_elves,wh2_main_sc_hef_high_elves,wh2_main_hef_cha_princess_3,true,false,,true,1400,lord,commander
wh2_main_hef_high_elves,wh2_main_sc_hef_high_elves,wh2_main_hef_cha_princess_4,true,false,,true,2000,lord,commander
wh2_main_hef_high_elves,wh2_main_sc_hef_high_elves,wh2_main_hef_cha_princess_5,true,false,,true,2400,lord,commander
wh2_main_hef_high_elves,wh2_main_sc_hef_high_elves,wh2_main_hef_cha_teclis_0,true,false,,true,450,wh2_main_lord_wizard_high,commander
wh2_main_hef_high_elves,wh2_main_sc_hef_high_elves,wh2_main_hef_cha_teclis_1,true,false,,true,700,wh2_main_lord_wizard_high,commander
wh2_main_hef_high_elves,wh2_main_sc_hef_high_elves,wh2_main_hef_cha_tyrion_0,true,false,,true,1300,lord,commander
wh2_main_hef_high_elves,wh2_main_sc_hef_high_elves,wh2_main_hef_cha_tyrion_1,true,false,,true,1600,lord,commander
wh2_main_hef_high_elves,wh2_main_sc_hef_high_elves,wh2_main_hef_inf_archers_0,false,false,,true,450,missile_infantry_bow,missile_infantry
wh2_main_hef_high_elves,wh2_main_sc_hef_high_elves,wh2_main_hef_inf_archers_1,false,false,,true,475,missile_infantry_bow,missile_infantry
wh2_main_hef_high_elves,wh2_main_sc_hef_high_elves,wh2_main_hef_inf_gate_guard,false,true,mp_cap_group_extended_roster,false,850,wh2_main_hef_missile_infantry_bow_spear,missile_infantry
wh2_main_hef_high_elves,wh2_main_sc_hef_high_elves,wh2_main_hef_inf_lothern_sea_guard_0,false,false,,true,650,wh2_main_hef_missile_infantry_bow_spear,missile_infantry
wh2_main_hef_high_elves,wh2_main_sc_hef_high_elves,wh2_main_hef_inf_lothern_sea_guard_1,false,false,,true,750,wh2_main_hef_missile_infantry_bow_spear,missile_infantry
wh2_main_hef_high_elves,wh2_main_sc_hef_high_elves,wh2_main_hef_inf_phoenix_guard,false,false,,true,1300,infantry_spear_halberd,infantry
wh2_main_hef_high_elves,wh2_main_sc_hef_high_elves,wh2_main_hef_inf_spearmen_0,false,false,,true,500,infantry_spear,infantry
wh2_main_hef_high_elves,wh2_main_sc_hef_high_elves,wh2_main_hef_inf_swordmasters_of_hoeth_0,false,false,,true,1300,infantry_sword_great,infantry
wh2_main_hef_high_elves,wh2_main_sc_hef_high_elves,wh2_main_hef_inf_white_lions_of_chrace_0,false,false,,true,800,infantry_axe_great,infantry
wh2_main_hef_high_elves,wh2_main_sc_hef_high_elves,wh2_main_hef_mon_great_eagle,false,false,,true,750,wh_dlc05_wef_great_eagle,monster_beasts
wh2_main_hef_high_elves,wh2_main_sc_hef_high_elves,wh2_main_hef_mon_moon_dragon,false,false,,true,1800,dragon,monster_beasts
wh2_main_hef_high_elves,wh2_main_sc_hef_high_elves,wh2_main_hef_mon_phoenix_flamespyre,false,false,,true,1350,wh2_main_hef_phoenix_fire,monster_beasts
wh2_main_hef_high_elves,wh2_main_sc_hef_high_elves,wh2_main_hef_mon_phoenix_frostheart,false,false,,true,1500,wh2_main_hef_phoenix_frost,monster_beasts
wh2_main_hef_high_elves,wh2_main_sc_hef_high_elves,wh2_main_hef_mon_star_dragon,false,false,,true,2200,dragon,monster_beasts
wh2_main_hef_high_elves,wh2_main_sc_hef_high_elves,wh2_main_hef_mon_sun_dragon,false,false,,true,1600,dragon,monster_beasts
wh2_main_hef_high_elves,wh2_main_sc_hef_high_elves,wh3_dlc27_hef_cha_caradryan,false,false,,true,900,wh3_dlc27_hef_caradryan,heroes_agents
wh2_main_hef_high_elves,wh2_main_sc_hef_high_elves,wh3_dlc27_hef_cha_caradryan_ashtari,false,false,,true,1800,wh3_dlc27_hef_caradryan,heroes_agents
wh2_main_hef_high_elves,wh2_main_sc_hef_high_elves,wh3_dlc27_hef_cha_caradryan_chariot,false,false,,true,1350,wh3_dlc27_hef_caradryan,heroes_agents
wh2_main_hef_high_elves,wh2_main_sc_hef_high_elves,wh3_dlc27_hef_cha_caradryan_steed,false,false,,true,1150,wh3_dlc27_hef_caradryan,heroes_agents
wh2_main_hef_high_elves,wh2_main_sc_hef_high_elves,wh3_dlc27_hef_cha_mist_mage,false,false,,true,350,wizard_mists,heroes_agents
wh2_main_hef_high_elves,wh2_main_sc_hef_high_elves,wh3_dlc27_hef_cha_mist_mage_eagle,false,false,,true,900,wizard_mists,heroes_agents
wh2_main_hef_high_elves,wh2_main_sc_hef_high_elves,wh3_dlc27_hef_cha_mist_mage_skycutter,false,false,,true,1050,wizard_mists,heroes_agents
wh2_main_hef_high_elves,wh2_main_sc_hef_high_elves,wh3_dlc27_hef_cha_sea_helm,true,false,,true,750,lord,commander
wh2_main_hef_high_elves,wh2_main_sc_hef_high_elves,wh3_dlc27_hef_cha_sea_helm_eagle,true,false,,true,1350,lord,commander
wh2_main_hef_high_elves,wh2_main_sc_hef_high_elves,wh3_dlc27_hef_cha_sea_helm_skycutter,true,false,,true,1450,lord,commander
wh2_main_hef_high_elves,wh2_main_sc_hef_high_elves,wh3_dlc27_hef_cha_sea_lord_aislinn,true,false,,true,950,lord,commander
wh2_main_hef_high_elves,wh2_main_sc_hef_high_elves,wh3_dlc27_hef_cha_sea_lord_aislinn_dragon,true,false,,true,2400,lord,commander
wh2_main_hef_high_elves,wh2_main_sc_hef_high_elves,wh3_dlc27_hef_cha_sea_lord_aislinn_skycutter,true,false,,true,1600,lord,commander
wh2_main_hef_high_elves,wh2_main_sc_hef_high_elves,wh3_dlc27_hef_inf_oceanids,false,false,,true,1100,wh3_dlc27_hef_oceanids,monster_beasts
wh2_main_hef_high_elves,wh2_main_sc_hef_high_elves,wh3_dlc27_hef_inf_ships_company,false,false,,true,400,infantry_sword,infantry
wh2_main_hef_high_elves,wh2_main_sc_hef_high_elves,wh3_dlc27_hef_inf_ships_company_ror,false,false,,true,625,infantry_axe_great,infantry
wh2_main_hef_high_elves,wh2_main_sc_hef_high_elves,wh3_dlc27_hef_inf_swordmasters_of_hoeth_ror,false,false,,true,1600,infantry_sword_great,infantry
wh2_main_hef_high_elves,wh2_main_sc_hef_high_elves,wh3_dlc27_hef_mon_merwyrm,false,false,,true,2500,wh3_dlc27_hef_merwyrm,monster_beasts
wh2_main_hef_high_elves,wh2_main_sc_hef_high_elves,wh3_dlc27_hef_mon_merwyrm_ror,false,false,,true,3000,wh3_dlc27_hef_merwyrm,monster_beasts
wh2_main_hef_high_elves,wh2_main_sc_hef_high_elves,wh3_dlc27_hef_mon_sea_elemental,false,false,,true,1900,wh3_dlc27_hef_sea_elemental,monster_beasts
wh2_main_hef_high_elves,wh2_main_sc_hef_high_elves,wh3_dlc27_hef_veh_skycutter_bolt_thrower,false,false,,true,1400,wh3_dlc27_hef_skycutter_bolt,missile_cavalry_chariots
wh2_main_hef_high_elves,wh2_main_sc_hef_high_elves,wh3_dlc27_hef_veh_skycutter_bows,false,false,,true,1150,wh3_dlc27_hef_skycutter_bows,missile_cavalry_chariots
wh2_main_lzd_lizardmen,wh2_main_sc_lzd_lizardmen,wh2_dlc12_lzd_cav_cold_one_spearriders_ror_0,false,false,,true,1300,wh2_main_cold_one_spear,cavalry_chariots
wh2_main_lzd_lizardmen,wh2_main_sc_lzd_lizardmen,wh2_dlc12_lzd_cav_ripperdactyl_riders_0,false,false,,true,1100,wh2_dlc17_lzd_ripperdactyl_riders,cavalry_chariots
wh2_main_lzd_lizardmen,wh2_main_sc_lzd_lizardmen,wh2_dlc12_lzd_cav_ripperdactyl_riders_0_blessed,false,true,mp_cap_group_extended_roster,false,1100,wh2_dlc17_lzd_ripperdactyl_riders,cavalry_chariots
wh2_main_lzd_lizardmen,wh2_main_sc_lzd_lizardmen,wh2_dlc12_lzd_cav_ripperdactyl_riders_ror_0,false,false,,true,1400,wh2_dlc17_lzd_ripperdactyl_riders,cavalry_chariots
wh2_main_lzd_lizardmen,wh2_main_sc_lzd_lizardmen,wh2_dlc12_lzd_cav_terradon_riders_ror_0,false,false,,true,850,wh2_main_lzd_terradon,missile_monster_beasts
wh2_main_lzd_lizardmen,wh2_main_sc_lzd_lizardmen,wh2_dlc12_lzd_cha_skink_chief_red_crested_0,true,false,,true,600,lord,commander
wh2_main_lzd_lizardmen,wh2_main_sc_lzd_lizardmen,wh2_dlc12_lzd_cha_skink_chief_red_crested_1,true,false,,true,1000,lord,commander
wh2_main_lzd_lizardmen,wh2_main_sc_lzd_lizardmen,wh2_dlc12_lzd_cha_skink_chief_red_crested_2,true,false,,true,1100,lord,commander
wh2_main_lzd_lizardmen,wh2_main_sc_lzd_lizardmen,wh2_dlc12_lzd_cha_skink_chief_red_crested_3,true,false,,true,2100,lord,commander
wh2_main_lzd_lizardmen,wh2_main_sc_lzd_lizardmen,wh2_dlc12_lzd_cha_skink_priest_beasts_4,false,false,,true,2150,wizard_beasts,heroes_agents
wh2_main_lzd_lizardmen,wh2_main_sc_lzd_lizardmen,wh2_dlc12_lzd_cha_skink_priest_heavens_4,false,false,,true,2150,wizard_heavens,heroes_agents
wh2_main_lzd_lizardmen,wh2_main_sc_lzd_lizardmen,wh2_dlc12_lzd_cha_tehenhauin_0,true,false,,true,1000,lord,commander
wh2_main_lzd_lizardmen,wh2_main_sc_lzd_lizardmen,wh2_dlc12_lzd_cha_tehenhauin_1,true,false,,true,1300,lord,commander
wh2_main_lzd_lizardmen,wh2_main_sc_lzd_lizardmen,wh2_dlc12_lzd_cha_tehenhauin_2,true,false,,true,1500,lord,commander
wh2_main_lzd_lizardmen,wh2_main_sc_lzd_lizardmen,wh2_dlc12_lzd_cha_tehenhauin_3,true,false,,true,2150,lord,commander
wh2_main_lzd_lizardmen,wh2_main_sc_lzd_lizardmen,wh2_dlc12_lzd_cha_tiktaqto_1,true,false,,true,800,lord,commander
wh2_main_lzd_lizardmen,wh2_main_sc_lzd_lizardmen,wh2_dlc12_lzd_inf_saurus_warriors_ror_0,false,false,,true,1100,infantry_spear,infantry
wh2_main_lzd_lizardmen,wh2_main_sc_lzd_lizardmen,wh2_dlc12_lzd_inf_skink_red_crested_0,false,false,,true,525,infantry_axe_great,infantry
wh2_main_lzd_lizardmen,wh2_main_sc_lzd_lizardmen,wh2_dlc12_lzd_inf_skink_red_crested_ror_0,false,false,,true,775,infantry_axe_great,infantry
wh2_main_lzd_lizardmen,wh2_main_sc_lzd_lizardmen,wh2_dlc12_lzd_inf_temple_guards_ror_0,false,false,,true,1550,wh2_main_lzd_infantry_halberd,infantry
wh2_main_lzd_lizardmen,wh2_main_sc_lzd_lizardmen,wh2_dlc12_lzd_lzd_cha_kroak_0,false,false,,true,1350,wh2_dlc12_wizard_lord_kroak,heroes_agents
wh2_main_lzd_lizardmen,wh2_main_sc_lzd_lizardmen,wh2_dlc12_lzd_mon_ancient_salamander_0,false,false,,true,1050,wh2_dlc17_lzd_salamander_ancient,missile_monster_beasts
wh2_main_lzd_lizardmen,wh2_main_sc_lzd_lizardmen,wh2_dlc12_lzd_mon_ancient_salamander_0_blessed,false,true,mp_cap_group_extended_roster,false,1050,wh2_dlc17_lzd_salamander_ancient,missile_monster_beasts
wh2_main_lzd_lizardmen,wh2_main_sc_lzd_lizardmen,wh2_dlc12_lzd_mon_ancient_stegadon_1,false,false,,true,2000,wh2_dlc17_lzd_ancient_stegadon_engine,monster_beasts
wh2_main_lzd_lizardmen,wh2_main_sc_lzd_lizardmen,wh2_dlc12_lzd_mon_ancient_stegadon_ror_0,false,false,,true,2400,wh2_dlc17_lzd_ancient_stegadon,missile_monster_beasts
wh2_main_lzd_lizardmen,wh2_main_sc_lzd_lizardmen,wh2_dlc12_lzd_mon_bastiladon_3,false,false,,true,1000,wh2_dlc17_lzd_bastiladon_healing,monster_beasts
wh2_main_lzd_lizardmen,wh2_main_sc_lzd_lizardmen,wh2_dlc12_lzd_mon_salamander_pack_0,false,false,,true,850,wh2_dlc17_lzd_salamander,missile_monster_beasts
wh2_main_lzd_lizardmen,wh2_main_sc_lzd_lizardmen,wh2_dlc12_lzd_mon_salamander_pack_0_blessed,false,true,mp_cap_group_extended_roster,false,850,wh2_dlc17_lzd_salamander,missile_monster_beasts
wh2_main_lzd_lizardmen,wh2_main_sc_lzd_lizardmen,wh2_dlc12_lzd_mon_salamander_pack_ror_0,false,false,,true,1100,wh2_dlc17_lzd_salamander,missile_monster_beasts
wh2_main_lzd_lizardmen,wh2_main_sc_lzd_lizardmen,wh2_dlc13_lzd_cha_gor_rok_0,true,false,,true,900,lord,commander
wh2_main_lzd_lizardmen,wh2_main_sc_lzd_lizardmen,wh2_dlc13_lzd_cha_kroxigor_ancient_0,true,false,,true,1150,lord,commander
wh2_main_lzd_lizardmen,wh2_main_sc_lzd_lizardmen,wh2_dlc13_lzd_cha_nakai_0,true,false,,true,1550,lord,commander
wh2_main_lzd_lizardmen,wh2_main_sc_lzd_lizardmen,wh2_dlc13_lzd_cha_slann_mage_priest_beasts_0,true,false,,true,650,lord_wizard_beasts,commander
wh2_main_lzd_lizardmen,wh2_main_sc_lzd_lizardmen,wh2_dlc13_lzd_cha_slann_mage_priest_death_0,true,false,,true,650,lord_wizard_death,commander
wh2_main_lzd_lizardmen,wh2_main_sc_lzd_lizardmen,wh2_dlc13_lzd_cha_slann_mage_priest_fire_0,true,false,,true,650,lord_wizard_fire,commander
wh2_main_lzd_lizardmen,wh2_main_sc_lzd_lizardmen,wh2_dlc13_lzd_cha_slann_mage_priest_life_0,true,false,,true,650,lord_wizard_life,commander
wh2_main_lzd_lizardmen,wh2_main_sc_lzd_lizardmen,wh2_dlc13_lzd_cha_slann_mage_priest_metal_0,true,false,,true,650,lord_wizard_metal,commander
wh2_main_lzd_lizardmen,wh2_main_sc_lzd_lizardmen,wh2_dlc13_lzd_cha_slann_mage_priest_shadows_0,true,false,,true,650,lord_wizard_shadows,commander
wh2_main_lzd_lizardmen,wh2_main_sc_lzd_lizardmen,wh2_dlc13_lzd_mon_dread_saurian_0,false,false,,true,2400,wh2_dlc17_lzd_dread_saurian,monster_beasts
wh2_main_lzd_lizardmen,wh2_main_sc_lzd_lizardmen,wh2_dlc13_lzd_mon_dread_saurian_1,false,false,,true,3100,wh2_dlc17_lzd_dread_saurian,monster_beasts
wh2_main_lzd_lizardmen,wh2_main_sc_lzd_lizardmen,wh2_dlc13_lzd_mon_dread_saurian_ror_0,false,false,,true,3700,wh2_dlc17_lzd_dread_saurian,monster_beasts
wh2_main_lzd_lizardmen,wh2_main_sc_lzd_lizardmen,wh2_dlc13_lzd_mon_razordon_pack_0,false,false,,true,800,wh2_dlc17_lzd_razordon,missile_monster_beasts
wh2_main_lzd_lizardmen,wh2_main_sc_lzd_lizardmen,wh2_dlc13_lzd_mon_razordon_pack_0_blessed,false,true,mp_cap_group_extended_roster,false,800,wh2_dlc17_lzd_razordon,missile_monster_beasts
wh2_main_lzd_lizardmen,wh2_main_sc_lzd_lizardmen,wh2_dlc13_lzd_mon_razordon_pack_ror_0,false,false,,true,1075,wh2_dlc17_lzd_razordon,missile_monster_beasts
wh2_main_lzd_lizardmen,wh2_main_sc_lzd_lizardmen,wh2_dlc13_lzd_mon_sacred_kroxigors_0,false,false,,true,1250,wh3_dlc26_monstrous_infantry_magical,monster_beasts
wh2_main_lzd_lizardmen,wh2_main_sc_lzd_lizardmen,wh2_dlc13_lzd_mon_sacred_kroxigors_0_blessed,false,true,mp_cap_group_extended_roster,false,1250,wh3_dlc26_monstrous_infantry_magical,monster_beasts
wh2_main_lzd_lizardmen,wh2_main_sc_lzd_lizardmen,wh2_dlc13_lzd_mon_sacred_kroxigors_ror_0,false,false,,true,1700,wh3_dlc26_monstrous_infantry_magical,monster_beasts
wh2_main_lzd_lizardmen,wh2_main_sc_lzd_lizardmen,wh2_dlc17_lzd_cha_oxyotl_0,true,false,,true,1050,lord,commander
wh2_main_lzd_lizardmen,wh2_main_sc_lzd_lizardmen,wh2_dlc17_lzd_cha_skink_oracle_troglodon_0,false,false,,true,1800,wh2_dlc17_lzd_hero_oracle,heroes_agents
wh2_main_lzd_lizardmen,wh2_main_sc_lzd_lizardmen,wh2_dlc17_lzd_inf_chameleon_stalkers_0,false,false,,true,600,wh2_dlc17_chameleon_stalkers,infantry
wh2_main_lzd_lizardmen,wh2_main_sc_lzd_lizardmen,wh2_dlc17_lzd_inf_chameleon_stalkers_0_blessed,false,true,mp_cap_group_extended_roster,false,600,wh2_dlc17_chameleon_stalkers,infantry
wh2_main_lzd_lizardmen,wh2_main_sc_lzd_lizardmen,wh2_dlc17_lzd_mon_carnosaur_ror_0,false,false,,true,1800,wh2_dlc17_lzd_carnosaur,monster_beasts
wh2_main_lzd_lizardmen,wh2_main_sc_lzd_lizardmen,wh2_dlc17_lzd_mon_coatl_0,false,false,,true,1700,wh2_dlc17_lzd_coatl,monster_beasts
wh2_main_lzd_lizardmen,wh2_main_sc_lzd_lizardmen,wh2_dlc17_lzd_mon_coatl_ror_0,false,false,,true,1950,wh2_dlc17_lzd_coatl,monster_beasts
wh2_main_lzd_lizardmen,wh2_main_sc_lzd_lizardmen,wh2_dlc17_lzd_mon_troglodon_0,false,false,,true,1550,wh2_dlc17_lzd_troglodon,missile_monster_beasts
wh2_main_lzd_lizardmen,wh2_main_sc_lzd_lizardmen,wh2_dlc17_lzd_mon_troglodon_ror_0,false,false,,true,1800,wh2_dlc17_lzd_troglodon,missile_monster_beasts
wh2_main_lzd_lizardmen,wh2_main_sc_lzd_lizardmen,wh2_main_lzd_cav_cold_one_spearmen_1,false,false,,true,1000,wh2_main_cold_one_spear,cavalry_chariots
wh2_main_lzd_lizardmen,wh2_main_sc_lzd_lizardmen,wh2_main_lzd_cav_cold_one_spearriders_blessed_0,false,true,mp_cap_group_extended_roster,false,1100,wh2_main_cold_one_spear,cavalry_chariots
wh2_main_lzd_lizardmen,wh2_main_sc_lzd_lizardmen,wh2_main_lzd_cav_cold_ones_1,false,false,,true,850,wh2_main_cold_one,cavalry_chariots
wh2_main_lzd_lizardmen,wh2_main_sc_lzd_lizardmen,wh2_main_lzd_cav_cold_ones_feral_0,false,false,,true,500,wh2_main_cold_one,cavalry_chariots
wh2_main_lzd_lizardmen,wh2_main_sc_lzd_lizardmen,wh2_main_lzd_cav_horned_ones_0,false,false,,true,1500,wh2_dlc17_lzd_horned_ones,cavalry_chariots
wh2_main_lzd_lizardmen,wh2_main_sc_lzd_lizardmen,wh2_main_lzd_cav_horned_ones_blessed_0,false,true,mp_cap_group_extended_roster,false,1600,wh2_dlc17_lzd_horned_ones,cavalry_chariots
wh2_main_lzd_lizardmen,wh2_main_sc_lzd_lizardmen,wh2_main_lzd_cav_terradon_riders_0,false,false,,true,600,wh2_main_lzd_terradon,missile_monster_beasts
wh2_main_lzd_lizardmen,wh2_main_sc_lzd_lizardmen,wh2_main_lzd_cav_terradon_riders_0_blessed,false,true,mp_cap_group_extended_roster,false,600,wh2_main_lzd_terradon,missile_monster_beasts
wh2_main_lzd_lizardmen,wh2_main_sc_lzd_lizardmen,wh2_main_lzd_cav_terradon_riders_1,false,false,,true,750,wh2_main_lzd_terradon,missile_monster_beasts
wh2_main_lzd_lizardmen,wh2_main_sc_lzd_lizardmen,wh2_main_lzd_cav_terradon_riders_blessed_1,false,true,mp_cap_group_extended_roster,false,850,wh2_main_lzd_terradon,missile_monster_beasts
wh2_main_lzd_lizardmen,wh2_main_sc_lzd_lizardmen,wh2_main_lzd_cha_kroq_gar_0,true,false,,true,900,lord,commander
wh2_main_lzd_lizardmen,wh2_main_sc_lzd_lizardmen,wh2_main_lzd_cha_kroq_gar_1,true,false,,true,1850,lord,commander
wh2_main_lzd_lizardmen,wh2_main_sc_lzd_lizardmen,wh2_main_lzd_cha_kroq_gar_2,true,false,,true,1200,lord,commander
wh2_main_lzd_lizardmen,wh2_main_sc_lzd_lizardmen,wh2_main_lzd_cha_kroq_gar_3,true,false,,true,1300,lord,commander
wh2_main_lzd_lizardmen,wh2_main_sc_lzd_lizardmen,wh2_main_lzd_cha_lord_mazdamundi_0,true,false,,true,650,wh2_main_lord_wizard_high,commander
wh2_main_lzd_lizardmen,wh2_main_sc_lzd_lizardmen,wh2_main_lzd_cha_lord_mazdamundi_1,true,false,,true,1900,wh2_main_lord_wizard_high,commander
wh2_main_lzd_lizardmen,wh2_main_sc_lzd_lizardmen,wh2_main_lzd_cha_saurus_old_blood_0,true,false,,true,750,lord,commander
wh2_main_lzd_lizardmen,wh2_main_sc_lzd_lizardmen,wh2_main_lzd_cha_saurus_old_blood_1,true,false,,true,1050,lord,commander
wh2_main_lzd_lizardmen,wh2_main_sc_lzd_lizardmen,wh2_main_lzd_cha_saurus_old_blood_2,true,false,,true,1750,lord,commander
wh2_main_lzd_lizardmen,wh2_main_sc_lzd_lizardmen,wh2_main_lzd_cha_saurus_scar_veteran_0,false,false,,true,650,wh2_main_lzd_hero_champion,heroes_agents
wh2_main_lzd_lizardmen,wh2_main_sc_lzd_lizardmen,wh2_main_lzd_cha_saurus_scar_veteran_1,false,false,,true,950,wh2_main_lzd_hero_champion,heroes_agents
wh2_main_lzd_lizardmen,wh2_main_sc_lzd_lizardmen,wh2_main_lzd_cha_saurus_scar_veteran_2,false,false,,true,1750,wh2_main_lzd_hero_champion,heroes_agents
wh2_main_lzd_lizardmen,wh2_main_sc_lzd_lizardmen,wh2_main_lzd_cha_skink_chief_0,false,false,,true,400,wh2_main_lzd_hero_spy,heroes_agents
wh2_main_lzd_lizardmen,wh2_main_sc_lzd_lizardmen,wh2_main_lzd_cha_skink_chief_1,false,false,,true,700,wh2_main_lzd_hero_spy,heroes_agents
wh2_main_lzd_lizardmen,wh2_main_sc_lzd_lizardmen,wh2_main_lzd_cha_skink_chief_2,false,false,,true,1650,wh2_main_lzd_hero_spy,heroes_agents
wh2_main_lzd_lizardmen,wh2_main_sc_lzd_lizardmen,wh2_main_lzd_cha_skink_chief_3,false,false,,true,1950,wh2_main_lzd_hero_spy,heroes_agents
wh2_main_lzd_lizardmen,wh2_main_sc_lzd_lizardmen,wh2_main_lzd_cha_skink_priest_beasts_0,false,false,,true,250,wizard_beasts,heroes_agents
wh2_main_lzd_lizardmen,wh2_main_sc_lzd_lizardmen,wh2_main_lzd_cha_skink_priest_beasts_1,false,false,,true,700,wizard_beasts,heroes_agents
wh2_main_lzd_lizardmen,wh2_main_sc_lzd_lizardmen,wh2_main_lzd_cha_skink_priest_beasts_2,false,false,,true,1750,wizard_beasts,heroes_agents
wh2_main_lzd_lizardmen,wh2_main_sc_lzd_lizardmen,wh2_main_lzd_cha_skink_priest_beasts_3,false,false,,true,2050,wizard_beasts,heroes_agents
wh2_main_lzd_lizardmen,wh2_main_sc_lzd_lizardmen,wh2_main_lzd_cha_skink_priest_heavens_0,false,false,,true,250,wizard_heavens,heroes_agents
wh2_main_lzd_lizardmen,wh2_main_sc_lzd_lizardmen,wh2_main_lzd_cha_skink_priest_heavens_1,false,false,,true,700,wizard_heavens,heroes_agents
wh2_main_lzd_lizardmen,wh2_main_sc_lzd_lizardmen,wh2_main_lzd_cha_skink_priest_heavens_2,false,false,,true,1750,wizard_heavens,heroes_agents
wh2_main_lzd_lizardmen,wh2_main_sc_lzd_lizardmen,wh2_main_lzd_cha_skink_priest_heavens_3,false,false,,true,2050,wizard_heavens,heroes_agents
wh2_main_lzd_lizardmen,wh2_main_sc_lzd_lizardmen,wh2_main_lzd_cha_slann_mage_priest_heavens_0,true,false,,true,650,lord_wizard_heavens,commander
wh2_main_lzd_lizardmen,wh2_main_sc_lzd_lizardmen,wh2_main_lzd_cha_slann_mage_priest_high_0,true,false,,true,650,wh2_main_lord_wizard_high,commander
wh2_main_lzd_lizardmen,wh2_main_sc_lzd_lizardmen,wh2_main_lzd_cha_slann_mage_priest_light_0,true,false,,true,650,lord_wizard_light,commander
wh2_main_lzd_lizardmen,wh2_main_sc_lzd_lizardmen,wh2_main_lzd_inf_chameleon_skinks_0,false,false,,true,650,wh2_main_lzd_missile_infantry_blowpipe,missile_infantry
wh2_main_lzd_lizardmen,wh2_main_sc_lzd_lizardmen,wh2_main_lzd_inf_chameleon_skinks_blessed_0,false,true,mp_cap_group_extended_roster,false,700,wh2_main_lzd_missile_infantry_blowpipe,missile_infantry
wh2_main_lzd_lizardmen,wh2_main_sc_lzd_lizardmen,wh2_main_lzd_inf_saurus_spearmen_0,false,false,,true,750,infantry_spear,infantry
wh2_main_lzd_lizardmen,wh2_main_sc_lzd_lizardmen,wh2_main_lzd_inf_saurus_spearmen_1,false,false,,true,800,infantry_spear,infantry
wh2_main_lzd_lizardmen,wh2_main_sc_lzd_lizardmen,wh2_main_lzd_inf_saurus_spearmen_blessed_1,false,true,mp_cap_group_extended_roster,false,900,infantry_spear,infantry
wh2_main_lzd_lizardmen,wh2_main_sc_lzd_lizardmen,wh2_main_lzd_inf_saurus_warriors_0,false,false,,true,750,wh2_main_lzd_infantry_mace,infantry
wh2_main_lzd_lizardmen,wh2_main_sc_lzd_lizardmen,wh2_main_lzd_inf_saurus_warriors_1,false,false,,true,800,wh2_main_lzd_infantry_mace,infantry
wh2_main_lzd_lizardmen,wh2_main_sc_lzd_lizardmen,wh2_main_lzd_inf_saurus_warriors_blessed_1,false,true,mp_cap_group_extended_roster,false,900,wh2_main_lzd_infantry_mace,infantry
wh2_main_lzd_lizardmen,wh2_main_sc_lzd_lizardmen,wh2_main_lzd_inf_skink_cohort_0,false,false,,true,325,wh2_main_lzd_infantry_cudgel,infantry
wh2_main_lzd_lizardmen,wh2_main_sc_lzd_lizardmen,wh2_main_lzd_inf_skink_cohort_1,false,false,,true,450,wh2_main_missile_infantry_javelin,missile_infantry
wh2_main_lzd_lizardmen,wh2_main_sc_lzd_lizardmen,wh2_main_lzd_inf_skink_cohort_1_blessed,false,true,mp_cap_group_extended_roster,false,450,wh2_main_missile_infantry_javelin,missile_infantry
wh2_main_lzd_lizardmen,wh2_main_sc_lzd_lizardmen,wh2_main_lzd_inf_skink_skirmishers_0,false,false,,true,425,wh2_main_lzd_missile_infantry_blowpipe,missile_infantry
wh2_main_lzd_lizardmen,wh2_main_sc_lzd_lizardmen,wh2_main_lzd_inf_skink_skirmishers_blessed_0,false,true,mp_cap_group_extended_roster,false,500,wh2_main_lzd_missile_infantry_blowpipe,missile_infantry
wh2_main_lzd_lizardmen,wh2_main_sc_lzd_lizardmen,wh2_main_lzd_inf_temple_guards,false,false,,true,1200,wh2_main_lzd_infantry_halberd,infantry
wh2_main_lzd_lizardmen,wh2_main_sc_lzd_lizardmen,wh2_main_lzd_inf_temple_guards_blessed,false,true,mp_cap_group_extended_roster,false,1300,wh2_main_lzd_infantry_halberd,infantry
wh2_main_lzd_lizardmen,wh2_main_sc_lzd_lizardmen,wh2_main_lzd_mon_ancient_stegadon,false,false,,true,1900,wh2_dlc17_lzd_ancient_stegadon,missile_monster_beasts
wh2_main_lzd_lizardmen,wh2_main_sc_lzd_lizardmen,wh2_main_lzd_mon_ancient_stegadon_blessed,false,true,mp_cap_group_extended_roster,false,1900,wh2_dlc17_lzd_ancient_stegadon,missile_monster_beasts
wh2_main_lzd_lizardmen,wh2_main_sc_lzd_lizardmen,wh2_main_lzd_mon_bastiladon_0,false,false,,true,650,wh2_dlc17_lzd_bastiladon,monster_beasts
wh2_main_lzd_lizardmen,wh2_main_sc_lzd_lizardmen,wh2_main_lzd_mon_bastiladon_1,false,false,,true,1000,wh2_dlc17_lzd_bastiladon_healing,monster_beasts
wh2_main_lzd_lizardmen,wh2_main_sc_lzd_lizardmen,wh2_main_lzd_mon_bastiladon_2,false,false,,true,1200,wh2_dlc17_lzd_bastiladon_engine,missile_monster_beasts
wh2_main_lzd_lizardmen,wh2_main_sc_lzd_lizardmen,wh2_main_lzd_mon_bastiladon_blessed_2,false,true,mp_cap_group_extended_roster,false,1200,wh2_dlc17_lzd_bastiladon_engine,missile_monster_beasts
wh2_main_lzd_lizardmen,wh2_main_sc_lzd_lizardmen,wh2_main_lzd_mon_carnosaur_0,false,false,,true,1450,wh2_dlc17_lzd_carnosaur,monster_beasts
wh2_main_lzd_lizardmen,wh2_main_sc_lzd_lizardmen,wh2_main_lzd_mon_carnosaur_blessed_0,false,true,mp_cap_group_extended_roster,false,1600,wh2_dlc17_lzd_carnosaur,monster_beasts
wh2_main_lzd_lizardmen,wh2_main_sc_lzd_lizardmen,wh2_main_lzd_mon_kroxigors,false,false,,true,1000,monstrous_infantry,monster_beasts
wh2_main_lzd_lizardmen,wh2_main_sc_lzd_lizardmen,wh2_main_lzd_mon_kroxigors_blessed,false,true,mp_cap_group_extended_roster,false,1100,monstrous_infantry,monster_beasts
wh2_main_lzd_lizardmen,wh2_main_sc_lzd_lizardmen,wh2_main_lzd_mon_stegadon_0,false,false,,true,950,wh2_dlc17_lzd_stegadon_feral,monster_beasts
wh2_main_lzd_lizardmen,wh2_main_sc_lzd_lizardmen,wh2_main_lzd_mon_stegadon_1,false,false,,true,1500,wh2_dlc17_lzd_stegadon,missile_monster_beasts
wh2_main_lzd_lizardmen,wh2_main_sc_lzd_lizardmen,wh2_main_lzd_mon_stegadon_blessed_1,false,true,mp_cap_group_extended_roster,false,1500,wh2_dlc17_lzd_stegadon,missile_monster_beasts
wh2_main_skv_skaven,wh2_main_sc_skv_skaven,wh2_dlc09_skv_cha_tretch_craventail,true,false,,true,700,lord,commander
wh2_main_skv_skaven,wh2_main_sc_skv_skaven,wh2_dlc12_skv_art_warp_lightning_cannon_ror_0,false,false,,true,1200,artillery_cannon,artillery_war_machines
wh2_main_skv_skaven,wh2_main_sc_skv_skaven,wh2_dlc12_skv_art_warplock_jezzails_ror_tech_lab_0,false,true,mp_cap_group_extended_roster,false,1400,wh2_dlc14_skv_weapon_team_gun,missile_infantry
wh2_main_skv_skaven,wh2_main_sc_skv_skaven,wh2_dlc12_skv_cha_ikit_claw_0,true,false,,true,1000,wh2_main_lord_wizard_ruin,commander
wh2_main_skv_skaven,wh2_main_sc_skv_skaven,wh2_dlc12_skv_cha_ikit_claw_1,true,false,,true,1150,wh2_main_lord_wizard_ruin,commander
wh2_main_skv_skaven,wh2_main_sc_skv_skaven,wh2_dlc12_skv_cha_ikit_claw_2,true,false,,true,1750,wh2_main_lord_wizard_ruin,commander
wh2_main_skv_skaven,wh2_main_sc_skv_skaven,wh2_dlc12_skv_cha_warlock_master_0,true,false,,true,700,wh2_main_lord_wizard_ruin,commander
wh2_main_skv_skaven,wh2_main_sc_skv_skaven,wh2_dlc12_skv_cha_warlock_master_1,true,false,,true,1100,wh2_main_lord_wizard_ruin,commander
wh2_main_skv_skaven,wh2_main_sc_skv_skaven,wh2_dlc12_skv_cha_warlock_master_2,true,false,,true,1500,wh2_main_lord_wizard_ruin,commander
wh2_main_skv_skaven,wh2_main_sc_skv_skaven,wh2_dlc12_skv_inf_clanrats_ror_0,false,false,,true,500,infantry_sword_grn,infantry
wh2_main_skv_skaven,wh2_main_sc_skv_skaven,wh2_dlc12_skv_inf_plague_monk_censer_bearer_ror_0,false,false,,true,1250,wh2_main_skv_infantry_censer,infantry
wh2_main_skv_skaven,wh2_main_sc_skv_skaven,wh2_dlc12_skv_inf_ratling_gun_0,false,false,,true,800,wh2_dlc14_skv_weapon_team_gun,missile_infantry
wh2_main_skv_skaven,wh2_main_sc_skv_skaven,wh2_dlc12_skv_inf_ratling_gun_ror_0,false,false,,true,1050,wh2_dlc14_skv_weapon_team_gun,missile_infantry
wh2_main_skv_skaven,wh2_main_sc_skv_skaven,wh2_dlc12_skv_inf_ratling_gun_ror_tech_lab_0,false,true,mp_cap_group_extended_roster,false,1250,wh2_dlc14_skv_weapon_team_gun,missile_infantry
wh2_main_skv_skaven,wh2_main_sc_skv_skaven,wh2_dlc12_skv_inf_stormvermin_ror_0,false,false,,true,1400,wh2_main_skv_infantry_halberd,infantry
wh2_main_skv_skaven,wh2_main_sc_skv_skaven,wh2_dlc12_skv_inf_warpfire_thrower_ror_tech_lab_0,false,true,mp_cap_group_extended_roster,false,700,wh2_dlc14_skv_weapon_team_warpfire,missile_infantry
wh2_main_skv_skaven,wh2_main_sc_skv_skaven,wh2_dlc12_skv_inf_warplock_jezzails_0,false,false,,true,1000,wh2_dlc14_skv_weapon_team_gun,missile_infantry
wh2_main_skv_skaven,wh2_main_sc_skv_skaven,wh2_dlc12_skv_inf_warplock_jezzails_ror_0,false,false,,true,1300,wh2_dlc14_skv_weapon_team_gun,missile_infantry
wh2_main_skv_skaven,wh2_main_sc_skv_skaven,wh2_dlc12_skv_veh_doom_flayer_0,false,false,,true,1050,wh2_main_skv_doomwheel,artillery_war_machines
wh2_main_skv_skaven,wh2_main_sc_skv_skaven,wh2_dlc12_skv_veh_doom_flayer_ror_0,false,false,,true,1250,wh2_main_skv_doomwheel,artillery_war_machines
wh2_main_skv_skaven,wh2_main_sc_skv_skaven,wh2_dlc12_skv_veh_doom_flayer_ror_tech_lab_0,false,true,mp_cap_group_extended_roster,false,1250,wh2_main_skv_doomwheel,artillery_war_machines
wh2_main_skv_skaven,wh2_main_sc_skv_skaven,wh2_dlc12_skv_veh_doomwheel_ror_0,false,false,,true,1600,wh2_main_skv_doomwheel,artillery_war_machines
wh2_main_skv_skaven,wh2_main_sc_skv_skaven,wh2_dlc12_skv_veh_doomwheel_ror_tech_lab_0,false,true,mp_cap_group_extended_roster,false,1600,wh2_main_skv_doomwheel,artillery_war_machines
wh2_main_skv_skaven,wh2_main_sc_skv_skaven,wh2_dlc14_skv_cha_deathmaster_snikch_0,true,false,,true,1050,lord,commander
wh2_main_skv_skaven,wh2_main_sc_skv_skaven,wh2_dlc14_skv_cha_eshin_sorcerer_0,false,false,,true,300,wh2_dlc14_lore_stealth,heroes_agents
wh2_main_skv_skaven,wh2_main_sc_skv_skaven,wh2_dlc14_skv_cha_master_assassin_0,true,false,,true,900,lord,commander
wh2_main_skv_skaven,wh2_main_sc_skv_skaven,wh2_dlc14_skv_inf_death_runners_ror_0,false,false,,true,1150,wh2_main_skv_infantry_sword_death_runners,infantry
wh2_main_skv_skaven,wh2_main_sc_skv_skaven,wh2_dlc14_skv_inf_eshin_triads_0,false,false,,true,700,wh2_dlc14_skv_infantry_guandao,infantry
wh2_main_skv_skaven,wh2_main_sc_skv_skaven,wh2_dlc14_skv_inf_eshin_triads_ror_0,false,false,,true,900,wh2_dlc14_skv_infantry_guandao,infantry
wh2_main_skv_skaven,wh2_main_sc_skv_skaven,wh2_dlc14_skv_inf_poison_wind_mortar_0,false,false,,true,1050,wh2_dlc14_skv_weapon_team_poisoned_wind_mortar,missile_infantry
wh2_main_skv_skaven,wh2_main_sc_skv_skaven,wh2_dlc14_skv_inf_poison_wind_mortar_ror_0,false,false,,true,1600,wh2_dlc14_skv_weapon_team_death_globe_mortar,missile_infantry
wh2_main_skv_skaven,wh2_main_sc_skv_skaven,wh2_dlc14_skv_inf_warp_grinder_0,false,false,,true,600,wh2_dlc14_skv_weapon_team_warp_grinder,infantry
wh2_main_skv_skaven,wh2_main_sc_skv_skaven,wh2_dlc16_skv_cha_chieftain_0,false,false,,true,550,wh2_dlc16_skv_chieftain,heroes_agents
wh2_main_skv_skaven,wh2_main_sc_skv_skaven,wh2_dlc16_skv_cha_chieftain_1,false,false,,true,1000,wh2_dlc16_skv_chieftain,heroes_agents
wh2_main_skv_skaven,wh2_main_sc_skv_skaven,wh2_dlc16_skv_cha_ghoritch_0,false,false,,true,1450,wh2_dlc16_skv_ghoritch,heroes_agents
wh2_main_skv_skaven,wh2_main_sc_skv_skaven,wh2_dlc16_skv_cha_packmaster_0,false,false,,true,500,wh2_dlc16_skv_packmaster,heroes_agents
wh2_main_skv_skaven,wh2_main_sc_skv_skaven,wh2_dlc16_skv_cha_packmaster_2,false,false,,true,1200,wh2_dlc16_skv_packmaster,heroes_agents
wh2_main_skv_skaven,wh2_main_sc_skv_skaven,wh2_dlc16_skv_cha_throt_the_unclean_0,true,false,,true,800,lord,commander
wh2_main_skv_skaven,wh2_main_sc_skv_skaven,wh2_dlc16_skv_cha_throt_the_unclean_2,true,false,,true,1300,lord,commander
wh2_main_skv_skaven,wh2_main_sc_skv_skaven,wh2_dlc16_skv_cha_warlord_2,true,false,,true,1225,lord,commander
wh2_main_skv_skaven,wh2_main_sc_skv_skaven,wh2_dlc16_skv_mon_brood_horror_0,false,false,,true,1050,wh2_dlc16_skv_brood_horror,monster_beasts
wh2_main_skv_skaven,wh2_main_sc_skv_skaven,wh2_dlc16_skv_mon_hell_pit_abomination_ror_0,false,false,,true,2200,wh2_main_skv_hell_pit,monster_beasts
wh2_main_skv_skaven,wh2_main_sc_skv_skaven,wh2_dlc16_skv_mon_rat_ogre_mutant,false,false,,true,1200,monster_generic,monster_beasts
wh2_main_skv_skaven,wh2_main_sc_skv_skaven,wh2_dlc16_skv_mon_rat_ogre_mutant_ror_0,false,false,,true,1650,monster_generic,monster_beasts
wh2_main_skv_skaven,wh2_main_sc_skv_skaven,wh2_dlc16_skv_mon_rat_ogres_ror_0,false,false,,true,1050,monstrous_infantry,monster_beasts
wh2_main_skv_skaven,wh2_main_sc_skv_skaven,wh2_dlc16_skv_mon_wolf_rats_0,false,false,,true,550,war_beast,monster_beasts
wh2_main_skv_skaven,wh2_main_sc_skv_skaven,wh2_dlc16_skv_mon_wolf_rats_1,false,false,,true,550,war_beast,monster_beasts
wh2_main_skv_skaven,wh2_main_sc_skv_skaven,wh2_main_skv_art_plagueclaw_catapult,false,false,,true,900,catapult,artillery_war_machines
wh2_main_skv_skaven,wh2_main_sc_skv_skaven,wh2_main_skv_art_warp_lightning_cannon,false,false,,true,950,artillery_cannon,artillery_war_machines
wh2_main_skv_skaven,wh2_main_sc_skv_skaven,wh2_main_skv_cha_assassin,false,false,,true,500,wh2_main_skv_spy,heroes_agents
wh2_main_skv_skaven,wh2_main_sc_skv_skaven,wh2_main_skv_cha_grey_seer_plague_0,true,false,,true,350,wh2_main_lord_wizard_plague,commander
wh2_main_skv_skaven,wh2_main_sc_skv_skaven,wh2_main_skv_cha_grey_seer_plague_1,true,false,,true,1150,wh2_main_lord_wizard_plague,commander
wh2_main_skv_skaven,wh2_main_sc_skv_skaven,wh2_main_skv_cha_grey_seer_ruin_0,true,false,,true,350,wh2_main_lord_wizard_ruin,commander
wh2_main_skv_skaven,wh2_main_sc_skv_skaven,wh2_main_skv_cha_grey_seer_ruin_1,true,false,,true,1150,wh2_main_lord_wizard_ruin,commander
wh2_main_skv_skaven,wh2_main_sc_skv_skaven,wh2_main_skv_cha_lord_skrolk,true,false,,true,850,wh2_main_lord_wizard_plague,commander
wh2_main_skv_skaven,wh2_main_sc_skv_skaven,wh2_main_skv_cha_plague_priest_0,false,false,,true,450,wh2_main_wizard_plague,heroes_agents
wh2_main_skv_skaven,wh2_main_sc_skv_skaven,wh2_main_skv_cha_plague_priest_2,false,false,,true,1350,wh2_main_wizard_plague,heroes_agents
wh2_main_skv_skaven,wh2_main_sc_skv_skaven,wh2_main_skv_cha_queek_headtaker,true,false,,true,850,lord,commander
wh2_main_skv_skaven,wh2_main_sc_skv_skaven,wh2_main_skv_cha_warlock_engineer,false,false,,true,400,wh2_main_wizard_ruin,heroes_agents
wh2_main_skv_skaven,wh2_main_sc_skv_skaven,wh2_main_skv_cha_warlord_0,true,false,,true,525,lord,commander
wh2_main_skv_skaven,wh2_main_sc_skv_skaven,wh2_main_skv_cha_warlord_1,true,false,,true,975,lord,commander
wh2_main_skv_skaven,wh2_main_sc_skv_skaven,wh2_main_skv_inf_clanrat_spearmen_0,false,false,,true,325,infantry_spear,infantry
wh2_main_skv_skaven,wh2_main_sc_skv_skaven,wh2_main_skv_inf_clanrat_spearmen_1,false,false,,true,375,infantry_spear,infantry
wh2_main_skv_skaven,wh2_main_sc_skv_skaven,wh2_main_skv_inf_clanrats_0,false,false,,true,300,infantry_sword_grn,infantry
wh2_main_skv_skaven,wh2_main_sc_skv_skaven,wh2_main_skv_inf_clanrats_1,false,false,,true,350,infantry_sword_grn,infantry
wh2_main_skv_skaven,wh2_main_sc_skv_skaven,wh2_main_skv_inf_death_globe_bombardiers,false,false,,true,900,wh2_main_skv_missile_infantry_globe_death,missile_infantry
wh2_main_skv_skaven,wh2_main_sc_skv_skaven,wh2_main_skv_inf_death_runners_0,false,false,,true,850,wh2_main_skv_infantry_sword_death_runners,infantry
wh2_main_skv_skaven,wh2_main_sc_skv_skaven,wh2_main_skv_inf_gutter_runner_slingers_0,false,false,,true,700,wh2_main_missile_infantry_sling,missile_infantry
wh2_main_skv_skaven,wh2_main_sc_skv_skaven,wh2_main_skv_inf_gutter_runner_slingers_1,false,false,,true,750,wh2_main_missile_infantry_sling,missile_infantry
wh2_main_skv_skaven,wh2_main_sc_skv_skaven,wh2_main_skv_inf_gutter_runners_0,false,false,,true,700,wh2_main_skv_missile_infantry_throwing_star,missile_infantry
wh2_main_skv_skaven,wh2_main_sc_skv_skaven,wh2_main_skv_inf_gutter_runners_1,false,false,,true,750,wh2_main_skv_missile_infantry_throwing_star,missile_infantry
wh2_main_skv_skaven,wh2_main_sc_skv_skaven,wh2_main_skv_inf_night_runners_0,false,false,,true,450,wh2_main_skv_missile_infantry_throwing_star,missile_infantry
wh2_main_skv_skaven,wh2_main_sc_skv_skaven,wh2_main_skv_inf_night_runners_1,false,false,,true,450,wh2_main_missile_infantry_sling,missile_infantry
wh2_main_skv_skaven,wh2_main_sc_skv_skaven,wh2_main_skv_inf_plague_monk_censer_bearer,false,false,,true,1000,wh2_main_skv_infantry_censer,infantry
wh2_main_skv_skaven,wh2_main_sc_skv_skaven,wh2_main_skv_inf_plague_monks,false,false,,true,650,wh2_main_infantry_dual_swords,infantry
wh2_main_skv_skaven,wh2_main_sc_skv_skaven,wh2_main_skv_inf_poison_wind_globadiers,false,false,,true,650,wh2_main_skv_missile_infantry_globe,missile_infantry
wh2_main_skv_skaven,wh2_main_sc_skv_skaven,wh2_main_skv_inf_skavenslave_slingers_0,false,false,,true,200,wh2_main_missile_infantry_sling,missile_infantry
wh2_main_skv_skaven,wh2_main_sc_skv_skaven,wh2_main_skv_inf_skavenslave_spearmen_0,false,false,,true,150,infantry_spear,infantry
wh2_main_skv_skaven,wh2_main_sc_skv_skaven,wh2_main_skv_inf_skavenslaves_0,false,false,,true,125,infantry_sword_grn,infantry
wh2_main_skv_skaven,wh2_main_sc_skv_skaven,wh2_main_skv_inf_stormvermin_0,false,false,,true,950,wh2_main_skv_infantry_halberd,infantry
wh2_main_skv_skaven,wh2_main_sc_skv_skaven,wh2_main_skv_inf_stormvermin_1,false,false,,true,850,wh2_main_skv_infantry_sword_stormvermin,infantry
wh2_main_skv_skaven,wh2_main_sc_skv_skaven,wh2_main_skv_inf_warpfire_thrower,false,false,,true,550,wh2_dlc14_skv_weapon_team_warpfire,missile_infantry
wh2_main_skv_skaven,wh2_main_sc_skv_skaven,wh2_main_skv_mon_hell_pit_abomination,false,false,,true,1800,wh2_main_skv_hell_pit,monster_beasts
wh2_main_skv_skaven,wh2_main_sc_skv_skaven,wh2_main_skv_mon_rat_ogres,false,false,,true,700,monstrous_infantry,monster_beasts
wh2_main_skv_skaven,wh2_main_sc_skv_skaven,wh2_main_skv_veh_doomwheel,false,false,,true,1350,wh2_main_skv_doomwheel,artillery_war_machines
wh2_main_skv_skaven,wh2_main_sc_skv_skaven,wh3_dlc29_skv_art_plagueclaw_catapult_ror,false,false,,true,1200,catapult,artillery_war_machines
wh2_main_skv_skaven,wh2_main_sc_skv_skaven,wh3_dlc29_skv_art_warp_doom_magma_cannon,false,false,,true,1600,artillery_cannon,artillery_war_machines
wh2_main_skv_skaven,wh2_main_sc_skv_skaven,wh3_dlc29_skv_cha_lord_skrolk_cauldron,true,false,,true,1500,wh2_main_lord_wizard_plague,commander
wh2_main_skv_skaven,wh2_main_sc_skv_skaven,wh3_dlc29_skv_cha_plague_priest_cauldron,false,false,,true,1500,wh2_main_lord_wizard_plague,commander
wh2_main_skv_skaven,wh2_main_sc_skv_skaven,wh3_dlc29_skv_cha_skreech_verminking,false,false,,true,2500,wh3_dlc29_skv_skreech_verminking,heroes_agents
wh2_main_skv_skaven,wh2_main_sc_skv_skaven,wh3_dlc29_skv_cha_thanquol,true,false,,true,500,wh2_main_lord_wizard_plague,commander
wh2_main_skv_skaven,wh2_main_sc_skv_skaven,wh3_dlc29_skv_cha_thanquol_boneripper_warpfire_braziers,true,false,,true,1300,wh2_main_lord_wizard_plague,commander
wh2_main_skv_skaven,wh2_main_sc_skv_skaven,wh3_dlc29_skv_cha_thanquol_boneripper_warpfire_projectors,true,false,,true,1400,wh2_main_lord_wizard_plague,commander
wh2_main_skv_skaven,wh2_main_sc_skv_skaven,wh3_dlc29_skv_cha_verminlord_corruptor,true,false,,true,2100,wh2_main_lord_wizard_plague,commander
wh2_main_skv_skaven,wh2_main_sc_skv_skaven,wh3_dlc29_skv_cha_verminlord_deceiver,true,false,,true,2100,wh2_main_lord_wizard_plague,commander
wh2_main_skv_skaven,wh2_main_sc_skv_skaven,wh3_dlc29_skv_cha_verminlord_warbringer,true,false,,true,2100,wh2_main_lord_wizard_plague,commander
wh2_main_skv_skaven,wh2_main_sc_skv_skaven,wh3_dlc29_skv_cha_verminlord_warpseer,true,false,,true,2100,wh2_main_lord_wizard_plague,commander
wh2_main_skv_skaven,wh2_main_sc_skv_skaven,wh3_dlc29_skv_inf_deathvermin_ror,false,false,,true,1400,wh2_main_skv_infantry_halberd,infantry
wh2_main_skv_skaven,wh2_main_sc_skv_skaven,wh3_dlc29_skv_inf_pusbags,false,false,,true,200,infantry_sword_grn,infantry
wh2_main_skv_skaven,wh2_main_sc_skv_skaven,wh3_dlc29_skv_mon_stormfiend_doomflayer_gauntlets,false,false,,true,1300,wh3_dlc29_skv_mon_stormfiends_melee,monster_beasts
wh2_main_skv_skaven,wh2_main_sc_skv_skaven,wh3_dlc29_skv_mon_stormfiend_grinderfists,false,false,,true,1200,wh3_dlc29_skv_mon_stormfiends_melee,monster_beasts
wh2_main_skv_skaven,wh2_main_sc_skv_skaven,wh3_dlc29_skv_mon_stormfiend_ratling_cannons,false,false,,true,1350,wh3_dlc29_skv_mon_stormfiends_ranged,missile_monster_beasts
wh2_main_skv_skaven,wh2_main_sc_skv_skaven,wh3_dlc29_skv_mon_stormfiend_shock_gauntlets,false,false,,true,1400,wh3_dlc29_skv_mon_stormfiends_melee,monster_beasts
wh2_main_skv_skaven,wh2_main_sc_skv_skaven,wh3_dlc29_skv_mon_stormfiend_warpfire_projectors,false,false,,true,1300,wh3_dlc29_skv_mon_stormfiends_ranged,missile_monster_beasts
wh2_main_skv_skaven,wh2_main_sc_skv_skaven,wh3_dlc29_skv_mon_stormfiend_windlaunchers,false,false,,true,1400,wh3_dlc29_skv_mon_stormfiends_ranged,missile_monster_beasts
wh2_main_skv_skaven,wh2_main_sc_skv_skaven,wh3_dlc29_skv_mon_stormfiends_ratling_cannons_ror,false,false,,true,1800,wh3_dlc29_skv_mon_stormfiends_ranged,missile_monster_beasts
wh2_main_skv_skaven,wh2_main_sc_skv_skaven,wh3_dlc29_skv_veh_cauldron_of_a_thousand_poxes,false,false,,true,1300,wh3_dlc29_skv_cauldron_of_a_thousand_poxes,artillery_war_machines
wh3_dlc23_chd_legion_of_azgorh,wh3_dlc23_sc_chd_chaos_dwarfs,wh3_dlc23_chd_cav_bull_centaurs_axe,false,false,,true,1500,chd_bull_centaurs_axe,cavalry_chariots
wh3_dlc23_chd_legion_of_azgorh,wh3_dlc23_sc_chd_chaos_dwarfs,wh3_dlc23_chd_cav_bull_centaurs_dual_axe,false,false,,true,1550,chd_bull_centaurs_dual_axes,cavalry_chariots
wh3_dlc23_chd_legion_of_azgorh,wh3_dlc23_sc_chd_chaos_dwarfs,wh3_dlc23_chd_cav_bull_centaurs_dual_axe_ror,false,false,,true,1800,chd_bull_centaurs_dual_axes,cavalry_chariots
wh3_dlc23_chd_legion_of_azgorh,wh3_dlc23_sc_chd_chaos_dwarfs,wh3_dlc23_chd_cav_bull_centaurs_greatweapons,false,false,,true,1550,chd_bull_centaurs_great_weapons,cavalry_chariots
wh3_dlc23_chd_legion_of_azgorh,wh3_dlc23_sc_chd_chaos_dwarfs,wh3_dlc23_chd_cav_hobgoblin_wolf_raiders_bows,false,false,,true,575,missile_cavalry_bow_wolf,missile_cavalry_chariots
wh3_dlc23_chd_legion_of_azgorh,wh3_dlc23_sc_chd_chaos_dwarfs,wh3_dlc23_chd_cav_hobgoblin_wolf_raiders_ror,false,false,,true,875,chd_cavalry_wolf_spear_bow,missile_cavalry_chariots
wh3_dlc23_chd_legion_of_azgorh,wh3_dlc23_sc_chd_chaos_dwarfs,wh3_dlc23_chd_cav_hobgoblin_wolf_raiders_spears,false,false,,true,500,cavalry_wolf,cavalry_chariots
wh3_dlc23_chd_legion_of_azgorh,wh3_dlc23_sc_chd_chaos_dwarfs,wh3_dlc23_chd_cha_astragoth_ironhand,true,false,,true,1500,lord_wizard_hashut,commander
wh3_dlc23_chd_legion_of_azgorh,wh3_dlc23_sc_chd_chaos_dwarfs,wh3_dlc23_chd_cha_bull_centaur_taurruk,false,false,,true,1100,wh3_dlc23_chd_bull_centaur_taurruk,heroes_agents
wh3_dlc23_chd_legion_of_azgorh,wh3_dlc23_sc_chd_chaos_dwarfs,wh3_dlc23_chd_cha_daemonsmith_sorcerer_death,false,false,,true,550,wizard_death,heroes_agents
wh3_dlc23_chd_legion_of_azgorh,wh3_dlc23_sc_chd_chaos_dwarfs,wh3_dlc23_chd_cha_daemonsmith_sorcerer_death_bale_taurus,false,false,,true,2000,wizard_death,heroes_agents
wh3_dlc23_chd_legion_of_azgorh,wh3_dlc23_sc_chd_chaos_dwarfs,wh3_dlc23_chd_cha_daemonsmith_sorcerer_death_great_taurus,false,false,,true,1200,wizard_death,heroes_agents
wh3_dlc23_chd_legion_of_azgorh,wh3_dlc23_sc_chd_chaos_dwarfs,wh3_dlc23_chd_cha_daemonsmith_sorcerer_death_lammasu,false,false,,true,1300,wizard_death,heroes_agents
wh3_dlc23_chd_legion_of_azgorh,wh3_dlc23_sc_chd_chaos_dwarfs,wh3_dlc23_chd_cha_daemonsmith_sorcerer_fire,false,false,,true,550,wizard_fire,heroes_agents
wh3_dlc23_chd_legion_of_azgorh,wh3_dlc23_sc_chd_chaos_dwarfs,wh3_dlc23_chd_cha_daemonsmith_sorcerer_fire_bale_taurus,false,false,,true,2000,wizard_fire,heroes_agents
wh3_dlc23_chd_legion_of_azgorh,wh3_dlc23_sc_chd_chaos_dwarfs,wh3_dlc23_chd_cha_daemonsmith_sorcerer_fire_great_taurus,false,false,,true,1200,wizard_fire,heroes_agents
wh3_dlc23_chd_legion_of_azgorh,wh3_dlc23_sc_chd_chaos_dwarfs,wh3_dlc23_chd_cha_daemonsmith_sorcerer_fire_lammasu,false,false,,true,1300,wizard_fire,heroes_agents
wh3_dlc23_chd_legion_of_azgorh,wh3_dlc23_sc_chd_chaos_dwarfs,wh3_dlc23_chd_cha_daemonsmith_sorcerer_hashut,false,false,,true,550,wizard_hashut,heroes_agents
wh3_dlc23_chd_legion_of_azgorh,wh3_dlc23_sc_chd_chaos_dwarfs,wh3_dlc23_chd_cha_daemonsmith_sorcerer_hashut_bale_taurus,false,false,,true,2000,wizard_hashut,heroes_agents
wh3_dlc23_chd_legion_of_azgorh,wh3_dlc23_sc_chd_chaos_dwarfs,wh3_dlc23_chd_cha_daemonsmith_sorcerer_hashut_great_taurus,false,false,,true,1200,wizard_hashut,heroes_agents
wh3_dlc23_chd_legion_of_azgorh,wh3_dlc23_sc_chd_chaos_dwarfs,wh3_dlc23_chd_cha_daemonsmith_sorcerer_hashut_lammasu,false,false,,true,1300,wizard_hashut,heroes_agents
wh3_dlc23_chd_legion_of_azgorh,wh3_dlc23_sc_chd_chaos_dwarfs,wh3_dlc23_chd_cha_daemonsmith_sorcerer_metal,false,false,,true,550,wizard_metal,heroes_agents
wh3_dlc23_chd_legion_of_azgorh,wh3_dlc23_sc_chd_chaos_dwarfs,wh3_dlc23_chd_cha_daemonsmith_sorcerer_metal_bale_taurus,false,false,,true,2000,wizard_metal,heroes_agents
wh3_dlc23_chd_legion_of_azgorh,wh3_dlc23_sc_chd_chaos_dwarfs,wh3_dlc23_chd_cha_daemonsmith_sorcerer_metal_great_taurus,false,false,,true,1200,wizard_metal,heroes_agents
wh3_dlc23_chd_legion_of_azgorh,wh3_dlc23_sc_chd_chaos_dwarfs,wh3_dlc23_chd_cha_daemonsmith_sorcerer_metal_lammasu,false,false,,true,1300,wizard_metal,heroes_agents
wh3_dlc23_chd_legion_of_azgorh,wh3_dlc23_sc_chd_chaos_dwarfs,wh3_dlc23_chd_cha_drazhoath_the_ashen,true,false,,true,900,lord_wizard_hashut,commander
wh3_dlc23_chd_legion_of_azgorh,wh3_dlc23_sc_chd_chaos_dwarfs,wh3_dlc23_chd_cha_drazhoath_the_ashen_bale_taurus_cinderbreath,true,false,,true,2300,lord_wizard_hashut,commander
wh3_dlc23_chd_legion_of_azgorh,wh3_dlc23_sc_chd_chaos_dwarfs,wh3_dlc23_chd_cha_gorduz_backstabber,false,false,,true,500,chd_gorduz_backstabber,heroes_agents
wh3_dlc23_chd_legion_of_azgorh,wh3_dlc23_sc_chd_chaos_dwarfs,wh3_dlc23_chd_cha_gorduz_backstabber_giant_wolf,false,false,,true,650,chd_gorduz_backstabber,heroes_agents
wh3_dlc23_chd_legion_of_azgorh,wh3_dlc23_sc_chd_chaos_dwarfs,wh3_dlc23_chd_cha_infernal_castellan,false,false,,true,650,wh3_dlc23_chd_infernal_castellan,heroes_agents
wh3_dlc23_chd_legion_of_azgorh,wh3_dlc23_sc_chd_chaos_dwarfs,wh3_dlc23_chd_cha_overseer,true,false,,true,700,lord,commander
wh3_dlc23_chd_legion_of_azgorh,wh3_dlc23_sc_chd_chaos_dwarfs,wh3_dlc23_chd_cha_overseer_great_taurus,true,false,,true,1300,lord,commander
wh3_dlc23_chd_legion_of_azgorh,wh3_dlc23_sc_chd_chaos_dwarfs,wh3_dlc23_chd_cha_overseer_lammasu,true,false,,true,1400,lord,commander
wh3_dlc23_chd_legion_of_azgorh,wh3_dlc23_sc_chd_chaos_dwarfs,wh3_dlc23_chd_cha_sorcerer_prophet_death,true,false,,true,900,lord_wizard_death,commander
wh3_dlc23_chd_legion_of_azgorh,wh3_dlc23_sc_chd_chaos_dwarfs,wh3_dlc23_chd_cha_sorcerer_prophet_death_bale_taurus,true,false,,true,2200,lord_wizard_death,commander
wh3_dlc23_chd_legion_of_azgorh,wh3_dlc23_sc_chd_chaos_dwarfs,wh3_dlc23_chd_cha_sorcerer_prophet_death_great_taurus,true,false,,true,1500,lord_wizard_death,commander
wh3_dlc23_chd_legion_of_azgorh,wh3_dlc23_sc_chd_chaos_dwarfs,wh3_dlc23_chd_cha_sorcerer_prophet_death_lammasu,true,false,,true,1600,lord_wizard_death,commander
wh3_dlc23_chd_legion_of_azgorh,wh3_dlc23_sc_chd_chaos_dwarfs,wh3_dlc23_chd_cha_sorcerer_prophet_fire,true,false,,true,900,lord_wizard_fire,commander
wh3_dlc23_chd_legion_of_azgorh,wh3_dlc23_sc_chd_chaos_dwarfs,wh3_dlc23_chd_cha_sorcerer_prophet_fire_bale_taurus,true,false,,true,2200,lord_wizard_fire,commander
wh3_dlc23_chd_legion_of_azgorh,wh3_dlc23_sc_chd_chaos_dwarfs,wh3_dlc23_chd_cha_sorcerer_prophet_fire_great_taurus,true,false,,true,1500,lord_wizard_fire,commander
wh3_dlc23_chd_legion_of_azgorh,wh3_dlc23_sc_chd_chaos_dwarfs,wh3_dlc23_chd_cha_sorcerer_prophet_fire_lammasu,true,false,,true,1600,lord_wizard_fire,commander
wh3_dlc23_chd_legion_of_azgorh,wh3_dlc23_sc_chd_chaos_dwarfs,wh3_dlc23_chd_cha_sorcerer_prophet_hashut,true,false,,true,900,lord_wizard_hashut,commander
wh3_dlc23_chd_legion_of_azgorh,wh3_dlc23_sc_chd_chaos_dwarfs,wh3_dlc23_chd_cha_sorcerer_prophet_hashut_bale_taurus,true,false,,true,2200,lord_wizard_hashut,commander
wh3_dlc23_chd_legion_of_azgorh,wh3_dlc23_sc_chd_chaos_dwarfs,wh3_dlc23_chd_cha_sorcerer_prophet_hashut_great_taurus,true,false,,true,1500,lord_wizard_hashut,commander
wh3_dlc23_chd_legion_of_azgorh,wh3_dlc23_sc_chd_chaos_dwarfs,wh3_dlc23_chd_cha_sorcerer_prophet_hashut_lammasu,true,false,,true,1600,lord_wizard_hashut,commander
wh3_dlc23_chd_legion_of_azgorh,wh3_dlc23_sc_chd_chaos_dwarfs,wh3_dlc23_chd_cha_sorcerer_prophet_metal,true,false,,true,900,lord_wizard_metal,commander
wh3_dlc23_chd_legion_of_azgorh,wh3_dlc23_sc_chd_chaos_dwarfs,wh3_dlc23_chd_cha_sorcerer_prophet_metal_bale_taurus,true,false,,true,2200,lord_wizard_metal,commander
wh3_dlc23_chd_legion_of_azgorh,wh3_dlc23_sc_chd_chaos_dwarfs,wh3_dlc23_chd_cha_sorcerer_prophet_metal_great_taurus,true,false,,true,1500,lord_wizard_metal,commander
wh3_dlc23_chd_legion_of_azgorh,wh3_dlc23_sc_chd_chaos_dwarfs,wh3_dlc23_chd_cha_sorcerer_prophet_metal_lammasu,true,false,,true,1600,lord_wizard_metal,commander
wh3_dlc23_chd_legion_of_azgorh,wh3_dlc23_sc_chd_chaos_dwarfs,wh3_dlc23_chd_cha_zhatan_the_black,true,false,,true,850,lord,commander
wh3_dlc23_chd_legion_of_azgorh,wh3_dlc23_sc_chd_chaos_dwarfs,wh3_dlc23_chd_cha_zhatan_the_black_great_taurus,true,false,,true,1450,lord,commander
wh3_dlc23_chd_legion_of_azgorh,wh3_dlc23_sc_chd_chaos_dwarfs,wh3_dlc23_chd_cha_zhatan_the_black_lammasu,true,false,,true,1550,lord,commander
wh3_dlc23_chd_legion_of_azgorh,wh3_dlc23_sc_chd_chaos_dwarfs,wh3_dlc23_chd_inf_chaos_dwarf_blunderbusses,false,false,,true,900,chd_blunderbuss_axe,missile_infantry
wh3_dlc23_chd_legion_of_azgorh,wh3_dlc23_sc_chd_chaos_dwarfs,wh3_dlc23_chd_inf_chaos_dwarf_blunderbusses_ror,false,false,,true,1200,chd_blunderbuss_great_weapons,missile_infantry
wh3_dlc23_chd_legion_of_azgorh,wh3_dlc23_sc_chd_chaos_dwarfs,wh3_dlc23_chd_inf_chaos_dwarf_warriors,false,false,,true,600,infantry_axe,infantry
wh3_dlc23_chd_legion_of_azgorh,wh3_dlc23_sc_chd_chaos_dwarfs,wh3_dlc23_chd_inf_chaos_dwarf_warriors_great_weapons,false,false,,true,650,infantry_axe_great,infantry
wh3_dlc23_chd_legion_of_azgorh,wh3_dlc23_sc_chd_chaos_dwarfs,wh3_dlc23_chd_inf_chaos_dwarf_warriors_ror,false,false,,true,950,infantry_axe,infantry
wh3_dlc23_chd_legion_of_azgorh,wh3_dlc23_sc_chd_chaos_dwarfs,wh3_dlc23_chd_inf_goblin_labourers,false,false,,true,150,infantry_spear,infantry
wh3_dlc23_chd_legion_of_azgorh,wh3_dlc23_sc_chd_chaos_dwarfs,wh3_dlc23_chd_inf_hobgoblin_archers,false,false,,true,500,missile_infantry_bow,missile_infantry
wh3_dlc23_chd_legion_of_azgorh,wh3_dlc23_sc_chd_chaos_dwarfs,wh3_dlc23_chd_inf_hobgoblin_cutthroats,false,false,,true,400,infantry_sword_goblin,infantry
wh3_dlc23_chd_legion_of_azgorh,wh3_dlc23_sc_chd_chaos_dwarfs,wh3_dlc23_chd_inf_hobgoblin_sneaky_gits,false,false,,true,500,infantry_dual_sword_goblin,infantry
wh3_dlc23_chd_legion_of_azgorh,wh3_dlc23_sc_chd_chaos_dwarfs,wh3_dlc23_chd_inf_infernal_guard,false,false,,true,950,infantry_axe,infantry
wh3_dlc23_chd_legion_of_azgorh,wh3_dlc23_sc_chd_chaos_dwarfs,wh3_dlc23_chd_inf_infernal_guard_fireglaives,false,false,,true,1200,chd_fireglaive,missile_infantry
wh3_dlc23_chd_legion_of_azgorh,wh3_dlc23_sc_chd_chaos_dwarfs,wh3_dlc23_chd_inf_infernal_guard_great_weapons,false,false,,true,1000,infantry_axe_great,infantry
wh3_dlc23_chd_legion_of_azgorh,wh3_dlc23_sc_chd_chaos_dwarfs,wh3_dlc23_chd_inf_infernal_ironsworn,false,false,,true,1400,infantry_axe_magical,infantry
wh3_dlc23_chd_legion_of_azgorh,wh3_dlc23_sc_chd_chaos_dwarfs,wh3_dlc23_chd_inf_infernal_ironsworn_ror,false,false,,true,1650,infantry_axe_magical,infantry
wh3_dlc23_chd_legion_of_azgorh,wh3_dlc23_sc_chd_chaos_dwarfs,wh3_dlc23_chd_inf_orc_labourers,false,false,,true,250,infantry_axe_great_labourers,infantry
wh3_dlc23_chd_legion_of_azgorh,wh3_dlc23_sc_chd_chaos_dwarfs,wh3_dlc23_chd_mon_bale_taurus,false,false,,true,1700,chd_bale_taurus,monster_beasts
wh3_dlc23_chd_legion_of_azgorh,wh3_dlc23_sc_chd_chaos_dwarfs,wh3_dlc23_chd_mon_great_taurus,false,false,,true,1100,chd_bale_taurus,monster_beasts
wh3_dlc23_chd_legion_of_azgorh,wh3_dlc23_sc_chd_chaos_dwarfs,wh3_dlc23_chd_mon_kdaai_destroyer,false,false,,true,2000,chd_kdaai_destroyer,monster_beasts
wh3_dlc23_chd_legion_of_azgorh,wh3_dlc23_sc_chd_chaos_dwarfs,wh3_dlc23_chd_mon_kdaai_fireborn,false,false,,true,1325,chd_kdaai_fireborn,monster_beasts
wh3_dlc23_chd_legion_of_azgorh,wh3_dlc23_sc_chd_chaos_dwarfs,wh3_dlc23_chd_mon_lammasu,false,false,,true,1200,chd_lammasu,monster_beasts
wh3_dlc23_chd_legion_of_azgorh,wh3_dlc23_sc_chd_chaos_dwarfs,wh3_dlc23_chd_veh_deathshrieker_rocket_launcher,false,false,,true,1300,chd_deathshrieker,artillery_war_machines
wh3_dlc23_chd_legion_of_azgorh,wh3_dlc23_sc_chd_chaos_dwarfs,wh3_dlc23_chd_veh_dreadquake_mortar,false,false,,true,1800,chd_dreadquake,artillery_war_machines
wh3_dlc23_chd_legion_of_azgorh,wh3_dlc23_sc_chd_chaos_dwarfs,wh3_dlc23_chd_veh_iron_daemon,false,false,,true,1150,chd_iron_daemon,artillery_war_machines
wh3_dlc23_chd_legion_of_azgorh,wh3_dlc23_sc_chd_chaos_dwarfs,wh3_dlc23_chd_veh_iron_daemon_1dreadquake,false,false,,true,2750,chd_iron_daemon,artillery_war_machines
wh3_dlc23_chd_legion_of_azgorh,wh3_dlc23_sc_chd_chaos_dwarfs,wh3_dlc23_chd_veh_iron_daemon_3payload_qb,false,true,mp_cap_group_extended_roster,false,1050,chd_iron_daemon,artillery_war_machines
wh3_dlc23_chd_legion_of_azgorh,wh3_dlc23_sc_chd_chaos_dwarfs,wh3_dlc23_chd_veh_iron_daemon_ror,false,false,,true,1750,chd_iron_daemon,artillery_war_machines
wh3_dlc23_chd_legion_of_azgorh,wh3_dlc23_sc_chd_chaos_dwarfs,wh3_dlc23_chd_veh_iron_daemon_ror_1dreadquake,false,false,,true,3350,chd_iron_daemon,artillery_war_machines
wh3_dlc23_chd_legion_of_azgorh,wh3_dlc23_sc_chd_chaos_dwarfs,wh3_dlc23_chd_veh_magma_cannon,false,false,,true,1000,field_gun_flame,artillery_war_machines
wh3_dlc23_chd_legion_of_azgorh,wh3_dlc23_sc_chd_chaos_dwarfs,wh3_dlc23_chd_veh_skullcracker,false,false,,true,1150,chd_skullcracker,artillery_war_machines
wh3_dlc23_chd_legion_of_azgorh,wh3_dlc23_sc_chd_chaos_dwarfs,wh3_dlc23_chd_veh_skullcracker_1dreadquake,false,false,,true,2750,chd_skullcracker,artillery_war_machines
wh3_dlc23_chd_legion_of_azgorh,wh3_dlc23_sc_chd_chaos_dwarfs,wh3_dlc29_chd_mon_chaos_siege_giant,false,false,,true,2000,wh3_dlc29_chs_chaos_siege_giant,monster_beasts
wh3_dlc23_chd_legion_of_azgorh,wh3_dlc23_sc_chd_chaos_dwarfs,wh3_main_chd_art_hobgob_bolt_thrower,false,false,,true,650,wh3_dlc26_grn_art_bolt_throwa,artillery_war_machines
wh3_dlc23_chd_legion_of_azgorh,wh3_dlc23_sc_chd_chaos_dwarfs,wh_dlc08_nor_art_hellcannon_battery,false,true,mp_cap_group_extended_roster,false,3200,artillery_cannon,artillery_war_machines
wh3_dlc23_chd_legion_of_azgorh,wh3_dlc23_sc_chd_chaos_dwarfs,wh_main_chs_art_hellcannon,false,false,,true,1200,artillery_cannon,artillery_war_machines
wh3_dlc23_chd_legion_of_azgorh,wh3_dlc23_sc_chd_chaos_dwarfs,wh_pro04_chs_art_hellcannon_ror_0,false,false,,true,1550,artillery_cannon,artillery_war_machines
wh3_dlc29_nag_host_of_nagash,wh3_dlc29_sc_nag_undead_legions,wh2_dlc09_tmb_art_casket_of_souls_0,false,false,,true,1200,wh2_dlc09_tmb_casket_of_souls,artillery_war_machines
wh3_dlc29_nag_host_of_nagash,wh3_dlc29_sc_nag_undead_legions,wh2_dlc09_tmb_art_screaming_skull_catapult_0,false,false,,true,800,catapult,artillery_war_machines
wh3_dlc29_nag_host_of_nagash,wh3_dlc29_sc_nag_undead_legions,wh2_dlc09_tmb_cav_necropolis_knights_0,false,false,,true,1400,wh2_dlc09_tmb_necroserpent_spear,cavalry_chariots
wh3_dlc29_nag_host_of_nagash,wh3_dlc29_sc_nag_undead_legions,wh2_dlc09_tmb_cav_necropolis_knights_1,false,false,,true,1450,wh2_dlc09_tmb_necroserpent_halberd,cavalry_chariots
wh3_dlc29_nag_host_of_nagash,wh3_dlc29_sc_nag_undead_legions,wh2_dlc09_tmb_cav_nehekhara_horsemen_0,false,false,,true,650,cavalry_skeleton,cavalry_chariots
wh3_dlc29_nag_host_of_nagash,wh3_dlc29_sc_nag_undead_legions,wh2_dlc09_tmb_cav_skeleton_horsemen_0,false,false,,true,400,cavalry_spear_skeleton,cavalry_chariots
wh3_dlc29_nag_host_of_nagash,wh3_dlc29_sc_nag_undead_legions,wh2_dlc09_tmb_cav_skeleton_horsemen_archers_0,false,false,,true,475,missile_cavalry_bow_skeleton,missile_cavalry_chariots
wh3_dlc29_nag_host_of_nagash,wh3_dlc29_sc_nag_undead_legions,wh2_dlc09_tmb_cha_arkhan_0,true,false,,true,900,lord_wizard_death,commander
wh3_dlc29_nag_host_of_nagash,wh3_dlc29_sc_nag_undead_legions,wh2_dlc09_tmb_cha_arkhan_1,true,false,,true,1100,lord_wizard_death,commander
wh3_dlc29_nag_host_of_nagash,wh3_dlc29_sc_nag_undead_legions,wh2_dlc09_tmb_cha_arkhan_2,true,false,,true,1200,lord_wizard_death,commander
wh3_dlc29_nag_host_of_nagash,wh3_dlc29_sc_nag_undead_legions,wh2_dlc09_tmb_cha_liche_priest_death_0,false,false,,true,300,wizard_death,heroes_agents
wh3_dlc29_nag_host_of_nagash,wh3_dlc29_sc_nag_undead_legions,wh2_dlc09_tmb_cha_liche_priest_death_1,false,false,,true,500,wizard_death_cavalry,heroes_agents
wh3_dlc29_nag_host_of_nagash,wh3_dlc29_sc_nag_undead_legions,wh2_dlc09_tmb_cha_liche_priest_light_0,false,false,,true,300,wizard_light,heroes_agents
wh3_dlc29_nag_host_of_nagash,wh3_dlc29_sc_nag_undead_legions,wh2_dlc09_tmb_cha_liche_priest_light_1,false,false,,true,500,wizard_light_cavalry,heroes_agents
wh3_dlc29_nag_host_of_nagash,wh3_dlc29_sc_nag_undead_legions,wh2_dlc09_tmb_cha_liche_priest_nehekhara_0,false,false,,true,300,wizard_nehekhara,heroes_agents
wh3_dlc29_nag_host_of_nagash,wh3_dlc29_sc_nag_undead_legions,wh2_dlc09_tmb_cha_liche_priest_nehekhara_1,false,false,,true,500,wizard_nehekhara_cavalry,heroes_agents
wh3_dlc29_nag_host_of_nagash,wh3_dlc29_sc_nag_undead_legions,wh2_dlc09_tmb_cha_liche_priest_shadow_0,false,false,mp_cap_group_extended_roster,false,300,wizard_shadows,heroes_agents
wh3_dlc29_nag_host_of_nagash,wh3_dlc29_sc_nag_undead_legions,wh2_dlc09_tmb_cha_liche_priest_shadow_1,false,false,mp_cap_group_extended_roster,false,500,wizard_shadows_cavalry,heroes_agents
wh3_dlc29_nag_host_of_nagash,wh3_dlc29_sc_nag_undead_legions,wh2_dlc09_tmb_cha_necrotect_0,false,false,,true,500,wh2_dlc09_tmb_necrotect,heroes_agents
wh3_dlc29_nag_host_of_nagash,wh3_dlc29_sc_nag_undead_legions,wh2_dlc09_tmb_cha_necrotect_1,false,false,,true,850,wh2_dlc09_tmb_necrotect,heroes_agents
wh3_dlc29_nag_host_of_nagash,wh3_dlc29_sc_nag_undead_legions,wh2_dlc09_tmb_cha_tomb_king_0,true,false,,true,900,lord,commander
wh3_dlc29_nag_host_of_nagash,wh3_dlc29_sc_nag_undead_legions,wh2_dlc09_tmb_cha_tomb_king_1,true,false,,true,1100,lord,commander
wh3_dlc29_nag_host_of_nagash,wh3_dlc29_sc_nag_undead_legions,wh2_dlc09_tmb_cha_tomb_king_2,true,false,,true,1150,lord,commander
wh3_dlc29_nag_host_of_nagash,wh3_dlc29_sc_nag_undead_legions,wh2_dlc09_tmb_cha_tomb_king_3,true,false,,true,2100,lord,commander
wh3_dlc29_nag_host_of_nagash,wh3_dlc29_sc_nag_undead_legions,wh2_dlc09_tmb_cha_tomb_prince_0,false,false,,true,600,wh2_dlc09_tmb_tomb_prince,heroes_agents
wh3_dlc29_nag_host_of_nagash,wh3_dlc29_sc_nag_undead_legions,wh2_dlc09_tmb_cha_tomb_prince_1,false,false,,true,800,wh2_dlc09_tmb_tomb_prince,heroes_agents
wh3_dlc29_nag_host_of_nagash,wh3_dlc29_sc_nag_undead_legions,wh2_dlc09_tmb_cha_tomb_prince_2,false,false,,true,850,wh2_dlc09_tmb_tomb_prince,heroes_agents
wh3_dlc29_nag_host_of_nagash,wh3_dlc29_sc_nag_undead_legions,wh2_dlc09_tmb_inf_nehekhara_warriors_0,false,false,,true,525,infantry_sword_dual,infantry
wh3_dlc29_nag_host_of_nagash,wh3_dlc29_sc_nag_undead_legions,wh2_dlc09_tmb_inf_skeleton_archers_0,false,false,,true,425,missile_infantry_bow,missile_infantry
wh3_dlc29_nag_host_of_nagash,wh3_dlc29_sc_nag_undead_legions,wh2_dlc09_tmb_inf_skeleton_archers_ror,false,false,,true,625,missile_infantry_bow,missile_infantry
wh3_dlc29_nag_host_of_nagash,wh3_dlc29_sc_nag_undead_legions,wh2_dlc09_tmb_inf_skeleton_spearmen_0,false,false,,true,325,infantry_spear,infantry
wh3_dlc29_nag_host_of_nagash,wh3_dlc29_sc_nag_undead_legions,wh2_dlc09_tmb_inf_skeleton_spearmen_ror,false,false,,true,550,infantry_spear,infantry
wh3_dlc29_nag_host_of_nagash,wh3_dlc29_sc_nag_undead_legions,wh2_dlc09_tmb_inf_skeleton_warriors_0,false,false,,true,300,infantry_sword,infantry
wh3_dlc29_nag_host_of_nagash,wh3_dlc29_sc_nag_undead_legions,wh2_dlc09_tmb_inf_tomb_guard_0,false,false,,true,750,infantry_sword,infantry
wh3_dlc29_nag_host_of_nagash,wh3_dlc29_sc_nag_undead_legions,wh2_dlc09_tmb_inf_tomb_guard_1,false,false,,true,850,infantry_spear_halberd,infantry
wh3_dlc29_nag_host_of_nagash,wh3_dlc29_sc_nag_undead_legions,wh2_dlc09_tmb_inf_tomb_guard_ror,false,false,,true,1100,infantry_sword_dual,infantry
wh3_dlc29_nag_host_of_nagash,wh3_dlc29_sc_nag_undead_legions,wh2_dlc09_tmb_mon_carrion_0,false,false,,true,350,wh2_dlc09_tmb_carrion,monster_beasts
wh3_dlc29_nag_host_of_nagash,wh3_dlc29_sc_nag_undead_legions,wh2_dlc09_tmb_mon_heirotitan_0,false,false,,true,2000,wh2_dlc09_tmb_hierotitan,monster_beasts
wh3_dlc29_nag_host_of_nagash,wh3_dlc29_sc_nag_undead_legions,wh2_dlc09_tmb_mon_necrosphinx_0,false,false,,true,2000,wh2_dlc09_tmb_necrosphinx,monster_beasts
wh3_dlc29_nag_host_of_nagash,wh3_dlc29_sc_nag_undead_legions,wh2_dlc09_tmb_mon_necrosphinx_ror,false,false,,true,2450,wh2_dlc09_tmb_necrosphinx,monster_beasts
wh3_dlc29_nag_host_of_nagash,wh3_dlc29_sc_nag_undead_legions,wh2_dlc09_tmb_mon_sepulchral_stalkers_0,false,false,,true,1200,wh2_dlc09_tmb_sepulchral_stalkers,missile_monster_beasts
wh3_dlc29_nag_host_of_nagash,wh3_dlc29_sc_nag_undead_legions,wh2_dlc09_tmb_mon_sepulchral_stalkers_ror,false,false,,true,1400,wh2_dlc09_tmb_sepulchral_stalkers,missile_monster_beasts
wh3_dlc29_nag_host_of_nagash,wh3_dlc29_sc_nag_undead_legions,wh2_dlc09_tmb_mon_tomb_scorpion_0,false,false,,true,1000,wh2_dlc09_tmb_scorpion,monster_beasts
wh3_dlc29_nag_host_of_nagash,wh3_dlc29_sc_nag_undead_legions,wh2_dlc09_tmb_mon_ushabti_0,false,false,,true,900,wh2_dlc09_tmb_ushabti,monster_beasts
wh3_dlc29_nag_host_of_nagash,wh3_dlc29_sc_nag_undead_legions,wh2_dlc09_tmb_mon_ushabti_1,false,false,,true,1100,wh2_dlc09_tmb_ushabti_bow,missile_monster_beasts
wh3_dlc29_nag_host_of_nagash,wh3_dlc29_sc_nag_undead_legions,wh2_dlc09_tmb_mon_ushabti_ror,false,false,,true,1350,wh2_dlc09_tmb_ushabti_bow,missile_monster_beasts
wh3_dlc29_nag_host_of_nagash,wh3_dlc29_sc_nag_undead_legions,wh2_dlc09_tmb_veh_khemrian_warsphinx_0,false,false,,true,1950,wh2_dlc09_tmb_warsphinx,missile_monster_beasts
wh3_dlc29_nag_host_of_nagash,wh3_dlc29_sc_nag_undead_legions,wh2_dlc09_tmb_veh_skeleton_archer_chariot_0,false,false,,true,1000,missile_chariot,missile_cavalry_chariots
wh3_dlc29_nag_host_of_nagash,wh3_dlc29_sc_nag_undead_legions,wh2_dlc09_tmb_veh_skeleton_chariot_0,false,false,,true,850,chariot,cavalry_chariots
wh3_dlc29_nag_host_of_nagash,wh3_dlc29_sc_nag_undead_legions,wh2_dlc11_cst_art_carronade,false,false,,true,750,artillery_cannon,artillery_war_machines
wh3_dlc29_nag_host_of_nagash,wh3_dlc29_sc_nag_undead_legions,wh2_dlc11_cst_art_mortar,false,false,,true,600,artillery_mortar,artillery_war_machines
wh3_dlc29_nag_host_of_nagash,wh3_dlc29_sc_nag_undead_legions,wh2_dlc11_cst_art_queen_bess,false,false,,true,1600,artillery_mortar,artillery_war_machines
wh3_dlc29_nag_host_of_nagash,wh3_dlc29_sc_nag_undead_legions,wh2_dlc11_cst_cav_deck_droppers_0,false,false,,true,450,wh2_dlc11_cst_deck_droppers_pistols,missile_monster_beasts
wh3_dlc29_nag_host_of_nagash,wh3_dlc29_sc_nag_undead_legions,wh2_dlc11_cst_cav_deck_droppers_1,false,false,,true,500,wh2_dlc11_cst_deck_droppers_bombs,missile_monster_beasts
wh3_dlc29_nag_host_of_nagash,wh3_dlc29_sc_nag_undead_legions,wh2_dlc11_cst_cav_deck_droppers_2,false,false,,true,650,wh2_dlc11_cst_deck_droppers,missile_monster_beasts
wh3_dlc29_nag_host_of_nagash,wh3_dlc29_sc_nag_undead_legions,wh2_dlc11_cst_cav_deck_droppers_ror_0,false,false,,true,750,wh2_dlc11_cst_deck_droppers_bombs,missile_monster_beasts
wh3_dlc29_nag_host_of_nagash,wh3_dlc29_sc_nag_undead_legions,wh2_dlc11_cst_cha_gunnery_wight_0,false,false,,true,600,wh2_dlc11_cst_gunnery_wight,heroes_agents
wh3_dlc29_nag_host_of_nagash,wh3_dlc29_sc_nag_undead_legions,wh2_dlc11_cst_cha_gunnery_wight_1,false,false,,true,950,wh2_dlc11_cst_gunnery_wight,heroes_agents
wh3_dlc29_nag_host_of_nagash,wh3_dlc29_sc_nag_undead_legions,wh2_dlc11_cst_cha_luthor_harkon_0,true,false,,true,900,lord,commander
wh3_dlc29_nag_host_of_nagash,wh3_dlc29_sc_nag_undead_legions,wh2_dlc11_cst_cha_luthor_harkon_1,true,false,,true,2400,lord,commander
wh3_dlc29_nag_host_of_nagash,wh3_dlc29_sc_nag_undead_legions,wh2_dlc11_cst_cha_mourngul_haunter,false,false,,true,1150,wh2_dlc11_cst_mourngul_haunter,heroes_agents
wh3_dlc29_nag_host_of_nagash,wh3_dlc29_sc_nag_undead_legions,wh2_dlc11_cst_cha_vampire_fleet_admiral_0,true,false,,true,950,lord_wizard_vampires,commander
wh3_dlc29_nag_host_of_nagash,wh3_dlc29_sc_nag_undead_legions,wh2_dlc11_cst_cha_vampire_fleet_admiral_1,true,false,,true,1250,lord_wizard_vampires,commander
wh3_dlc29_nag_host_of_nagash,wh3_dlc29_sc_nag_undead_legions,wh2_dlc11_cst_cha_vampire_fleet_admiral_death_0,true,false,,true,950,lord_wizard_death,commander
wh3_dlc29_nag_host_of_nagash,wh3_dlc29_sc_nag_undead_legions,wh2_dlc11_cst_cha_vampire_fleet_admiral_death_1,true,false,,true,1250,lord_wizard_death,commander
wh3_dlc29_nag_host_of_nagash,wh3_dlc29_sc_nag_undead_legions,wh2_dlc11_cst_cha_vampire_fleet_admiral_deeps_0,true,false,,true,950,lord_wizard_deep,commander
wh3_dlc29_nag_host_of_nagash,wh3_dlc29_sc_nag_undead_legions,wh2_dlc11_cst_cha_vampire_fleet_admiral_deeps_1,true,false,,true,1250,lord_wizard_deep,commander
wh3_dlc29_nag_host_of_nagash,wh3_dlc29_sc_nag_undead_legions,wh2_dlc11_cst_cha_vampire_fleet_admiral_female_0,true,false,,true,950,lord_wizard_vampires,commander
wh3_dlc29_nag_host_of_nagash,wh3_dlc29_sc_nag_undead_legions,wh2_dlc11_cst_cha_vampire_fleet_admiral_female_1,true,false,,true,1250,lord_wizard_vampires,commander
wh3_dlc29_nag_host_of_nagash,wh3_dlc29_sc_nag_undead_legions,wh2_dlc11_cst_cha_vampire_fleet_admiral_female_death_0,true,false,,true,950,lord_wizard_death,commander
wh3_dlc29_nag_host_of_nagash,wh3_dlc29_sc_nag_undead_legions,wh2_dlc11_cst_cha_vampire_fleet_admiral_female_death_1,true,false,,true,1250,lord_wizard_death,commander
wh3_dlc29_nag_host_of_nagash,wh3_dlc29_sc_nag_undead_legions,wh2_dlc11_cst_cha_vampire_fleet_admiral_female_deeps_0,true,false,,true,950,lord_wizard_deep,commander
wh3_dlc29_nag_host_of_nagash,wh3_dlc29_sc_nag_undead_legions,wh2_dlc11_cst_cha_vampire_fleet_admiral_female_deeps_1,true,false,,true,1250,lord_wizard_deep,commander
wh3_dlc29_nag_host_of_nagash,wh3_dlc29_sc_nag_undead_legions,wh2_dlc11_cst_cha_vampire_fleet_captain_0,false,false,,true,600,wizard_vampires,heroes_agents
wh3_dlc29_nag_host_of_nagash,wh3_dlc29_sc_nag_undead_legions,wh2_dlc11_cst_cha_vampire_fleet_captain_1,false,false,,true,1000,wizard_vampires,heroes_agents
wh3_dlc29_nag_host_of_nagash,wh3_dlc29_sc_nag_undead_legions,wh2_dlc11_cst_cha_vampire_fleet_captain_death_0,false,false,,true,600,wizard_death,heroes_agents
wh3_dlc29_nag_host_of_nagash,wh3_dlc29_sc_nag_undead_legions,wh2_dlc11_cst_cha_vampire_fleet_captain_death_1,false,false,,true,1000,wizard_death,heroes_agents
wh3_dlc29_nag_host_of_nagash,wh3_dlc29_sc_nag_undead_legions,wh2_dlc11_cst_cha_vampire_fleet_captain_deeps_0,false,false,,true,600,wizard_deep,heroes_agents
wh3_dlc29_nag_host_of_nagash,wh3_dlc29_sc_nag_undead_legions,wh2_dlc11_cst_cha_vampire_fleet_captain_deeps_1,false,false,,true,1000,wizard_deep,heroes_agents
wh3_dlc29_nag_host_of_nagash,wh3_dlc29_sc_nag_undead_legions,wh2_dlc11_cst_inf_deck_gunners_0,false,false,,true,700,missile_infantry_sniper,missile_infantry
wh3_dlc29_nag_host_of_nagash,wh3_dlc29_sc_nag_undead_legions,wh2_dlc11_cst_inf_deck_gunners_ror_0,false,false,,true,1050,missile_infantry_sniper,missile_infantry
wh3_dlc29_nag_host_of_nagash,wh3_dlc29_sc_nag_undead_legions,wh2_dlc11_cst_inf_depth_guard_0,false,false,,true,1100,infantry_axe_dual,infantry
wh3_dlc29_nag_host_of_nagash,wh3_dlc29_sc_nag_undead_legions,wh2_dlc11_cst_inf_depth_guard_1,false,false,,true,1200,infantry_spear_halberd,infantry
wh3_dlc29_nag_host_of_nagash,wh3_dlc29_sc_nag_undead_legions,wh2_dlc11_cst_inf_depth_guard_ror_0,false,false,,true,1500,infantry_spear_halberd,infantry
wh3_dlc29_nag_host_of_nagash,wh3_dlc29_sc_nag_undead_legions,wh2_dlc11_cst_inf_syreens,false,false,,true,850,wh2_dlc11_cst_syreens,infantry
wh3_dlc29_nag_host_of_nagash,wh3_dlc29_sc_nag_undead_legions,wh2_dlc11_cst_inf_zombie_deckhands_mob_0,false,false,,true,250,wh2_main_infantry_dual_swords,infantry
wh3_dlc29_nag_host_of_nagash,wh3_dlc29_sc_nag_undead_legions,wh2_dlc11_cst_inf_zombie_deckhands_mob_1,false,false,,true,375,infantry_spear_halberd,infantry
wh3_dlc29_nag_host_of_nagash,wh3_dlc29_sc_nag_undead_legions,wh2_dlc11_cst_inf_zombie_deckhands_mob_ror_0,false,false,,true,425,wh2_main_infantry_dual_swords,infantry
wh3_dlc29_nag_host_of_nagash,wh3_dlc29_sc_nag_undead_legions,wh2_dlc11_cst_inf_zombie_gunnery_mob_0,false,false,,true,325,wh2_dlc11_cst_missile_pistol,missile_infantry
wh3_dlc29_nag_host_of_nagash,wh3_dlc29_sc_nag_undead_legions,wh2_dlc11_cst_inf_zombie_gunnery_mob_1,false,false,,true,550,missile_infantry_rifle,missile_infantry
wh3_dlc29_nag_host_of_nagash,wh3_dlc29_sc_nag_undead_legions,wh2_dlc11_cst_inf_zombie_gunnery_mob_2,false,false,,true,500,wh2_dlc11_cst_close_quarters_missile_infantry,missile_infantry
wh3_dlc29_nag_host_of_nagash,wh3_dlc29_sc_nag_undead_legions,wh2_dlc11_cst_inf_zombie_gunnery_mob_3,false,false,,true,450,wh2_dlc11_cst_explosives_infantry,missile_infantry
wh3_dlc29_nag_host_of_nagash,wh3_dlc29_sc_nag_undead_legions,wh2_dlc11_cst_inf_zombie_gunnery_mob_ror_0,false,false,,true,800,missile_infantry_rifle,missile_infantry
wh3_dlc29_nag_host_of_nagash,wh3_dlc29_sc_nag_undead_legions,wh2_dlc11_cst_mon_animated_hulks_0,false,false,,true,500,monstrous_infantry,monster_beasts
wh3_dlc29_nag_host_of_nagash,wh3_dlc29_sc_nag_undead_legions,wh2_dlc11_cst_mon_bloated_corpse_0,false,false,,true,350,wh2_dlc11_cst_exploding_monster,monster_beasts
wh3_dlc29_nag_host_of_nagash,wh3_dlc29_sc_nag_undead_legions,wh2_dlc11_cst_mon_mournguls_0,false,false,,true,950,wh2_dlc11_cst_mournguls,monster_beasts
wh3_dlc29_nag_host_of_nagash,wh3_dlc29_sc_nag_undead_legions,wh2_dlc11_cst_mon_mournguls_ror_0,false,false,,true,1200,wh2_dlc11_cst_mournguls,monster_beasts
wh3_dlc29_nag_host_of_nagash,wh3_dlc29_sc_nag_undead_legions,wh2_dlc11_cst_mon_necrofex_colossus_0,false,false,,true,1800,monster_artillery,missile_monster_beasts
wh3_dlc29_nag_host_of_nagash,wh3_dlc29_sc_nag_undead_legions,wh2_dlc11_cst_mon_necrofex_colossus_ror_0,false,false,,true,2000,monster_artillery,missile_monster_beasts
wh3_dlc29_nag_host_of_nagash,wh3_dlc29_sc_nag_undead_legions,wh2_dlc11_cst_mon_rotting_leviathan_0,false,false,,true,2100,monster_generic,monster_beasts
wh3_dlc29_nag_host_of_nagash,wh3_dlc29_sc_nag_undead_legions,wh2_dlc11_cst_mon_rotting_prometheans_0,false,false,,true,1000,wh2_dlc11_cst_promethean,monster_beasts
wh3_dlc29_nag_host_of_nagash,wh3_dlc29_sc_nag_undead_legions,wh2_dlc11_cst_mon_rotting_prometheans_gunnery_mob_0,false,false,,true,1300,wh2_dlc11_cst_promethean_missile,missile_monster_beasts
wh3_dlc29_nag_host_of_nagash,wh3_dlc29_sc_nag_undead_legions,wh2_dlc11_cst_mon_rotting_prometheans_gunnery_mob_ror,false,false,,true,1700,wh2_dlc11_cst_promethean_missile,missile_monster_beasts
wh3_dlc29_nag_host_of_nagash,wh3_dlc29_sc_nag_undead_legions,wh2_pro06_tmb_mon_bone_giant_0,false,false,,true,1600,wh2_dlc10_tmb_bone_giant,missile_monster_beasts
wh3_dlc29_nag_host_of_nagash,wh3_dlc29_sc_nag_undead_legions,wh3_dlc29_cst_cha_vampire_fleet_admiral_female_undeath,true,false,,true,950,wh3_dlc29_lord_wizard_undeath,commander
wh3_dlc29_nag_host_of_nagash,wh3_dlc29_sc_nag_undead_legions,wh3_dlc29_cst_cha_vampire_fleet_admiral_female_undeath_rotting_promethean,true,false,,true,1250,wh3_dlc29_lord_wizard_undeath,commander
wh3_dlc29_nag_host_of_nagash,wh3_dlc29_sc_nag_undead_legions,wh3_dlc29_cst_cha_vampire_fleet_admiral_undeath,true,false,,true,950,wh3_dlc29_lord_wizard_undeath,commander
wh3_dlc29_nag_host_of_nagash,wh3_dlc29_sc_nag_undead_legions,wh3_dlc29_cst_cha_vampire_fleet_admiral_undeath_rotting_promethean,true,false,,true,1250,wh3_dlc29_lord_wizard_undeath,commander
wh3_dlc29_nag_host_of_nagash,wh3_dlc29_sc_nag_undead_legions,wh3_dlc29_cst_cha_vampire_fleet_captain_undeath,false,false,,true,600,wh3_dlc29_wizard_undeath,heroes_agents
wh3_dlc29_nag_host_of_nagash,wh3_dlc29_sc_nag_undead_legions,wh3_dlc29_cst_cha_vampire_fleet_captain_undeath_rotting_promethean,false,false,,true,1000,wh3_dlc29_wizard_undeath,heroes_agents
wh3_dlc29_nag_host_of_nagash,wh3_dlc29_sc_nag_undead_legions,wh3_dlc29_tmb_cha_arkhan_dread_abyssal,true,false,,true,2250,lord_wizard_vampires,commander
wh3_dlc29_nag_host_of_nagash,wh3_dlc29_sc_nag_undead_legions,wh3_dlc29_tmb_cha_liche_high_priest_death,true,false,,true,400,lord_wizard_death,commander
wh3_dlc29_nag_host_of_nagash,wh3_dlc29_sc_nag_undead_legions,wh3_dlc29_tmb_cha_liche_high_priest_death_skeletal_steed,true,false,,true,600,lord_wizard_death,commander
wh3_dlc29_nag_host_of_nagash,wh3_dlc29_sc_nag_undead_legions,wh3_dlc29_tmb_cha_liche_high_priest_light,true,false,,true,400,lord_wizard_light,commander
wh3_dlc29_nag_host_of_nagash,wh3_dlc29_sc_nag_undead_legions,wh3_dlc29_tmb_cha_liche_high_priest_light_skeletal_steed,true,false,,true,600,lord_wizard_light,commander
wh3_dlc29_nag_host_of_nagash,wh3_dlc29_sc_nag_undead_legions,wh3_dlc29_tmb_cha_liche_high_priest_nehekhara,true,false,,true,400,lord_wizard_nehekhara,commander
wh3_dlc29_nag_host_of_nagash,wh3_dlc29_sc_nag_undead_legions,wh3_dlc29_tmb_cha_liche_high_priest_nehekhara_skeletal_steed,true,false,,true,600,lord_wizard_nehekhara,commander
wh3_dlc29_nag_host_of_nagash,wh3_dlc29_sc_nag_undead_legions,wh3_dlc29_tmb_cha_liche_high_priest_shadow,true,false,,true,400,lord_wizard_shadows,commander
wh3_dlc29_nag_host_of_nagash,wh3_dlc29_sc_nag_undead_legions,wh3_dlc29_tmb_cha_liche_high_priest_shadow_skeletal_steed,true,false,,true,600,lord_wizard_shadows,commander
wh3_dlc29_nag_host_of_nagash,wh3_dlc29_sc_nag_undead_legions,wh3_dlc29_tmb_cha_liche_high_priest_undeath,true,false,,true,400,wh3_dlc29_lord_wizard_undeath,commander
wh3_dlc29_nag_host_of_nagash,wh3_dlc29_sc_nag_undead_legions,wh3_dlc29_tmb_cha_liche_high_priest_undeath_skeletal_steed,true,false,,true,600,wh3_dlc29_lord_wizard_undeath,commander
wh3_dlc29_nag_host_of_nagash,wh3_dlc29_sc_nag_undead_legions,wh3_dlc29_tmb_cha_liche_priest_undeath,false,false,mp_cap_group_extended_roster,false,300,wh3_dlc29_wizard_undeath,heroes_agents
wh3_dlc29_nag_host_of_nagash,wh3_dlc29_sc_nag_undead_legions,wh3_dlc29_tmb_cha_liche_priest_undeath_skeletal_steed,false,false,mp_cap_group_extended_roster,false,500,wh3_dlc29_wizard_undeath,heroes_agents
wh3_dlc29_nag_host_of_nagash,wh3_dlc29_sc_nag_undead_legions,wh3_dlc29_tmb_cha_tomb_herald,false,false,,true,500,wh3_dlc29_tmb_tomb_herald,heroes_agents
wh3_dlc29_nag_host_of_nagash,wh3_dlc29_sc_nag_undead_legions,wh3_dlc29_tmb_cha_tomb_herald_skeletal_steed,false,false,,true,700,wh3_dlc29_tmb_tomb_herald,heroes_agents
wh3_dlc29_nag_host_of_nagash,wh3_dlc29_sc_nag_undead_legions,wh3_dlc29_tmb_cha_tomb_herald_skeleton_chariot,false,false,,true,750,wh3_dlc29_tmb_tomb_herald,heroes_agents
wh3_dlc29_nag_host_of_nagash,wh3_dlc29_sc_nag_undead_legions,wh3_dlc29_tmb_mon_khemric_titan,false,false,,true,2600,wh3_dlc29_tmb_khemric_titan,monster_beasts
wh3_dlc29_nag_host_of_nagash,wh3_dlc29_sc_nag_undead_legions,wh3_dlc29_tmb_mon_khemric_titan_ror,false,false,,true,3050,wh3_dlc29_tmb_khemric_titan,monster_beasts
wh3_dlc29_nag_host_of_nagash,wh3_dlc29_sc_nag_undead_legions,wh3_dlc29_tmb_mon_ushabti_ror_sepulchrex,false,false,,true,1250,wh2_dlc09_tmb_ushabti,monster_beasts
wh3_dlc29_nag_host_of_nagash,wh3_dlc29_sc_nag_undead_legions,wh3_dlc29_vmp_cav_drakenhof_templars,false,false,,true,1400,shock_cavalry,cavalry_chariots
wh3_dlc29_nag_host_of_nagash,wh3_dlc29_sc_nag_undead_legions,wh3_dlc29_vmp_cha_dieter_helsnicht,false,false,,true,400,wizard_vampires,heroes_agents
wh3_dlc29_nag_host_of_nagash,wh3_dlc29_sc_nag_undead_legions,wh3_dlc29_vmp_cha_dieter_helsnicht_undead_manticore,false,false,,true,1100,wizard_vampires,heroes_agents
wh3_dlc29_nag_host_of_nagash,wh3_dlc29_sc_nag_undead_legions,wh3_dlc29_vmp_cha_krell,false,false,,true,1000,vmp_wight_king,heroes_agents
wh3_dlc29_nag_host_of_nagash,wh3_dlc29_sc_nag_undead_legions,wh3_dlc29_vmp_cha_lahmian_vampire,false,false,,true,650,vmp_lahmian_vampires,heroes_agents
wh3_dlc29_nag_host_of_nagash,wh3_dlc29_sc_nag_undead_legions,wh3_dlc29_vmp_cha_lahmian_vampire_barded_nightmare,false,false,,true,900,vmp_lahmian_vampires_cavalry,heroes_agents
wh3_dlc29_nag_host_of_nagash,wh3_dlc29_sc_nag_undead_legions,wh3_dlc29_vmp_cha_lahmian_vampire_hellsteed,false,false,,true,1100,vmp_lahmian_vampires_flying,heroes_agents
wh3_dlc29_nag_host_of_nagash,wh3_dlc29_sc_nag_undead_legions,wh3_dlc29_vmp_cha_mannfred_von_carstein_dread_abyssal,true,false,,true,2250,lord_wizard_vampires,commander
wh3_dlc29_nag_host_of_nagash,wh3_dlc29_sc_nag_undead_legions,wh3_dlc29_vmp_cha_master_necromancer_undeath,true,false,,true,350,wh3_dlc29_lord_wizard_undeath,commander
wh3_dlc29_nag_host_of_nagash,wh3_dlc29_sc_nag_undead_legions,wh3_dlc29_vmp_cha_master_necromancer_undeath_barded_nightmare,true,false,,true,600,wh3_dlc29_lord_wizard_undeath,commander
wh3_dlc29_nag_host_of_nagash,wh3_dlc29_sc_nag_undead_legions,wh3_dlc29_vmp_cha_master_necromancer_undeath_corpse_cart,true,false,,true,450,wh3_dlc29_lord_wizard_undeath,commander
wh3_dlc29_nag_host_of_nagash,wh3_dlc29_sc_nag_undead_legions,wh3_dlc29_vmp_cha_master_necromancer_undeath_corpse_cart_balefire,true,false,,true,650,wh3_dlc29_lord_wizard_undeath,commander
wh3_dlc29_nag_host_of_nagash,wh3_dlc29_sc_nag_undead_legions,wh3_dlc29_vmp_cha_master_necromancer_undeath_corpse_cart_lodestone,true,false,,true,650,wh3_dlc29_lord_wizard_undeath,commander
wh3_dlc29_nag_host_of_nagash,wh3_dlc29_sc_nag_undead_legions,wh3_dlc29_vmp_cha_master_necromancer_undeath_hellsteed,true,false,,true,750,wh3_dlc29_lord_wizard_undeath,commander
wh3_dlc29_nag_host_of_nagash,wh3_dlc29_sc_nag_undead_legions,wh3_dlc29_vmp_cha_nagash,true,false,,true,2000,wh3_dlc29_lord_wizard_undeath,commander
wh3_dlc29_nag_host_of_nagash,wh3_dlc29_sc_nag_undead_legions,wh3_dlc29_vmp_cha_nagash_vampire_lord,true,false,,true,900,lord_wizard_vampires,commander
wh3_dlc29_nag_host_of_nagash,wh3_dlc29_sc_nag_undead_legions,wh3_dlc29_vmp_cha_nagash_vampire_lord_barded_nightmare,true,false,,true,1150,lord_wizard_vampires,commander
wh3_dlc29_nag_host_of_nagash,wh3_dlc29_sc_nag_undead_legions,wh3_dlc29_vmp_cha_nagash_vampire_lord_hellsteed,true,false,,true,1350,lord_wizard_vampires,commander
wh3_dlc29_nag_host_of_nagash,wh3_dlc29_sc_nag_undead_legions,wh3_dlc29_vmp_cha_nagash_vampire_lord_zombie_dragon,true,false,,true,2050,lord_wizard_vampires,commander
wh3_dlc29_nag_host_of_nagash,wh3_dlc29_sc_nag_undead_legions,wh3_dlc29_vmp_cha_necromancer_undeath,false,false,,true,300,wh3_dlc29_wizard_undeath,heroes_agents
wh3_dlc29_nag_host_of_nagash,wh3_dlc29_sc_nag_undead_legions,wh3_dlc29_vmp_cha_necromancer_undeath_barded_nightmare,false,false,,true,500,wh3_dlc29_wizard_undeath,heroes_agents
wh3_dlc29_nag_host_of_nagash,wh3_dlc29_sc_nag_undead_legions,wh3_dlc29_vmp_cha_necromancer_undeath_corpse_cart,false,false,,true,500,wh3_dlc29_wizard_undeath,heroes_agents
wh3_dlc29_nag_host_of_nagash,wh3_dlc29_sc_nag_undead_legions,wh3_dlc29_vmp_cha_necromancer_undeath_corpse_cart_balefire,false,false,,true,700,wh3_dlc29_wizard_undeath,heroes_agents
wh3_dlc29_nag_host_of_nagash,wh3_dlc29_sc_nag_undead_legions,wh3_dlc29_vmp_cha_necromancer_undeath_corpse_cart_lodestone,false,false,,true,700,wh3_dlc29_wizard_undeath,heroes_agents
wh3_dlc29_nag_host_of_nagash,wh3_dlc29_sc_nag_undead_legions,wh3_dlc29_vmp_cha_neferata,true,false,,true,1100,lord_wizard_vampires,commander
wh3_dlc29_nag_host_of_nagash,wh3_dlc29_sc_nag_undead_legions,wh3_dlc29_vmp_cha_neferata_barded_nightmare,true,false,,true,1350,lord_wizard_vampires,commander
wh3_dlc29_nag_host_of_nagash,wh3_dlc29_sc_nag_undead_legions,wh3_dlc29_vmp_cha_neferata_coven_throne,true,false,,true,1800,lord_wizard_vampires,commander
wh3_dlc29_nag_host_of_nagash,wh3_dlc29_sc_nag_undead_legions,wh3_dlc29_vmp_cha_neferata_dread_abyssal,true,false,,true,2400,lord_wizard_vampires,commander
wh3_dlc29_nag_host_of_nagash,wh3_dlc29_sc_nag_undead_legions,wh3_dlc29_vmp_cha_neferata_hellsteed,true,false,,true,1550,lord_wizard_vampires,commander
wh3_dlc29_nag_host_of_nagash,wh3_dlc29_sc_nag_undead_legions,wh3_dlc29_vmp_cha_neferata_zombie_dragon,true,false,,true,2300,lord_wizard_vampires,commander
wh3_dlc29_nag_host_of_nagash,wh3_dlc29_sc_nag_undead_legions,wh3_dlc29_vmp_cha_walach_harkon,false,false,,true,1000,wh3_dlc29_vmp_walach_harkon,heroes_agents
wh3_dlc29_nag_host_of_nagash,wh3_dlc29_sc_nag_undead_legions,wh3_dlc29_vmp_cha_walach_harkon_barded_nightmare,false,false,,true,1250,wh3_dlc29_vmp_walach_harkon,heroes_agents
wh3_dlc29_nag_host_of_nagash,wh3_dlc29_sc_nag_undead_legions,wh3_dlc29_vmp_inf_lahmian_handmaidens_death,false,false,,true,1300,wh3_dlc29_vmp_lahmian_handmaidens_death,infantry
wh3_dlc29_nag_host_of_nagash,wh3_dlc29_sc_nag_undead_legions,wh3_dlc29_vmp_inf_lahmian_handmaidens_shadow,false,false,,true,1350,wh3_dlc29_vmp_lahmian_handmaidens_shadow,infantry
wh3_dlc29_nag_host_of_nagash,wh3_dlc29_sc_nag_undead_legions,wh3_dlc29_vmp_inf_spirit_host,false,false,,true,450,wh3_dlc29_vmp_spirit_host,infantry
wh3_dlc29_nag_host_of_nagash,wh3_dlc29_sc_nag_undead_legions,wh3_dlc29_vmp_mon_morghast_archai,false,false,,true,2000,wh3_dlc29_vmp_morghast_archai,monster_beasts
wh3_dlc29_nag_host_of_nagash,wh3_dlc29_sc_nag_undead_legions,wh3_dlc29_vmp_mon_morghast_archai_ror,false,false,,true,2600,wh3_dlc29_vmp_morghast_archai,monster_beasts
wh3_dlc29_nag_host_of_nagash,wh3_dlc29_sc_nag_undead_legions,wh3_dlc29_vmp_mon_morghast_harbingers,false,false,,true,1900,wh3_dlc29_vmp_morghast_harbingers,monster_beasts
wh3_dlc29_nag_host_of_nagash,wh3_dlc29_sc_nag_undead_legions,wh3_dlc29_vmp_mon_zombie_dragon,false,false,,true,2000,dragon,monster_beasts
wh3_dlc29_nag_host_of_nagash,wh3_dlc29_sc_nag_undead_legions,wh3_dlc29_vmp_veh_coven_throne,false,false,,true,1400,magic_chariot,artillery_war_machines
wh3_dlc29_nag_host_of_nagash,wh3_dlc29_sc_nag_undead_legions,wh3_main_vmp_blood_knights_sword_shield,false,false,,true,1550,cavalry,cavalry_chariots
wh3_dlc29_nag_host_of_nagash,wh3_dlc29_sc_nag_undead_legions,wh3_main_vmp_inf_grave_guard_2,false,false,,true,900,infantry_spear_halberd,infantry
wh3_dlc29_nag_host_of_nagash,wh3_dlc29_sc_nag_undead_legions,wh_dlc02_vmp_cav_blood_knights_0,false,false,,true,1650,shock_cavalry,cavalry_chariots
wh3_dlc29_nag_host_of_nagash,wh3_dlc29_sc_nag_undead_legions,wh_dlc04_vmp_cav_chillgheists_0,false,false,,true,1700,vmp_cavalry_scythe,cavalry_chariots
wh3_dlc29_nag_host_of_nagash,wh3_dlc29_sc_nag_undead_legions,wh_dlc04_vmp_cav_vereks_reavers_0,false,false,,true,1300,shock_cavalry,cavalry_chariots
wh3_dlc29_nag_host_of_nagash,wh3_dlc29_sc_nag_undead_legions,wh_dlc04_vmp_cha_master_necromancer_1,true,false,,true,450,lord_wizard_vampires,commander
wh3_dlc29_nag_host_of_nagash,wh3_dlc29_sc_nag_undead_legions,wh_dlc04_vmp_cha_master_necromancer_2,true,false,,true,650,lord_wizard_vampires,commander
wh3_dlc29_nag_host_of_nagash,wh3_dlc29_sc_nag_undead_legions,wh_dlc04_vmp_cha_master_necromancer_3,true,false,,true,650,lord_wizard_vampires,commander
wh3_dlc29_nag_host_of_nagash,wh3_dlc29_sc_nag_undead_legions,wh_dlc04_vmp_cha_necromancer_1,false,false,,true,500,wizard_vampires,heroes_agents
wh3_dlc29_nag_host_of_nagash,wh3_dlc29_sc_nag_undead_legions,wh_dlc04_vmp_cha_necromancer_2,false,false,,true,700,wizard_vampires,heroes_agents
wh3_dlc29_nag_host_of_nagash,wh3_dlc29_sc_nag_undead_legions,wh_dlc04_vmp_cha_necromancer_3,false,false,,true,700,wizard_vampires,heroes_agents
wh3_dlc29_nag_host_of_nagash,wh3_dlc29_sc_nag_undead_legions,wh_dlc04_vmp_cha_vlad_von_carstein_0,true,false,,true,1200,wizard_vampires,heroes_agents
wh3_dlc29_nag_host_of_nagash,wh3_dlc29_sc_nag_undead_legions,wh_dlc04_vmp_inf_feasters_in_the_dusk_0,false,false,,true,800,vmp_crypt_ghouls,infantry
wh3_dlc29_nag_host_of_nagash,wh3_dlc29_sc_nag_undead_legions,wh_dlc04_vmp_inf_konigstein_stalkers_0,false,false,,true,475,infantry_sword,infantry
wh3_dlc29_nag_host_of_nagash,wh3_dlc29_sc_nag_undead_legions,wh_dlc04_vmp_inf_sternsmen_0,false,false,,true,1150,infantry_sword,infantry
wh3_dlc29_nag_host_of_nagash,wh3_dlc29_sc_nag_undead_legions,wh_dlc04_vmp_inf_tithe_0,false,false,,true,200,infantry_sword,infantry
wh3_dlc29_nag_host_of_nagash,wh3_dlc29_sc_nag_undead_legions,wh_dlc04_vmp_mon_devils_swartzhafen_0,false,false,,true,1300,monstrous_infantry_flying,monster_beasts
wh3_dlc29_nag_host_of_nagash,wh3_dlc29_sc_nag_undead_legions,wh_dlc04_vmp_mon_direpack_0,false,false,,true,625,war_beast,monster_beasts
wh3_dlc29_nag_host_of_nagash,wh3_dlc29_sc_nag_undead_legions,wh_dlc04_vmp_veh_claw_of_nagash_0,false,false,,true,1700,magic_chariot,artillery_war_machines
wh3_dlc29_nag_host_of_nagash,wh3_dlc29_sc_nag_undead_legions,wh_dlc04_vmp_veh_corpse_cart_0,false,false,,true,300,magic_chariot,artillery_war_machines
wh3_dlc29_nag_host_of_nagash,wh3_dlc29_sc_nag_undead_legions,wh_dlc04_vmp_veh_corpse_cart_1,false,false,,true,500,magic_chariot,artillery_war_machines
wh3_dlc29_nag_host_of_nagash,wh3_dlc29_sc_nag_undead_legions,wh_dlc04_vmp_veh_corpse_cart_2,false,false,,true,500,magic_chariot,artillery_war_machines
wh3_dlc29_nag_host_of_nagash,wh3_dlc29_sc_nag_undead_legions,wh_dlc04_vmp_veh_mortis_engine_0,false,false,,true,1400,magic_chariot,artillery_war_machines
wh3_dlc29_nag_host_of_nagash,wh3_dlc29_sc_nag_undead_legions,wh_dlc05_vmp_cha_vampire_shadows_0,false,false,,true,650,wizard_shadows,heroes_agents
wh3_dlc29_nag_host_of_nagash,wh3_dlc29_sc_nag_undead_legions,wh_dlc05_vmp_cha_vampire_shadows_1,false,false,,true,900,wizard_shadows_cavalry,heroes_agents
wh3_dlc29_nag_host_of_nagash,wh3_dlc29_sc_nag_undead_legions,wh_dlc05_vmp_cha_vampire_shadows_2,false,false,,true,1100,wizard_shadows_cavalry_flying,heroes_agents
wh3_dlc29_nag_host_of_nagash,wh3_dlc29_sc_nag_undead_legions,wh_main_vmp_cav_black_knights_0,false,false,,true,950,cavalry,cavalry_chariots
wh3_dlc29_nag_host_of_nagash,wh3_dlc29_sc_nag_undead_legions,wh_main_vmp_cav_black_knights_3,false,false,,true,1050,shock_cavalry,cavalry_chariots
wh3_dlc29_nag_host_of_nagash,wh3_dlc29_sc_nag_undead_legions,wh_main_vmp_cav_hexwraiths,false,false,,true,1400,vmp_cavalry_scythe,cavalry_chariots
wh3_dlc29_nag_host_of_nagash,wh3_dlc29_sc_nag_undead_legions,wh_main_vmp_cha_banshee,false,false,,true,750,vmp_tomb_banshee,heroes_agents
wh3_dlc29_nag_host_of_nagash,wh3_dlc29_sc_nag_undead_legions,wh_main_vmp_cha_mannfred_von_carstein_0,true,false,,true,950,lord_wizard_vampires,commander
wh3_dlc29_nag_host_of_nagash,wh3_dlc29_sc_nag_undead_legions,wh_main_vmp_cha_mannfred_von_carstein_2,true,false,,true,1400,lord_wizard_vampires,commander
wh3_dlc29_nag_host_of_nagash,wh3_dlc29_sc_nag_undead_legions,wh_main_vmp_cha_mannfred_von_carstein_3,true,false,,true,2150,lord_wizard_vampires,commander
wh3_dlc29_nag_host_of_nagash,wh3_dlc29_sc_nag_undead_legions,wh_main_vmp_cha_mannfred_von_carstein_4,true,false,,true,1200,lord_wizard_vampires,commander
wh3_dlc29_nag_host_of_nagash,wh3_dlc29_sc_nag_undead_legions,wh_main_vmp_cha_master_necromancer_0,true,false,,true,350,lord_wizard_vampires,commander
wh3_dlc29_nag_host_of_nagash,wh3_dlc29_sc_nag_undead_legions,wh_main_vmp_cha_master_necromancer_4,true,false,,true,750,lord_wizard_vampires,commander
wh3_dlc29_nag_host_of_nagash,wh3_dlc29_sc_nag_undead_legions,wh_main_vmp_cha_master_necromancer_5,true,false,,true,600,lord_wizard_vampires,commander
wh3_dlc29_nag_host_of_nagash,wh3_dlc29_sc_nag_undead_legions,wh_main_vmp_cha_necromancer_0,false,false,,true,300,wizard_vampires,heroes_agents
wh3_dlc29_nag_host_of_nagash,wh3_dlc29_sc_nag_undead_legions,wh_main_vmp_cha_necromancer_5,false,false,,true,500,wizard_vampires_cavalry,heroes_agents
wh3_dlc29_nag_host_of_nagash,wh3_dlc29_sc_nag_undead_legions,wh_main_vmp_cha_vampire_0,false,false,,true,650,wizard_death,heroes_agents
wh3_dlc29_nag_host_of_nagash,wh3_dlc29_sc_nag_undead_legions,wh_main_vmp_cha_vampire_1,false,false,,true,900,wizard_death_cavalry,heroes_agents
wh3_dlc29_nag_host_of_nagash,wh3_dlc29_sc_nag_undead_legions,wh_main_vmp_cha_vampire_2,false,false,,true,1100,wizard_death_cavalry_flying,heroes_agents
wh3_dlc29_nag_host_of_nagash,wh3_dlc29_sc_nag_undead_legions,wh_main_vmp_cha_wight_king_0,false,false,,true,600,vmp_wight_king,heroes_agents
wh3_dlc29_nag_host_of_nagash,wh3_dlc29_sc_nag_undead_legions,wh_main_vmp_cha_wight_king_2,false,false,,true,850,vmp_wight_king_cavalry,heroes_agents
wh3_dlc29_nag_host_of_nagash,wh3_dlc29_sc_nag_undead_legions,wh_main_vmp_inf_cairn_wraiths,false,false,,true,850,vmp_infantry_scythe,infantry
wh3_dlc29_nag_host_of_nagash,wh3_dlc29_sc_nag_undead_legions,wh_main_vmp_inf_crypt_ghouls,false,false,,true,600,vmp_crypt_ghouls,infantry
wh3_dlc29_nag_host_of_nagash,wh3_dlc29_sc_nag_undead_legions,wh_main_vmp_inf_grave_guard_0,false,false,,true,850,infantry_sword,infantry
wh3_dlc29_nag_host_of_nagash,wh3_dlc29_sc_nag_undead_legions,wh_main_vmp_inf_grave_guard_1,false,false,,true,950,infantry_sword_great,infantry
wh3_dlc29_nag_host_of_nagash,wh3_dlc29_sc_nag_undead_legions,wh_main_vmp_inf_skeleton_warriors_0,false,false,,true,300,infantry_sword,infantry
wh3_dlc29_nag_host_of_nagash,wh3_dlc29_sc_nag_undead_legions,wh_main_vmp_inf_skeleton_warriors_1,false,false,,true,325,infantry_spear,infantry
wh3_dlc29_nag_host_of_nagash,wh3_dlc29_sc_nag_undead_legions,wh_main_vmp_inf_zombie,false,false,,true,100,infantry_sword,infantry
wh3_dlc29_nag_host_of_nagash,wh3_dlc29_sc_nag_undead_legions,wh_main_vmp_mon_crypt_horrors,false,false,,true,900,monstrous_infantry,monster_beasts
wh3_dlc29_nag_host_of_nagash,wh3_dlc29_sc_nag_undead_legions,wh_main_vmp_mon_dire_wolves,false,false,,true,475,war_beast,monster_beasts
wh3_dlc29_nag_host_of_nagash,wh3_dlc29_sc_nag_undead_legions,wh_main_vmp_mon_fell_bats,false,false,,true,350,vmp_fell_bats,monster_beasts
wh3_dlc29_nag_host_of_nagash,wh3_dlc29_sc_nag_undead_legions,wh_main_vmp_mon_terrorgheist,false,false,,true,2000,dragon,monster_beasts
wh3_dlc29_nag_host_of_nagash,wh3_dlc29_sc_nag_undead_legions,wh_main_vmp_mon_vargheists,false,false,,true,1050,monstrous_infantry_flying,monster_beasts
wh3_dlc29_nag_host_of_nagash,wh3_dlc29_sc_nag_undead_legions,wh_main_vmp_mon_varghulf,false,false,,true,1400,vmp_varghulf,monster_beasts
wh3_dlc29_nag_host_of_nagash,wh3_dlc29_sc_nag_undead_legions,wh_main_vmp_veh_black_coach,false,false,,true,1100,magic_chariot,artillery_war_machines
wh3_dlc29_vmp_neferata,wh_main_sc_vmp_vampire_counts,wh3_dlc23_neu_cha_ulrika,false,true,mp_cap_group_extended_roster_vampire_counts,false,900,wh3_dlc23_cha_ulrika,heroes_agents
wh3_dlc29_vmp_neferata,wh_main_sc_vmp_vampire_counts,wh3_dlc23_neu_cha_ulrika_warhorse,false,true,,false,1100,wh3_dlc23_cha_ulrika,heroes_agents
wh3_main_cth_cathay_mp,wh3_main_sc_cth_cathay,wh2_pro08_neu_cha_felix,false,false,,true,800,wh2_pro08_cha_felix,heroes_agents
wh3_main_cth_cathay_mp,wh3_main_sc_cth_cathay,wh2_pro08_neu_cha_gotrek,false,false,,true,1150,wh2_pro08_cha_gotrek,heroes_agents
wh3_main_cth_cathay_mp,wh3_main_sc_cth_cathay,wh3_cp1_cth_cha_bhashiva,true,false,,true,1200,lord,commander
wh3_main_cth_cathay_mp,wh3_main_sc_cth_cathay,wh3_cp1_cth_cha_clawspeaker_beasts,false,false,,true,750,wizard_beasts,heroes_agents
wh3_main_cth_cathay_mp,wh3_main_sc_cth_cathay,wh3_cp1_cth_cha_clawspeaker_life,false,false,,true,750,wizard_life,heroes_agents
wh3_main_cth_cathay_mp,wh3_main_sc_cth_cathay,wh3_cp1_cth_cha_clawspeaker_shadows,false,false,,true,750,wizard_shadows,heroes_agents
wh3_main_cth_cathay_mp,wh3_main_sc_cth_cathay,wh3_cp1_cth_cha_sawai,true,false,,true,900,lord,commander
wh3_main_cth_cathay_mp,wh3_main_sc_cth_cathay,wh3_cp1_cth_cha_taoyan,false,false,,true,600,wh3_cp1_cth_taoyan,heroes_agents
wh3_main_cth_cathay_mp,wh3_main_sc_cth_cathay,wh3_cp1_cth_inf_iron_claw_guandao,false,false,,true,1200,wh3_cp1_inf_guandao,infantry
wh3_main_cth_cathay_mp,wh3_main_sc_cth_cathay,wh3_cp1_cth_inf_stalkers_throwing_disc,false,false,,true,1050,wh3_cp1_inf_throwing_disc,missile_infantry
wh3_main_cth_cathay_mp,wh3_main_sc_cth_cathay,wh3_cp1_cth_inf_tiger_warriors_dual_axe,false,false,,true,800,infantry_axe_dual,infantry
wh3_main_cth_cathay_mp,wh3_main_sc_cth_cathay,wh3_dlc24_cth_cha_celestial_general_yang,true,false,,true,800,lord,commander
wh3_main_cth_cathay_mp,wh3_main_sc_cth_cathay,wh3_dlc24_cth_cha_celestial_general_yang_cathayan_horse,true,false,,true,1000,lord,commander
wh3_main_cth_cathay_mp,wh3_main_sc_cth_cathay,wh3_dlc24_cth_cha_celestial_general_yang_longma,true,false,,true,1300,lord,commander
wh3_main_cth_cathay_mp,wh3_main_sc_cth_cathay,wh3_dlc24_cth_cha_yuan_bo_human,true,false,,true,1800,wh3_lord_wizard_yin,commander
wh3_main_cth_cathay_mp,wh3_main_sc_cth_cathay,wh3_dlc24_cth_inf_dragon_guard_crossbowmen_ror,false,false,,true,1250,missile_infantry_crossbow,missile_infantry
wh3_main_cth_cathay_mp,wh3_main_sc_cth_cathay,wh3_dlc24_cth_inf_onyx_crowmen,false,false,,true,700,wh3_dlc24_cth_onyx_crowmen,monster_beasts
wh3_main_cth_cathay_mp,wh3_main_sc_cth_cathay,wh3_dlc24_cth_inf_onyx_crowmen_ror,false,false,,true,1000,wh3_dlc24_cth_onyx_crowmen,monster_beasts
wh3_main_cth_cathay_mp,wh3_main_sc_cth_cathay,wh3_dlc24_cth_mon_jade_lion,false,false,,true,1100,wh3_dlc24_mon_guardian_lion,monster_beasts
wh3_main_cth_cathay_mp,wh3_main_sc_cth_cathay,wh3_dlc24_cth_mon_jet_lion,false,false,,true,1100,wh3_dlc24_mon_guardian_lion,monster_beasts
wh3_main_cth_cathay_mp,wh3_main_sc_cth_cathay,wh3_dlc24_cth_veh_zhangu_war_drum,false,false,,true,1100,wh3_dlc24_veh_zhangu_war_drum,artillery_war_machines
wh3_main_cth_cathay_mp,wh3_main_sc_cth_cathay,wh3_dlc24_cth_veh_zhangu_war_drum_ror,false,false,,true,1350,wh3_dlc24_veh_zhangu_war_drum,artillery_war_machines
wh3_main_cth_cathay_mp,wh3_main_sc_cth_cathay,wh3_main_cth_art_fire_rain_rocket_battery_0,false,false,,true,1100,emp_rocket_battery,artillery_war_machines
wh3_main_cth_cathay_mp,wh3_main_sc_cth_cathay,wh3_main_cth_art_grand_cannon_0,false,false,,true,900,artillery_cannon,artillery_war_machines
wh3_main_cth_cathay_mp,wh3_main_sc_cth_cathay,wh3_main_cth_cav_jade_lancers_0,false,false,,true,800,shock_cavalry,cavalry_chariots
wh3_main_cth_cathay_mp,wh3_main_sc_cth_cathay,wh3_main_cth_cav_jade_longma_riders_0,false,false,,true,1350,wh3_main_flying_shock_cavalry,cavalry_chariots
wh3_main_cth_cathay_mp,wh3_main_sc_cth_cathay,wh3_main_cth_cav_peasant_horsemen_0,false,false,,true,400,cavalry,cavalry_chariots
wh3_main_cth_cathay_mp,wh3_main_sc_cth_cathay,wh3_main_cth_cha_alchemist_0,false,false,,true,300,wizard_metal,heroes_agents
wh3_main_cth_cathay_mp,wh3_main_sc_cth_cathay,wh3_main_cth_cha_alchemist_1,false,false,,true,500,wizard_metal_cavalry,heroes_agents
wh3_main_cth_cathay_mp,wh3_main_sc_cth_cathay,wh3_main_cth_cha_alchemist_2,false,false,,true,850,wizard_metal,heroes_agents
wh3_main_cth_cathay_mp,wh3_main_sc_cth_cathay,wh3_main_cth_cha_astromancer_0,false,false,,true,300,wizard_heavens,heroes_agents
wh3_main_cth_cathay_mp,wh3_main_sc_cth_cathay,wh3_main_cth_cha_astromancer_1,false,false,,true,500,wizard_heavens_cavalry,heroes_agents
wh3_main_cth_cathay_mp,wh3_main_sc_cth_cathay,wh3_main_cth_cha_astromancer_2,false,false,,true,950,wizard_heavens,heroes_agents
wh3_main_cth_cathay_mp,wh3_main_sc_cth_cathay,wh3_main_cth_cha_dragon_blooded_shugengan_lord_yang_0,true,false,,true,700,wh3_lord_wizard_yang,commander
wh3_main_cth_cathay_mp,wh3_main_sc_cth_cathay,wh3_main_cth_cha_dragon_blooded_shugengan_lord_yang_1,true,false,,true,900,wh3_lord_wizard_yang,commander
wh3_main_cth_cathay_mp,wh3_main_sc_cth_cathay,wh3_main_cth_cha_dragon_blooded_shugengan_lord_yang_2,true,false,,true,1200,wh3_lord_wizard_yang,commander
wh3_main_cth_cathay_mp,wh3_main_sc_cth_cathay,wh3_main_cth_cha_dragon_blooded_shugengan_lord_yin_0,true,false,,true,700,wh3_lord_wizard_yin,commander
wh3_main_cth_cathay_mp,wh3_main_sc_cth_cathay,wh3_main_cth_cha_dragon_blooded_shugengan_lord_yin_1,true,false,,true,900,wh3_lord_wizard_yin,commander
wh3_main_cth_cathay_mp,wh3_main_sc_cth_cathay,wh3_main_cth_cha_dragon_blooded_shugengan_lord_yin_2,true,false,,true,1200,wh3_lord_wizard_yin,commander
wh3_main_cth_cathay_mp,wh3_main_sc_cth_cathay,wh3_main_cth_cha_iron_dragon_0,true,false,,true,1700,lord_wizard_metal,commander
wh3_main_cth_cathay_mp,wh3_main_sc_cth_cathay,wh3_main_cth_cha_lord_magistrate_0,true,false,,true,400,lord,commander
wh3_main_cth_cathay_mp,wh3_main_sc_cth_cathay,wh3_main_cth_cha_lord_magistrate_1,true,false,,true,600,lord,commander
wh3_main_cth_cathay_mp,wh3_main_sc_cth_cathay,wh3_main_cth_cha_lord_magistrate_2,true,false,,true,850,lord,commander
wh3_main_cth_cathay_mp,wh3_main_sc_cth_cathay,wh3_main_cth_cha_storm_dragon_0,true,false,,true,1700,lord_wizard_life,commander
wh3_main_cth_cathay_mp,wh3_main_sc_cth_cathay,wh3_main_cth_inf_crane_gunners_0,false,false,,true,1000,missile_infantry_sniper,missile_infantry
wh3_main_cth_cathay_mp,wh3_main_sc_cth_cathay,wh3_main_cth_inf_dragon_guard_0,false,false,,true,1000,infantry_spear_halberd,infantry
wh3_main_cth_cathay_mp,wh3_main_sc_cth_cathay,wh3_main_cth_inf_dragon_guard_crossbowmen_0,false,false,,true,1000,missile_infantry_crossbow,missile_infantry
wh3_main_cth_cathay_mp,wh3_main_sc_cth_cathay,wh3_main_cth_inf_grenadiers,false,false,,true,500,wh2_dlc11_cst_explosives_infantry,missile_infantry
wh3_main_cth_cathay_mp,wh3_main_sc_cth_cathay,wh3_main_cth_inf_iron_hail_gunners_0,false,false,,true,500,wh2_dlc11_cst_close_quarters_missile_infantry,missile_infantry
wh3_main_cth_cathay_mp,wh3_main_sc_cth_cathay,wh3_main_cth_inf_jade_warrior_crossbowmen_0,false,false,,true,600,missile_infantry_crossbow,missile_infantry
wh3_main_cth_cathay_mp,wh3_main_sc_cth_cathay,wh3_main_cth_inf_jade_warrior_crossbowmen_1,false,false,,true,650,missile_infantry_crossbow,missile_infantry
wh3_main_cth_cathay_mp,wh3_main_sc_cth_cathay,wh3_main_cth_inf_jade_warriors_0,false,false,,true,525,infantry_sword,infantry
wh3_main_cth_cathay_mp,wh3_main_sc_cth_cathay,wh3_main_cth_inf_jade_warriors_1,false,false,,true,650,infantry_spear_halberd,infantry
wh3_main_cth_cathay_mp,wh3_main_sc_cth_cathay,wh3_main_cth_inf_peasant_archers_0,false,false,,true,400,missile_infantry_bow,missile_infantry
wh3_main_cth_cathay_mp,wh3_main_sc_cth_cathay,wh3_main_cth_inf_peasant_spearmen_1,false,false,,true,350,infantry_spear,infantry
wh3_main_cth_cathay_mp,wh3_main_sc_cth_cathay,wh3_main_cth_mon_terracotta_sentinel_0,false,false,,true,1600,wh3_main_cth_terracotta_sentinel,monster_beasts
wh3_main_cth_cathay_mp,wh3_main_sc_cth_cathay,wh3_main_cth_veh_sky_junk_0,false,false,,true,1500,wh3_main_cth_balloon,flying_war_machine
wh3_main_cth_cathay_mp,wh3_main_sc_cth_cathay,wh3_main_cth_veh_sky_lantern_0,false,false,,true,800,wh3_main_cth_balloon,flying_war_machine
wh3_main_cth_cathay_mp,wh3_main_sc_cth_cathay,wh3_main_cth_veh_war_compass_0,false,false,,true,950,magic_chariot,artillery_war_machines
wh3_main_cth_cathay_mp,wh3_main_sc_cth_cathay,wh3_twa06_cth_inf_dragon_guard_ror_0,false,false,,true,1300,infantry_spear_halberd,infantry
wh3_main_cth_cathay_mp,wh3_main_sc_cth_cathay,wh3_twa07_cth_cav_jade_longma_riders_ror_0,false,false,,true,1650,wh3_main_flying_shock_cavalry,cavalry_chariots
wh3_main_cth_cathay_mp,wh3_main_sc_cth_cathay,wh3_twa08_cth_mon_terracotta_sentinel_0_ror,false,false,,true,1850,wh3_main_cth_terracotta_sentinel,monster_beasts
wh3_main_cth_cathay_mp,wh3_main_sc_cth_cathay,wh3_twa10_cth_inf_peasant_archers_ror,false,false,,true,625,missile_infantry_bow,missile_infantry
wh3_main_cth_the_northern_provinces,wh3_main_sc_cth_cathay,wh3_dlc24_cth_cha_astromancer_great_moon_bird,false,false,,true,1700,wizard_heavens,heroes_agents
wh3_main_cth_the_northern_provinces,wh3_main_sc_cth_cathay,wh3_dlc24_cth_cha_celestial_general_yang_celestial_lion,true,false,,true,1550,lord,commander
wh3_main_cth_the_northern_provinces,wh3_main_sc_cth_cathay,wh3_dlc24_cth_cha_gate_master,false,false,,true,650,wh3_dlc24_cha_gate_master,heroes_agents
wh3_main_cth_the_northern_provinces,wh3_main_sc_cth_cathay,wh3_dlc24_cth_cha_gate_master_warhorse,false,false,,true,850,wh3_dlc24_cha_gate_master,heroes_agents
wh3_main_cth_the_northern_provinces,wh3_main_sc_cth_cathay,wh3_dlc24_cth_cha_saytang_the_watcher,false,false,,true,2000,wh3_dlc24_cha_saytang,heroes_agents
wh3_main_cth_the_northern_provinces,wh3_main_sc_cth_cathay,wh3_dlc24_cth_mon_celestial_lion,false,false,,true,1300,wh3_dlc24_mon_celestial_lion,monster_beasts
wh3_main_cth_the_northern_provinces,wh3_main_sc_cth_cathay,wh3_dlc24_cth_mon_great_moon_bird,false,false,,true,1500,wh3_dlc24_mon_great_moon_bird,monster_beasts
wh3_main_dae_daemon_prince,wh3_main_sc_dae_daemons,wh3_dlc20_chs_cha_daemon_prince,true,false,,true,1800,lord_wizard_fire,commander
wh3_main_dae_daemon_prince,wh3_main_sc_dae_daemons,wh3_dlc20_chs_cha_daemon_prince_mkho,true,false,,true,1900,lord,commander
wh3_main_dae_daemon_prince,wh3_main_sc_dae_daemons,wh3_dlc20_chs_cha_daemon_prince_mnur,true,false,,true,2000,lord_wizard_mixed,commander
wh3_main_dae_daemon_prince,wh3_main_sc_dae_daemons,wh3_dlc20_chs_cha_daemon_prince_msla,true,false,,true,2000,lord_wizard_mixed,commander
wh3_main_dae_daemon_prince,wh3_main_sc_dae_daemons,wh3_dlc20_chs_cha_daemon_prince_mtze,true,false,,true,1900,lord_wizard_mixed,commander
wh3_main_dae_daemon_prince,wh3_main_sc_dae_daemons,wh3_dlc24_tze_cha_blue_scribes,false,false,,true,-700,wh3_main_wizard_tzeentch,heroes_agents
wh3_main_dae_daemon_prince,wh3_main_sc_dae_daemons,wh3_dlc24_tze_inf_pink_horrors_ror,false,false,,true,950,wh3_main_tze_pink_horror,missile_infantry
wh3_main_dae_daemon_prince,wh3_main_sc_dae_daemons,wh3_dlc24_tze_mon_flamers_changebringers,false,false,,true,1500,wh3_dlc24_tze_changebringers,missile_cavalry_chariots
wh3_main_dae_daemon_prince,wh3_main_sc_dae_daemons,wh3_dlc24_tze_mon_screamers_ror,false,false,,true,1000,wh3_main_tze_screamer,monster_beasts
wh3_main_dae_daemon_prince,wh3_main_sc_dae_daemons,wh3_dlc25_nur_cav_plague_drones_1_ror,false,false,,true,1700,wh3_main_nur_rot_flies_missile,missile_monster_beasts
wh3_main_dae_daemon_prince,wh3_main_sc_dae_daemons,wh3_dlc25_nur_mon_soul_grinder_0_ror,false,false,,true,1950,wh3_main_soul_grinder_missile,missile_monster_beasts
wh3_main_dae_daemon_prince,wh3_main_sc_dae_daemons,wh3_dlc26_kho_veh_skullcannon_ror,false,false,,true,1600,artillery_cannon,artillery_war_machines
wh3_main_dae_daemon_prince,wh3_main_sc_dae_daemons,wh3_dlc27_sla_cav_pleasureseekers,false,false,,true,1800,wh3_dlc27_pleasureseekers,cavalry_chariots
wh3_main_dae_daemon_prince,wh3_main_sc_dae_daemons,wh3_dlc27_sla_cha_alluress_shadow_daemonic_steed,true,false,,true,1050,wizard_shadows,heroes_agents
wh3_main_dae_daemon_prince,wh3_main_sc_dae_daemons,wh3_dlc27_sla_cha_alluress_slaanesh_daemonic_steed,true,false,,true,1050,wh3_main_wizard_slaanesh,heroes_agents
wh3_main_dae_daemon_prince,wh3_main_sc_dae_daemons,wh3_dlc27_sla_cha_herald_of_slaanesh_shadow_daemonic_steed,true,false,,true,1350,lord_wizard_shadows,commander
wh3_main_dae_daemon_prince,wh3_main_sc_dae_daemons,wh3_dlc27_sla_cha_herald_of_slaanesh_slaanesh_daemonic_steed,true,false,,true,1350,wh3_lord_wizard_slaanesh,commander
wh3_main_dae_daemon_prince,wh3_main_sc_dae_daemons,wh3_dlc27_sla_veh_seeker_chariot_ror,false,false,,true,1100,wh3_main_sla_seeker_chariot,cavalry_chariots
wh3_main_dae_daemon_prince,wh3_main_sc_dae_daemons,wh3_main_dae_cha_be_lakor_0,true,false,,true,2450,lord_wizard_shadows,commander
wh3_main_dae_daemon_prince,wh3_main_sc_dae_daemons,wh3_main_dae_cha_daemon_prince_0,false,true,mp_cap_group_extended_roster,false,1800,lord,commander
wh3_main_dae_daemon_prince,wh3_main_sc_dae_daemons,wh3_main_dae_cha_daemon_prince_MP,false,true,mp_cap_group_extended_roster,false,1800,wh3_lord_wizard_nurgle,commander
wh3_main_dae_daemon_prince,wh3_main_sc_dae_daemons,wh3_main_dae_cha_daemon_prince_khorne_MP,true,false,,true,2200,lord,commander
wh3_main_dae_daemon_prince,wh3_main_sc_dae_daemons,wh3_main_dae_cha_daemon_prince_nurgle_MP,true,false,,true,2000,wh3_lord_wizard_nurgle,commander
wh3_main_dae_daemon_prince,wh3_main_sc_dae_daemons,wh3_main_dae_cha_daemon_prince_slaanesh_MP,true,false,,true,1850,wh3_lord_wizard_slaanesh,commander
wh3_main_dae_daemon_prince,wh3_main_sc_dae_daemons,wh3_main_dae_cha_daemon_prince_tzeentch_MP,true,false,,true,1850,wh3_lord_wizard_tzeentch,commander
wh3_main_dae_daemon_prince,wh3_main_sc_dae_daemons,wh3_main_dae_inf_chaos_furies_0,false,false,,true,600,wh_dlc05_bst_harpies,monster_beasts
wh3_main_dae_daemon_prince,wh3_main_sc_dae_daemons,wh3_main_kho_cav_bloodcrushers_0,false,false,,true,1500,chaos_juggernaut_sword,cavalry_chariots
wh3_main_dae_daemon_prince,wh3_main_sc_dae_daemons,wh3_main_kho_cha_bloodreaper_0,false,false,,true,700,wh3_main_kho_bloodreaper,heroes_agents
wh3_main_dae_daemon_prince,wh3_main_sc_dae_daemons,wh3_main_kho_cha_bloodreaper_1,false,false,,true,1050,wh3_main_kho_bloodreaper,heroes_agents
wh3_main_dae_daemon_prince,wh3_main_sc_dae_daemons,wh3_main_kho_cha_bloodreaper_2,false,false,,true,1200,wh3_main_kho_bloodreaper,heroes_agents
wh3_main_dae_daemon_prince,wh3_main_sc_dae_daemons,wh3_main_kho_cha_exalted_bloodthirster_0,true,false,,true,2300,lord,commander
wh3_main_dae_daemon_prince,wh3_main_sc_dae_daemons,wh3_main_kho_cha_herald_of_khorne_0,true,false,,true,900,lord,commander
wh3_main_dae_daemon_prince,wh3_main_sc_dae_daemons,wh3_main_kho_cha_herald_of_khorne_1,true,false,,true,1250,lord,commander
wh3_main_dae_daemon_prince,wh3_main_sc_dae_daemons,wh3_main_kho_cha_herald_of_khorne_2,true,false,,true,1400,lord,commander
wh3_main_dae_daemon_prince,wh3_main_sc_dae_daemons,wh3_main_kho_inf_bloodletters_0,false,false,,true,800,infantry_sword_great,infantry
wh3_main_dae_daemon_prince,wh3_main_sc_dae_daemons,wh3_main_kho_inf_bloodletters_1,false,false,,true,1200,infantry_sword_great,infantry
wh3_main_dae_daemon_prince,wh3_main_sc_dae_daemons,wh3_main_kho_inf_chaos_furies_0,false,false,,true,650,wh_dlc05_bst_harpies,monster_beasts
wh3_main_dae_daemon_prince,wh3_main_sc_dae_daemons,wh3_main_kho_inf_flesh_hounds_of_khorne_0,false,false,,true,750,war_beast,monster_beasts
wh3_main_dae_daemon_prince,wh3_main_sc_dae_daemons,wh3_main_kho_mon_bloodthirster_0,false,false,,true,2000,wh3_main_kho_bloodthirster,monster_beasts
wh3_main_dae_daemon_prince,wh3_main_sc_dae_daemons,wh3_main_kho_mon_soul_grinder_0,false,false,,true,1750,wh3_main_soul_grinder_melee,monster_beasts
wh3_main_dae_daemon_prince,wh3_main_sc_dae_daemons,wh3_main_kho_veh_blood_shrine_0,false,false,,true,950,magic_chariot,artillery_war_machines
wh3_main_dae_daemon_prince,wh3_main_sc_dae_daemons,wh3_main_kho_veh_skullcannon_0,false,false,,true,1100,artillery_cannon,artillery_war_machines
wh3_main_dae_daemon_prince,wh3_main_sc_dae_daemons,wh3_main_nur_cav_plague_drones_0,false,false,,true,1100,wh3_main_nur_rot_flies,monster_beasts
wh3_main_dae_daemon_prince,wh3_main_sc_dae_daemons,wh3_main_nur_cav_plague_drones_1,false,false,,true,1500,wh3_main_nur_rot_flies_missile,missile_monster_beasts
wh3_main_dae_daemon_prince,wh3_main_sc_dae_daemons,wh3_main_nur_cav_pox_riders_of_nurgle_0,false,false,,true,1000,wh3_main_nur_toads,monster_beasts
wh3_main_dae_daemon_prince,wh3_main_sc_dae_daemons,wh3_main_nur_cha_exalted_great_unclean_one_death_0,true,false,,true,2200,lord_wizard_death,commander
wh3_main_dae_daemon_prince,wh3_main_sc_dae_daemons,wh3_main_nur_cha_exalted_great_unclean_one_nurgle_0,true,false,,true,2200,wh3_lord_wizard_nurgle,commander
wh3_main_dae_daemon_prince,wh3_main_sc_dae_daemons,wh3_main_nur_cha_herald_of_nurgle_death_0,true,false,,true,900,lord_wizard_death,commander
wh3_main_dae_daemon_prince,wh3_main_sc_dae_daemons,wh3_main_nur_cha_herald_of_nurgle_death_1,true,false,,true,1100,lord_wizard_death,commander
wh3_main_dae_daemon_prince,wh3_main_sc_dae_daemons,wh3_main_nur_cha_herald_of_nurgle_death_2,true,false,,true,1400,lord_wizard_death,commander
wh3_main_dae_daemon_prince,wh3_main_sc_dae_daemons,wh3_main_nur_cha_herald_of_nurgle_nurgle_0,true,false,,true,900,wh3_lord_wizard_nurgle,commander
wh3_main_dae_daemon_prince,wh3_main_sc_dae_daemons,wh3_main_nur_cha_herald_of_nurgle_nurgle_1,true,false,,true,1100,wh3_lord_wizard_nurgle,commander
wh3_main_dae_daemon_prince,wh3_main_sc_dae_daemons,wh3_main_nur_cha_herald_of_nurgle_nurgle_2,true,false,,true,1400,wh3_lord_wizard_nurgle,commander
wh3_main_dae_daemon_prince,wh3_main_sc_dae_daemons,wh3_main_nur_cha_plagueridden_death_0,false,false,,true,600,wizard_death,heroes_agents
wh3_main_dae_daemon_prince,wh3_main_sc_dae_daemons,wh3_main_nur_cha_plagueridden_death_1,false,false,,true,800,wizard_death_chariot,heroes_agents
wh3_main_dae_daemon_prince,wh3_main_sc_dae_daemons,wh3_main_nur_cha_plagueridden_death_2,false,false,,true,1100,wizard_death_cavalry_flying,heroes_agents
wh3_main_dae_daemon_prince,wh3_main_sc_dae_daemons,wh3_main_nur_cha_plagueridden_nurgle_0,false,false,,true,600,wh3_main_wizard_nurgle,heroes_agents
wh3_main_dae_daemon_prince,wh3_main_sc_dae_daemons,wh3_main_nur_cha_plagueridden_nurgle_1,false,false,,true,800,wh3_main_wizard_nurgle,heroes_agents
wh3_main_dae_daemon_prince,wh3_main_sc_dae_daemons,wh3_main_nur_cha_plagueridden_nurgle_2,false,false,,true,1100,wh3_main_wizard_nurgle,heroes_agents
wh3_main_dae_daemon_prince,wh3_main_sc_dae_daemons,wh3_main_nur_inf_chaos_furies_0,false,false,,true,650,wh_dlc05_bst_harpies,monster_beasts
wh3_main_dae_daemon_prince,wh3_main_sc_dae_daemons,wh3_main_nur_inf_nurglings_0,false,false,,true,350,wh3_main_nur_nurglings,infantry
wh3_main_dae_daemon_prince,wh3_main_sc_dae_daemons,wh3_main_nur_inf_plaguebearers_0,false,false,,true,700,wh3_main_nur_plaguebearers,infantry
wh3_main_dae_daemon_prince,wh3_main_sc_dae_daemons,wh3_main_nur_inf_plaguebearers_1,false,false,,true,1100,wh3_main_nur_plaguebearers_missile,infantry
wh3_main_dae_daemon_prince,wh3_main_sc_dae_daemons,wh3_main_nur_mon_beast_of_nurgle_0,false,false,,true,800,wh3_main_nur_beast_of_nurgle,monster_beasts
wh3_main_dae_daemon_prince,wh3_main_sc_dae_daemons,wh3_main_nur_mon_great_unclean_one_0,false,false,,true,1600,wh3_main_nur_great_unclean_one,monster_beasts
wh3_main_dae_daemon_prince,wh3_main_sc_dae_daemons,wh3_main_nur_mon_plague_toads_0,false,false,,true,650,wh3_main_nur_toads,monster_beasts
wh3_main_dae_daemon_prince,wh3_main_sc_dae_daemons,wh3_main_nur_mon_rot_flies_0,false,false,,true,800,wh3_main_nur_rot_flies,monster_beasts
wh3_main_dae_daemon_prince,wh3_main_sc_dae_daemons,wh3_main_nur_mon_soul_grinder_0,false,false,,true,1750,wh3_main_soul_grinder_missile,missile_monster_beasts
wh3_main_dae_daemon_prince,wh3_main_sc_dae_daemons,wh3_main_sla_cav_heartseekers_of_slaanesh_0,false,false,,true,1425,wh3_main_sla_steed_daemonette,cavalry_chariots
wh3_main_dae_daemon_prince,wh3_main_sc_dae_daemons,wh3_main_sla_cav_seekers_of_slaanesh_0,false,false,,true,1000,wh3_main_sla_steed_daemonette,cavalry_chariots
wh3_main_dae_daemon_prince,wh3_main_sc_dae_daemons,wh3_main_sla_cha_alluress_shadow_0,false,false,,true,700,wizard_shadows,heroes_agents
wh3_main_dae_daemon_prince,wh3_main_sc_dae_daemons,wh3_main_sla_cha_alluress_shadow_1,false,false,,true,900,wizard_shadows,heroes_agents
wh3_main_dae_daemon_prince,wh3_main_sc_dae_daemons,wh3_main_sla_cha_alluress_shadow_2,false,false,,true,1100,wizard_shadows,heroes_agents
wh3_main_dae_daemon_prince,wh3_main_sc_dae_daemons,wh3_main_sla_cha_alluress_shadow_3,false,false,,true,1300,wizard_shadows,heroes_agents
wh3_main_dae_daemon_prince,wh3_main_sc_dae_daemons,wh3_main_sla_cha_alluress_slaanesh_0,false,false,,true,700,wh3_main_wizard_slaanesh,heroes_agents
wh3_main_dae_daemon_prince,wh3_main_sc_dae_daemons,wh3_main_sla_cha_alluress_slaanesh_1,false,false,,true,900,wh3_main_wizard_slaanesh,heroes_agents
wh3_main_dae_daemon_prince,wh3_main_sc_dae_daemons,wh3_main_sla_cha_alluress_slaanesh_2,false,false,,true,1100,wh3_main_wizard_slaanesh,heroes_agents
wh3_main_dae_daemon_prince,wh3_main_sc_dae_daemons,wh3_main_sla_cha_alluress_slaanesh_3,false,false,,true,1300,wh3_main_wizard_slaanesh,heroes_agents
wh3_main_dae_daemon_prince,wh3_main_sc_dae_daemons,wh3_main_sla_cha_exalted_keeper_of_secrets_shadow_0,true,false,,true,2000,lord_wizard_shadows,commander
wh3_main_dae_daemon_prince,wh3_main_sc_dae_daemons,wh3_main_sla_cha_exalted_keeper_of_secrets_slaanesh_0,true,false,,true,2000,wh3_lord_wizard_slaanesh,commander
wh3_main_dae_daemon_prince,wh3_main_sc_dae_daemons,wh3_main_sla_cha_herald_of_slaanesh_shadow_0,true,false,,true,1000,lord_wizard_shadows,commander
wh3_main_dae_daemon_prince,wh3_main_sc_dae_daemons,wh3_main_sla_cha_herald_of_slaanesh_shadow_1,true,false,,true,1200,lord_wizard_shadows,commander
wh3_main_dae_daemon_prince,wh3_main_sc_dae_daemons,wh3_main_sla_cha_herald_of_slaanesh_shadow_2,true,false,,true,1400,lord_wizard_shadows,commander
wh3_main_dae_daemon_prince,wh3_main_sc_dae_daemons,wh3_main_sla_cha_herald_of_slaanesh_shadow_3,true,false,,true,1600,lord_wizard_shadows,commander
wh3_main_dae_daemon_prince,wh3_main_sc_dae_daemons,wh3_main_sla_cha_herald_of_slaanesh_slaanesh_0,true,false,,true,1000,wh3_lord_wizard_slaanesh,commander
wh3_main_dae_daemon_prince,wh3_main_sc_dae_daemons,wh3_main_sla_cha_herald_of_slaanesh_slaanesh_1,true,false,,true,1200,wh3_lord_wizard_slaanesh,commander
wh3_main_dae_daemon_prince,wh3_main_sc_dae_daemons,wh3_main_sla_cha_herald_of_slaanesh_slaanesh_2,true,false,,true,1400,wh3_lord_wizard_slaanesh,commander
wh3_main_dae_daemon_prince,wh3_main_sc_dae_daemons,wh3_main_sla_cha_herald_of_slaanesh_slaanesh_3,true,false,,true,1600,wh3_lord_wizard_slaanesh,commander
wh3_main_dae_daemon_prince,wh3_main_sc_dae_daemons,wh3_main_sla_inf_chaos_furies_0,false,false,,true,650,wh_dlc05_bst_harpies,monster_beasts
wh3_main_dae_daemon_prince,wh3_main_sc_dae_daemons,wh3_main_sla_inf_daemonette_0,false,false,,true,750,wh3_main_sla_daemonettes,infantry
wh3_main_dae_daemon_prince,wh3_main_sc_dae_daemons,wh3_main_sla_inf_daemonette_1,false,false,,true,1250,wh3_main_sla_daemonettes,infantry
wh3_main_dae_daemon_prince,wh3_main_sc_dae_daemons,wh3_main_sla_mon_fiends_of_slaanesh_0,false,false,,true,1325,wh3_main_sla_fiend,monster_beasts
wh3_main_dae_daemon_prince,wh3_main_sc_dae_daemons,wh3_main_sla_mon_keeper_of_secrets_0,false,false,,true,1650,wh3_main_sla_keeper_of_secrets,monster_beasts
wh3_main_dae_daemon_prince,wh3_main_sc_dae_daemons,wh3_main_sla_mon_soul_grinder_0,false,false,,true,1750,wh3_main_soul_grinder_melee,monster_beasts
wh3_main_dae_daemon_prince,wh3_main_sc_dae_daemons,wh3_main_sla_veh_exalted_seeker_chariot_0,false,false,,true,1450,wh3_main_sla_exalted_seeker_chariot,cavalry_chariots
wh3_main_dae_daemon_prince,wh3_main_sc_dae_daemons,wh3_main_sla_veh_hellflayer_0,false,false,,true,1100,wh3_main_sla_seeker_chariot,cavalry_chariots
wh3_main_dae_daemon_prince,wh3_main_sc_dae_daemons,wh3_main_sla_veh_seeker_chariot_0,false,false,,true,800,wh3_main_sla_seeker_chariot,cavalry_chariots
wh3_main_dae_daemon_prince,wh3_main_sc_dae_daemons,wh3_main_tze_cha_exalted_lord_of_change_metal_0,true,false,,true,1900,lord_wizard_metal,commander
wh3_main_dae_daemon_prince,wh3_main_sc_dae_daemons,wh3_main_tze_cha_exalted_lord_of_change_tzeentch_0,true,false,,true,1900,wh3_lord_wizard_tzeentch,commander
wh3_main_dae_daemon_prince,wh3_main_sc_dae_daemons,wh3_main_tze_cha_herald_of_tzeentch_metal_0,true,false,,true,800,lord_wizard_metal,commander
wh3_main_dae_daemon_prince,wh3_main_sc_dae_daemons,wh3_main_tze_cha_herald_of_tzeentch_metal_1,true,false,,true,1200,lord_wizard_metal,commander
wh3_main_dae_daemon_prince,wh3_main_sc_dae_daemons,wh3_main_tze_cha_herald_of_tzeentch_metal_2,true,false,,true,1400,lord_wizard_metal,commander
wh3_main_dae_daemon_prince,wh3_main_sc_dae_daemons,wh3_main_tze_cha_herald_of_tzeentch_tzeentch_0,true,false,,true,800,wh3_lord_wizard_tzeentch,commander
wh3_main_dae_daemon_prince,wh3_main_sc_dae_daemons,wh3_main_tze_cha_herald_of_tzeentch_tzeentch_1,true,false,,true,1200,wh3_lord_wizard_tzeentch,commander
wh3_main_dae_daemon_prince,wh3_main_sc_dae_daemons,wh3_main_tze_cha_herald_of_tzeentch_tzeentch_2,true,false,,true,1400,wh3_lord_wizard_tzeentch,commander
wh3_main_dae_daemon_prince,wh3_main_sc_dae_daemons,wh3_main_tze_cha_iridescent_horror_metal_0,false,false,,true,500,wizard_metal,heroes_agents
wh3_main_dae_daemon_prince,wh3_main_sc_dae_daemons,wh3_main_tze_cha_iridescent_horror_metal_1,false,false,,true,900,wizard_metal,heroes_agents
wh3_main_dae_daemon_prince,wh3_main_sc_dae_daemons,wh3_main_tze_cha_iridescent_horror_metal_2,false,false,,true,1100,wizard_metal,heroes_agents
wh3_main_dae_daemon_prince,wh3_main_sc_dae_daemons,wh3_main_tze_cha_iridescent_horror_tzeentch_0,false,false,,true,500,wh3_main_wizard_tzeentch,heroes_agents
wh3_main_dae_daemon_prince,wh3_main_sc_dae_daemons,wh3_main_tze_cha_iridescent_horror_tzeentch_1,false,false,,true,900,wh3_main_wizard_tzeentch,heroes_agents
wh3_main_dae_daemon_prince,wh3_main_sc_dae_daemons,wh3_main_tze_cha_iridescent_horror_tzeentch_2,false,false,,true,1100,wh3_main_wizard_tzeentch,heroes_agents
wh3_main_dae_daemon_prince,wh3_main_sc_dae_daemons,wh3_main_tze_inf_blue_horrors_0,false,false,,true,500,wh3_main_tze_blue_horror,infantry
wh3_main_dae_daemon_prince,wh3_main_sc_dae_daemons,wh3_main_tze_inf_chaos_furies_0,false,false,,true,650,wh_dlc05_bst_harpies,monster_beasts
wh3_main_dae_daemon_prince,wh3_main_sc_dae_daemons,wh3_main_tze_inf_pink_horrors_0,false,false,,true,700,wh3_main_tze_pink_horror,missile_infantry
wh3_main_dae_daemon_prince,wh3_main_sc_dae_daemons,wh3_main_tze_inf_pink_horrors_1,false,false,,true,1000,wh3_main_tze_pink_horror,missile_infantry
wh3_main_dae_daemon_prince,wh3_main_sc_dae_daemons,wh3_main_tze_mon_exalted_flamers_0,false,false,,true,1300,wh3_main_tze_exalted_flamer,missile_monster_beasts
wh3_main_dae_daemon_prince,wh3_main_sc_dae_daemons,wh3_main_tze_mon_flamers_0,false,false,,true,800,wh3_main_tze_flamer,missile_monster_beasts
wh3_main_dae_daemon_prince,wh3_main_sc_dae_daemons,wh3_main_tze_mon_lord_of_change_0,false,false,,true,1450,wh3_main_tze_lord_of_change,monster_beasts
wh3_main_dae_daemon_prince,wh3_main_sc_dae_daemons,wh3_main_tze_mon_screamers_0,false,false,,true,700,wh3_main_tze_screamer,monster_beasts
wh3_main_dae_daemon_prince,wh3_main_sc_dae_daemons,wh3_main_tze_mon_soul_grinder_0,false,false,,true,1750,wh3_main_soul_grinder_missile,missile_monster_beasts
wh3_main_dae_daemon_prince,wh3_main_sc_dae_daemons,wh3_main_tze_veh_burning_chariot_0,false,false,,true,1600,wh3_main_tze_burning_chariot,missile_cavalry_chariots
wh3_main_dae_daemon_prince,wh3_main_sc_dae_daemons,wh3_pro12_kho_cha_karanak,false,false,,true,1100,wh3_pro12_kho_cha_karanak,heroes_agents
wh3_main_dae_daemon_prince,wh3_main_sc_dae_daemons,wh3_twa06_kho_inf_bloodletters_ror_0,false,false,,true,1500,infantry_sword_great,infantry
wh3_main_dae_daemon_prince,wh3_main_sc_dae_daemons,wh3_twa06_nur_inf_plaguebearers_ror_0,false,false,,true,1550,wh3_main_nur_plaguebearers_missile,infantry
wh3_main_dae_daemon_prince,wh3_main_sc_dae_daemons,wh3_twa06_sla_inf_daemonette_ror_0,false,false,,true,1450,wh3_main_sla_daemonettes,infantry
wh3_main_dae_daemon_prince,wh3_main_sc_dae_daemons,wh3_twa06_tze_inf_pink_horrors_ror_0,false,false,,true,1250,wh3_main_tze_pink_horror,missile_infantry
wh3_main_dae_daemon_prince,wh3_main_sc_dae_daemons,wh3_twa07_kho_cav_bloodcrushers_ror_0,false,false,,true,1700,chaos_juggernaut_sword,cavalry_chariots
wh3_main_dae_daemon_prince,wh3_main_sc_dae_daemons,wh3_twa07_nur_cav_pox_riders_of_nurgle_ror_0,false,false,,true,1250,wh3_main_nur_toads,monster_beasts
wh3_main_dae_daemon_prince,wh3_main_sc_dae_daemons,wh3_twa07_sla_cav_heartseekers_of_slaanesh_ror_0,false,false,,true,1625,wh3_main_sla_steed_daemonette,cavalry_chariots
wh3_main_dae_daemon_prince,wh3_main_sc_dae_daemons,wh3_twa08_kho_mon_bloodthirster_0_ror,false,false,,true,2350,wh3_main_kho_bloodthirster,monster_beasts
wh3_main_dae_daemon_prince,wh3_main_sc_dae_daemons,wh3_twa08_nur_mon_great_unclean_one_0_ror,false,false,,true,1900,wh3_main_nur_great_unclean_one,monster_beasts
wh3_main_dae_daemon_prince,wh3_main_sc_dae_daemons,wh3_twa08_sla_mon_keeper_of_secrets_0_ror,false,false,,true,2000,wh3_main_sla_keeper_of_secrets,monster_beasts
wh3_main_dae_daemon_prince,wh3_main_sc_dae_daemons,wh3_twa08_tze_mon_lord_of_change_0_ror,false,false,,true,1800,wh3_main_tze_lord_of_change,monster_beasts
wh3_main_dae_daemon_prince,wh3_main_sc_dae_daemons,wh3_twa10_kho_inf_flesh_hounds_of_khorne_ror,false,false,,true,1000,war_beast,monster_beasts
wh3_main_dae_daemon_prince,wh3_main_sc_dae_daemons,wh3_twa10_nur_inf_nurglings_ror,false,false,,true,550,wh3_main_nur_nurglings,infantry
wh3_main_dae_daemon_prince,wh3_main_sc_dae_daemons,wh3_twa10_tze_inf_blue_horrors_ror,false,false,,true,750,wh3_main_tze_blue_horror,infantry
wh3_main_kho_khorne,wh3_main_sc_kho_khorne,wh2_dlc17_kho_mon_ghorgon_ror_0,false,false,,true,2550,wh2_dlc17_bst_ghorgon,monster_beasts
wh3_main_kho_khorne,wh3_main_sc_kho_khorne,wh3_dlc20_chs_cav_chaos_chariot_mkho,false,false,,true,850,chariot,cavalry_chariots
wh3_main_kho_khorne,wh3_main_sc_kho_khorne,wh3_dlc20_chs_cav_chaos_knights_mkho,false,false,,true,1400,cavalry_axe,cavalry_chariots
wh3_main_kho_khorne,wh3_main_sc_kho_khorne,wh3_dlc20_chs_cav_chaos_knights_mkho_lances,false,false,,true,1400,shock_cavalry,cavalry_chariots
wh3_main_kho_khorne,wh3_main_sc_kho_khorne,wh3_dlc20_chs_cav_marauder_horsemen_mkho_throwing_axes,false,false,,true,675,missile_cavalry_axe,missile_cavalry_chariots
wh3_main_kho_khorne,wh3_main_sc_kho_khorne,wh3_dlc20_chs_cha_chaos_lord_mkho,true,false,,true,1100,lord,commander
wh3_main_kho_khorne,wh3_main_sc_kho_khorne,wh3_dlc20_chs_cha_chaos_lord_mkho_chaos_steed,true,false,,true,1250,lord,commander
wh3_main_kho_khorne,wh3_main_sc_kho_khorne,wh3_dlc20_chs_cha_chaos_lord_mkho_gorebeast_chariot,true,false,,true,1400,lord,commander
wh3_main_kho_khorne,wh3_main_sc_kho_khorne,wh3_dlc20_chs_cha_chaos_lord_mkho_juggernaut,true,false,,true,1500,lord,commander
wh3_main_kho_khorne,wh3_main_sc_kho_khorne,wh3_dlc20_chs_cha_daemon_prince_mkho,true,false,,true,1900,lord,commander
wh3_main_kho_khorne,wh3_main_sc_kho_khorne,wh3_dlc20_chs_cha_exalted_hero_mkho,false,false,,true,800,chs_exalted_hero,heroes_agents
wh3_main_kho_khorne,wh3_main_sc_kho_khorne,wh3_dlc20_chs_cha_exalted_hero_mkho_chaos_steed,false,false,,true,1000,chs_exalted_hero_cavalry,heroes_agents
wh3_main_kho_khorne,wh3_main_sc_kho_khorne,wh3_dlc20_chs_cha_exalted_hero_mkho_gorebeast_chariot,false,false,,true,1100,chs_exalted_hero_chariot,heroes_agents
wh3_main_kho_khorne,wh3_main_sc_kho_khorne,wh3_dlc20_chs_cha_exalted_hero_mkho_juggernaut,false,false,,true,1200,chs_exalted_hero_cavalry,heroes_agents
wh3_main_kho_khorne,wh3_main_sc_kho_khorne,wh3_dlc20_chs_inf_chaos_marauders_mkho,false,false,,true,400,infantry_axe,infantry
wh3_main_kho_khorne,wh3_main_sc_kho_khorne,wh3_dlc20_chs_inf_chaos_marauders_mkho_dualweapons,false,false,,true,550,infantry_axe_dual,infantry
wh3_main_kho_khorne,wh3_main_sc_kho_khorne,wh3_dlc20_chs_inf_chosen_mkho,false,false,,true,1300,infantry_axe,infantry
wh3_main_kho_khorne,wh3_main_sc_kho_khorne,wh3_dlc20_chs_inf_chosen_mkho_dualweapons,false,false,,true,1450,infantry_axe_dual,infantry
wh3_main_kho_khorne,wh3_main_sc_kho_khorne,wh3_dlc20_chs_inf_forsaken_mkho,false,false,,true,800,chaos_forsaken,infantry
wh3_main_kho_khorne,wh3_main_sc_kho_khorne,wh3_dlc20_chs_mon_warshrine_mkho,false,false,,true,1300,chaos_warshrine,monster_beasts
wh3_main_kho_khorne,wh3_main_sc_kho_khorne,wh3_dlc20_kho_cav_skullcrushers_mkho_ror,false,false,,true,1900,chaos_juggernaut_axe,cavalry_chariots
wh3_main_kho_khorne,wh3_main_sc_kho_khorne,wh3_dlc20_kho_cha_cultist_mkho_warshrine,false,false,,true,1400,wh3_main_kho_cultist,heroes_agents
wh3_main_kho_khorne,wh3_main_sc_kho_khorne,wh3_dlc20_kho_cha_valkia,true,false,,true,1400,lord,commander
wh3_main_kho_khorne,wh3_main_sc_kho_khorne,wh3_dlc26_chs_inf_chosen_mkho_ror,false,false,,true,1800,infantry_spear_halberd,infantry
wh3_main_kho_khorne,wh3_main_sc_kho_khorne,wh3_dlc26_kho_cha_arbaal,true,false,,true,1200,lord,commander
wh3_main_kho_khorne,wh3_main_sc_kho_khorne,wh3_dlc26_kho_cha_arbaal_flesh_hound,true,false,,true,1600,lord,commander
wh3_main_kho_khorne,wh3_main_sc_kho_khorne,wh3_dlc26_kho_cha_bloodspeaker,true,false,,true,650,lord,commander
wh3_main_kho_khorne,wh3_main_sc_kho_khorne,wh3_dlc26_kho_cha_bloodspeaker_chaos_steed,true,false,,true,850,lord,commander
wh3_main_kho_khorne,wh3_main_sc_kho_khorne,wh3_dlc26_kho_cha_bloodspeaker_warshrine,true,false,,true,1400,lord,commander
wh3_main_kho_khorne,wh3_main_sc_kho_khorne,wh3_dlc26_kho_cha_scyla_anfingrimm,false,false,,true,1225,kho_scyla_anfingrimm,heroes_agents
wh3_main_kho_khorne,wh3_main_sc_kho_khorne,wh3_dlc26_kho_cha_skarr_bloodwrath,false,false,,true,1400,wh3_dlc26_kho_skarr_bloodwrath,heroes_agents
wh3_main_kho_khorne,wh3_main_sc_kho_khorne,wh3_dlc26_kho_cha_skulltaker,true,false,,true,1150,lord,commander
wh3_main_kho_khorne,wh3_main_sc_kho_khorne,wh3_dlc26_kho_cha_skulltaker_bloodthrone,true,false,,true,1650,lord,commander
wh3_main_kho_khorne,wh3_main_sc_kho_khorne,wh3_dlc26_kho_cha_skulltaker_juggernaut,true,false,,true,1500,lord,commander
wh3_main_kho_khorne,wh3_main_sc_kho_khorne,wh3_dlc26_kho_inf_khorngors,false,false,,true,725,infantry_spear_halberd,infantry
wh3_main_kho_khorne,wh3_main_sc_kho_khorne,wh3_dlc26_kho_inf_skullreapers,false,false,,true,1100,wh3_dlc26_kho_infantry_skullreapers,infantry
wh3_main_kho_khorne,wh3_main_sc_kho_khorne,wh3_dlc26_kho_inf_wrathmongers,false,false,,true,1500,wh3_dlc26_kho_infantry_wrathmongers,infantry
wh3_main_kho_khorne,wh3_main_sc_kho_khorne,wh3_dlc26_kho_inf_wrathmongers_ror,false,false,,true,1750,wh3_dlc26_kho_infantry_wrathmongers,infantry
wh3_main_kho_khorne,wh3_main_sc_kho_khorne,wh3_dlc26_kho_mon_bloodbeast_of_khorne,false,false,,true,1100,kho_bloodbeast_of_khorne,monster_beasts
wh3_main_kho_khorne,wh3_main_sc_kho_khorne,wh3_dlc26_kho_mon_slaughterbrute,false,false,,true,2000,kho_slaughterbrute,monster_beasts
wh3_main_kho_khorne,wh3_main_sc_kho_khorne,wh3_dlc26_kho_veh_skullcannon_ror,false,false,,true,1600,artillery_cannon,artillery_war_machines
wh3_main_kho_khorne,wh3_main_sc_kho_khorne,wh3_main_kho_cav_bloodcrushers_0,false,false,,true,1500,chaos_juggernaut_sword,cavalry_chariots
wh3_main_kho_khorne,wh3_main_sc_kho_khorne,wh3_main_kho_cav_gorebeast_chariot,false,false,,true,1250,monstrous_chariot,cavalry_chariots
wh3_main_kho_khorne,wh3_main_sc_kho_khorne,wh3_main_kho_cav_skullcrushers_0,false,false,,true,1700,chaos_juggernaut_lance,cavalry_chariots
wh3_main_kho_khorne,wh3_main_sc_kho_khorne,wh3_main_kho_cha_bloodreaper_0,false,false,,true,700,wh3_main_kho_bloodreaper,heroes_agents
wh3_main_kho_khorne,wh3_main_sc_kho_khorne,wh3_main_kho_cha_bloodreaper_1,false,false,,true,1050,wh3_main_kho_bloodreaper,heroes_agents
wh3_main_kho_khorne,wh3_main_sc_kho_khorne,wh3_main_kho_cha_bloodreaper_2,false,false,,true,1200,wh3_main_kho_bloodreaper,heroes_agents
wh3_main_kho_khorne,wh3_main_sc_kho_khorne,wh3_main_kho_cha_cultist_0,false,false,,true,700,wh3_main_kho_cultist,heroes_agents
wh3_main_kho_khorne,wh3_main_sc_kho_khorne,wh3_main_kho_cha_cultist_1,false,false,,true,900,wh3_main_kho_cultist,heroes_agents
wh3_main_kho_khorne,wh3_main_sc_kho_khorne,wh3_main_kho_cha_exalted_bloodthirster_0,true,false,,true,2300,lord,commander
wh3_main_kho_khorne,wh3_main_sc_kho_khorne,wh3_main_kho_cha_herald_of_khorne_0,true,false,,true,900,lord,commander
wh3_main_kho_khorne,wh3_main_sc_kho_khorne,wh3_main_kho_cha_herald_of_khorne_1,true,false,,true,1250,lord,commander
wh3_main_kho_khorne,wh3_main_sc_kho_khorne,wh3_main_kho_cha_herald_of_khorne_2,true,false,,true,1400,lord,commander
wh3_main_kho_khorne,wh3_main_sc_kho_khorne,wh3_main_kho_cha_skarbrand_0,true,false,,true,2500,lord,commander
wh3_main_kho_khorne,wh3_main_sc_kho_khorne,wh3_main_kho_inf_bloodletters_0,false,false,,true,800,infantry_sword_great,infantry
wh3_main_kho_khorne,wh3_main_sc_kho_khorne,wh3_main_kho_inf_bloodletters_1,false,false,,true,1200,infantry_sword_great,infantry
wh3_main_kho_khorne,wh3_main_sc_kho_khorne,wh3_main_kho_inf_chaos_furies_0,false,false,,true,650,wh_dlc05_bst_harpies,monster_beasts
wh3_main_kho_khorne,wh3_main_sc_kho_khorne,wh3_main_kho_inf_chaos_warhounds_0,false,false,,true,450,war_beast,monster_beasts
wh3_main_kho_khorne,wh3_main_sc_kho_khorne,wh3_main_kho_inf_chaos_warriors_0,false,false,,true,800,infantry_axe,infantry
wh3_main_kho_khorne,wh3_main_sc_kho_khorne,wh3_main_kho_inf_chaos_warriors_1,false,false,,true,900,infantry_spear_halberd,infantry
wh3_main_kho_khorne,wh3_main_sc_kho_khorne,wh3_main_kho_inf_chaos_warriors_2,false,false,,true,950,infantry_axe_dual,infantry
wh3_main_kho_khorne,wh3_main_sc_kho_khorne,wh3_main_kho_inf_flesh_hounds_of_khorne_0,false,false,,true,750,war_beast,monster_beasts
wh3_main_kho_khorne,wh3_main_sc_kho_khorne,wh3_main_kho_mon_bloodthirster_0,false,false,,true,2000,wh3_main_kho_bloodthirster,monster_beasts
wh3_main_kho_khorne,wh3_main_sc_kho_khorne,wh3_main_kho_mon_khornataurs_0,false,false,,true,1350,monstrous_infantry,monster_beasts
wh3_main_kho_khorne,wh3_main_sc_kho_khorne,wh3_main_kho_mon_khornataurs_1,false,false,,true,1350,wh_dlc03_minotaurs_great_weapon,monster_beasts
wh3_main_kho_khorne,wh3_main_sc_kho_khorne,wh3_main_kho_mon_soul_grinder_0,false,false,,true,1750,wh3_main_soul_grinder_melee,monster_beasts
wh3_main_kho_khorne,wh3_main_sc_kho_khorne,wh3_main_kho_mon_spawn_of_khorne_0,false,false,,true,1050,chaos_spawn,monster_beasts
wh3_main_kho_khorne,wh3_main_sc_kho_khorne,wh3_main_kho_veh_blood_shrine_0,false,false,,true,950,magic_chariot,artillery_war_machines
wh3_main_kho_khorne,wh3_main_sc_kho_khorne,wh3_main_kho_veh_skullcannon_0,false,false,,true,1100,artillery_cannon,artillery_war_machines
wh3_main_kho_khorne,wh3_main_sc_kho_khorne,wh3_pro12_kho_cha_karanak,false,false,,true,1100,wh3_pro12_kho_cha_karanak,heroes_agents
wh3_main_kho_khorne,wh3_main_sc_kho_khorne,wh3_twa06_kho_inf_bloodletters_ror_0,false,false,,true,1500,infantry_sword_great,infantry
wh3_main_kho_khorne,wh3_main_sc_kho_khorne,wh3_twa07_kho_cav_bloodcrushers_ror_0,false,false,,true,1700,chaos_juggernaut_sword,cavalry_chariots
wh3_main_kho_khorne,wh3_main_sc_kho_khorne,wh3_twa08_kho_mon_bloodthirster_0_ror,false,false,,true,2350,wh3_main_kho_bloodthirster,monster_beasts
wh3_main_kho_khorne,wh3_main_sc_kho_khorne,wh3_twa10_kho_inf_flesh_hounds_of_khorne_ror,false,false,,true,1000,war_beast,monster_beasts
wh3_main_kho_khorne,wh3_main_sc_kho_khorne,wh_pro04_nor_inf_marauder_berserkers_ror_0,false,false,,true,1000,infantry_axe_dual,infantry
wh3_main_ksl_kislev,wh3_main_sc_ksl_kislev,wh2_dlc16_wef_mon_cave_bats,false,true,mp_cap_group_extended_roster,false,350,vmp_fell_bats,monster_beasts
wh3_main_ksl_kislev,wh3_main_sc_ksl_kislev,wh2_dlc16_wef_mon_giant_spiders_0,false,true,mp_cap_group_extended_roster,false,550,grn_spider_hatchling,monster_beasts
wh3_main_ksl_kislev,wh3_main_sc_ksl_kislev,wh2_dlc16_wef_mon_spider_hatchlings_0,false,true,mp_cap_group_extended_roster,false,250,grn_spider_hatchling,monster_beasts
wh3_main_ksl_kislev,wh3_main_sc_ksl_kislev,wh2_pro08_neu_cha_felix,false,false,,true,800,wh2_pro08_cha_felix,heroes_agents
wh3_main_ksl_kislev,wh3_main_sc_ksl_kislev,wh2_pro08_neu_cha_gotrek,false,false,,true,1150,wh2_pro08_cha_gotrek,heroes_agents
wh3_main_ksl_kislev,wh3_main_sc_ksl_kislev,wh3_dlc23_neu_cha_ulrika,false,false,,true,900,wh3_dlc23_cha_ulrika,heroes_agents
wh3_main_ksl_kislev,wh3_main_sc_ksl_kislev,wh3_dlc23_neu_cha_ulrika_warhorse,false,false,,true,1100,wh3_dlc23_cha_ulrika,heroes_agents
wh3_main_ksl_kislev,wh3_main_sc_ksl_kislev,wh3_dlc24_ksl_cha_druzhina,true,false,,true,900,lord,commander
wh3_main_ksl_kislev,wh3_main_sc_ksl_kislev,wh3_dlc24_ksl_cha_druzhina_warhorse,true,false,,true,1100,lord,commander
wh3_main_ksl_kislev,wh3_main_sc_ksl_kislev,wh3_dlc24_ksl_cha_golden_knight,false,false,,true,1000,wh3_dlc24_ksl_cha_golden_knight,heroes_agents
wh3_main_ksl_kislev,wh3_main_sc_ksl_kislev,wh3_dlc24_ksl_cha_golden_knight_warhorse,false,false,,true,1200,wh3_dlc24_ksl_cha_golden_knight,heroes_agents
wh3_main_ksl_kislev,wh3_main_sc_ksl_kislev,wh3_dlc24_ksl_cha_hag_witch_beast,false,false,,true,1000,wizard_beasts_chariot,heroes_agents
wh3_main_ksl_kislev,wh3_main_sc_ksl_kislev,wh3_dlc24_ksl_cha_hag_witch_death,false,false,,true,1000,wizard_death_chariot,heroes_agents
wh3_main_ksl_kislev,wh3_main_sc_ksl_kislev,wh3_dlc24_ksl_cha_hag_witch_hag,false,false,,true,1000,wizard_hag_chariot,heroes_agents
wh3_main_ksl_kislev,wh3_main_sc_ksl_kislev,wh3_dlc24_ksl_cha_hag_witch_shadow,false,false,,true,1000,wizard_shadows_chariot,heroes_agents
wh3_main_ksl_kislev,wh3_main_sc_ksl_kislev,wh3_dlc24_ksl_cha_ice_witch_ice_frost_wyrm,true,false,,true,1650,wh3_lord_wizard_ice,commander
wh3_main_ksl_kislev,wh3_main_sc_ksl_kislev,wh3_dlc24_ksl_cha_ice_witch_tempest_frost_wyrm,true,false,,true,1650,wh3_lord_wizard_tempest,commander
wh3_main_ksl_kislev,wh3_main_sc_ksl_kislev,wh3_dlc24_ksl_cha_katarin_frost_wyrm,true,false,,true,1650,wh3_lord_wizard_ice,commander
wh3_main_ksl_kislev,wh3_main_sc_ksl_kislev,wh3_dlc24_ksl_cha_katarin_ice_court_sled,true,false,,true,1750,wh3_lord_wizard_ice,commander
wh3_main_ksl_kislev,wh3_main_sc_ksl_kislev,wh3_dlc24_ksl_cha_mother_ostankya,true,false,,true,1400,lord_wizard_hag,commander
wh3_main_ksl_kislev,wh3_main_sc_ksl_kislev,wh3_dlc24_ksl_inf_akshina_ambushers,false,false,,true,850,missile_infantry_crossbow,missile_infantry
wh3_main_ksl_kislev,wh3_main_sc_ksl_kislev,wh3_dlc24_ksl_inf_akshina_ambushers_ror,false,false,,true,1150,missile_infantry_crossbow,missile_infantry
wh3_main_ksl_kislev,wh3_main_sc_ksl_kislev,wh3_dlc24_ksl_inf_kislevite_warriors,false,false,,true,500,infantry_spear_halberd,infantry
wh3_main_ksl_kislev,wh3_main_sc_ksl_kislev,wh3_dlc24_ksl_inf_streltsi_ror,false,false,,true,1150,wh3_main_ksl_streltsi,missile_infantry
wh3_main_ksl_kislev,wh3_main_sc_ksl_kislev,wh3_dlc24_ksl_mon_frost_wyrm,false,false,,true,1500,wh3_dlc24_ksl_frost_wyrm,monster_beasts
wh3_main_ksl_kislev,wh3_main_sc_ksl_kislev,wh3_dlc24_ksl_mon_incarnate_elemental_of_beasts,false,false,,true,1900,wh3_dlc24_mon_incarnate_elemental_of_beasts,monster_beasts
wh3_main_ksl_kislev,wh3_main_sc_ksl_kislev,wh3_dlc24_ksl_mon_the_things_in_the_woods,false,false,,true,875,wh3_dlc24_things_in_woods,monster_beasts
wh3_main_ksl_kislev,wh3_main_sc_ksl_kislev,wh3_dlc24_ksl_mon_the_things_in_the_woods_ror,false,false,,true,1125,wh3_dlc24_things_in_woods,monster_beasts
wh3_main_ksl_kislev,wh3_main_sc_ksl_kislev,wh3_main_ksl_cav_gryphon_legion_0,false,false,,true,1250,shock_cavalry,cavalry_chariots
wh3_main_ksl_kislev,wh3_main_sc_ksl_kislev,wh3_main_ksl_cav_horse_archers_0,false,false,,true,600,missile_cavalry_bow,missile_cavalry_chariots
wh3_main_ksl_kislev,wh3_main_sc_ksl_kislev,wh3_main_ksl_cav_horse_raiders_0,false,false,,true,525,cavalry,cavalry_chariots
wh3_main_ksl_kislev,wh3_main_sc_ksl_kislev,wh3_main_ksl_cav_war_bear_riders_1,false,false,,true,1600,wh3_bear_cavalry,cavalry_chariots
wh3_main_ksl_kislev,wh3_main_sc_ksl_kislev,wh3_main_ksl_cav_winged_lancers_0,false,false,,true,1000,shock_cavalry,cavalry_chariots
wh3_main_ksl_kislev,wh3_main_sc_ksl_kislev,wh3_main_ksl_cha_ataman,true,false,,true,700,lord,commander
wh3_main_ksl_kislev,wh3_main_sc_ksl_kislev,wh3_main_ksl_cha_boris_0,true,false,,true,1050,lord,commander
wh3_main_ksl_kislev,wh3_main_sc_ksl_kislev,wh3_main_ksl_cha_boris_1,true,false,,true,1250,lord,commander
wh3_main_ksl_kislev,wh3_main_sc_ksl_kislev,wh3_main_ksl_cha_boris_2,true,false,,true,1450,lord,commander
wh3_main_ksl_kislev,wh3_main_sc_ksl_kislev,wh3_main_ksl_cha_boyar_0,true,false,,true,700,lord,commander
wh3_main_ksl_kislev,wh3_main_sc_ksl_kislev,wh3_main_ksl_cha_boyar_1,true,false,,true,900,lord,commander
wh3_main_ksl_kislev,wh3_main_sc_ksl_kislev,wh3_main_ksl_cha_boyar_2,true,false,,true,1200,lord,commander
wh3_main_ksl_kislev,wh3_main_sc_ksl_kislev,wh3_main_ksl_cha_frost_maiden_ice_0,false,false,,true,300,wh3_main_wizard_ice,heroes_agents
wh3_main_ksl_kislev,wh3_main_sc_ksl_kislev,wh3_main_ksl_cha_frost_maiden_ice_1,false,false,,true,500,wh3_main_wizard_ice,heroes_agents
wh3_main_ksl_kislev,wh3_main_sc_ksl_kislev,wh3_main_ksl_cha_frost_maiden_ice_2,false,false,,true,850,wh3_main_wizard_ice,heroes_agents
wh3_main_ksl_kislev,wh3_main_sc_ksl_kislev,wh3_main_ksl_cha_frost_maiden_tempest_0,false,false,,true,300,wh3_main_wizard_tempest,heroes_agents
wh3_main_ksl_kislev,wh3_main_sc_ksl_kislev,wh3_main_ksl_cha_frost_maiden_tempest_1,false,false,,true,500,wh3_main_wizard_tempest,heroes_agents
wh3_main_ksl_kislev,wh3_main_sc_ksl_kislev,wh3_main_ksl_cha_frost_maiden_tempest_2,false,false,,true,850,wh3_main_wizard_tempest,heroes_agents
wh3_main_ksl_kislev,wh3_main_sc_ksl_kislev,wh3_main_ksl_cha_ice_witch_ice_0,true,false,,true,400,wh3_lord_wizard_ice,commander
wh3_main_ksl_kislev,wh3_main_sc_ksl_kislev,wh3_main_ksl_cha_ice_witch_ice_1,true,false,,true,600,wh3_lord_wizard_ice,commander
wh3_main_ksl_kislev,wh3_main_sc_ksl_kislev,wh3_main_ksl_cha_ice_witch_ice_2,true,false,,true,900,wh3_lord_wizard_ice,commander
wh3_main_ksl_kislev,wh3_main_sc_ksl_kislev,wh3_main_ksl_cha_ice_witch_tempest_0,true,false,,true,400,wh3_lord_wizard_tempest,commander
wh3_main_ksl_kislev,wh3_main_sc_ksl_kislev,wh3_main_ksl_cha_ice_witch_tempest_1,true,false,,true,600,wh3_lord_wizard_tempest,commander
wh3_main_ksl_kislev,wh3_main_sc_ksl_kislev,wh3_main_ksl_cha_ice_witch_tempest_2,true,false,,true,900,wh3_lord_wizard_tempest,commander
wh3_main_ksl_kislev,wh3_main_sc_ksl_kislev,wh3_main_ksl_cha_katarin_0,true,false,,true,550,wh3_lord_wizard_ice,commander
wh3_main_ksl_kislev,wh3_main_sc_ksl_kislev,wh3_main_ksl_cha_katarin_1,true,false,,true,750,wh3_lord_wizard_ice,commander
wh3_main_ksl_kislev,wh3_main_sc_ksl_kislev,wh3_main_ksl_cha_katarin_2,true,false,,true,1000,wh3_lord_wizard_ice,commander
wh3_main_ksl_kislev,wh3_main_sc_ksl_kislev,wh3_main_ksl_cha_kostaltyn_0,true,false,,true,900,lord,commander
wh3_main_ksl_kislev,wh3_main_sc_ksl_kislev,wh3_main_ksl_cha_kostaltyn_1,true,false,,true,1100,lord,commander
wh3_main_ksl_kislev,wh3_main_sc_ksl_kislev,wh3_main_ksl_cha_kostaltyn_2,true,false,,true,1300,lord,commander
wh3_main_ksl_kislev,wh3_main_sc_ksl_kislev,wh3_main_ksl_cha_patriarch_0,false,false,,true,350,wh3_main_ksl_patriarch,heroes_agents
wh3_main_ksl_kislev,wh3_main_sc_ksl_kislev,wh3_main_ksl_cha_patriarch_1,false,false,,true,550,wh3_main_ksl_patriarch,heroes_agents
wh3_main_ksl_kislev,wh3_main_sc_ksl_kislev,wh3_main_ksl_cha_patriarch_2,false,false,,true,850,wh3_main_ksl_patriarch,heroes_agents
wh3_main_ksl_kislev,wh3_main_sc_ksl_kislev,wh3_main_ksl_inf_armoured_kossars_0,false,false,,true,700,wh3_main_ksl_pistol_axe_infantry,infantry
wh3_main_ksl_kislev,wh3_main_sc_ksl_kislev,wh3_main_ksl_inf_armoured_kossars_1,false,false,,true,700,wh3_main_ksl_pistol_great_weapon_infantry,infantry
wh3_main_ksl_kislev,wh3_main_sc_ksl_kislev,wh3_main_ksl_inf_ice_guard_0,false,false,,true,1100,wh3_main_ksl_bow_glaive_infantry,missile_infantry
wh3_main_ksl_kislev,wh3_main_sc_ksl_kislev,wh3_main_ksl_inf_ice_guard_1,false,false,,true,1000,wh3_main_ksl_bow_dual_swords_infantry,missile_infantry
wh3_main_ksl_kislev,wh3_main_sc_ksl_kislev,wh3_main_ksl_inf_kossars_0,false,false,,true,450,wh3_main_ksl_bow_axe_infantry,missile_infantry
wh3_main_ksl_kislev,wh3_main_sc_ksl_kislev,wh3_main_ksl_inf_kossars_1,false,false,,true,500,wh2_main_hef_missile_infantry_bow_spear,missile_infantry
wh3_main_ksl_kislev,wh3_main_sc_ksl_kislev,wh3_main_ksl_inf_streltsi_0,false,false,,true,850,wh3_main_ksl_streltsi,missile_infantry
wh3_main_ksl_kislev,wh3_main_sc_ksl_kislev,wh3_main_ksl_inf_tzar_guard_0,false,false,,true,1000,infantry_sword,infantry
wh3_main_ksl_kislev,wh3_main_sc_ksl_kislev,wh3_main_ksl_inf_tzar_guard_1,false,false,,true,1100,infantry_sword_great,infantry
wh3_main_ksl_kislev,wh3_main_sc_ksl_kislev,wh3_main_ksl_mon_elemental_bear_0,false,false,,true,1800,wh3_ksl_elemental_bear,monster_beasts
wh3_main_ksl_kislev,wh3_main_sc_ksl_kislev,wh3_main_ksl_mon_snow_leopard_0,false,false,,true,650,wh3_main_ksl_snow_leopard,monster_beasts
wh3_main_ksl_kislev,wh3_main_sc_ksl_kislev,wh3_main_ksl_veh_heavy_war_sled_0,false,false,,true,1450,wh3_main_ksl_sled_rifle,missile_cavalry_chariots
wh3_main_ksl_kislev,wh3_main_sc_ksl_kislev,wh3_main_ksl_veh_light_war_sled_0,false,false,,true,1150,wh3_main_ksl_sled_rifle,missile_cavalry_chariots
wh3_main_ksl_kislev,wh3_main_sc_ksl_kislev,wh3_main_ksl_veh_little_grom_0,false,false,,true,1400,artillery_cannon,artillery_war_machines
wh3_main_ksl_kislev,wh3_main_sc_ksl_kislev,wh3_main_monster_feral_bears,false,true,mp_cap_group_extended_roster,false,850,wh3_main_monster_feral_bear,monster_beasts
wh3_main_ksl_kislev,wh3_main_sc_ksl_kislev,wh3_main_monster_feral_ice_bears,false,true,mp_cap_group_extended_roster,false,1100,wh3_main_monster_feral_bear,monster_beasts
wh3_main_ksl_kislev,wh3_main_sc_ksl_kislev,wh3_twa06_ksl_inf_tzar_guard_ror_0,false,false,,true,1400,infantry_sword_great,infantry
wh3_main_ksl_kislev,wh3_main_sc_ksl_kislev,wh3_twa07_ksl_cav_war_bear_riders_ror_0,false,false,,true,1850,wh3_bear_cavalry,cavalry_chariots
wh3_main_ksl_kislev,wh3_main_sc_ksl_kislev,wh3_twa08_ksl_mon_elemental_bear_0_ror,false,false,,true,2200,wh3_ksl_elemental_bear,monster_beasts
wh3_main_ksl_kislev,wh3_main_sc_ksl_kislev,wh3_twa10_ksl_inf_armoured_kossars_ror,false,false,,true,950,infantry_sword_dual,infantry
wh3_main_nur_nurgle,wh3_main_sc_nur_nurgle,wh3_dlc20_chs_cav_chaos_chariot_mnur,false,false,,true,850,chariot,cavalry_chariots
wh3_main_nur_nurgle,wh3_main_sc_nur_nurgle,wh3_dlc20_chs_cav_chaos_knights_mnur,false,false,,true,1400,cavalry_axe,cavalry_chariots
wh3_main_nur_nurgle,wh3_main_sc_nur_nurgle,wh3_dlc20_chs_cav_chaos_knights_mnur_lances,false,false,,true,1400,shock_cavalry,cavalry_chariots
wh3_main_nur_nurgle,wh3_main_sc_nur_nurgle,wh3_dlc20_chs_cav_marauder_horsemen_mnur_throwing_axes,false,false,,true,650,missile_cavalry_axe,missile_cavalry_chariots
wh3_main_nur_nurgle,wh3_main_sc_nur_nurgle,wh3_dlc20_chs_cha_chaos_sorcerer_lord_death_mnur,true,false,,true,800,lord_wizard_death,commander
wh3_main_nur_nurgle,wh3_main_sc_nur_nurgle,wh3_dlc20_chs_cha_chaos_sorcerer_lord_death_mnur_chaos_steed,false,false,,true,1000,lord_wizard_death,commander
wh3_main_nur_nurgle,wh3_main_sc_nur_nurgle,wh3_dlc20_chs_cha_chaos_sorcerer_lord_death_mnur_warshrine,true,false,,true,1500,lord_wizard_death,commander
wh3_main_nur_nurgle,wh3_main_sc_nur_nurgle,wh3_dlc20_chs_cha_chaos_sorcerer_lord_nurgle_mnur,true,false,,true,800,wh3_lord_wizard_nurgle,commander
wh3_main_nur_nurgle,wh3_main_sc_nur_nurgle,wh3_dlc20_chs_cha_chaos_sorcerer_lord_nurgle_mnur_chaos_steed,true,false,,true,1000,wh3_lord_wizard_nurgle,commander
wh3_main_nur_nurgle,wh3_main_sc_nur_nurgle,wh3_dlc20_chs_cha_chaos_sorcerer_lord_nurgle_mnur_warshrine,true,false,,true,1500,wh3_lord_wizard_nurgle,commander
wh3_main_nur_nurgle,wh3_main_sc_nur_nurgle,wh3_dlc20_chs_cha_daemon_prince_mnur,true,false,,true,2000,lord_wizard_mixed,commander
wh3_main_nur_nurgle,wh3_main_sc_nur_nurgle,wh3_dlc20_chs_cha_exalted_hero_mnur,false,false,,true,900,chs_exalted_hero,heroes_agents
wh3_main_nur_nurgle,wh3_main_sc_nur_nurgle,wh3_dlc20_chs_cha_exalted_hero_mnur_chaos_chariot,false,false,,true,1200,chs_exalted_hero_chariot,heroes_agents
wh3_main_nur_nurgle,wh3_main_sc_nur_nurgle,wh3_dlc20_chs_cha_exalted_hero_mnur_chaos_steed,false,false,,true,1100,chs_exalted_hero_cavalry,heroes_agents
wh3_main_nur_nurgle,wh3_main_sc_nur_nurgle,wh3_dlc20_chs_inf_chaos_marauders_mnur,false,false,,true,425,infantry_axe,infantry
wh3_main_nur_nurgle,wh3_main_sc_nur_nurgle,wh3_dlc20_chs_inf_chaos_marauders_mnur_greatweapons,false,false,,true,500,infantry_hammer_great,infantry
wh3_main_nur_nurgle,wh3_main_sc_nur_nurgle,wh3_dlc20_chs_inf_chaos_warriors_mnur,false,false,,true,800,infantry_axe,infantry
wh3_main_nur_nurgle,wh3_main_sc_nur_nurgle,wh3_dlc20_chs_inf_chaos_warriors_mnur_greatweapons,false,false,,true,875,infantry_axe_great,infantry
wh3_main_nur_nurgle,wh3_main_sc_nur_nurgle,wh3_dlc20_chs_inf_chosen_mnur,false,false,,true,1350,infantry_axe,infantry
wh3_main_nur_nurgle,wh3_main_sc_nur_nurgle,wh3_dlc20_chs_inf_chosen_mnur_greatweapons,false,false,,true,1450,infantry_axe_great,infantry
wh3_main_nur_nurgle,wh3_main_sc_nur_nurgle,wh3_dlc20_chs_mon_giant_mnur_ror,false,false,,true,1700,giant,monster_beasts
wh3_main_nur_nurgle,wh3_main_sc_nur_nurgle,wh3_dlc20_chs_mon_warshrine_mnur,false,false,,true,1300,chaos_warshrine,monster_beasts
wh3_main_nur_nurgle,wh3_main_sc_nur_nurgle,wh3_dlc20_nur_cha_cultist_mnur_warshrine,false,false,,true,1400,wh3_main_nur_cultist,heroes_agents
wh3_main_nur_nurgle,wh3_main_sc_nur_nurgle,wh3_dlc20_nur_cha_festus,true,false,,true,1250,wh3_lord_wizard_nurgle,commander
wh3_main_nur_nurgle,wh3_main_sc_nur_nurgle,wh3_dlc25_chs_cha_chaos_lord_mnur,true,false,,true,1050,lord,commander
wh3_main_nur_nurgle,wh3_main_sc_nur_nurgle,wh3_dlc25_chs_cha_chaos_lord_mnur_chaos_chariot,true,false,,true,1350,lord,commander
wh3_main_nur_nurgle,wh3_main_sc_nur_nurgle,wh3_dlc25_chs_cha_chaos_lord_mnur_chaos_steed,true,false,,true,1250,lord,commander
wh3_main_nur_nurgle,wh3_main_sc_nur_nurgle,wh3_dlc25_chs_cha_chaos_lord_mnur_rot_beast,true,false,,true,1450,lord,commander
wh3_main_nur_nurgle,wh3_main_sc_nur_nurgle,wh3_dlc25_chs_cha_chaos_sorcerer_death_mnur,false,false,,true,500,wizard_death,heroes_agents
wh3_main_nur_nurgle,wh3_main_sc_nur_nurgle,wh3_dlc25_chs_cha_chaos_sorcerer_death_mnur_chaos_steed,false,false,,true,700,wizard_death,heroes_agents
wh3_main_nur_nurgle,wh3_main_sc_nur_nurgle,wh3_dlc25_chs_cha_chaos_sorcerer_death_mnur_rot_beast,false,false,,true,900,wizard_death,heroes_agents
wh3_main_nur_nurgle,wh3_main_sc_nur_nurgle,wh3_dlc25_chs_cha_chaos_sorcerer_death_mnur_warshrine,false,false,,true,1400,wizard_death,heroes_agents
wh3_main_nur_nurgle,wh3_main_sc_nur_nurgle,wh3_dlc25_chs_cha_chaos_sorcerer_lord_death_mnur_rot_beast,true,false,,true,1200,wizard_death,heroes_agents
wh3_main_nur_nurgle,wh3_main_sc_nur_nurgle,wh3_dlc25_chs_cha_chaos_sorcerer_lord_nurgle_mnur_rot_beast,true,false,,true,1200,wh3_main_wizard_nurgle,heroes_agents
wh3_main_nur_nurgle,wh3_main_sc_nur_nurgle,wh3_dlc25_chs_cha_chaos_sorcerer_nurgle_mnur,false,false,,true,500,wh3_main_wizard_nurgle,heroes_agents
wh3_main_nur_nurgle,wh3_main_sc_nur_nurgle,wh3_dlc25_chs_cha_chaos_sorcerer_nurgle_mnur_chaos_steed,false,false,,true,700,wh3_main_wizard_nurgle,heroes_agents
wh3_main_nur_nurgle,wh3_main_sc_nur_nurgle,wh3_dlc25_chs_cha_chaos_sorcerer_nurgle_mnur_rot_beast,false,false,,true,900,wh3_main_wizard_nurgle,heroes_agents
wh3_main_nur_nurgle,wh3_main_sc_nur_nurgle,wh3_dlc25_chs_cha_chaos_sorcerer_nurgle_mnur_warshrine,false,false,,true,1400,wh3_main_wizard_nurgle,heroes_agents
wh3_main_nur_nurgle,wh3_main_sc_nur_nurgle,wh3_dlc25_chs_cha_exalted_hero_mnur_rot_beast,false,false,,true,1300,chs_exalted_hero_cavalry,heroes_agents
wh3_main_nur_nurgle,wh3_main_sc_nur_nurgle,wh3_dlc25_nur_cav_plague_drones_1_ror,false,false,,true,1700,wh3_main_nur_rot_flies_missile,missile_monster_beasts
wh3_main_nur_nurgle,wh3_main_sc_nur_nurgle,wh3_dlc25_nur_cav_rot_knights,false,false,,true,1800,nur_rot_knights,cavalry_chariots
wh3_main_nur_nurgle,wh3_main_sc_nur_nurgle,wh3_dlc25_nur_cav_rot_knights_ror,false,false,,true,2200,nur_rot_knights,cavalry_chariots
wh3_main_nur_nurgle,wh3_main_sc_nur_nurgle,wh3_dlc25_nur_cha_bray_shaman_wild_chieftain,false,true,mp_cap_group_extended_roster,false,400,wizard_wild,heroes_agents
wh3_main_nur_nurgle,wh3_main_sc_nur_nurgle,wh3_dlc25_nur_cha_bray_shaman_wild_chieftain_razorgor_chariot,false,true,mp_cap_group_extended_roster,false,900,wizard_wild_chariot,heroes_agents
wh3_main_nur_nurgle,wh3_main_sc_nur_nurgle,wh3_dlc25_nur_cha_bray_shaman_wild_chieftain_tuskgor_chariot,false,true,mp_cap_group_extended_roster,false,700,wizard_wild_chariot,heroes_agents
wh3_main_nur_nurgle,wh3_main_sc_nur_nurgle,wh3_dlc25_nur_cha_epidemius,true,false,,true,1100,lord,commander
wh3_main_nur_nurgle,wh3_main_sc_nur_nurgle,wh3_dlc25_nur_cha_exalted_hero_chieftain,false,true,mp_cap_group_extended_roster,false,600,chs_exalted_hero,heroes_agents
wh3_main_nur_nurgle,wh3_main_sc_nur_nurgle,wh3_dlc25_nur_cha_exalted_hero_chieftain_chaos_chariot,false,true,mp_cap_group_extended_roster,false,900,chs_exalted_hero_chariot,heroes_agents
wh3_main_nur_nurgle,wh3_main_sc_nur_nurgle,wh3_dlc25_nur_cha_exalted_hero_chieftain_chaos_dragon,false,true,mp_cap_group_extended_roster,false,2100,lord_dragon,commander
wh3_main_nur_nurgle,wh3_main_sc_nur_nurgle,wh3_dlc25_nur_cha_exalted_hero_chieftain_chaos_steed,false,true,mp_cap_group_extended_roster,false,800,chs_exalted_hero_cavalry,heroes_agents
wh3_main_nur_nurgle,wh3_main_sc_nur_nurgle,wh3_dlc25_nur_cha_fimir_balefiend_shadow_chieftain,false,true,mp_cap_group_extended_roster,false,550,wizard_shadows,heroes_agents
wh3_main_nur_nurgle,wh3_main_sc_nur_nurgle,wh3_dlc25_nur_cha_infernal_castellan_chieftain,false,true,mp_cap_group_extended_roster,false,700,wh3_dlc23_chd_infernal_castellan,heroes_agents
wh3_main_nur_nurgle,wh3_main_sc_nur_nurgle,wh3_dlc25_nur_cha_kayzk_the_befouled,false,false,,true,1200,nur_kayzk,heroes_agents
wh3_main_nur_nurgle,wh3_main_sc_nur_nurgle,wh3_dlc25_nur_cha_skin_wolf_werekin_chieftain,false,true,mp_cap_group_extended_roster,false,1100,lord,commander
wh3_main_nur_nurgle,wh3_main_sc_nur_nurgle,wh3_dlc25_nur_cha_tamurkhan,true,false,,true,1350,lord,commander
wh3_main_nur_nurgle,wh3_main_sc_nur_nurgle,wh3_dlc25_nur_cha_tamurkhan_bubebolos,true,false,,true,2300,lord,commander
wh3_main_nur_nurgle,wh3_main_sc_nur_nurgle,wh3_dlc25_nur_chieftain_art_hellcannon,false,true,mp_cap_group_extended_roster,false,1200,artillery_cannon,artillery_war_machines
wh3_main_nur_nurgle,wh3_main_sc_nur_nurgle,wh3_dlc25_nur_chieftain_inf_aspiring_champions_0,false,true,mp_cap_group_extended_roster,false,1100,infantry_sword,infantry
wh3_main_nur_nurgle,wh3_main_sc_nur_nurgle,wh3_dlc25_nur_chieftain_inf_centigors_1,false,true,mp_cap_group_extended_roster,false,825,wh_dlc03_bst_centigor_missile,missile_cavalry_chariots
wh3_main_nur_nurgle,wh3_main_sc_nur_nurgle,wh3_dlc25_nur_chieftain_inf_chaos_dwarf_blunderbusses,false,true,mp_cap_group_extended_roster,false,900,chd_blunderbuss_axe,missile_infantry
wh3_main_nur_nurgle,wh3_main_sc_nur_nurgle,wh3_dlc25_nur_chieftain_inf_cygor_0,false,true,mp_cap_group_extended_roster,false,1550,wh_dlc03_bst_cygor,monster_beasts
wh3_main_nur_nurgle,wh3_main_sc_nur_nurgle,wh3_dlc25_nur_chieftain_inf_infernal_guard_fireglaives,false,true,mp_cap_group_extended_roster,false,1200,chd_fireglaive,missile_infantry
wh3_main_nur_nurgle,wh3_main_sc_nur_nurgle,wh3_dlc25_nur_chieftain_mon_dragon_ogre_shaggoth,false,true,mp_cap_group_extended_roster,false,2000,chs_dragon_ogre_shaggoth,monster_beasts
wh3_main_nur_nurgle,wh3_main_sc_nur_nurgle,wh3_dlc25_nur_chieftain_mon_fimir_0,false,true,mp_cap_group_extended_roster,false,1300,wh3_dlc26_monstrous_infantry_magical,monster_beasts
wh3_main_nur_nurgle,wh3_main_sc_nur_nurgle,wh3_dlc25_nur_chieftain_mon_fimir_1,false,true,mp_cap_group_extended_roster,false,1450,wh3_dlc26_monstrous_infantry_magical,monster_beasts
wh3_main_nur_nurgle,wh3_main_sc_nur_nurgle,wh3_dlc25_nur_chieftain_mon_frost_wyrm_0,false,true,mp_cap_group_extended_roster,false,1600,wh_dlc08_nor_frost_wyrm,monster_beasts
wh3_main_nur_nurgle,wh3_main_sc_nur_nurgle,wh3_dlc25_nur_chieftain_mon_ghorgon,false,true,mp_cap_group_extended_roster,false,2000,wh2_dlc17_bst_ghorgon,monster_beasts
wh3_main_nur_nurgle,wh3_main_sc_nur_nurgle,wh3_dlc25_nur_chieftain_mon_skinwolves_0,false,true,mp_cap_group_extended_roster,false,950,wh_dlc08_nor_skin_wolf,monster_beasts
wh3_main_nur_nurgle,wh3_main_sc_nur_nurgle,wh3_dlc25_nur_chieftain_mon_war_mammoth_0,false,true,mp_cap_group_extended_roster,false,1450,nor_mammoth,monster_beasts
wh3_main_nur_nurgle,wh3_main_sc_nur_nurgle,wh3_dlc25_nur_chieftain_mon_war_mammoth_1,false,true,mp_cap_group_extended_roster,false,1900,nor_mammoth,monster_beasts
wh3_main_nur_nurgle,wh3_main_sc_nur_nurgle,wh3_dlc25_nur_chieftain_veh_dreadquake_mortar,false,true,mp_cap_group_extended_roster,false,1800,chd_dreadquake,artillery_war_machines
wh3_main_nur_nurgle,wh3_main_sc_nur_nurgle,wh3_dlc25_nur_inf_pestigors,false,false,,true,675,infantry_axe_great,infantry
wh3_main_nur_nurgle,wh3_main_sc_nur_nurgle,wh3_dlc25_nur_inf_plague_ogres,false,false,,true,1300,nur_plague_ogres,infantry
wh3_main_nur_nurgle,wh3_main_sc_nur_nurgle,wh3_dlc25_nur_inf_plague_ogres_great_weapons,false,false,,true,1400,nur_plague_ogres,infantry
wh3_main_nur_nurgle,wh3_main_sc_nur_nurgle,wh3_dlc25_nur_mon_bile_trolls,false,false,,true,1050,monstrous_infantry,monster_beasts
wh3_main_nur_nurgle,wh3_main_sc_nur_nurgle,wh3_dlc25_nur_mon_soul_grinder_0_ror,false,false,,true,1950,wh3_main_soul_grinder_missile,missile_monster_beasts
wh3_main_nur_nurgle,wh3_main_sc_nur_nurgle,wh3_dlc25_nur_mon_toad_dragon,false,false,,true,2000,nur_toad_dragon,monster_beasts
wh3_main_nur_nurgle,wh3_main_sc_nur_nurgle,wh3_dlc27_nor_inf_chaos_marauders_great_weapons_ror,false,false,,true,650,infantry_axe_great,infantry
wh3_main_nur_nurgle,wh3_main_sc_nur_nurgle,wh3_dlc29_chs_cha_bloab,false,false,,true,1200,wh3_dlc29_chs_bloab,heroes_agents
wh3_main_nur_nurgle,wh3_main_sc_nur_nurgle,wh3_dlc29_chs_cha_bloab_bilespurter,false,false,,true,2200,wh3_dlc29_chs_bloab,heroes_agents
wh3_main_nur_nurgle,wh3_main_sc_nur_nurgle,wh3_dlc29_chs_cha_glottkin,true,false,,true,2500,wh3_lord_wizard_nurgle,commander
wh3_main_nur_nurgle,wh3_main_sc_nur_nurgle,wh3_dlc29_chs_cha_gutrot_spume,false,false,,true,1200,wh3_dlc29_chs_gutrot,heroes_agents
wh3_main_nur_nurgle,wh3_main_sc_nur_nurgle,wh3_dlc29_chs_cha_gutrot_spume_warshrine,false,false,,true,1650,wh3_dlc29_chs_gutrot,heroes_agents
wh3_main_nur_nurgle,wh3_main_sc_nur_nurgle,wh3_dlc29_chs_cha_morbidex,false,false,,true,1200,wh3_dlc29_chs_morbidex,heroes_agents
wh3_main_nur_nurgle,wh3_main_sc_nur_nurgle,wh3_dlc29_chs_cha_morbidex_tripletongue,false,false,,true,2100,wh3_dlc29_chs_morbidex,heroes_agents
wh3_main_nur_nurgle,wh3_main_sc_nur_nurgle,wh3_dlc29_chs_cha_orghotts,false,false,,true,1200,wh3_dlc29_chs_orghotts,heroes_agents
wh3_main_nur_nurgle,wh3_main_sc_nur_nurgle,wh3_dlc29_chs_cha_orghotts_whippermaw,false,false,,true,2100,wh3_dlc29_chs_orghotts,heroes_agents
wh3_main_nur_nurgle,wh3_main_sc_nur_nurgle,wh3_dlc29_chs_inf_chosen_mnur_ror,false,false,,true,1800,infantry_axe_great,infantry
wh3_main_nur_nurgle,wh3_main_sc_nur_nurgle,wh3_dlc29_chs_inf_putrid_blightkings_axe_shield,false,false,,true,1500,infantry_axe,infantry
wh3_main_nur_nurgle,wh3_main_sc_nur_nurgle,wh3_dlc29_chs_inf_putrid_blightkings_dual_axe,false,false,,true,1600,infantry_axe_dual,infantry
wh3_main_nur_nurgle,wh3_main_sc_nur_nurgle,wh3_dlc29_chs_inf_putrid_blightkings_dual_axe_ror,false,false,,true,1900,infantry_axe_dual,infantry
wh3_main_nur_nurgle,wh3_main_sc_nur_nurgle,wh3_dlc29_chs_inf_putrid_blightkings_great_weapons,false,false,,true,1650,infantry_axe_great,infantry
wh3_main_nur_nurgle,wh3_main_sc_nur_nurgle,wh3_main_nur_cav_plague_drones_0,false,false,,true,1100,wh3_main_nur_rot_flies,monster_beasts
wh3_main_nur_nurgle,wh3_main_sc_nur_nurgle,wh3_main_nur_cav_plague_drones_1,false,false,,true,1500,wh3_main_nur_rot_flies_missile,missile_monster_beasts
wh3_main_nur_nurgle,wh3_main_sc_nur_nurgle,wh3_main_nur_cav_pox_riders_of_nurgle_0,false,false,,true,1000,wh3_main_nur_toads,monster_beasts
wh3_main_nur_nurgle,wh3_main_sc_nur_nurgle,wh3_main_nur_cha_cultist_0,false,false,,true,600,wh3_main_nur_cultist,heroes_agents
wh3_main_nur_nurgle,wh3_main_sc_nur_nurgle,wh3_main_nur_cha_cultist_1,false,false,,true,800,wh3_main_nur_cultist,heroes_agents
wh3_main_nur_nurgle,wh3_main_sc_nur_nurgle,wh3_main_nur_cha_exalted_great_unclean_one_death_0,true,false,,true,2200,lord_wizard_death,commander
wh3_main_nur_nurgle,wh3_main_sc_nur_nurgle,wh3_main_nur_cha_exalted_great_unclean_one_nurgle_0,true,false,,true,2200,wh3_lord_wizard_nurgle,commander
wh3_main_nur_nurgle,wh3_main_sc_nur_nurgle,wh3_main_nur_cha_herald_of_nurgle_death_0,true,false,,true,900,lord_wizard_death,commander
wh3_main_nur_nurgle,wh3_main_sc_nur_nurgle,wh3_main_nur_cha_herald_of_nurgle_death_1,true,false,,true,1100,lord_wizard_death,commander
wh3_main_nur_nurgle,wh3_main_sc_nur_nurgle,wh3_main_nur_cha_herald_of_nurgle_death_2,true,false,,true,1400,lord_wizard_death,commander
wh3_main_nur_nurgle,wh3_main_sc_nur_nurgle,wh3_main_nur_cha_herald_of_nurgle_nurgle_0,true,false,,true,900,wh3_lord_wizard_nurgle,commander
wh3_main_nur_nurgle,wh3_main_sc_nur_nurgle,wh3_main_nur_cha_herald_of_nurgle_nurgle_1,true,false,,true,1100,wh3_lord_wizard_nurgle,commander
wh3_main_nur_nurgle,wh3_main_sc_nur_nurgle,wh3_main_nur_cha_herald_of_nurgle_nurgle_2,true,false,,true,1400,wh3_lord_wizard_nurgle,commander
wh3_main_nur_nurgle,wh3_main_sc_nur_nurgle,wh3_main_nur_cha_ku_gath_plaguefather_0,true,false,,true,2400,wh3_lord_wizard_nurgle,commander
wh3_main_nur_nurgle,wh3_main_sc_nur_nurgle,wh3_main_nur_cha_plagueridden_death_0,false,false,,true,600,wizard_death,heroes_agents
wh3_main_nur_nurgle,wh3_main_sc_nur_nurgle,wh3_main_nur_cha_plagueridden_death_1,false,false,,true,800,wizard_death_chariot,heroes_agents
wh3_main_nur_nurgle,wh3_main_sc_nur_nurgle,wh3_main_nur_cha_plagueridden_death_2,false,false,,true,1100,wizard_death_cavalry_flying,heroes_agents
wh3_main_nur_nurgle,wh3_main_sc_nur_nurgle,wh3_main_nur_cha_plagueridden_nurgle_0,false,false,,true,600,wh3_main_wizard_nurgle,heroes_agents
wh3_main_nur_nurgle,wh3_main_sc_nur_nurgle,wh3_main_nur_cha_plagueridden_nurgle_1,false,false,,true,800,wh3_main_wizard_nurgle,heroes_agents
wh3_main_nur_nurgle,wh3_main_sc_nur_nurgle,wh3_main_nur_cha_plagueridden_nurgle_2,false,false,,true,1100,wh3_main_wizard_nurgle,heroes_agents
wh3_main_nur_nurgle,wh3_main_sc_nur_nurgle,wh3_main_nur_inf_chaos_furies_0,false,false,,true,650,wh_dlc05_bst_harpies,monster_beasts
wh3_main_nur_nurgle,wh3_main_sc_nur_nurgle,wh3_main_nur_inf_forsaken_0,false,false,,true,850,chaos_forsaken,infantry
wh3_main_nur_nurgle,wh3_main_sc_nur_nurgle,wh3_main_nur_inf_nurglings_0,false,false,,true,350,wh3_main_nur_nurglings,infantry
wh3_main_nur_nurgle,wh3_main_sc_nur_nurgle,wh3_main_nur_inf_plaguebearers_0,false,false,,true,700,wh3_main_nur_plaguebearers,infantry
wh3_main_nur_nurgle,wh3_main_sc_nur_nurgle,wh3_main_nur_inf_plaguebearers_1,false,false,,true,1100,wh3_main_nur_plaguebearers_missile,infantry
wh3_main_nur_nurgle,wh3_main_sc_nur_nurgle,wh3_main_nur_mon_beast_of_nurgle_0,false,false,,true,800,wh3_main_nur_beast_of_nurgle,monster_beasts
wh3_main_nur_nurgle,wh3_main_sc_nur_nurgle,wh3_main_nur_mon_great_unclean_one_0,false,false,,true,1600,wh3_main_nur_great_unclean_one,monster_beasts
wh3_main_nur_nurgle,wh3_main_sc_nur_nurgle,wh3_main_nur_mon_plague_toads_0,false,false,,true,650,wh3_main_nur_toads,monster_beasts
wh3_main_nur_nurgle,wh3_main_sc_nur_nurgle,wh3_main_nur_mon_rot_flies_0,false,false,,true,800,wh3_main_nur_rot_flies,monster_beasts
wh3_main_nur_nurgle,wh3_main_sc_nur_nurgle,wh3_main_nur_mon_soul_grinder_0,false,false,,true,1750,wh3_main_soul_grinder_missile,missile_monster_beasts
wh3_main_nur_nurgle,wh3_main_sc_nur_nurgle,wh3_main_nur_mon_spawn_of_nurgle_0,false,false,,true,1050,chaos_spawn,monster_beasts
wh3_main_nur_nurgle,wh3_main_sc_nur_nurgle,wh3_twa06_nur_inf_plaguebearers_ror_0,false,false,,true,1550,wh3_main_nur_plaguebearers_missile,infantry
wh3_main_nur_nurgle,wh3_main_sc_nur_nurgle,wh3_twa07_nur_cav_pox_riders_of_nurgle_ror_0,false,false,,true,1250,wh3_main_nur_toads,monster_beasts
wh3_main_nur_nurgle,wh3_main_sc_nur_nurgle,wh3_twa08_nur_mon_great_unclean_one_0_ror,false,false,,true,1900,wh3_main_nur_great_unclean_one,monster_beasts
wh3_main_nur_nurgle,wh3_main_sc_nur_nurgle,wh3_twa10_nur_inf_nurglings_ror,false,false,,true,550,wh3_main_nur_nurglings,infantry
wh3_main_nur_nurgle,wh3_main_sc_nur_nurgle,wh_main_chs_mon_chaos_warhounds_1,false,false,,true,450,war_beast,monster_beasts
wh3_main_nur_nurgle,wh3_main_sc_nur_nurgle,wh_pro04_chs_inf_forsaken_ror_0,false,false,,true,1000,chaos_forsaken,infantry
wh3_main_ogr_ogre_kingdoms,wh3_main_sc_ogr_ogre_kingdoms,wh3_dlc26_ogr_cha_bragg_the_gutsman,false,false,,true,1150,wh3_dlc26_ogr_bragg,heroes_agents
wh3_main_ogr_ogre_kingdoms,wh3_main_sc_ogr_ogre_kingdoms,wh3_dlc26_ogr_cha_bruiser,false,false,,true,850,wh3_dlc26_ogr_bruiser,heroes_agents
wh3_main_ogr_ogre_kingdoms,wh3_main_sc_ogr_ogre_kingdoms,wh3_dlc26_ogr_cha_butcher_death,false,false,,true,550,wizard_death,heroes_agents
wh3_main_ogr_ogre_kingdoms,wh3_main_sc_ogr_ogre_kingdoms,wh3_dlc26_ogr_cha_butcher_heavens,false,false,,true,550,wizard_heavens,heroes_agents
wh3_main_ogr_ogre_kingdoms,wh3_main_sc_ogr_ogre_kingdoms,wh3_dlc26_ogr_cha_golgfag_maneater,true,false,,true,1250,lord,commander
wh3_main_ogr_ogre_kingdoms,wh3_main_sc_ogr_ogre_kingdoms,wh3_dlc26_ogr_cha_paymaster,true,false,,true,800,lord,commander
wh3_main_ogr_ogre_kingdoms,wh3_main_sc_ogr_ogre_kingdoms,wh3_dlc26_ogr_cha_slaughtermaster_death,true,false,,true,850,lord_wizard_death,commander
wh3_main_ogr_ogre_kingdoms,wh3_main_sc_ogr_ogre_kingdoms,wh3_dlc26_ogr_cha_slaughtermaster_heavens,true,false,,true,850,lord_wizard_heavens,commander
wh3_main_ogr_ogre_kingdoms,wh3_main_sc_ogr_ogre_kingdoms,wh3_dlc26_ogr_inf_eshin_maneater_ror,false,false,,true,1250,wh3_dlc26_ogr_eshin_maneater_ror,infantry
wh3_main_ogr_ogre_kingdoms,wh3_main_sc_ogr_ogre_kingdoms,wh3_dlc26_ogr_inf_golgfags_maneaters,false,false,,true,1600,ogr_golgfags_maneaters,infantry
wh3_main_ogr_ogre_kingdoms,wh3_main_sc_ogr_ogre_kingdoms,wh3_dlc26_ogr_inf_pigback_riders,false,false,,true,400,infantry_spear,infantry
wh3_main_ogr_ogre_kingdoms,wh3_main_sc_ogr_ogre_kingdoms,wh3_dlc26_ogr_inf_pigback_riders_ror,false,false,,true,600,infantry_spear,infantry
wh3_main_ogr_ogre_kingdoms,wh3_main_sc_ogr_ogre_kingdoms,wh3_dlc26_ogr_mon_blood_vultures,false,false,,true,500,wh2_dlc09_tmb_carrion,monster_beasts
wh3_main_ogr_ogre_kingdoms,wh3_main_sc_ogr_ogre_kingdoms,wh3_dlc26_ogr_mon_thundertusk,false,false,,true,2300,wh3_dlc26_ogr_thundertusk,missile_monster_beasts
wh3_main_ogr_ogre_kingdoms,wh3_main_sc_ogr_ogre_kingdoms,wh3_dlc26_ogr_mon_yhetees,false,false,,true,1200,wh3_dlc26_monstrous_infantry_magical,monster_beasts
wh3_main_ogr_ogre_kingdoms,wh3_main_sc_ogr_ogre_kingdoms,wh3_dlc26_ogr_mon_yhetees_ror,false,false,,true,1600,wh3_dlc26_monstrous_infantry_magical,monster_beasts
wh3_main_ogr_ogre_kingdoms,wh3_main_sc_ogr_ogre_kingdoms,wh3_main_ogr_cav_crushers_0,false,false,,true,1750,wh3_dlc26_ogr_cavalry_rhinox_club,cavalry_chariots
wh3_main_ogr_ogre_kingdoms,wh3_main_sc_ogr_ogre_kingdoms,wh3_main_ogr_cav_crushers_1,false,false,,true,1900,wh3_dlc26_ogr_cavalry_rhinox_great_weapon,cavalry_chariots
wh3_main_ogr_ogre_kingdoms,wh3_main_sc_ogr_ogre_kingdoms,wh3_main_ogr_cav_mournfang_cavalry_0,false,false,,true,1100,wh3_dlc26_ogr_cavalry_mournfang_club,cavalry_chariots
wh3_main_ogr_ogre_kingdoms,wh3_main_sc_ogr_ogre_kingdoms,wh3_main_ogr_cav_mournfang_cavalry_1,false,false,,true,1200,wh3_dlc26_ogr_cavalry_mournfang_club,cavalry_chariots
wh3_main_ogr_ogre_kingdoms,wh3_main_sc_ogr_ogre_kingdoms,wh3_main_ogr_cav_mournfang_cavalry_2,false,false,,true,1350,wh3_dlc26_ogr_cavalry_mournfang_great_weapon,cavalry_chariots
wh3_main_ogr_ogre_kingdoms,wh3_main_sc_ogr_ogre_kingdoms,wh3_main_ogr_cha_butcher_beasts_0,false,false,,true,550,wizard_beasts,heroes_agents
wh3_main_ogr_ogre_kingdoms,wh3_main_sc_ogr_ogre_kingdoms,wh3_main_ogr_cha_butcher_great_maw_0,false,false,,true,550,wh3_main_wizard_great_maw,heroes_agents
wh3_main_ogr_ogre_kingdoms,wh3_main_sc_ogr_ogre_kingdoms,wh3_main_ogr_cha_firebelly_0,false,false,,true,750,wizard_fire,heroes_agents
wh3_main_ogr_ogre_kingdoms,wh3_main_sc_ogr_ogre_kingdoms,wh3_main_ogr_cha_greasus_goldtooth_0,true,false,,true,1400,lord,commander
wh3_main_ogr_ogre_kingdoms,wh3_main_sc_ogr_ogre_kingdoms,wh3_main_ogr_cha_hunter_0,false,false,,true,800,wh3_main_ogr_hunter,heroes_agents
wh3_main_ogr_ogre_kingdoms,wh3_main_sc_ogr_ogre_kingdoms,wh3_main_ogr_cha_hunter_1,false,false,,true,2150,wh3_main_ogr_hunter,heroes_agents
wh3_main_ogr_ogre_kingdoms,wh3_main_sc_ogr_ogre_kingdoms,wh3_main_ogr_cha_skrag_the_slaughterer_0,true,false,,true,900,wh3_lord_wizard_great_maw,commander
wh3_main_ogr_ogre_kingdoms,wh3_main_sc_ogr_ogre_kingdoms,wh3_main_ogr_cha_slaughtermaster_beasts_0,true,false,,true,850,lord_wizard_beasts,commander
wh3_main_ogr_ogre_kingdoms,wh3_main_sc_ogr_ogre_kingdoms,wh3_main_ogr_cha_slaughtermaster_great_maw_0,true,false,,true,850,wh3_lord_wizard_great_maw,commander
wh3_main_ogr_ogre_kingdoms,wh3_main_sc_ogr_ogre_kingdoms,wh3_main_ogr_cha_tyrant_0,true,false,,true,1150,lord,commander
wh3_main_ogr_ogre_kingdoms,wh3_main_sc_ogr_ogre_kingdoms,wh3_main_ogr_inf_gnoblars_0,false,false,,true,200,infantry_spear,infantry
wh3_main_ogr_ogre_kingdoms,wh3_main_sc_ogr_ogre_kingdoms,wh3_main_ogr_inf_gnoblars_1,false,false,,true,500,wh3_main_ogr_throwing_dagger_infantry,missile_infantry
wh3_main_ogr_ogre_kingdoms,wh3_main_sc_ogr_ogre_kingdoms,wh3_main_ogr_inf_gnoblars_flingers,false,false,,true,300,wh2_main_missile_infantry_sling,missile_infantry
wh3_main_ogr_ogre_kingdoms,wh3_main_sc_ogr_ogre_kingdoms,wh3_main_ogr_inf_ironguts_0,false,false,,true,1100,wh3_main_ogr_monstrous_great_weapons,infantry
wh3_main_ogr_ogre_kingdoms,wh3_main_sc_ogr_ogre_kingdoms,wh3_main_ogr_inf_leadbelchers_0,false,false,,true,1050,wh3_main_ogr_monstrous_cannon,missile_infantry
wh3_main_ogr_ogre_kingdoms,wh3_main_sc_ogr_ogre_kingdoms,wh3_main_ogr_inf_maneaters_0,false,false,,true,1200,wh3_main_ogr_monstrous,infantry
wh3_main_ogr_ogre_kingdoms,wh3_main_sc_ogr_ogre_kingdoms,wh3_main_ogr_inf_maneaters_1,false,false,,true,1300,wh3_main_ogr_monstrous_ironfist,infantry
wh3_main_ogr_ogre_kingdoms,wh3_main_sc_ogr_ogre_kingdoms,wh3_main_ogr_inf_maneaters_2,false,false,,true,1400,monstrous_infantry_hammer_ogr,infantry
wh3_main_ogr_ogre_kingdoms,wh3_main_sc_ogr_ogre_kingdoms,wh3_main_ogr_inf_maneaters_3,false,false,,true,1500,wh3_main_ogr_monstrous_pistol,missile_infantry
wh3_main_ogr_ogre_kingdoms,wh3_main_sc_ogr_ogre_kingdoms,wh3_main_ogr_inf_ogres_0,false,false,,true,550,wh3_main_ogr_monstrous,infantry
wh3_main_ogr_ogre_kingdoms,wh3_main_sc_ogr_ogre_kingdoms,wh3_main_ogr_inf_ogres_1,false,false,,true,650,wh3_main_ogr_monstrous_dual_weapons,infantry
wh3_main_ogr_ogre_kingdoms,wh3_main_sc_ogr_ogre_kingdoms,wh3_main_ogr_inf_ogres_2,false,false,,true,650,wh3_main_ogr_monstrous_ironfist,infantry
wh3_main_ogr_ogre_kingdoms,wh3_main_sc_ogr_ogre_kingdoms,wh3_main_ogr_mon_giant_0,false,false,,true,1400,giant,monster_beasts
wh3_main_ogr_ogre_kingdoms,wh3_main_sc_ogr_ogre_kingdoms,wh3_main_ogr_mon_gorgers_0,false,false,,true,1000,monstrous_infantry,monster_beasts
wh3_main_ogr_ogre_kingdoms,wh3_main_sc_ogr_ogre_kingdoms,wh3_main_ogr_mon_sabretusk_pack_0,false,false,,true,525,war_beast,monster_beasts
wh3_main_ogr_ogre_kingdoms,wh3_main_sc_ogr_ogre_kingdoms,wh3_main_ogr_mon_stonehorn_0,false,false,,true,1800,wh3_main_ogr_stonehorn,monster_beasts
wh3_main_ogr_ogre_kingdoms,wh3_main_sc_ogr_ogre_kingdoms,wh3_main_ogr_mon_stonehorn_1,false,false,,true,2000,wh3_main_ogr_stonehorn_missile,missile_monster_beasts
wh3_main_ogr_ogre_kingdoms,wh3_main_sc_ogr_ogre_kingdoms,wh3_main_ogr_veh_gnoblar_scraplauncher_0,false,false,,true,900,catapult,artillery_war_machines
wh3_main_ogr_ogre_kingdoms,wh3_main_sc_ogr_ogre_kingdoms,wh3_main_ogr_veh_ironblaster_0,false,false,,true,1700,artillery_cannon,artillery_war_machines
wh3_main_ogr_ogre_kingdoms,wh3_main_sc_ogr_ogre_kingdoms,wh3_twa06_ogr_inf_maneaters_ror_0,false,false,,true,1800,wh3_main_ogr_monstrous_pistol,missile_infantry
wh3_main_ogr_ogre_kingdoms,wh3_main_sc_ogr_ogre_kingdoms,wh3_twa07_ogr_cav_crushers_ror_0,false,false,,true,2300,wh3_dlc26_ogr_cavalry_rhinox_great_weapon,cavalry_chariots
wh3_main_ogr_ogre_kingdoms,wh3_main_sc_ogr_ogre_kingdoms,wh3_twa08_ogr_mon_stonehorn_0_ror,false,false,,true,2050,wh3_main_ogr_stonehorn,monster_beasts
wh3_main_ogr_ogre_kingdoms,wh3_main_sc_ogr_ogre_kingdoms,wh3_twa10_ogr_inf_gnoblars_ror,false,false,,true,600,wh3_main_ogr_throwing_dagger_infantry,missile_infantry
wh3_main_sla_slaanesh,wh3_main_sc_sla_slaanesh,wh3_dlc20_chs_cav_chaos_chariot_msla,false,false,,true,850,chariot,cavalry_chariots
wh3_main_sla_slaanesh,wh3_main_sc_sla_slaanesh,wh3_dlc20_chs_cav_chaos_chariot_msla_ror,false,false,,true,1000,chariot,cavalry_chariots
wh3_main_sla_slaanesh,wh3_main_sc_sla_slaanesh,wh3_dlc20_chs_cav_chaos_knights_msla,false,false,,true,1400,cavalry,cavalry_chariots
wh3_main_sla_slaanesh,wh3_main_sc_sla_slaanesh,wh3_dlc20_chs_cav_chaos_knights_msla_lances,false,false,,true,1400,shock_cavalry,cavalry_chariots
wh3_main_sla_slaanesh,wh3_main_sc_sla_slaanesh,wh3_dlc20_chs_cav_marauder_horsemen_msla_javelins,false,false,,true,625,missile_cavalry_javelin,missile_cavalry_chariots
wh3_main_sla_slaanesh,wh3_main_sc_sla_slaanesh,wh3_dlc20_chs_cha_chaos_lord_msla,true,false,,true,1050,lord,commander
wh3_main_sla_slaanesh,wh3_main_sc_sla_slaanesh,wh3_dlc20_chs_cha_chaos_lord_msla_chaos_chariot,true,false,,true,1350,lord,commander
wh3_main_sla_slaanesh,wh3_main_sc_sla_slaanesh,wh3_dlc20_chs_cha_chaos_lord_msla_chaos_steed,true,false,,true,1250,lord,commander
wh3_main_sla_slaanesh,wh3_main_sc_sla_slaanesh,wh3_dlc20_chs_cha_chaos_sorcerer_shadows_msla,false,false,,true,500,wizard_shadows,heroes_agents
wh3_main_sla_slaanesh,wh3_main_sc_sla_slaanesh,wh3_dlc20_chs_cha_chaos_sorcerer_shadows_msla_chaos_steed,false,false,,true,700,wizard_shadows,heroes_agents
wh3_main_sla_slaanesh,wh3_main_sc_sla_slaanesh,wh3_dlc20_chs_cha_chaos_sorcerer_shadows_msla_warshrine,false,false,,true,1400,wizard_shadows,heroes_agents
wh3_main_sla_slaanesh,wh3_main_sc_sla_slaanesh,wh3_dlc20_chs_cha_chaos_sorcerer_slaanesh_msla,false,false,,true,500,wh3_main_wizard_slaanesh,heroes_agents
wh3_main_sla_slaanesh,wh3_main_sc_sla_slaanesh,wh3_dlc20_chs_cha_chaos_sorcerer_slaanesh_msla_chaos_steed,false,false,,true,700,wh3_main_wizard_slaanesh,heroes_agents
wh3_main_sla_slaanesh,wh3_main_sc_sla_slaanesh,wh3_dlc20_chs_cha_chaos_sorcerer_slaanesh_msla_warshrine,false,false,,true,1400,wh3_main_wizard_slaanesh,heroes_agents
wh3_main_sla_slaanesh,wh3_main_sc_sla_slaanesh,wh3_dlc20_chs_cha_cultist_msla_warshrine,false,false,,true,1400,wh3_main_sla_cultist,heroes_agents
wh3_main_sla_slaanesh,wh3_main_sc_sla_slaanesh,wh3_dlc20_chs_cha_daemon_prince_msla,true,false,,true,2000,lord_wizard_mixed,commander
wh3_main_sla_slaanesh,wh3_main_sc_sla_slaanesh,wh3_dlc20_chs_inf_chaos_warriors_msla,false,false,,true,800,infantry_sword,infantry
wh3_main_sla_slaanesh,wh3_main_sc_sla_slaanesh,wh3_dlc20_chs_inf_chaos_warriors_msla_hellscourges,false,false,,true,950,wh2_dlc10_def_whip_infantry,infantry
wh3_main_sla_slaanesh,wh3_main_sc_sla_slaanesh,wh3_dlc20_chs_inf_chosen_msla,false,false,,true,1350,infantry_sword,infantry
wh3_main_sla_slaanesh,wh3_main_sc_sla_slaanesh,wh3_dlc20_chs_inf_chosen_msla_hellscourges,false,false,,true,1500,wh2_dlc10_def_whip_infantry,infantry
wh3_main_sla_slaanesh,wh3_main_sc_sla_slaanesh,wh3_dlc20_chs_inf_forsaken_msla,false,false,,true,800,chaos_forsaken,infantry
wh3_main_sla_slaanesh,wh3_main_sc_sla_slaanesh,wh3_dlc20_chs_mon_warshrine_msla,false,false,,true,1300,chaos_warshrine,monster_beasts
wh3_main_sla_slaanesh,wh3_main_sc_sla_slaanesh,wh3_dlc20_sla_cha_azazel,true,false,,true,1600,wh3_lord_wizard_slaanesh,commander
wh3_main_sla_slaanesh,wh3_main_sc_sla_slaanesh,wh3_dlc27_chs_cha_chaos_lord_msla_daemonic_steed,true,false,,true,1450,lord,commander
wh3_main_sla_slaanesh,wh3_main_sc_sla_slaanesh,wh3_dlc27_chs_cha_chaos_sorcerer_shadows_msla_daemonic_steed,true,false,,true,900,wizard_shadows,heroes_agents
wh3_main_sla_slaanesh,wh3_main_sc_sla_slaanesh,wh3_dlc27_chs_cha_chaos_sorcerer_slaanesh_msla_daemonic_steed,true,false,,true,900,wh3_main_wizard_slaanesh,heroes_agents
wh3_main_sla_slaanesh,wh3_main_sc_sla_slaanesh,wh3_dlc27_chs_cha_exalted_hero_msla,false,false,,true,900,chs_exalted_hero,heroes_agents
wh3_main_sla_slaanesh,wh3_main_sc_sla_slaanesh,wh3_dlc27_chs_cha_exalted_hero_msla_chaos_chariot,false,false,,true,1200,chs_exalted_hero_chariot,heroes_agents
wh3_main_sla_slaanesh,wh3_main_sc_sla_slaanesh,wh3_dlc27_chs_cha_exalted_hero_msla_chaos_steed,false,false,,true,1100,chs_exalted_hero_cavalry,heroes_agents
wh3_main_sla_slaanesh,wh3_main_sc_sla_slaanesh,wh3_dlc27_chs_cha_exalted_hero_msla_daemonic_steed,false,false,,true,1150,chs_exalted_hero_cavalry,heroes_agents
wh3_main_sla_slaanesh,wh3_main_sc_sla_slaanesh,wh3_dlc27_chs_cha_sorcerer_lord_shadows_msla,true,false,,true,800,lord_wizard_shadows,commander
wh3_main_sla_slaanesh,wh3_main_sc_sla_slaanesh,wh3_dlc27_chs_cha_sorcerer_lord_shadows_msla_chaos_steed,true,false,,true,1000,lord_wizard_shadows,commander
wh3_main_sla_slaanesh,wh3_main_sc_sla_slaanesh,wh3_dlc27_chs_cha_sorcerer_lord_shadows_msla_daemonic_steed,true,false,,true,1250,lord_wizard_shadows,commander
wh3_main_sla_slaanesh,wh3_main_sc_sla_slaanesh,wh3_dlc27_chs_cha_sorcerer_lord_shadows_msla_warshrine,true,false,,true,1500,lord_wizard_shadows,commander
wh3_main_sla_slaanesh,wh3_main_sc_sla_slaanesh,wh3_dlc27_chs_cha_sorcerer_lord_slaanesh_msla,true,false,,true,800,wh3_lord_wizard_slaanesh,commander
wh3_main_sla_slaanesh,wh3_main_sc_sla_slaanesh,wh3_dlc27_chs_cha_sorcerer_lord_slaanesh_msla_chaos_steed,true,false,,true,1000,wh3_lord_wizard_slaanesh,commander
wh3_main_sla_slaanesh,wh3_main_sc_sla_slaanesh,wh3_dlc27_chs_cha_sorcerer_lord_slaanesh_msla_daemonic_steed,true,false,,true,1250,wh3_lord_wizard_slaanesh,commander
wh3_main_sla_slaanesh,wh3_main_sc_sla_slaanesh,wh3_dlc27_chs_cha_sorcerer_lord_slaanesh_msla_warshrine,true,false,,true,1500,wh3_lord_wizard_slaanesh,commander
wh3_main_sla_slaanesh,wh3_main_sc_sla_slaanesh,wh3_dlc27_nor_cav_marauder_horsemen_ror,false,false,,true,850,missile_cavalry_javelin,missile_cavalry_chariots
wh3_main_sla_slaanesh,wh3_main_sc_sla_slaanesh,wh3_dlc27_sla_cav_pleasureseekers,false,false,,true,1800,wh3_dlc27_pleasureseekers,cavalry_chariots
wh3_main_sla_slaanesh,wh3_main_sc_sla_slaanesh,wh3_dlc27_sla_cha_alluress_shadow_daemonic_steed,true,false,,true,1050,wizard_shadows,heroes_agents
wh3_main_sla_slaanesh,wh3_main_sc_sla_slaanesh,wh3_dlc27_sla_cha_alluress_slaanesh_daemonic_steed,true,false,,true,1050,wh3_main_wizard_slaanesh,heroes_agents
wh3_main_sla_slaanesh,wh3_main_sc_sla_slaanesh,wh3_dlc27_sla_cha_dechala,true,false,,true,1800,lord,commander
wh3_main_sla_slaanesh,wh3_main_sc_sla_slaanesh,wh3_dlc27_sla_cha_druchii_anointed,false,false,,true,850,wh3_dlc27_druchii_anointed,heroes_agents
wh3_main_sla_slaanesh,wh3_main_sc_sla_slaanesh,wh3_dlc27_sla_cha_druchii_anointed_cold_one,false,false,,true,1050,wh3_dlc27_druchii_anointed,heroes_agents
wh3_main_sla_slaanesh,wh3_main_sc_sla_slaanesh,wh3_dlc27_sla_cha_druchii_anointed_daemonic_steed,false,false,,true,1200,wh3_dlc27_druchii_anointed,heroes_agents
wh3_main_sla_slaanesh,wh3_main_sc_sla_slaanesh,wh3_dlc27_sla_cha_herald_of_slaanesh_shadow_daemonic_steed,true,false,,true,1350,lord_wizard_shadows,commander
wh3_main_sla_slaanesh,wh3_main_sc_sla_slaanesh,wh3_dlc27_sla_cha_herald_of_slaanesh_slaanesh_daemonic_steed,true,false,,true,1350,wh3_lord_wizard_slaanesh,commander
wh3_main_sla_slaanesh,wh3_main_sc_sla_slaanesh,wh3_dlc27_sla_cha_masque_of_slaanesh,true,false,,true,1600,lord,commander
wh3_main_sla_slaanesh,wh3_main_sc_sla_slaanesh,wh3_dlc27_sla_cha_styrkaar_the_sortsvinaer,false,false,,true,1000,wh3_dlc27_sla_cha_styrkaar_the_sortsvinaer,heroes_agents
wh3_main_sla_slaanesh,wh3_main_sc_sla_slaanesh,wh3_dlc27_sla_cha_styrkaar_the_sortsvinaer_daemonic_steed,false,false,,true,1450,wh3_dlc27_sla_cha_styrkaar_the_sortsvinaer,heroes_agents
wh3_main_sla_slaanesh,wh3_main_sc_sla_slaanesh,wh3_dlc27_sla_cha_styrkaar_the_sortsvinaer_steed_of_slaanesh,false,false,,true,1200,wh3_dlc27_sla_cha_styrkaar_the_sortsvinaer,heroes_agents
wh3_main_sla_slaanesh,wh3_main_sc_sla_slaanesh,wh3_dlc27_sla_inf_devotees_of_slaanesh,false,false,,true,975,wh2_main_infantry_dual_swords,infantry
wh3_main_sla_slaanesh,wh3_main_sc_sla_slaanesh,wh3_dlc27_sla_inf_devotees_of_slaanesh_crossbows,false,false,,true,1100,wh3_dlc27_sla_devotees_crossbows,missile_infantry
wh3_main_sla_slaanesh,wh3_main_sc_sla_slaanesh,wh3_dlc27_sla_inf_slaangors,false,false,,true,700,wh2_main_infantry_dual_swords,infantry
wh3_main_sla_slaanesh,wh3_main_sc_sla_slaanesh,wh3_dlc27_sla_mon_champions_of_slaanesh,false,false,,true,1750,wh3_dlc27_champions_of_slaanesh,monster_beasts
wh3_main_sla_slaanesh,wh3_main_sc_sla_slaanesh,wh3_dlc27_sla_mon_champions_of_slaanesh_ror,false,false,,true,1950,wh3_dlc27_champions_of_slaanesh,monster_beasts
wh3_main_sla_slaanesh,wh3_main_sc_sla_slaanesh,wh3_dlc27_sla_mon_preyton,false,false,,true,1600,wh3_dlc27_preyton,monster_beasts
wh3_main_sla_slaanesh,wh3_main_sc_sla_slaanesh,wh3_dlc27_sla_mon_preyton_ror,false,false,,true,1850,wh3_dlc27_preyton,monster_beasts
wh3_main_sla_slaanesh,wh3_main_sc_sla_slaanesh,wh3_dlc27_sla_veh_seeker_chariot_ror,false,false,,true,1100,wh3_main_sla_seeker_chariot,cavalry_chariots
wh3_main_sla_slaanesh,wh3_main_sc_sla_slaanesh,wh3_main_sla_cav_heartseekers_of_slaanesh_0,false,false,,true,1425,wh3_main_sla_steed_daemonette,cavalry_chariots
wh3_main_sla_slaanesh,wh3_main_sc_sla_slaanesh,wh3_main_sla_cav_hellstriders_0,false,false,,true,675,wh3_main_sla_steed_spear,cavalry_chariots
wh3_main_sla_slaanesh,wh3_main_sc_sla_slaanesh,wh3_main_sla_cav_hellstriders_1,false,false,,true,725,wh3_main_sla_steed_whip,cavalry_chariots
wh3_main_sla_slaanesh,wh3_main_sc_sla_slaanesh,wh3_main_sla_cav_seekers_of_slaanesh_0,false,false,,true,1000,wh3_main_sla_steed_daemonette,cavalry_chariots
wh3_main_sla_slaanesh,wh3_main_sc_sla_slaanesh,wh3_main_sla_cha_alluress_shadow_0,false,false,,true,700,wizard_shadows,heroes_agents
wh3_main_sla_slaanesh,wh3_main_sc_sla_slaanesh,wh3_main_sla_cha_alluress_shadow_1,false,false,,true,900,wizard_shadows,heroes_agents
wh3_main_sla_slaanesh,wh3_main_sc_sla_slaanesh,wh3_main_sla_cha_alluress_shadow_2,false,false,,true,1100,wizard_shadows,heroes_agents
wh3_main_sla_slaanesh,wh3_main_sc_sla_slaanesh,wh3_main_sla_cha_alluress_shadow_3,false,false,,true,1300,wizard_shadows,heroes_agents
wh3_main_sla_slaanesh,wh3_main_sc_sla_slaanesh,wh3_main_sla_cha_alluress_slaanesh_0,false,false,,true,700,wh3_main_wizard_slaanesh,heroes_agents
wh3_main_sla_slaanesh,wh3_main_sc_sla_slaanesh,wh3_main_sla_cha_alluress_slaanesh_1,false,false,,true,900,wh3_main_wizard_slaanesh,heroes_agents
wh3_main_sla_slaanesh,wh3_main_sc_sla_slaanesh,wh3_main_sla_cha_alluress_slaanesh_2,false,false,,true,1100,wh3_main_wizard_slaanesh,heroes_agents
wh3_main_sla_slaanesh,wh3_main_sc_sla_slaanesh,wh3_main_sla_cha_alluress_slaanesh_3,false,false,,true,1300,wh3_main_wizard_slaanesh,heroes_agents
wh3_main_sla_slaanesh,wh3_main_sc_sla_slaanesh,wh3_main_sla_cha_cultist_0,false,false,,true,650,wh3_main_sla_cultist,heroes_agents
wh3_main_sla_slaanesh,wh3_main_sc_sla_slaanesh,wh3_main_sla_cha_cultist_1,false,false,,true,850,wh3_main_sla_cultist,heroes_agents
wh3_main_sla_slaanesh,wh3_main_sc_sla_slaanesh,wh3_main_sla_cha_exalted_keeper_of_secrets_shadow_0,true,false,,true,2000,lord_wizard_shadows,commander
wh3_main_sla_slaanesh,wh3_main_sc_sla_slaanesh,wh3_main_sla_cha_exalted_keeper_of_secrets_slaanesh_0,true,false,,true,2000,wh3_lord_wizard_slaanesh,commander
wh3_main_sla_slaanesh,wh3_main_sc_sla_slaanesh,wh3_main_sla_cha_herald_of_slaanesh_shadow_0,true,false,,true,1000,lord_wizard_shadows,commander
wh3_main_sla_slaanesh,wh3_main_sc_sla_slaanesh,wh3_main_sla_cha_herald_of_slaanesh_shadow_1,true,false,,true,1200,lord_wizard_shadows,commander
wh3_main_sla_slaanesh,wh3_main_sc_sla_slaanesh,wh3_main_sla_cha_herald_of_slaanesh_shadow_2,true,false,,true,1400,lord_wizard_shadows,commander
wh3_main_sla_slaanesh,wh3_main_sc_sla_slaanesh,wh3_main_sla_cha_herald_of_slaanesh_shadow_3,true,false,,true,1600,lord_wizard_shadows,commander
wh3_main_sla_slaanesh,wh3_main_sc_sla_slaanesh,wh3_main_sla_cha_herald_of_slaanesh_slaanesh_0,true,false,,true,1000,wh3_lord_wizard_slaanesh,commander
wh3_main_sla_slaanesh,wh3_main_sc_sla_slaanesh,wh3_main_sla_cha_herald_of_slaanesh_slaanesh_1,true,false,,true,1200,wh3_lord_wizard_slaanesh,commander
wh3_main_sla_slaanesh,wh3_main_sc_sla_slaanesh,wh3_main_sla_cha_herald_of_slaanesh_slaanesh_2,true,false,,true,1400,wh3_lord_wizard_slaanesh,commander
wh3_main_sla_slaanesh,wh3_main_sc_sla_slaanesh,wh3_main_sla_cha_herald_of_slaanesh_slaanesh_3,true,false,,true,1600,wh3_lord_wizard_slaanesh,commander
wh3_main_sla_slaanesh,wh3_main_sc_sla_slaanesh,wh3_main_sla_cha_nkari_0,true,false,,true,2300,wh3_lord_wizard_slaanesh,commander
wh3_main_sla_slaanesh,wh3_main_sc_sla_slaanesh,wh3_main_sla_inf_chaos_furies_0,false,false,,true,650,wh_dlc05_bst_harpies,monster_beasts
wh3_main_sla_slaanesh,wh3_main_sc_sla_slaanesh,wh3_main_sla_inf_daemonette_0,false,false,,true,750,wh3_main_sla_daemonettes,infantry
wh3_main_sla_slaanesh,wh3_main_sc_sla_slaanesh,wh3_main_sla_inf_daemonette_1,false,false,,true,1250,wh3_main_sla_daemonettes,infantry
wh3_main_sla_slaanesh,wh3_main_sc_sla_slaanesh,wh3_main_sla_inf_marauders_0,false,false,,true,450,infantry_sword,infantry
wh3_main_sla_slaanesh,wh3_main_sc_sla_slaanesh,wh3_main_sla_inf_marauders_1,false,false,,true,500,infantry_spear,infantry
wh3_main_sla_slaanesh,wh3_main_sc_sla_slaanesh,wh3_main_sla_inf_marauders_2,false,false,,true,550,wh2_dlc10_def_whip_infantry,infantry
wh3_main_sla_slaanesh,wh3_main_sc_sla_slaanesh,wh3_main_sla_mon_fiends_of_slaanesh_0,false,false,,true,1325,wh3_main_sla_fiend,monster_beasts
wh3_main_sla_slaanesh,wh3_main_sc_sla_slaanesh,wh3_main_sla_mon_keeper_of_secrets_0,false,false,,true,1650,wh3_main_sla_keeper_of_secrets,monster_beasts
wh3_main_sla_slaanesh,wh3_main_sc_sla_slaanesh,wh3_main_sla_mon_soul_grinder_0,false,false,,true,1750,wh3_main_soul_grinder_melee,monster_beasts
wh3_main_sla_slaanesh,wh3_main_sc_sla_slaanesh,wh3_main_sla_mon_spawn_of_slaanesh_0,false,false,,true,1050,chaos_spawn,monster_beasts
wh3_main_sla_slaanesh,wh3_main_sc_sla_slaanesh,wh3_main_sla_veh_exalted_seeker_chariot_0,false,false,,true,1450,wh3_main_sla_exalted_seeker_chariot,cavalry_chariots
wh3_main_sla_slaanesh,wh3_main_sc_sla_slaanesh,wh3_main_sla_veh_hellflayer_0,false,false,,true,1100,wh3_main_sla_seeker_chariot,cavalry_chariots
wh3_main_sla_slaanesh,wh3_main_sc_sla_slaanesh,wh3_main_sla_veh_seeker_chariot_0,false,false,,true,800,wh3_main_sla_seeker_chariot,cavalry_chariots
wh3_main_sla_slaanesh,wh3_main_sc_sla_slaanesh,wh3_twa06_sla_inf_daemonette_ror_0,false,false,,true,1450,wh3_main_sla_daemonettes,infantry
wh3_main_sla_slaanesh,wh3_main_sc_sla_slaanesh,wh3_twa07_sla_cav_heartseekers_of_slaanesh_ror_0,false,false,,true,1625,wh3_main_sla_steed_daemonette,cavalry_chariots
wh3_main_sla_slaanesh,wh3_main_sc_sla_slaanesh,wh3_twa08_sla_mon_keeper_of_secrets_0_ror,false,false,,true,2000,wh3_main_sla_keeper_of_secrets,monster_beasts
wh3_main_sla_slaanesh,wh3_main_sc_sla_slaanesh,wh3_twa10_sla_inf_marauders_spears_ror,false,false,,true,750,infantry_spear,infantry
wh3_main_sla_slaanesh,wh3_main_sc_sla_slaanesh,wh_dlc01_chs_cha_prince_sigvald_the_magnificent,true,false,,true,1200,lord,commander
wh3_main_sla_slaanesh,wh3_main_sc_sla_slaanesh,wh_pro04_chs_inf_chaos_warriors_ror_0,false,false,,true,1000,infantry_sword,infantry
wh3_main_tze_tzeentch,wh3_main_sc_tze_tzeentch,wh3_dlc20_chs_cav_chaos_chariot_mtze,false,false,,true,850,chariot,cavalry_chariots
wh3_main_tze_tzeentch,wh3_main_sc_tze_tzeentch,wh3_dlc20_chs_cav_chaos_knights_mtze_lances,false,false,,true,1400,shock_cavalry,cavalry_chariots
wh3_main_tze_tzeentch,wh3_main_sc_tze_tzeentch,wh3_dlc20_chs_cav_marauder_horsemen_mtze_javelins,false,false,,true,700,missile_cavalry_javelin,missile_cavalry_chariots
wh3_main_tze_tzeentch,wh3_main_sc_tze_tzeentch,wh3_dlc20_chs_cha_chaos_sorcerer_lord_metal_mtze,true,false,,true,800,lord_wizard_metal,commander
wh3_main_tze_tzeentch,wh3_main_sc_tze_tzeentch,wh3_dlc20_chs_cha_chaos_sorcerer_lord_metal_mtze_chaos_steed,true,false,,true,1000,lord_wizard_metal,commander
wh3_main_tze_tzeentch,wh3_main_sc_tze_tzeentch,wh3_dlc20_chs_cha_chaos_sorcerer_lord_metal_mtze_disc,true,false,,true,1200,lord_wizard_metal,commander
wh3_main_tze_tzeentch,wh3_main_sc_tze_tzeentch,wh3_dlc20_chs_cha_chaos_sorcerer_lord_metal_mtze_warshrine,true,false,,true,1500,lord_wizard_metal,commander
wh3_main_tze_tzeentch,wh3_main_sc_tze_tzeentch,wh3_dlc20_chs_cha_chaos_sorcerer_lord_tzeentch_mtze,true,false,,true,800,wh3_lord_wizard_tzeentch,commander
wh3_main_tze_tzeentch,wh3_main_sc_tze_tzeentch,wh3_dlc20_chs_cha_chaos_sorcerer_lord_tzeentch_mtze_chaos_steed,true,false,,true,1000,wh3_lord_wizard_tzeentch,commander
wh3_main_tze_tzeentch,wh3_main_sc_tze_tzeentch,wh3_dlc20_chs_cha_chaos_sorcerer_lord_tzeentch_mtze_disc,true,false,,true,1200,wh3_lord_wizard_tzeentch,commander
wh3_main_tze_tzeentch,wh3_main_sc_tze_tzeentch,wh3_dlc20_chs_cha_chaos_sorcerer_lord_tzeentch_mtze_warshrine,true,false,,true,1500,wh3_lord_wizard_tzeentch,commander
wh3_main_tze_tzeentch,wh3_main_sc_tze_tzeentch,wh3_dlc20_chs_cha_chaos_sorcerer_metal_mtze,false,false,,true,500,wizard_metal,heroes_agents
wh3_main_tze_tzeentch,wh3_main_sc_tze_tzeentch,wh3_dlc20_chs_cha_chaos_sorcerer_metal_mtze_chaos_steed,false,false,,true,700,wizard_metal,heroes_agents
wh3_main_tze_tzeentch,wh3_main_sc_tze_tzeentch,wh3_dlc20_chs_cha_chaos_sorcerer_metal_mtze_disc,false,false,,true,900,wizard_metal,heroes_agents
wh3_main_tze_tzeentch,wh3_main_sc_tze_tzeentch,wh3_dlc20_chs_cha_chaos_sorcerer_metal_mtze_warshrine,false,false,,true,1400,wizard_metal,heroes_agents
wh3_main_tze_tzeentch,wh3_main_sc_tze_tzeentch,wh3_dlc20_chs_cha_chaos_sorcerer_tzeentch_mtze,false,false,,true,500,wh3_main_wizard_tzeentch,heroes_agents
wh3_main_tze_tzeentch,wh3_main_sc_tze_tzeentch,wh3_dlc20_chs_cha_chaos_sorcerer_tzeentch_mtze_chaos_steed,false,false,,true,700,wh3_main_wizard_tzeentch,heroes_agents
wh3_main_tze_tzeentch,wh3_main_sc_tze_tzeentch,wh3_dlc20_chs_cha_chaos_sorcerer_tzeentch_mtze_disc,false,false,,true,900,wh3_main_wizard_tzeentch,heroes_agents
wh3_main_tze_tzeentch,wh3_main_sc_tze_tzeentch,wh3_dlc20_chs_cha_chaos_sorcerer_tzeentch_mtze_warshrine,false,false,,true,1400,wh3_main_wizard_tzeentch,heroes_agents
wh3_main_tze_tzeentch,wh3_main_sc_tze_tzeentch,wh3_dlc20_chs_cha_daemon_prince_mtze,true,false,,true,1900,lord_wizard_mixed,commander
wh3_main_tze_tzeentch,wh3_main_sc_tze_tzeentch,wh3_dlc20_chs_inf_aspiring_champions_mtze_ror,false,false,,true,1500,infantry_spear_halberd,infantry
wh3_main_tze_tzeentch,wh3_main_sc_tze_tzeentch,wh3_dlc20_chs_inf_chaos_marauders_mtze,false,false,,true,425,infantry_axe,infantry
wh3_main_tze_tzeentch,wh3_main_sc_tze_tzeentch,wh3_dlc20_chs_inf_chaos_marauders_mtze_spears,false,false,,true,475,infantry_spear,infantry
wh3_main_tze_tzeentch,wh3_main_sc_tze_tzeentch,wh3_dlc20_chs_inf_chaos_warriors_mtze,false,false,,true,800,infantry_sword,infantry
wh3_main_tze_tzeentch,wh3_main_sc_tze_tzeentch,wh3_dlc20_chs_inf_chaos_warriors_mtze_halberds,false,false,,true,900,infantry_spear_halberd,infantry
wh3_main_tze_tzeentch,wh3_main_sc_tze_tzeentch,wh3_dlc20_chs_inf_chosen_mtze,false,false,,true,1350,infantry_sword,infantry
wh3_main_tze_tzeentch,wh3_main_sc_tze_tzeentch,wh3_dlc20_chs_inf_chosen_mtze_halberds,false,false,,true,1500,infantry_spear_halberd,infantry
wh3_main_tze_tzeentch,wh3_main_sc_tze_tzeentch,wh3_dlc20_chs_mon_warshrine_mtze,false,false,,true,1300,chaos_warshrine,monster_beasts
wh3_main_tze_tzeentch,wh3_main_sc_tze_tzeentch,wh3_dlc20_tze_cha_cultist_mtze_warshrine,false,false,,true,1400,wh3_main_tze_cultist,heroes_agents
wh3_main_tze_tzeentch,wh3_main_sc_tze_tzeentch,wh3_dlc20_tze_cha_vilitch,true,false,,true,900,wh3_lord_wizard_tzeentch,commander
wh3_main_tze_tzeentch,wh3_main_sc_tze_tzeentch,wh3_dlc24_chs_cha_chaos_lord_mtze,true,false,,true,1150,lord,commander
wh3_main_tze_tzeentch,wh3_main_sc_tze_tzeentch,wh3_dlc24_chs_cha_chaos_lord_mtze_chaos_chariot,true,false,,true,1450,lord,commander
wh3_main_tze_tzeentch,wh3_main_sc_tze_tzeentch,wh3_dlc24_chs_cha_chaos_lord_mtze_chaos_steed,true,false,,true,1350,lord,commander
wh3_main_tze_tzeentch,wh3_main_sc_tze_tzeentch,wh3_dlc24_chs_cha_chaos_lord_mtze_disc,true,false,,true,1550,lord,commander
wh3_main_tze_tzeentch,wh3_main_sc_tze_tzeentch,wh3_dlc24_chs_cha_exalted_hero_mtze,false,false,,true,925,chs_exalted_hero,heroes_agents
wh3_main_tze_tzeentch,wh3_main_sc_tze_tzeentch,wh3_dlc24_chs_cha_exalted_hero_mtze_chaos_chariot,false,false,,true,1225,chs_exalted_hero,heroes_agents
wh3_main_tze_tzeentch,wh3_main_sc_tze_tzeentch,wh3_dlc24_chs_cha_exalted_hero_mtze_chaos_steed,false,false,,true,1125,chs_exalted_hero,heroes_agents
wh3_main_tze_tzeentch,wh3_main_sc_tze_tzeentch,wh3_dlc24_chs_cha_exalted_hero_mtze_disc,false,false,,true,1325,chs_exalted_hero,heroes_agents
wh3_main_tze_tzeentch,wh3_main_sc_tze_tzeentch,wh3_dlc24_tze_cha_aekold_helbrass,false,false,,true,1350,wh3_dlc24_tze_cha_aekold_helbrass,heroes_agents
wh3_main_tze_tzeentch,wh3_main_sc_tze_tzeentch,wh3_dlc24_tze_cha_blue_scribes,false,false,,true,-700,wh3_main_wizard_tzeentch,heroes_agents
wh3_main_tze_tzeentch,wh3_main_sc_tze_tzeentch,wh3_dlc24_tze_cha_changeling,true,false,,true,0,wh3_lord_wizard_tzeentch,commander
wh3_main_tze_tzeentch,wh3_main_sc_tze_tzeentch,wh3_dlc24_tze_inf_centigors_great_weapons,false,false,,true,1200,wh_dlc03_bst_centigor_great_weapon,cavalry_chariots
wh3_main_tze_tzeentch,wh3_main_sc_tze_tzeentch,wh3_dlc24_tze_inf_pink_horrors_ror,false,false,,true,950,wh3_main_tze_pink_horror,missile_infantry
wh3_main_tze_tzeentch,wh3_main_sc_tze_tzeentch,wh3_dlc24_tze_inf_tzaangors,false,false,,true,650,infantry_axe,infantry
wh3_main_tze_tzeentch,wh3_main_sc_tze_tzeentch,wh3_dlc24_tze_mon_cockatrice,false,false,,true,1050,wh3_dlc24_cockatrice,monster_beasts
wh3_main_tze_tzeentch,wh3_main_sc_tze_tzeentch,wh3_dlc24_tze_mon_flamers_changebringers,false,false,,true,1500,wh3_dlc24_tze_changebringers,missile_cavalry_chariots
wh3_main_tze_tzeentch,wh3_main_sc_tze_tzeentch,wh3_dlc24_tze_mon_mutalith_vortex_beast,false,false,,true,2000,wh3_dlc24_mon_mutalith_vortex_beast,monster_beasts
wh3_main_tze_tzeentch,wh3_main_sc_tze_tzeentch,wh3_dlc24_tze_mon_mutalith_vortex_beast_ror,false,false,,true,2500,wh3_dlc24_mon_mutalith_vortex_beast,monster_beasts
wh3_main_tze_tzeentch,wh3_main_sc_tze_tzeentch,wh3_dlc24_tze_mon_screamers_ror,false,false,,true,1000,wh3_main_tze_screamer,monster_beasts
wh3_main_tze_tzeentch,wh3_main_sc_tze_tzeentch,wh3_dlc27_nor_cav_chaos_chariot_ror,false,false,,true,1000,chariot,cavalry_chariots
wh3_main_tze_tzeentch,wh3_main_sc_tze_tzeentch,wh3_main_tze_cav_chaos_knights_0,false,false,,true,1400,cavalry,cavalry_chariots
wh3_main_tze_tzeentch,wh3_main_sc_tze_tzeentch,wh3_main_tze_cav_doom_knights_0,false,false,,true,1500,cavalry_disc,cavalry_chariots
wh3_main_tze_tzeentch,wh3_main_sc_tze_tzeentch,wh3_main_tze_cha_cultist_0,false,false,,true,400,wh3_main_tze_cultist,heroes_agents
wh3_main_tze_tzeentch,wh3_main_sc_tze_tzeentch,wh3_main_tze_cha_cultist_1,false,false,,true,600,wh3_main_tze_cultist,heroes_agents
wh3_main_tze_tzeentch,wh3_main_sc_tze_tzeentch,wh3_main_tze_cha_exalted_lord_of_change_metal_0,true,false,,true,1900,lord_wizard_metal,commander
wh3_main_tze_tzeentch,wh3_main_sc_tze_tzeentch,wh3_main_tze_cha_exalted_lord_of_change_tzeentch_0,true,false,,true,1900,wh3_lord_wizard_tzeentch,commander
wh3_main_tze_tzeentch,wh3_main_sc_tze_tzeentch,wh3_main_tze_cha_herald_of_tzeentch_metal_0,true,false,,true,800,lord_wizard_metal,commander
wh3_main_tze_tzeentch,wh3_main_sc_tze_tzeentch,wh3_main_tze_cha_herald_of_tzeentch_metal_1,true,false,,true,1200,lord_wizard_metal,commander
wh3_main_tze_tzeentch,wh3_main_sc_tze_tzeentch,wh3_main_tze_cha_herald_of_tzeentch_metal_2,true,false,,true,1400,lord_wizard_metal,commander
wh3_main_tze_tzeentch,wh3_main_sc_tze_tzeentch,wh3_main_tze_cha_herald_of_tzeentch_tzeentch_0,true,false,,true,800,wh3_lord_wizard_tzeentch,commander
wh3_main_tze_tzeentch,wh3_main_sc_tze_tzeentch,wh3_main_tze_cha_herald_of_tzeentch_tzeentch_1,true,false,,true,1200,wh3_lord_wizard_tzeentch,commander
wh3_main_tze_tzeentch,wh3_main_sc_tze_tzeentch,wh3_main_tze_cha_herald_of_tzeentch_tzeentch_2,true,false,,true,1400,wh3_lord_wizard_tzeentch,commander
wh3_main_tze_tzeentch,wh3_main_sc_tze_tzeentch,wh3_main_tze_cha_iridescent_horror_metal_0,false,false,,true,500,wizard_metal,heroes_agents
wh3_main_tze_tzeentch,wh3_main_sc_tze_tzeentch,wh3_main_tze_cha_iridescent_horror_metal_1,false,false,,true,900,wizard_metal,heroes_agents
wh3_main_tze_tzeentch,wh3_main_sc_tze_tzeentch,wh3_main_tze_cha_iridescent_horror_metal_2,false,false,,true,1100,wizard_metal,heroes_agents
wh3_main_tze_tzeentch,wh3_main_sc_tze_tzeentch,wh3_main_tze_cha_iridescent_horror_tzeentch_0,false,false,,true,500,wh3_main_wizard_tzeentch,heroes_agents
wh3_main_tze_tzeentch,wh3_main_sc_tze_tzeentch,wh3_main_tze_cha_iridescent_horror_tzeentch_1,false,false,,true,900,wh3_main_wizard_tzeentch,heroes_agents
wh3_main_tze_tzeentch,wh3_main_sc_tze_tzeentch,wh3_main_tze_cha_iridescent_horror_tzeentch_2,false,false,,true,1100,wh3_main_wizard_tzeentch,heroes_agents
wh3_main_tze_tzeentch,wh3_main_sc_tze_tzeentch,wh3_main_tze_cha_kairos_fateweaver_custom_battle_0,true,false,,true,1500,wh3_lord_wizard_tzeentch,commander
wh3_main_tze_tzeentch,wh3_main_sc_tze_tzeentch,wh3_main_tze_inf_blue_horrors_0,false,false,,true,500,wh3_main_tze_blue_horror,infantry
wh3_main_tze_tzeentch,wh3_main_sc_tze_tzeentch,wh3_main_tze_inf_chaos_furies_0,false,false,,true,650,wh_dlc05_bst_harpies,monster_beasts
wh3_main_tze_tzeentch,wh3_main_sc_tze_tzeentch,wh3_main_tze_inf_forsaken_0,false,false,,true,825,chaos_forsaken,infantry
wh3_main_tze_tzeentch,wh3_main_sc_tze_tzeentch,wh3_main_tze_inf_pink_horrors_0,false,false,,true,700,wh3_main_tze_pink_horror,missile_infantry
wh3_main_tze_tzeentch,wh3_main_sc_tze_tzeentch,wh3_main_tze_inf_pink_horrors_1,false,false,,true,1000,wh3_main_tze_pink_horror,missile_infantry
wh3_main_tze_tzeentch,wh3_main_sc_tze_tzeentch,wh3_main_tze_mon_exalted_flamers_0,false,false,,true,1300,wh3_main_tze_exalted_flamer,missile_monster_beasts
wh3_main_tze_tzeentch,wh3_main_sc_tze_tzeentch,wh3_main_tze_mon_flamers_0,false,false,,true,800,wh3_main_tze_flamer,missile_monster_beasts
wh3_main_tze_tzeentch,wh3_main_sc_tze_tzeentch,wh3_main_tze_mon_lord_of_change_0,false,false,,true,1450,wh3_main_tze_lord_of_change,monster_beasts
wh3_main_tze_tzeentch,wh3_main_sc_tze_tzeentch,wh3_main_tze_mon_screamers_0,false,false,,true,700,wh3_main_tze_screamer,monster_beasts
wh3_main_tze_tzeentch,wh3_main_sc_tze_tzeentch,wh3_main_tze_mon_soul_grinder_0,false,false,,true,1750,wh3_main_soul_grinder_missile,missile_monster_beasts
wh3_main_tze_tzeentch,wh3_main_sc_tze_tzeentch,wh3_main_tze_mon_spawn_of_tzeentch_0,false,false,,true,1050,chaos_spawn,monster_beasts
wh3_main_tze_tzeentch,wh3_main_sc_tze_tzeentch,wh3_main_tze_veh_burning_chariot_0,false,false,,true,1600,wh3_main_tze_burning_chariot,missile_cavalry_chariots
wh3_main_tze_tzeentch,wh3_main_sc_tze_tzeentch,wh3_twa06_tze_inf_pink_horrors_ror_0,false,false,,true,1250,wh3_main_tze_pink_horror,missile_infantry
wh3_main_tze_tzeentch,wh3_main_sc_tze_tzeentch,wh3_twa07_tze_cav_doom_knights_ror_0,false,false,,true,1700,cavalry_disc,cavalry_chariots
wh3_main_tze_tzeentch,wh3_main_sc_tze_tzeentch,wh3_twa08_tze_mon_lord_of_change_0_ror,false,false,,true,1800,wh3_main_tze_lord_of_change,monster_beasts
wh3_main_tze_tzeentch,wh3_main_sc_tze_tzeentch,wh3_twa10_tze_inf_blue_horrors_ror,false,false,,true,750,wh3_main_tze_blue_horror,infantry
wh3_main_tze_tzeentch,wh3_main_sc_tze_tzeentch,wh_main_chs_cha_lord_of_change_0,true,false,,true,1800,lord_wizard_metal,commander
wh3_main_tze_tzeentch,wh3_main_sc_tze_tzeentch,wh_pro04_chs_mon_chaos_spawn_ror_0,false,false,,true,1250,chaos_spawn,monster_beasts
wh_dlc03_bst_beastmen,wh_dlc03_sc_bst_beastmen,wh2_dlc17_bst_cav_tuskgor_chariot_0,false,false,,true,750,chariot,cavalry_chariots
wh_dlc03_bst_beastmen,wh_dlc03_sc_bst_beastmen,wh2_dlc17_bst_cha_beastlord_2,true,false,,true,950,lord,commander
wh_dlc03_bst_beastmen,wh_dlc03_sc_bst_beastmen,wh2_dlc17_bst_cha_bray_shaman_beasts_2,false,false,,true,700,wizard_beasts_chariot,heroes_agents
wh_dlc03_bst_beastmen,wh_dlc03_sc_bst_beastmen,wh2_dlc17_bst_cha_bray_shaman_death_2,false,false,,true,700,wizard_death_chariot,heroes_agents
wh_dlc03_bst_beastmen,wh_dlc03_sc_bst_beastmen,wh2_dlc17_bst_cha_bray_shaman_shadows_2,false,false,,true,700,wizard_shadows_chariot,heroes_agents
wh_dlc03_bst_beastmen,wh_dlc03_sc_bst_beastmen,wh2_dlc17_bst_cha_bray_shaman_wild_2,false,false,,true,700,wizard_wild_chariot,heroes_agents
wh_dlc03_bst_beastmen,wh_dlc03_sc_bst_beastmen,wh2_dlc17_bst_cha_doombull_0,true,false,,true,1250,lord,commander
wh_dlc03_bst_beastmen,wh_dlc03_sc_bst_beastmen,wh2_dlc17_bst_cha_khazrak_one_eye_2,true,false,,true,1100,lord,commander
wh_dlc03_bst_beastmen,wh_dlc03_sc_bst_beastmen,wh2_dlc17_bst_cha_taurox_the_brass_bull_0,true,false,,true,1500,lord,commander
wh_dlc03_bst_beastmen,wh_dlc03_sc_bst_beastmen,wh2_dlc17_bst_cha_wargor_0,false,false,,true,600,wh2_dlc17_bst_wargor,heroes_agents
wh_dlc03_bst_beastmen,wh_dlc03_sc_bst_beastmen,wh2_dlc17_bst_cha_wargor_1,false,false,,true,1100,wh2_dlc17_bst_wargor,heroes_agents
wh_dlc03_bst_beastmen,wh_dlc03_sc_bst_beastmen,wh2_dlc17_bst_cha_wargor_2,false,false,,true,900,wh2_dlc17_bst_wargor,heroes_agents
wh_dlc03_bst_beastmen,wh_dlc03_sc_bst_beastmen,wh2_dlc17_bst_inf_centigors_ror_1,false,false,,true,1125,wh_dlc03_bst_centigor_missile,missile_cavalry_chariots
wh_dlc03_bst_beastmen,wh_dlc03_sc_bst_beastmen,wh2_dlc17_bst_mon_ghorgon_0,false,false,,true,2000,wh2_dlc17_bst_ghorgon,monster_beasts
wh_dlc03_bst_beastmen,wh_dlc03_sc_bst_beastmen,wh2_dlc17_bst_mon_ghorgon_ror_0,false,false,,true,2550,wh2_dlc17_bst_ghorgon,monster_beasts
wh_dlc03_bst_beastmen,wh_dlc03_sc_bst_beastmen,wh2_dlc17_bst_mon_jabberslythe_0,false,false,,true,1700,wh2_dlc17_bst_jabberslythe,monster_beasts
wh_dlc03_bst_beastmen,wh_dlc03_sc_bst_beastmen,wh2_dlc17_bst_mon_jabberslythe_ror_0,false,false,,true,2100,wh2_dlc17_bst_jabberslythe,monster_beasts
wh_dlc03_bst_beastmen,wh_dlc03_sc_bst_beastmen,wh2_twa04_bst_cha_great_bray_shaman_beasts_0,true,false,,true,600,lord_wizard_beasts,commander
wh_dlc03_bst_beastmen,wh_dlc03_sc_bst_beastmen,wh2_twa04_bst_cha_great_bray_shaman_beasts_1,true,false,,true,1100,lord_wizard_beasts,commander
wh_dlc03_bst_beastmen,wh_dlc03_sc_bst_beastmen,wh2_twa04_bst_cha_great_bray_shaman_beasts_2,true,false,,true,900,lord_wizard_beasts,commander
wh_dlc03_bst_beastmen,wh_dlc03_sc_bst_beastmen,wh2_twa04_bst_cha_great_bray_shaman_death_0,true,false,,true,600,lord_wizard_death,commander
wh_dlc03_bst_beastmen,wh_dlc03_sc_bst_beastmen,wh2_twa04_bst_cha_great_bray_shaman_death_1,true,false,,true,1100,lord_wizard_death,commander
wh_dlc03_bst_beastmen,wh_dlc03_sc_bst_beastmen,wh2_twa04_bst_cha_great_bray_shaman_death_2,true,false,,true,900,lord_wizard_death,commander
wh_dlc03_bst_beastmen,wh_dlc03_sc_bst_beastmen,wh2_twa04_bst_cha_great_bray_shaman_shadows_0,true,false,,true,600,lord_wizard_shadows,commander
wh_dlc03_bst_beastmen,wh_dlc03_sc_bst_beastmen,wh2_twa04_bst_cha_great_bray_shaman_shadows_1,true,false,,true,1100,lord_wizard_shadows,commander
wh_dlc03_bst_beastmen,wh_dlc03_sc_bst_beastmen,wh2_twa04_bst_cha_great_bray_shaman_shadows_2,true,false,,true,900,lord_wizard_shadows,commander
wh_dlc03_bst_beastmen,wh_dlc03_sc_bst_beastmen,wh2_twa04_bst_cha_great_bray_shaman_wild_0,true,false,,true,600,lord_wizard_wild,commander
wh_dlc03_bst_beastmen,wh_dlc03_sc_bst_beastmen,wh2_twa04_bst_cha_great_bray_shaman_wild_1,true,false,,true,1100,lord_wizard_wild,commander
wh_dlc03_bst_beastmen,wh_dlc03_sc_bst_beastmen,wh2_twa04_bst_cha_great_bray_shaman_wild_2,true,false,,true,900,lord_wizard_wild,commander
wh_dlc03_bst_beastmen,wh_dlc03_sc_bst_beastmen,wh3_dlc24_bst_inf_centigors_great_weapons_mtze,false,false,,true,1200,wh_dlc03_bst_centigor_great_weapon,cavalry_chariots
wh_dlc03_bst_beastmen,wh_dlc03_sc_bst_beastmen,wh3_dlc24_bst_inf_tzaangors,false,false,,true,650,infantry_axe,infantry
wh_dlc03_bst_beastmen,wh_dlc03_sc_bst_beastmen,wh3_dlc24_bst_mon_cockatrice,false,false,,true,1050,wh3_dlc24_cockatrice,monster_beasts
wh_dlc03_bst_beastmen,wh_dlc03_sc_bst_beastmen,wh3_dlc24_bst_mon_incarnate_elemental_of_beasts,false,false,,true,1900,wh3_dlc24_mon_incarnate_elemental_of_beasts,monster_beasts
wh_dlc03_bst_beastmen,wh_dlc03_sc_bst_beastmen,wh3_dlc25_bst_inf_pestigors,false,false,,true,675,infantry_axe_great,infantry
wh_dlc03_bst_beastmen,wh_dlc03_sc_bst_beastmen,wh3_dlc26_bst_inf_khorngors,false,false,,true,725,infantry_spear_halberd,infantry
wh_dlc03_bst_beastmen,wh_dlc03_sc_bst_beastmen,wh3_dlc27_bst_inf_slaangors,false,false,,true,700,wh2_main_infantry_dual_swords,infantry
wh_dlc03_bst_beastmen,wh_dlc03_sc_bst_beastmen,wh3_dlc27_bst_mon_chimera,false,false,,true,1500,wh3_dlc27_nor_chimera,monster_beasts
wh_dlc03_bst_beastmen,wh_dlc03_sc_bst_beastmen,wh3_dlc27_bst_mon_chimera_ror,false,false,,true,1900,wh3_dlc27_nor_chimera,monster_beasts
wh_dlc03_bst_beastmen,wh_dlc03_sc_bst_beastmen,wh3_dlc27_bst_mon_preyton,false,false,,true,1600,wh3_dlc27_preyton,monster_beasts
wh_dlc03_bst_beastmen,wh_dlc03_sc_bst_beastmen,wh3_dlc27_bst_mon_preyton_ror,false,false,,true,1850,wh3_dlc27_preyton,monster_beasts
wh_dlc03_bst_beastmen,wh_dlc03_sc_bst_beastmen,wh3_dlc29_bst_mon_basilisk,false,false,,true,1600,wh3_dlc29_chs_basilisk,monster_beasts
wh_dlc03_bst_beastmen,wh_dlc03_sc_bst_beastmen,wh3_dlc29_bst_mon_giant_spined_chaos_beast,false,false,,true,1350,wh3_dlc29_chs_giant_spined_chaos_beast,monster_beasts
wh_dlc03_bst_beastmen,wh_dlc03_sc_bst_beastmen,wh3_dlc29_bst_mon_giant_spined_chaos_beast_ror,false,false,,true,1700,wh3_dlc29_chs_giant_spined_chaos_beast,monster_beasts
wh_dlc03_bst_beastmen,wh_dlc03_sc_bst_beastmen,wh_dlc03_bst_cav_razorgor_chariot_0,false,false,,true,1150,monstrous_chariot,cavalry_chariots
wh_dlc03_bst_beastmen,wh_dlc03_sc_bst_beastmen,wh_dlc03_bst_cha_beastlord_0,true,false,,true,650,lord,commander
wh_dlc03_bst_beastmen,wh_dlc03_sc_bst_beastmen,wh_dlc03_bst_cha_beastlord_1,true,false,,true,1150,lord,commander
wh_dlc03_bst_beastmen,wh_dlc03_sc_bst_beastmen,wh_dlc03_bst_cha_bray_shaman_beasts_0,false,false,,true,400,wizard_beasts,heroes_agents
wh_dlc03_bst_beastmen,wh_dlc03_sc_bst_beastmen,wh_dlc03_bst_cha_bray_shaman_beasts_1,false,false,,true,900,wizard_beasts_chariot,heroes_agents
wh_dlc03_bst_beastmen,wh_dlc03_sc_bst_beastmen,wh_dlc03_bst_cha_bray_shaman_death_0,false,false,,true,400,wizard_death,heroes_agents
wh_dlc03_bst_beastmen,wh_dlc03_sc_bst_beastmen,wh_dlc03_bst_cha_bray_shaman_death_1,false,false,,true,900,wizard_death_chariot,heroes_agents
wh_dlc03_bst_beastmen,wh_dlc03_sc_bst_beastmen,wh_dlc03_bst_cha_bray_shaman_shadows_0,false,false,,true,400,wizard_shadows,heroes_agents
wh_dlc03_bst_beastmen,wh_dlc03_sc_bst_beastmen,wh_dlc03_bst_cha_bray_shaman_shadows_1,false,false,,true,900,wizard_shadows_chariot,heroes_agents
wh_dlc03_bst_beastmen,wh_dlc03_sc_bst_beastmen,wh_dlc03_bst_cha_bray_shaman_wild_0,false,false,,true,400,wizard_wild,heroes_agents
wh_dlc03_bst_beastmen,wh_dlc03_sc_bst_beastmen,wh_dlc03_bst_cha_bray_shaman_wild_1,false,false,,true,900,wizard_wild_chariot,heroes_agents
wh_dlc03_bst_beastmen,wh_dlc03_sc_bst_beastmen,wh_dlc03_bst_cha_gorebull_0,false,false,,true,1050,wh_dlc03_bst_gorebull,heroes_agents
wh_dlc03_bst_beastmen,wh_dlc03_sc_bst_beastmen,wh_dlc03_bst_cha_khazrak_one_eye_0,true,false,,true,800,lord,commander
wh_dlc03_bst_beastmen,wh_dlc03_sc_bst_beastmen,wh_dlc03_bst_cha_khazrak_one_eye_1,true,false,,true,1300,lord,commander
wh_dlc03_bst_beastmen,wh_dlc03_sc_bst_beastmen,wh_dlc03_bst_cha_malagor_the_dark_omen_0,true,false,,true,1100,lord_wizard_wild,commander
wh_dlc03_bst_beastmen,wh_dlc03_sc_bst_beastmen,wh_dlc03_bst_feral_manticore,false,false,,true,800,wh2_dlc17_bst_manticore,monster_beasts
wh_dlc03_bst_beastmen,wh_dlc03_sc_bst_beastmen,wh_dlc03_bst_inf_bestigor_herd_0,false,false,,true,1050,infantry_axe_great_grn,infantry
wh_dlc03_bst_beastmen,wh_dlc03_sc_bst_beastmen,wh_dlc03_bst_inf_centigors_0,false,false,,true,800,wh_dlc03_bst_centigor,cavalry_chariots
wh_dlc03_bst_beastmen,wh_dlc03_sc_bst_beastmen,wh_dlc03_bst_inf_centigors_1,false,false,,true,825,wh_dlc03_bst_centigor_missile,missile_cavalry_chariots
wh_dlc03_bst_beastmen,wh_dlc03_sc_bst_beastmen,wh_dlc03_bst_inf_centigors_2,false,false,,true,1000,wh_dlc03_bst_centigor_great_weapon,cavalry_chariots
wh_dlc03_bst_beastmen,wh_dlc03_sc_bst_beastmen,wh_dlc03_bst_inf_chaos_warhounds_0,false,false,,true,400,war_beast,monster_beasts
wh_dlc03_bst_beastmen,wh_dlc03_sc_bst_beastmen,wh_dlc03_bst_inf_chaos_warhounds_1,false,false,,true,450,war_beast,monster_beasts
wh_dlc03_bst_beastmen,wh_dlc03_sc_bst_beastmen,wh_dlc03_bst_inf_cygor_0,false,false,,true,1550,wh_dlc03_bst_cygor,monster_beasts
wh_dlc03_bst_beastmen,wh_dlc03_sc_bst_beastmen,wh_dlc03_bst_inf_gor_herd_0,false,false,,true,625,infantry_axe,infantry
wh_dlc03_bst_beastmen,wh_dlc03_sc_bst_beastmen,wh_dlc03_bst_inf_gor_herd_1,false,false,,true,550,infantry_axe,infantry
wh_dlc03_bst_beastmen,wh_dlc03_sc_bst_beastmen,wh_dlc03_bst_inf_minotaurs_0,false,false,,true,1250,monstrous_infantry,monster_beasts
wh_dlc03_bst_beastmen,wh_dlc03_sc_bst_beastmen,wh_dlc03_bst_inf_minotaurs_1,false,false,,true,1250,monstrous_infantry,monster_beasts
wh_dlc03_bst_beastmen,wh_dlc03_sc_bst_beastmen,wh_dlc03_bst_inf_minotaurs_2,false,false,,true,1250,wh_dlc03_minotaurs_great_weapon,monster_beasts
wh_dlc03_bst_beastmen,wh_dlc03_sc_bst_beastmen,wh_dlc03_bst_inf_razorgor_herd_0,false,false,,true,600,wh_dlc03_bst_razorgor,monster_beasts
wh_dlc03_bst_beastmen,wh_dlc03_sc_bst_beastmen,wh_dlc03_bst_inf_ungor_herd_1,false,false,,true,375,infantry_axe,infantry
wh_dlc03_bst_beastmen,wh_dlc03_sc_bst_beastmen,wh_dlc03_bst_inf_ungor_raiders_0,false,false,,true,425,missile_infantry_bow_grn,missile_infantry
wh_dlc03_bst_beastmen,wh_dlc03_sc_bst_beastmen,wh_dlc03_bst_inf_ungor_spearmen_0,false,false,,true,325,infantry_spear,infantry
wh_dlc03_bst_beastmen,wh_dlc03_sc_bst_beastmen,wh_dlc03_bst_inf_ungor_spearmen_1,false,false,,true,375,infantry_spear,infantry
wh_dlc03_bst_beastmen,wh_dlc03_sc_bst_beastmen,wh_dlc03_bst_mon_chaos_spawn_0,false,false,,true,950,chaos_spawn,monster_beasts
wh_dlc03_bst_beastmen,wh_dlc03_sc_bst_beastmen,wh_dlc03_bst_mon_giant_0,false,false,,true,1400,giant,monster_beasts
wh_dlc03_bst_beastmen,wh_dlc03_sc_bst_beastmen,wh_dlc05_bst_cha_morghur_0,true,false,,true,1200,lord,commander
wh_dlc03_bst_beastmen,wh_dlc03_sc_bst_beastmen,wh_dlc05_bst_mon_harpies_0,false,false,,true,500,wh_dlc05_bst_harpies,monster_beasts
wh_dlc03_bst_beastmen,wh_dlc03_sc_bst_beastmen,wh_pro04_bst_inf_bestigor_herd_ror_0,false,false,,true,1250,infantry_spear_halberd,infantry
wh_dlc03_bst_beastmen,wh_dlc03_sc_bst_beastmen,wh_pro04_bst_inf_centigors_ror_0,false,false,,true,1250,wh_dlc03_bst_centigor_great_weapon,cavalry_chariots
wh_dlc03_bst_beastmen,wh_dlc03_sc_bst_beastmen,wh_pro04_bst_inf_cygor_ror_0,false,false,,true,1900,wh_dlc03_bst_cygor,monster_beasts
wh_dlc03_bst_beastmen,wh_dlc03_sc_bst_beastmen,wh_pro04_bst_inf_gor_herd_ror_0,false,false,,true,750,infantry_axe,infantry
wh_dlc03_bst_beastmen,wh_dlc03_sc_bst_beastmen,wh_pro04_bst_inf_minotaurs_ror_0,false,false,,true,1600,monstrous_infantry,monster_beasts
wh_dlc03_bst_beastmen,wh_dlc03_sc_bst_beastmen,wh_pro04_bst_inf_ungor_spearmen_ror_0,false,false,,true,575,infantry_spear,infantry
wh_dlc05_wef_wood_elves,wh_dlc05_sc_wef_wood_elves,wh2_dlc16_wef_cav_glade_riders_2,false,false,,true,550,shock_cavalry,cavalry_chariots
wh_dlc05_wef_wood_elves,wh_dlc05_sc_wef_wood_elves,wh2_dlc16_wef_cav_great_stag_knights_0,false,false,,true,1450,monstrous_shock_cavalry_stags,cavalry_chariots
wh_dlc05_wef_wood_elves,wh_dlc05_sc_wef_wood_elves,wh2_dlc16_wef_cav_great_stag_knights_ror_0,false,false,,true,1850,monstrous_shock_cavalry_stags,cavalry_chariots
wh_dlc05_wef_wood_elves,wh_dlc05_sc_wef_wood_elves,wh2_dlc16_wef_cha_ancient_treeman_coeddil_0,false,false,mp_cap_group_extended_roster,false,1800,wh2_dlc12_wizard_lord_kroak,heroes_agents
wh_dlc05_wef_wood_elves,wh_dlc05_sc_wef_wood_elves,wh2_dlc16_wef_cha_ariel_0,false,false,,true,1150,wh2_dlc12_wizard_lord_kroak,heroes_agents
wh_dlc05_wef_wood_elves,wh_dlc05_sc_wef_wood_elves,wh2_dlc16_wef_cha_drycha_0,true,false,,true,1000,wizard_shadows,heroes_agents
wh_dlc05_wef_wood_elves,wh_dlc05_sc_wef_wood_elves,wh2_dlc16_wef_cha_female_glade_lord_4,true,false,,true,1200,lord,commander
wh_dlc05_wef_wood_elves,wh_dlc05_sc_wef_wood_elves,wh2_dlc16_wef_cha_glade_lord_4,true,false,,true,1200,lord,commander
wh_dlc05_wef_wood_elves,wh_dlc05_sc_wef_wood_elves,wh2_dlc16_wef_cha_malicious_ancient_treeman_beasts_0,false,true,mp_cap_group_extended_roster,false,1350,lord_wizard_beasts,commander
wh_dlc05_wef_wood_elves,wh_dlc05_sc_wef_wood_elves,wh2_dlc16_wef_cha_malicious_ancient_treeman_life_0,false,true,mp_cap_group_extended_roster,false,1350,lord_wizard_life,commander
wh_dlc05_wef_wood_elves,wh_dlc05_sc_wef_wood_elves,wh2_dlc16_wef_cha_malicious_ancient_treeman_shadows_0,false,true,mp_cap_group_extended_roster,false,1350,lord_wizard_shadows,commander
wh_dlc05_wef_wood_elves,wh_dlc05_sc_wef_wood_elves,wh2_dlc16_wef_cha_malicious_branchwraith_beasts_0,false,true,mp_cap_group_extended_roster,false,450,wizard_beasts,heroes_agents
wh_dlc05_wef_wood_elves,wh_dlc05_sc_wef_wood_elves,wh2_dlc16_wef_cha_malicious_branchwraith_life_0,false,true,mp_cap_group_extended_roster,false,450,wizard_life,heroes_agents
wh_dlc05_wef_wood_elves,wh_dlc05_sc_wef_wood_elves,wh2_dlc16_wef_cha_malicious_branchwraith_shadows_0,false,true,mp_cap_group_extended_roster,false,450,wizard_shadows,heroes_agents
wh_dlc05_wef_wood_elves,wh_dlc05_sc_wef_wood_elves,wh2_dlc16_wef_cha_sisters_of_twilight_0,true,false,,true,1650,lord,commander
wh_dlc05_wef_wood_elves,wh_dlc05_sc_wef_wood_elves,wh2_dlc16_wef_cha_sisters_of_twilight_1,true,false,,true,2450,lord,commander
wh_dlc05_wef_wood_elves,wh_dlc05_sc_wef_wood_elves,wh2_dlc16_wef_cha_spellweaver_beasts_0,true,false,,true,400,lord_wizard_beasts,commander
wh_dlc05_wef_wood_elves,wh_dlc05_sc_wef_wood_elves,wh2_dlc16_wef_cha_spellweaver_beasts_1,true,false,,true,600,lord_wizard_beasts,commander
wh_dlc05_wef_wood_elves,wh_dlc05_sc_wef_wood_elves,wh2_dlc16_wef_cha_spellweaver_beasts_2,true,false,,true,700,lord_wizard_beasts,commander
wh_dlc05_wef_wood_elves,wh_dlc05_sc_wef_wood_elves,wh2_dlc16_wef_cha_spellweaver_beasts_3,true,false,,true,950,lord_wizard_beasts,commander
wh_dlc05_wef_wood_elves,wh_dlc05_sc_wef_wood_elves,wh2_dlc16_wef_cha_spellweaver_dark_0,true,false,,true,400,wh2_main_lord_wizard_dark,commander
wh_dlc05_wef_wood_elves,wh_dlc05_sc_wef_wood_elves,wh2_dlc16_wef_cha_spellweaver_dark_1,true,false,,true,600,wh2_main_lord_wizard_dark,commander
wh_dlc05_wef_wood_elves,wh_dlc05_sc_wef_wood_elves,wh2_dlc16_wef_cha_spellweaver_dark_2,true,false,,true,700,wh2_main_lord_wizard_dark,commander
wh_dlc05_wef_wood_elves,wh_dlc05_sc_wef_wood_elves,wh2_dlc16_wef_cha_spellweaver_dark_3,true,false,,true,950,wh2_main_lord_wizard_dark,commander
wh_dlc05_wef_wood_elves,wh_dlc05_sc_wef_wood_elves,wh2_dlc16_wef_cha_spellweaver_high_0,true,false,,true,400,wh2_main_lord_wizard_high,commander
wh_dlc05_wef_wood_elves,wh_dlc05_sc_wef_wood_elves,wh2_dlc16_wef_cha_spellweaver_high_1,true,false,,true,600,wh2_main_lord_wizard_high,commander
wh_dlc05_wef_wood_elves,wh_dlc05_sc_wef_wood_elves,wh2_dlc16_wef_cha_spellweaver_high_2,true,false,,true,700,wh2_main_lord_wizard_high,commander
wh_dlc05_wef_wood_elves,wh_dlc05_sc_wef_wood_elves,wh2_dlc16_wef_cha_spellweaver_high_3,true,false,,true,950,wh2_main_lord_wizard_high,commander
wh_dlc05_wef_wood_elves,wh_dlc05_sc_wef_wood_elves,wh2_dlc16_wef_cha_spellweaver_life_0,true,false,,true,400,lord_wizard_life,commander
wh_dlc05_wef_wood_elves,wh_dlc05_sc_wef_wood_elves,wh2_dlc16_wef_cha_spellweaver_life_1,true,false,,true,600,lord_wizard_life,commander
wh_dlc05_wef_wood_elves,wh_dlc05_sc_wef_wood_elves,wh2_dlc16_wef_cha_spellweaver_life_2,true,false,,true,700,lord_wizard_life,commander
wh_dlc05_wef_wood_elves,wh_dlc05_sc_wef_wood_elves,wh2_dlc16_wef_cha_spellweaver_life_3,true,false,,true,950,lord_wizard_life,commander
wh_dlc05_wef_wood_elves,wh_dlc05_sc_wef_wood_elves,wh2_dlc16_wef_cha_spellweaver_shadows_0,true,false,,true,400,lord_wizard_shadows,commander
wh_dlc05_wef_wood_elves,wh_dlc05_sc_wef_wood_elves,wh2_dlc16_wef_cha_spellweaver_shadows_1,true,false,,true,600,lord_wizard_shadows,commander
wh_dlc05_wef_wood_elves,wh_dlc05_sc_wef_wood_elves,wh2_dlc16_wef_cha_spellweaver_shadows_2,true,false,,true,700,lord_wizard_shadows,commander
wh_dlc05_wef_wood_elves,wh_dlc05_sc_wef_wood_elves,wh2_dlc16_wef_cha_spellweaver_shadows_3,true,false,,true,950,lord_wizard_shadows,commander
wh_dlc05_wef_wood_elves,wh_dlc05_sc_wef_wood_elves,wh2_dlc16_wef_inf_bladesingers_0,false,false,,true,1200,wh2_main_infantry_dual_swords,infantry
wh_dlc05_wef_wood_elves,wh_dlc05_sc_wef_wood_elves,wh2_dlc16_wef_inf_dryads_ror_0,false,false,,true,825,wh_dlc05_wef_dryad,infantry
wh_dlc05_wef_wood_elves,wh_dlc05_sc_wef_wood_elves,wh2_dlc16_wef_inf_malicious_dryads_0,false,true,mp_cap_group_extended_roster,false,600,wh_dlc05_wef_dryad,infantry
wh_dlc05_wef_wood_elves,wh_dlc05_sc_wef_wood_elves,wh2_dlc16_wef_mon_cave_bats,false,true,mp_cap_group_extended_roster,false,350,vmp_fell_bats,monster_beasts
wh_dlc05_wef_wood_elves,wh_dlc05_sc_wef_wood_elves,wh2_dlc16_wef_mon_ceithin_har_summoned,false,true,mp_cap_group_extended_roster,false,1600,dragon,monster_beasts
wh_dlc05_wef_wood_elves,wh_dlc05_sc_wef_wood_elves,wh2_dlc16_wef_mon_feral_manticore,false,true,mp_cap_group_extended_roster,false,800,wh2_dlc17_bst_manticore,monster_beasts
wh_dlc05_wef_wood_elves,wh_dlc05_sc_wef_wood_elves,wh2_dlc16_wef_mon_giant_spiders_0,false,true,mp_cap_group_extended_roster,false,550,grn_spider_hatchling,monster_beasts
wh_dlc05_wef_wood_elves,wh_dlc05_sc_wef_wood_elves,wh2_dlc16_wef_mon_gwindalor_summoned,false,true,mp_cap_group_extended_roster,false,800,wh_dlc05_wef_great_eagle,monster_beasts
wh_dlc05_wef_wood_elves,wh_dlc05_sc_wef_wood_elves,wh2_dlc16_wef_mon_hawks_0,false,true,mp_cap_group_extended_roster,false,800,wh2_dlc16_wef_hawks,monster_beasts
wh_dlc05_wef_wood_elves,wh_dlc05_sc_wef_wood_elves,wh2_dlc16_wef_mon_malicious_treekin_0,false,true,mp_cap_group_extended_roster,false,950,monstrous_infantry,monster_beasts
wh_dlc05_wef_wood_elves,wh_dlc05_sc_wef_wood_elves,wh2_dlc16_wef_mon_malicious_treeman_0,false,true,mp_cap_group_extended_roster,false,1550,wh_dlc05_wef_treeman,monster_beasts
wh_dlc05_wef_wood_elves,wh_dlc05_sc_wef_wood_elves,wh2_dlc16_wef_mon_wolves_0,false,true,mp_cap_group_extended_roster,false,650,war_beast,monster_beasts
wh_dlc05_wef_wood_elves,wh_dlc05_sc_wef_wood_elves,wh2_dlc16_wef_mon_zoats,false,false,,true,1500,wef_zoats,monster_beasts
wh_dlc05_wef_wood_elves,wh_dlc05_sc_wef_wood_elves,wh2_dlc16_wef_mon_zoats_ror_0,false,false,,true,1900,wef_zoats,monster_beasts
wh_dlc05_wef_wood_elves,wh_dlc05_sc_wef_wood_elves,wh2_twa02_wef_cha_glade_captain_0,false,false,,true,650,wh2_twa02_wef_glade_captain,heroes_agents
wh_dlc05_wef_wood_elves,wh_dlc05_sc_wef_wood_elves,wh2_twa02_wef_cha_glade_captain_1,false,false,,true,850,wh2_twa02_wef_glade_captain,heroes_agents
wh_dlc05_wef_wood_elves,wh_dlc05_sc_wef_wood_elves,wh2_twa02_wef_cha_glade_captain_2,false,false,,true,1200,wh2_twa02_wef_glade_captain,heroes_agents
wh_dlc05_wef_wood_elves,wh_dlc05_sc_wef_wood_elves,wh2_twa02_wef_cha_glade_captain_3,false,false,,true,1000,wh2_twa02_wef_glade_captain,heroes_agents
wh_dlc05_wef_wood_elves,wh_dlc05_sc_wef_wood_elves,wh3_main_monster_feral_bears,false,true,mp_cap_group_extended_roster,false,850,wh3_main_monster_feral_bear,monster_beasts
wh_dlc05_wef_wood_elves,wh_dlc05_sc_wef_wood_elves,wh_dlc05_wef_cav_glade_riders_0,false,false,,true,600,missile_cavalry_bow,missile_cavalry_chariots
wh_dlc05_wef_wood_elves,wh_dlc05_sc_wef_wood_elves,wh_dlc05_wef_cav_glade_riders_1,false,false,,true,700,missile_cavalry_bow,missile_cavalry_chariots
wh_dlc05_wef_wood_elves,wh_dlc05_sc_wef_wood_elves,wh_dlc05_wef_cav_hawk_riders_0,false,false,,true,1000,wh_dlc05_wef_hawk_riders,missile_cavalry_chariots
wh_dlc05_wef_wood_elves,wh_dlc05_sc_wef_wood_elves,wh_dlc05_wef_cav_sisters_thorn_0,false,false,,true,1200,wh_dlc05_wef_sisters_thorn,missile_cavalry_chariots
wh_dlc05_wef_wood_elves,wh_dlc05_sc_wef_wood_elves,wh_dlc05_wef_cav_wild_riders_0,false,false,,true,1000,wh_dlc05_wef_wild_riders,cavalry_chariots
wh_dlc05_wef_wood_elves,wh_dlc05_sc_wef_wood_elves,wh_dlc05_wef_cav_wild_riders_1,false,false,,true,1100,wh_dlc05_wef_wild_riders,cavalry_chariots
wh_dlc05_wef_wood_elves,wh_dlc05_sc_wef_wood_elves,wh_dlc05_wef_cha_ancient_treeman_0,true,false,,true,1300,lord_wizard_life,commander
wh_dlc05_wef_wood_elves,wh_dlc05_sc_wef_wood_elves,wh_dlc05_wef_cha_branchwraith_0,false,false,,true,450,wizard_shadows,heroes_agents
wh_dlc05_wef_wood_elves,wh_dlc05_sc_wef_wood_elves,wh_dlc05_wef_cha_durthu_0,true,false,,true,2000,lord_wizard_beasts,commander
wh_dlc05_wef_wood_elves,wh_dlc05_sc_wef_wood_elves,wh_dlc05_wef_cha_female_glade_lord_0,true,false,,true,850,lord,commander
wh_dlc05_wef_wood_elves,wh_dlc05_sc_wef_wood_elves,wh_dlc05_wef_cha_female_glade_lord_1,true,false,,true,1050,lord,commander
wh_dlc05_wef_wood_elves,wh_dlc05_sc_wef_wood_elves,wh_dlc05_wef_cha_female_glade_lord_2,true,false,,true,1400,lord,commander
wh_dlc05_wef_wood_elves,wh_dlc05_sc_wef_wood_elves,wh_dlc05_wef_cha_female_glade_lord_3,true,false,,true,2000,lord,commander
wh_dlc05_wef_wood_elves,wh_dlc05_sc_wef_wood_elves,wh_dlc05_wef_cha_glade_lord_0,true,false,,true,850,lord,commander
wh_dlc05_wef_wood_elves,wh_dlc05_sc_wef_wood_elves,wh_dlc05_wef_cha_glade_lord_1,true,false,,true,1050,lord,commander
wh_dlc05_wef_wood_elves,wh_dlc05_sc_wef_wood_elves,wh_dlc05_wef_cha_glade_lord_2,true,false,,true,1400,lord,commander
wh_dlc05_wef_wood_elves,wh_dlc05_sc_wef_wood_elves,wh_dlc05_wef_cha_glade_lord_3,true,false,,true,2000,lord,commander
wh_dlc05_wef_wood_elves,wh_dlc05_sc_wef_wood_elves,wh_dlc05_wef_cha_orion_0,true,false,,true,1600,lord,commander
wh_dlc05_wef_wood_elves,wh_dlc05_sc_wef_wood_elves,wh_dlc05_wef_cha_spellsinger_beasts_0,false,false,,true,300,wizard_beasts,heroes_agents
wh_dlc05_wef_wood_elves,wh_dlc05_sc_wef_wood_elves,wh_dlc05_wef_cha_spellsinger_beasts_1,false,false,,true,500,wizard_beasts_cavalry,heroes_agents
wh_dlc05_wef_wood_elves,wh_dlc05_sc_wef_wood_elves,wh_dlc05_wef_cha_spellsinger_beasts_2,false,false,,true,850,wizard_beasts_flying_monster,heroes_agents
wh_dlc05_wef_wood_elves,wh_dlc05_sc_wef_wood_elves,wh_dlc05_wef_cha_spellsinger_beasts_3,false,false,,true,600,wizard_beasts_cavalry,heroes_agents
wh_dlc05_wef_wood_elves,wh_dlc05_sc_wef_wood_elves,wh_dlc05_wef_cha_spellsinger_life_0,false,false,,true,300,wizard_life,heroes_agents
wh_dlc05_wef_wood_elves,wh_dlc05_sc_wef_wood_elves,wh_dlc05_wef_cha_spellsinger_life_1,false,false,,true,500,wizard_life_cavalry,heroes_agents
wh_dlc05_wef_wood_elves,wh_dlc05_sc_wef_wood_elves,wh_dlc05_wef_cha_spellsinger_life_2,false,false,,true,850,wizard_life_flying_monster,heroes_agents
wh_dlc05_wef_wood_elves,wh_dlc05_sc_wef_wood_elves,wh_dlc05_wef_cha_spellsinger_life_3,false,false,,true,600,wizard_life_cavalry,heroes_agents
wh_dlc05_wef_wood_elves,wh_dlc05_sc_wef_wood_elves,wh_dlc05_wef_cha_spellsinger_shadows_0,false,false,,true,300,wizard_shadows,heroes_agents
wh_dlc05_wef_wood_elves,wh_dlc05_sc_wef_wood_elves,wh_dlc05_wef_cha_spellsinger_shadows_1,false,false,,true,500,wizard_shadows_cavalry,heroes_agents
wh_dlc05_wef_wood_elves,wh_dlc05_sc_wef_wood_elves,wh_dlc05_wef_cha_spellsinger_shadows_2,false,false,,true,850,wizard_shadows_flying_monster,heroes_agents
wh_dlc05_wef_wood_elves,wh_dlc05_sc_wef_wood_elves,wh_dlc05_wef_cha_spellsinger_shadows_3,false,false,,true,600,wizard_shadows_cavalry,heroes_agents
wh_dlc05_wef_wood_elves,wh_dlc05_sc_wef_wood_elves,wh_dlc05_wef_cha_waystalker_0,false,false,,true,600,wh_dlc05_wef_waystalker,heroes_agents
wh_dlc05_wef_wood_elves,wh_dlc05_sc_wef_wood_elves,wh_dlc05_wef_forest_dragon_0,false,false,,true,1600,dragon,monster_beasts
wh_dlc05_wef_wood_elves,wh_dlc05_sc_wef_wood_elves,wh_dlc05_wef_inf_deepwood_scouts_0,false,false,,true,700,missile_infantry_bow,missile_infantry
wh_dlc05_wef_wood_elves,wh_dlc05_sc_wef_wood_elves,wh_dlc05_wef_inf_deepwood_scouts_1,false,false,,true,875,missile_infantry_bow,missile_infantry
wh_dlc05_wef_wood_elves,wh_dlc05_sc_wef_wood_elves,wh_dlc05_wef_inf_dryads_0,false,false,,true,550,wh_dlc05_wef_dryad,infantry
wh_dlc05_wef_wood_elves,wh_dlc05_sc_wef_wood_elves,wh_dlc05_wef_inf_eternal_guard_0,false,false,,true,475,infantry_spear,infantry
wh_dlc05_wef_wood_elves,wh_dlc05_sc_wef_wood_elves,wh_dlc05_wef_inf_eternal_guard_1,false,false,,true,550,infantry_spear,infantry
wh_dlc05_wef_wood_elves,wh_dlc05_sc_wef_wood_elves,wh_dlc05_wef_inf_glade_guard_0,false,false,,true,500,missile_infantry_bow,missile_infantry
wh_dlc05_wef_wood_elves,wh_dlc05_sc_wef_wood_elves,wh_dlc05_wef_inf_glade_guard_1,false,false,,true,650,missile_infantry_bow,missile_infantry
wh_dlc05_wef_wood_elves,wh_dlc05_sc_wef_wood_elves,wh_dlc05_wef_inf_glade_guard_2,false,false,,true,600,missile_infantry_bow,missile_infantry
wh_dlc05_wef_wood_elves,wh_dlc05_sc_wef_wood_elves,wh_dlc05_wef_inf_wardancers_0,false,false,,true,750,wh2_main_infantry_dual_swords,infantry
wh_dlc05_wef_wood_elves,wh_dlc05_sc_wef_wood_elves,wh_dlc05_wef_inf_wardancers_1,false,false,,true,850,infantry_spear,infantry
wh_dlc05_wef_wood_elves,wh_dlc05_sc_wef_wood_elves,wh_dlc05_wef_inf_waywatchers_0,false,false,,true,1150,missile_infantry_bow,missile_infantry
wh_dlc05_wef_wood_elves,wh_dlc05_sc_wef_wood_elves,wh_dlc05_wef_inf_wildwood_rangers_0,false,false,,true,900,wh_dlc05_wef_glaive_infantry,infantry
wh_dlc05_wef_wood_elves,wh_dlc05_sc_wef_wood_elves,wh_dlc05_wef_mon_great_eagle_0,false,false,,true,750,wh_dlc05_wef_great_eagle,monster_beasts
wh_dlc05_wef_wood_elves,wh_dlc05_sc_wef_wood_elves,wh_dlc05_wef_mon_treekin_0,false,false,,true,900,wh3_dlc26_monstrous_infantry_magical,monster_beasts
wh_dlc05_wef_wood_elves,wh_dlc05_sc_wef_wood_elves,wh_dlc05_wef_mon_treeman_0,false,false,,true,1500,wh_dlc05_wef_treeman,monster_beasts
wh_dlc05_wef_wood_elves,wh_dlc05_sc_wef_wood_elves,wh_pro04_wef_cav_wild_riders_ror_0,false,false,,true,1550,wh_dlc05_wef_wild_riders,cavalry_chariots
wh_dlc05_wef_wood_elves,wh_dlc05_sc_wef_wood_elves,wh_pro04_wef_inf_eternal_guard_ror_0,false,false,,true,800,infantry_spear,infantry
wh_dlc05_wef_wood_elves,wh_dlc05_sc_wef_wood_elves,wh_pro04_wef_inf_wardancers_ror_0,false,false,,true,1150,infantry_spear,infantry
wh_dlc05_wef_wood_elves,wh_dlc05_sc_wef_wood_elves,wh_pro04_wef_inf_waywatchers_ror_0,false,false,,true,1450,missile_infantry_bow,missile_infantry
wh_dlc05_wef_wood_elves,wh_dlc05_sc_wef_wood_elves,wh_pro04_wef_inf_wildwood_rangers_ror_0,false,false,,true,1200,infantry_spear,infantry
wh_dlc05_wef_wood_elves,wh_dlc05_sc_wef_wood_elves,wh_pro04_wef_mon_treekin_ror_0,false,false,,true,1100,wh3_dlc26_monstrous_infantry_magical,monster_beasts
wh_dlc08_nor_norsca,wh_dlc08_sc_nor_norsca,wh3_dlc26_kho_cha_scyla_anfingrimm,false,false,,true,1225,kho_scyla_anfingrimm,heroes_agents
wh_dlc08_nor_norsca,wh_dlc08_sc_nor_norsca,wh3_dlc27_nor_cav_chaos_chariot_ror,false,false,,true,1000,chariot,cavalry_chariots
wh_dlc08_nor_norsca,wh_dlc08_sc_nor_norsca,wh3_dlc27_nor_cav_kurgan_horsemen_dualweapons,false,false,,true,700,cavalry_axe,cavalry_chariots
wh_dlc08_nor_norsca,wh_dlc08_sc_nor_norsca,wh3_dlc27_nor_cav_kurgan_horsemen_greatweapons,false,false,,true,750,cavalry_axe,cavalry_chariots
wh_dlc08_nor_norsca,wh_dlc08_sc_nor_norsca,wh3_dlc27_nor_cav_marauder_horsemen_ror,false,false,,true,850,missile_cavalry_javelin,missile_cavalry_chariots
wh_dlc08_nor_norsca,wh_dlc08_sc_nor_norsca,wh3_dlc27_nor_cha_beorg_bearstruck,false,false,,true,1300,wh3_dlc27_nor_beorg,heroes_agents
wh_dlc08_nor_norsca,wh_dlc08_sc_nor_norsca,wh3_dlc27_nor_cha_fimir_noble,false,false,,true,900,wh3_dlc27_nor_fimir_noble,heroes_agents
wh_dlc08_nor_norsca,wh_dlc08_sc_nor_norsca,wh3_dlc27_nor_cha_great_shaman_sorcerer_death,true,false,,true,400,wizard_death,heroes_agents
wh_dlc08_nor_norsca,wh_dlc08_sc_nor_norsca,wh3_dlc27_nor_cha_great_shaman_sorcerer_death_chariot,true,false,,true,900,wizard_death_chariot,heroes_agents
wh_dlc08_nor_norsca,wh_dlc08_sc_nor_norsca,wh3_dlc27_nor_cha_great_shaman_sorcerer_death_mammoth,true,false,,true,2250,wizard_death_cavalry,heroes_agents
wh_dlc08_nor_norsca,wh_dlc08_sc_nor_norsca,wh3_dlc27_nor_cha_great_shaman_sorcerer_death_warhorse,true,false,,true,600,wizard_death_cavalry,heroes_agents
wh_dlc08_nor_norsca,wh_dlc08_sc_nor_norsca,wh3_dlc27_nor_cha_great_shaman_sorcerer_fire,true,false,,true,400,wizard_fire,heroes_agents
wh_dlc08_nor_norsca,wh_dlc08_sc_nor_norsca,wh3_dlc27_nor_cha_great_shaman_sorcerer_fire_chariot,true,false,,true,900,wizard_fire_chariot,heroes_agents
wh_dlc08_nor_norsca,wh_dlc08_sc_nor_norsca,wh3_dlc27_nor_cha_great_shaman_sorcerer_fire_mammoth,true,false,,true,2250,wizard_fire_cavalry,heroes_agents
wh_dlc08_nor_norsca,wh_dlc08_sc_nor_norsca,wh3_dlc27_nor_cha_great_shaman_sorcerer_fire_warhorse,true,false,,true,600,wizard_fire_cavalry,heroes_agents
wh_dlc08_nor_norsca,wh_dlc08_sc_nor_norsca,wh3_dlc27_nor_cha_great_shaman_sorcerer_metal,true,false,,true,400,wizard_metal,heroes_agents
wh_dlc08_nor_norsca,wh_dlc08_sc_nor_norsca,wh3_dlc27_nor_cha_great_shaman_sorcerer_metal_chariot,true,false,,true,900,wizard_metal_chariot,heroes_agents
wh_dlc08_nor_norsca,wh_dlc08_sc_nor_norsca,wh3_dlc27_nor_cha_great_shaman_sorcerer_metal_mammoth,true,false,,true,2250,wizard_metal_cavalry,heroes_agents
wh_dlc08_nor_norsca,wh_dlc08_sc_nor_norsca,wh3_dlc27_nor_cha_great_shaman_sorcerer_metal_warhorse,true,false,,true,600,wizard_metal_cavalry,heroes_agents
wh_dlc08_nor_norsca,wh_dlc08_sc_nor_norsca,wh3_dlc27_nor_cha_sayl_the_faithless,true,false,,true,450,lord_wizard_shadows,commander
wh_dlc08_nor_norsca,wh_dlc08_sc_nor_norsca,wh3_dlc27_nor_cha_sayl_the_faithless_chariot,true,false,,true,900,lord_wizard_shadows,commander
wh_dlc08_nor_norsca,wh_dlc08_sc_nor_norsca,wh3_dlc27_nor_cha_sayl_the_faithless_mammoth,true,false,,true,2300,lord_wizard_shadows,commander
wh_dlc08_nor_norsca,wh_dlc08_sc_nor_norsca,wh3_dlc27_nor_cha_sayl_the_faithless_warhorse,true,false,,true,650,lord_wizard_shadows,commander
wh_dlc08_nor_norsca,wh_dlc08_sc_nor_norsca,wh3_dlc27_nor_inf_chaos_marauders_great_weapons_ror,false,false,,true,650,infantry_axe_great,infantry
wh_dlc08_nor_norsca,wh_dlc08_sc_nor_norsca,wh3_dlc27_nor_inf_marauder_bearmen,false,false,,true,575,infantry_axe,infantry
wh_dlc08_nor_norsca,wh_dlc08_sc_nor_norsca,wh3_dlc27_nor_inf_marauder_bearmen_greatweapons,false,false,,true,650,infantry_axe_great,infantry
wh_dlc08_nor_norsca,wh_dlc08_sc_nor_norsca,wh3_dlc27_nor_mon_chimera,false,false,,true,1500,wh3_dlc27_nor_chimera,monster_beasts
wh_dlc08_nor_norsca,wh_dlc08_sc_nor_norsca,wh3_dlc27_nor_mon_chimera_ror,false,false,,true,1900,wh3_dlc27_nor_chimera,monster_beasts
wh_dlc08_nor_norsca,wh_dlc08_sc_nor_norsca,wh3_dlc27_nor_mon_cursd_ettin,false,false,,true,1500,wh3_dlc27_nor_ettin,monster_beasts
wh_dlc08_nor_norsca,wh_dlc08_sc_nor_norsca,wh3_dlc27_nor_mon_cursd_ettin_runecaller,false,false,,true,1600,wh3_dlc27_nor_ettin_runecaller,monster_beasts
wh_dlc08_nor_norsca,wh_dlc08_sc_nor_norsca,wh3_dlc27_nor_mon_dread_maw_underground,false,false,,true,1100,wh3_dlc27_nor_dread_maw,monster_beasts
wh_dlc08_nor_norsca,wh_dlc08_sc_nor_norsca,wh3_dlc27_throgg_mon_bile_trolls,false,true,mp_cap_group_extended_roster,false,1050,monstrous_infantry,monster_beasts
wh_dlc08_nor_norsca,wh_dlc08_sc_nor_norsca,wh3_dlc27_throgg_mon_chs_trolls_0,false,true,mp_cap_group_extended_roster,false,800,monstrous_infantry,monster_beasts
wh_dlc08_nor_norsca,wh_dlc08_sc_nor_norsca,wh3_dlc27_throgg_mon_chs_trolls_1,false,true,mp_cap_group_extended_roster,false,900,monstrous_infantry,monster_beasts
wh_dlc08_nor_norsca,wh_dlc08_sc_nor_norsca,wh3_dlc27_throgg_mon_river_trolls_0,false,true,mp_cap_group_extended_roster,false,900,monstrous_infantry,monster_beasts
wh_dlc08_nor_norsca,wh_dlc08_sc_nor_norsca,wh3_dlc27_throgg_mon_stone_trolls_0,false,true,mp_cap_group_extended_roster,false,1100,monstrous_infantry,monster_beasts
wh_dlc08_nor_norsca,wh_dlc08_sc_nor_norsca,wh3_dlc29_chs_cha_gutrot_spume,false,false,,true,1200,wh3_dlc29_chs_gutrot,heroes_agents
wh_dlc08_nor_norsca,wh_dlc08_sc_nor_norsca,wh3_dlc29_chs_cha_gutrot_spume_warshrine,false,false,,true,1650,wh3_dlc29_chs_gutrot,heroes_agents
wh_dlc08_nor_norsca,wh_dlc08_sc_nor_norsca,wh3_dlc29_chs_inf_flayerkin,false,false,,true,625,wh3_dlc29_chs_flayerkin,infantry
wh_dlc08_nor_norsca,wh_dlc08_sc_nor_norsca,wh3_main_ie_nor_cha_exalted_great_unclean_one_burplesmirk_spewpit,false,true,mp_cap_group_extended_roster,false,2200,wh3_lord_wizard_nurgle,commander
wh_dlc08_nor_norsca,wh_dlc08_sc_nor_norsca,wh3_main_ie_nor_cha_exalted_hero_mkho_killgore_slaymaim,false,true,mp_cap_group_extended_roster,false,1400,chs_exalted_hero_cavalry,heroes_agents
wh_dlc08_nor_norsca,wh_dlc08_sc_nor_norsca,wh_dlc08_nor_art_hellcannon_battery,false,true,mp_cap_group_extended_roster,false,3200,artillery_cannon,artillery_war_machines
wh_dlc08_nor_norsca,wh_dlc08_sc_nor_norsca,wh_dlc08_nor_cav_marauder_horsemasters_0,false,false,,true,800,missile_cavalry_javelin,missile_cavalry_chariots
wh_dlc08_nor_norsca,wh_dlc08_sc_nor_norsca,wh_dlc08_nor_cha_arzik_0,false,true,mp_cap_group_extended_roster,false,1650,wh3_lord_wizard_tzeentch,commander
wh_dlc08_nor_norsca,wh_dlc08_sc_nor_norsca,wh_dlc08_nor_cha_fimir_balefiend_fire_0,false,false,,true,550,wizard_fire,heroes_agents
wh_dlc08_nor_norsca,wh_dlc08_sc_nor_norsca,wh_dlc08_nor_cha_fimir_balefiend_shadow_0,false,false,,true,550,wizard_shadows,heroes_agents
wh_dlc08_nor_norsca,wh_dlc08_sc_nor_norsca,wh_dlc08_nor_cha_kihar_0,false,true,mp_cap_group_extended_roster,false,2100,wh3_main_wizard_slaanesh,heroes_agents
wh_dlc08_nor_norsca,wh_dlc08_sc_nor_norsca,wh_dlc08_nor_cha_shaman_sorcerer_death_0,false,false,,true,275,wizard_death,heroes_agents
wh_dlc08_nor_norsca,wh_dlc08_sc_nor_norsca,wh_dlc08_nor_cha_shaman_sorcerer_death_1,false,false,,true,475,wizard_death_cavalry,heroes_agents
wh_dlc08_nor_norsca,wh_dlc08_sc_nor_norsca,wh_dlc08_nor_cha_shaman_sorcerer_death_2,false,false,,true,775,wizard_death_chariot,heroes_agents
wh_dlc08_nor_norsca,wh_dlc08_sc_nor_norsca,wh_dlc08_nor_cha_shaman_sorcerer_fire_0,false,false,,true,275,wizard_fire,heroes_agents
wh_dlc08_nor_norsca,wh_dlc08_sc_nor_norsca,wh_dlc08_nor_cha_shaman_sorcerer_fire_1,false,false,,true,475,wizard_fire_cavalry,heroes_agents
wh_dlc08_nor_norsca,wh_dlc08_sc_nor_norsca,wh_dlc08_nor_cha_shaman_sorcerer_fire_2,false,false,,true,775,wizard_fire_chariot,heroes_agents
wh_dlc08_nor_norsca,wh_dlc08_sc_nor_norsca,wh_dlc08_nor_cha_shaman_sorcerer_metal_0,false,false,,true,275,wizard_metal,heroes_agents
wh_dlc08_nor_norsca,wh_dlc08_sc_nor_norsca,wh_dlc08_nor_cha_shaman_sorcerer_metal_1,false,false,,true,475,wizard_metal_cavalry,heroes_agents
wh_dlc08_nor_norsca,wh_dlc08_sc_nor_norsca,wh_dlc08_nor_cha_shaman_sorcerer_metal_2,false,false,,true,775,wizard_metal_chariot,heroes_agents
wh_dlc08_nor_norsca,wh_dlc08_sc_nor_norsca,wh_dlc08_nor_cha_skin_wolf_werekin_0,false,false,,true,1100,wh_dlc08_nor_skin_wolf_werekin,heroes_agents
wh_dlc08_nor_norsca,wh_dlc08_sc_nor_norsca,wh_dlc08_nor_cha_throgg_0,true,false,,true,1550,lord,commander
wh_dlc08_nor_norsca,wh_dlc08_sc_nor_norsca,wh_dlc08_nor_cha_wulfrik_0,true,false,,true,1000,lord,commander
wh_dlc08_nor_norsca,wh_dlc08_sc_nor_norsca,wh_dlc08_nor_cha_wulfrik_1,true,false,,true,1200,lord,commander
wh_dlc08_nor_norsca,wh_dlc08_sc_nor_norsca,wh_dlc08_nor_cha_wulfrik_2,true,false,,true,1400,lord,commander
wh_dlc08_nor_norsca,wh_dlc08_sc_nor_norsca,wh_dlc08_nor_cha_wulfrik_3,true,false,,true,2000,lord,commander
wh_dlc08_nor_norsca,wh_dlc08_sc_nor_norsca,wh_dlc08_nor_feral_manticore,false,false,,true,800,wh2_dlc17_bst_manticore,monster_beasts
wh_dlc08_nor_norsca,wh_dlc08_sc_nor_norsca,wh_dlc08_nor_inf_marauder_berserkers_0,false,false,,true,750,infantry_axe_dual,infantry
wh_dlc08_nor_norsca,wh_dlc08_sc_nor_norsca,wh_dlc08_nor_inf_marauder_champions_0,false,false,,true,1000,infantry_axe,infantry
wh_dlc08_nor_norsca,wh_dlc08_sc_nor_norsca,wh_dlc08_nor_inf_marauder_champions_1,false,false,,true,1000,infantry_hammer_great,infantry
wh_dlc08_nor_norsca,wh_dlc08_sc_nor_norsca,wh_dlc08_nor_inf_marauder_hunters_0,false,false,,true,550,infantry_axe_throwing,missile_infantry
wh_dlc08_nor_norsca,wh_dlc08_sc_nor_norsca,wh_dlc08_nor_inf_marauder_hunters_1,false,false,,true,550,wh_dlc08_nor_hunters_javelin,missile_infantry
wh_dlc08_nor_norsca,wh_dlc08_sc_nor_norsca,wh_dlc08_nor_inf_marauder_spearman_0,false,false,,true,425,infantry_spear,infantry
wh_dlc08_nor_norsca,wh_dlc08_sc_nor_norsca,wh_dlc08_nor_mon_fimir_0,false,false,,true,1150,wh3_dlc26_monstrous_infantry_magical,monster_beasts
wh_dlc08_nor_norsca,wh_dlc08_sc_nor_norsca,wh_dlc08_nor_mon_fimir_1,false,false,,true,1300,wh3_dlc26_monstrous_infantry_magical,monster_beasts
wh_dlc08_nor_norsca,wh_dlc08_sc_nor_norsca,wh_dlc08_nor_mon_frost_wyrm_0,false,false,,true,1500,wh_dlc08_nor_frost_wyrm,monster_beasts
wh_dlc08_nor_norsca,wh_dlc08_sc_nor_norsca,wh_dlc08_nor_mon_frost_wyrm_ror_0,false,false,,true,1800,dragon,monster_beasts
wh_dlc08_nor_norsca,wh_dlc08_sc_nor_norsca,wh_dlc08_nor_mon_norscan_giant_0,false,false,,true,1400,wh_dlc08_nor_giant,monster_beasts
wh_dlc08_nor_norsca,wh_dlc08_sc_nor_norsca,wh_dlc08_nor_mon_norscan_ice_trolls_0,false,false,,true,950,monstrous_infantry,monster_beasts
wh_dlc08_nor_norsca,wh_dlc08_sc_nor_norsca,wh_dlc08_nor_mon_skinwolves_0,false,false,,true,950,wh_dlc08_nor_skin_wolf,monster_beasts
wh_dlc08_nor_norsca,wh_dlc08_sc_nor_norsca,wh_dlc08_nor_mon_skinwolves_1,false,false,,true,1100,wh_dlc08_nor_skin_wolf,monster_beasts
wh_dlc08_nor_norsca,wh_dlc08_sc_nor_norsca,wh_dlc08_nor_mon_war_mammoth_0,false,false,,true,1300,nor_mammoth,monster_beasts
wh_dlc08_nor_norsca,wh_dlc08_sc_nor_norsca,wh_dlc08_nor_mon_war_mammoth_1,false,false,,true,1800,nor_mammoth,monster_beasts
wh_dlc08_nor_norsca,wh_dlc08_sc_nor_norsca,wh_dlc08_nor_mon_war_mammoth_2,false,false,,true,2000,nor_mammoth,monster_beasts
wh_dlc08_nor_norsca,wh_dlc08_sc_nor_norsca,wh_dlc08_nor_mon_war_mammoth_ror_1,false,true,mp_cap_group_extended_roster,false,2000,nor_mammoth,monster_beasts
wh_dlc08_nor_norsca,wh_dlc08_sc_nor_norsca,wh_dlc08_nor_mon_warwolves_0,false,false,,true,600,war_beast,monster_beasts
wh_dlc08_nor_norsca,wh_dlc08_sc_nor_norsca,wh_dlc08_nor_veh_marauder_warwolves_chariot_0,false,false,,true,1050,missile_chariot,missile_cavalry_chariots
wh_dlc08_nor_norsca,wh_dlc08_sc_nor_norsca,wh_main_nor_cav_chaos_chariot,false,false,,true,750,chariot,cavalry_chariots
wh_dlc08_nor_norsca,wh_dlc08_sc_nor_norsca,wh_main_nor_cav_marauder_horsemen_0,false,false,,true,550,missile_cavalry_javelin,missile_cavalry_chariots
wh_dlc08_nor_norsca,wh_dlc08_sc_nor_norsca,wh_main_nor_cav_marauder_horsemen_1,false,false,,true,600,missile_cavalry_axe,missile_cavalry_chariots
wh_dlc08_nor_norsca,wh_dlc08_sc_nor_norsca,wh_main_nor_cha_marauder_chieftan_0,true,false,,true,700,lord,commander
wh_dlc08_nor_norsca,wh_dlc08_sc_nor_norsca,wh_main_nor_cha_marauder_chieftan_1,true,false,,true,900,lord,commander
wh_dlc08_nor_norsca,wh_dlc08_sc_nor_norsca,wh_main_nor_cha_marauder_chieftan_2,true,false,,true,1100,lord,commander
wh_dlc08_nor_norsca,wh_dlc08_sc_nor_norsca,wh_main_nor_cha_marauder_chieftan_3,true,false,,true,1900,lord,commander
wh_dlc08_nor_norsca,wh_dlc08_sc_nor_norsca,wh_main_nor_inf_chaos_marauders_0,false,false,,true,400,infantry_axe,infantry
wh_dlc08_nor_norsca,wh_dlc08_sc_nor_norsca,wh_main_nor_inf_chaos_marauders_1,false,false,,true,475,infantry_axe_great,infantry
wh_dlc08_nor_norsca,wh_dlc08_sc_nor_norsca,wh_main_nor_mon_chaos_trolls,false,false,,true,750,monstrous_infantry,monster_beasts
wh_dlc08_nor_norsca,wh_dlc08_sc_nor_norsca,wh_main_nor_mon_chaos_warhounds_0,false,false,,true,400,war_beast,monster_beasts
wh_dlc08_nor_norsca,wh_dlc08_sc_nor_norsca,wh_main_nor_mon_chaos_warhounds_1,false,false,,true,450,war_beast,monster_beasts
wh_dlc08_nor_norsca,wh_dlc08_sc_nor_norsca,wh_pro04_nor_inf_chaos_marauders_ror_0,false,false,,true,575,infantry_axe,infantry
wh_dlc08_nor_norsca,wh_dlc08_sc_nor_norsca,wh_pro04_nor_inf_marauder_berserkers_ror_0,false,false,,true,1000,infantry_axe_dual,infantry
wh_dlc08_nor_norsca,wh_dlc08_sc_nor_norsca,wh_pro04_nor_mon_fimir_ror_0,false,false,,true,1400,wh3_dlc26_monstrous_infantry_magical,monster_beasts
wh_dlc08_nor_norsca,wh_dlc08_sc_nor_norsca,wh_pro04_nor_mon_marauder_warwolves_ror_0,false,false,,true,600,war_beast,monster_beasts
wh_dlc08_nor_norsca,wh_dlc08_sc_nor_norsca,wh_pro04_nor_mon_skinwolves_ror_0,false,false,,true,1500,wh_dlc08_nor_skin_wolf,monster_beasts
wh_dlc08_nor_norsca,wh_dlc08_sc_nor_norsca,wh_pro04_nor_mon_war_mammoth_ror_0,false,false,,true,2150,nor_mammoth,monster_beasts
wh_main_brt_bretonnia,wh_main_sc_brt_bretonnia,wh2_dlc14_brt_cha_henri_le_massif_0,false,false,,true,600,brt_paladin,heroes_agents
wh_main_brt_bretonnia,wh_main_sc_brt_bretonnia,wh2_dlc14_brt_cha_henri_le_massif_3,false,false,,true,1550,brt_paladin_pegasus,heroes_agents
wh_main_brt_bretonnia,wh_main_sc_brt_bretonnia,wh2_dlc14_brt_cha_henri_le_massif_4,false,false,,true,850,brt_paladin_cavalry,heroes_agents
wh_main_brt_bretonnia,wh_main_sc_brt_bretonnia,wh2_dlc14_brt_cha_repanse_de_lyonesse_0,true,false,,true,850,lord,commander
wh_main_brt_bretonnia,wh_main_sc_brt_bretonnia,wh2_dlc14_brt_cha_repanse_de_lyonesse_1,true,false,,true,1100,lord,commander
wh_main_brt_bretonnia,wh_main_sc_brt_bretonnia,wh2_pro08_neu_cha_felix,false,false,,true,800,wh2_pro08_cha_felix,heroes_agents
wh_main_brt_bretonnia,wh_main_sc_brt_bretonnia,wh2_pro08_neu_cha_gotrek,false,false,,true,1150,wh2_pro08_cha_gotrek,heroes_agents
wh_main_brt_bretonnia,wh_main_sc_brt_bretonnia,wh_dlc07_brt_art_blessed_field_trebuchet_0,false,false,,true,800,catapult,artillery_war_machines
wh_main_brt_bretonnia,wh_main_sc_brt_bretonnia,wh_dlc07_brt_cav_grail_guardians_0,false,false,,true,1850,cavalry,cavalry_chariots
wh_main_brt_bretonnia,wh_main_sc_brt_bretonnia,wh_dlc07_brt_cav_knights_errant_0,false,false,,true,700,shock_cavalry,cavalry_chariots
wh_main_brt_bretonnia,wh_main_sc_brt_bretonnia,wh_dlc07_brt_cav_questing_knights_0,false,false,,true,1100,cavalry,cavalry_chariots
wh_main_brt_bretonnia,wh_main_sc_brt_bretonnia,wh_dlc07_brt_cav_royal_hippogryph_knights_0,false,false,,true,2200,flying_monstrous_cavalry,cavalry_chariots
wh_main_brt_bretonnia,wh_main_sc_brt_bretonnia,wh_dlc07_brt_cav_royal_pegasus_knights_0,false,false,,true,1600,wh3_main_flying_shock_cavalry,cavalry_chariots
wh_main_brt_bretonnia,wh_main_sc_brt_bretonnia,wh_dlc07_brt_cha_alberic_bordeleaux_0,true,false,,true,750,lord,commander
wh_main_brt_bretonnia,wh_main_sc_brt_bretonnia,wh_dlc07_brt_cha_alberic_bordeleaux_1,true,false,,true,1000,lord,commander
wh_main_brt_bretonnia,wh_main_sc_brt_bretonnia,wh_dlc07_brt_cha_alberic_bordeleaux_2,true,false,,true,1250,lord,commander
wh_main_brt_bretonnia,wh_main_sc_brt_bretonnia,wh_dlc07_brt_cha_alberic_bordeleaux_3,true,false,,true,1600,lord,commander
wh_main_brt_bretonnia,wh_main_sc_brt_bretonnia,wh_dlc07_brt_cha_damsel_beasts_0,false,false,,true,250,wizard_beasts,heroes_agents
wh_main_brt_bretonnia,wh_main_sc_brt_bretonnia,wh_dlc07_brt_cha_damsel_beasts_2,false,false,,true,500,wizard_beasts_cavalry,heroes_agents
wh_main_brt_bretonnia,wh_main_sc_brt_bretonnia,wh_dlc07_brt_cha_damsel_beasts_3,false,false,,true,550,wizard_beasts_cavalry,heroes_agents
wh_main_brt_bretonnia,wh_main_sc_brt_bretonnia,wh_dlc07_brt_cha_damsel_life_0,false,false,,true,250,wizard_life,heroes_agents
wh_main_brt_bretonnia,wh_main_sc_brt_bretonnia,wh_dlc07_brt_cha_damsel_life_2,false,false,,true,500,wizard_life_cavalry,heroes_agents
wh_main_brt_bretonnia,wh_main_sc_brt_bretonnia,wh_dlc07_brt_cha_damsel_life_3,false,false,,true,550,wizard_life_cavalry,heroes_agents
wh_main_brt_bretonnia,wh_main_sc_brt_bretonnia,wh_dlc07_brt_cha_fay_enchantress_0,true,false,,true,550,lord_wizard_life,commander
wh_main_brt_bretonnia,wh_main_sc_brt_bretonnia,wh_dlc07_brt_cha_fay_enchantress_1,true,false,,true,850,lord_wizard_life,commander
wh_main_brt_bretonnia,wh_main_sc_brt_bretonnia,wh_dlc07_brt_cha_green_knight_0,false,false,,true,1500,wh_dlc07_brt_green_knight,heroes_agents
wh_main_brt_bretonnia,wh_main_sc_brt_bretonnia,wh_dlc07_brt_cha_prophetess_0,true,false,,true,350,lord_wizard_life,commander
wh_main_brt_bretonnia,wh_main_sc_brt_bretonnia,wh_dlc07_brt_cha_prophetess_2,true,false,,true,600,lord_wizard_life,commander
wh_main_brt_bretonnia,wh_main_sc_brt_bretonnia,wh_dlc07_brt_cha_prophetess_3,true,false,,true,750,lord_wizard_life,commander
wh_main_brt_bretonnia,wh_main_sc_brt_bretonnia,wh_dlc07_brt_cha_prophetess_beasts_0,true,false,,true,350,lord_wizard_beasts,commander
wh_main_brt_bretonnia,wh_main_sc_brt_bretonnia,wh_dlc07_brt_cha_prophetess_beasts_2,true,false,,true,600,lord_wizard_beasts,commander
wh_main_brt_bretonnia,wh_main_sc_brt_bretonnia,wh_dlc07_brt_cha_prophetess_beasts_3,true,false,,true,750,lord_wizard_beasts,commander
wh_main_brt_bretonnia,wh_main_sc_brt_bretonnia,wh_dlc07_brt_cha_prophetess_heavens_0,true,false,,true,350,lord_wizard_heavens,commander
wh_main_brt_bretonnia,wh_main_sc_brt_bretonnia,wh_dlc07_brt_cha_prophetess_heavens_2,true,false,,true,600,lord_wizard_heavens,commander
wh_main_brt_bretonnia,wh_main_sc_brt_bretonnia,wh_dlc07_brt_cha_prophetess_heavens_3,true,false,,true,750,lord_wizard_heavens,commander
wh_main_brt_bretonnia,wh_main_sc_brt_bretonnia,wh_dlc07_brt_inf_battle_pilgrims_0,false,false,,true,600,infantry_sword,infantry
wh_main_brt_bretonnia,wh_main_sc_brt_bretonnia,wh_dlc07_brt_inf_foot_squires_0,false,false,,true,725,infantry_sword_great,infantry
wh_main_brt_bretonnia,wh_main_sc_brt_bretonnia,wh_dlc07_brt_inf_grail_reliquae_0,false,false,,true,400,wh_dlc07_brt_grail_relique,infantry
wh_main_brt_bretonnia,wh_main_sc_brt_bretonnia,wh_dlc07_brt_inf_men_at_arms_1,false,false,,true,250,infantry_sword,infantry
wh_main_brt_bretonnia,wh_main_sc_brt_bretonnia,wh_dlc07_brt_inf_men_at_arms_2,false,false,,true,300,infantry_sword,infantry
wh_main_brt_bretonnia,wh_main_sc_brt_bretonnia,wh_dlc07_brt_inf_peasant_bowmen_1,false,false,,true,450,missile_infantry_bow,missile_infantry
wh_main_brt_bretonnia,wh_main_sc_brt_bretonnia,wh_dlc07_brt_inf_peasant_bowmen_2,false,false,,true,450,missile_infantry_bow,missile_infantry
wh_main_brt_bretonnia,wh_main_sc_brt_bretonnia,wh_dlc07_brt_inf_spearmen_at_arms_1,false,false,,true,250,infantry_spear,infantry
wh_main_brt_bretonnia,wh_main_sc_brt_bretonnia,wh_dlc07_brt_peasant_mob_0,false,false,,true,125,infantry_axe,infantry
wh_main_brt_bretonnia,wh_main_sc_brt_bretonnia,wh_main_brt_art_field_trebuchet,false,false,,true,600,catapult,artillery_war_machines
wh_main_brt_bretonnia,wh_main_sc_brt_bretonnia,wh_main_brt_cav_grail_knights,false,false,,true,1850,shock_cavalry,cavalry_chariots
wh_main_brt_bretonnia,wh_main_sc_brt_bretonnia,wh_main_brt_cav_knights_of_the_realm,false,false,,true,950,shock_cavalry,cavalry_chariots
wh_main_brt_bretonnia,wh_main_sc_brt_bretonnia,wh_main_brt_cav_mounted_yeomen_0,false,false,,true,400,cavalry,cavalry_chariots
wh_main_brt_bretonnia,wh_main_sc_brt_bretonnia,wh_main_brt_cav_mounted_yeomen_1,false,false,,true,500,missile_cavalry_bow,missile_cavalry_chariots
wh_main_brt_bretonnia,wh_main_sc_brt_bretonnia,wh_main_brt_cav_pegasus_knights,false,false,,true,1100,wh3_main_flying_shock_cavalry,cavalry_chariots
wh_main_brt_bretonnia,wh_main_sc_brt_bretonnia,wh_main_brt_cha_damsel_0,false,false,,true,250,wizard_heavens,heroes_agents
wh_main_brt_bretonnia,wh_main_sc_brt_bretonnia,wh_main_brt_cha_damsel_2,false,false,,true,500,wizard_heavens_cavalry,heroes_agents
wh_main_brt_bretonnia,wh_main_sc_brt_bretonnia,wh_main_brt_cha_damsel_3,false,false,,true,550,wizard_heavens_cavalry,heroes_agents
wh_main_brt_bretonnia,wh_main_sc_brt_bretonnia,wh_main_brt_cha_king_louen_leoncoeur_0,true,false,,true,1000,lord,commander
wh_main_brt_bretonnia,wh_main_sc_brt_bretonnia,wh_main_brt_cha_king_louen_leoncoeur_1,true,false,,true,2000,lord,commander
wh_main_brt_bretonnia,wh_main_sc_brt_bretonnia,wh_main_brt_cha_king_louen_leoncoeur_2,true,false,,true,1250,lord,commander
wh_main_brt_bretonnia,wh_main_sc_brt_bretonnia,wh_main_brt_cha_king_louen_leoncoeur_3,true,false,,true,1500,lord,commander
wh_main_brt_bretonnia,wh_main_sc_brt_bretonnia,wh_main_brt_cha_king_louen_leoncoeur_4,true,false,,true,1850,lord,commander
wh_main_brt_bretonnia,wh_main_sc_brt_bretonnia,wh_main_brt_cha_lord_0,true,false,,true,600,lord,commander
wh_main_brt_bretonnia,wh_main_sc_brt_bretonnia,wh_main_brt_cha_lord_2,true,false,,true,1450,lord,commander
wh_main_brt_bretonnia,wh_main_sc_brt_bretonnia,wh_main_brt_cha_lord_3,true,false,,true,1100,lord,commander
wh_main_brt_bretonnia,wh_main_sc_brt_bretonnia,wh_main_brt_cha_lord_4,true,false,,true,850,lord,commander
wh_main_brt_bretonnia,wh_main_sc_brt_bretonnia,wh_main_brt_cha_paladin_0,false,false,,true,400,brt_paladin,heroes_agents
wh_main_brt_bretonnia,wh_main_sc_brt_bretonnia,wh_main_brt_cha_paladin_3,false,false,,true,875,brt_paladin_pegasus,heroes_agents
wh_main_brt_bretonnia,wh_main_sc_brt_bretonnia,wh_main_brt_cha_paladin_4,false,false,,true,650,brt_paladin_cavalry,heroes_agents
wh_main_brt_bretonnia,wh_main_sc_brt_bretonnia,wh_main_brt_inf_men_at_arms,false,false,,true,450,infantry_spear_halberd,infantry
wh_main_brt_bretonnia,wh_main_sc_brt_bretonnia,wh_main_brt_inf_peasant_bowmen,false,false,,true,400,missile_infantry_bow,missile_infantry
wh_main_brt_bretonnia,wh_main_sc_brt_bretonnia,wh_main_brt_inf_spearmen_at_arms,false,false,,true,300,infantry_spear,infantry
wh_main_brt_bretonnia,wh_main_sc_brt_bretonnia,wh_pro04_brt_cav_knights_errant_ror_0,false,false,,true,900,shock_cavalry,cavalry_chariots
wh_main_brt_bretonnia,wh_main_sc_brt_bretonnia,wh_pro04_brt_cav_knights_of_the_realm_ror_0,false,false,,true,1200,shock_cavalry,cavalry_chariots
wh_main_brt_bretonnia,wh_main_sc_brt_bretonnia,wh_pro04_brt_cav_mounted_yeomen_ror_0,false,false,,true,750,missile_cavalry_bow,missile_cavalry_chariots
wh_main_brt_bretonnia,wh_main_sc_brt_bretonnia,wh_pro04_brt_cav_questing_knights_ror_0,false,false,,true,1450,cavalry,cavalry_chariots
wh_main_brt_bretonnia,wh_main_sc_brt_bretonnia,wh_pro04_brt_inf_battle_pilgrims_ror_0,false,false,,true,800,infantry_sword,infantry
wh_main_brt_bretonnia,wh_main_sc_brt_bretonnia,wh_pro04_brt_inf_foot_squires_ror_0,false,false,,true,925,infantry_spear_halberd,infantry
wh_main_chs_chaos,wh_main_sc_chs_chaos,wh3_dlc20_chs_cav_chaos_chariot_mkho,false,false,,true,850,chariot,cavalry_chariots
wh_main_chs_chaos,wh_main_sc_chs_chaos,wh3_dlc20_chs_cav_chaos_chariot_mnur,false,false,,true,850,chariot,cavalry_chariots
wh_main_chs_chaos,wh_main_sc_chs_chaos,wh3_dlc20_chs_cav_chaos_chariot_msla,false,false,,true,850,chariot,cavalry_chariots
wh_main_chs_chaos,wh_main_sc_chs_chaos,wh3_dlc20_chs_cav_chaos_chariot_msla_ror,false,false,,true,1000,chariot,cavalry_chariots
wh_main_chs_chaos,wh_main_sc_chs_chaos,wh3_dlc20_chs_cav_chaos_chariot_mtze,false,false,,true,850,chariot,cavalry_chariots
wh_main_chs_chaos,wh_main_sc_chs_chaos,wh3_dlc20_chs_cav_chaos_knights_mkho,false,false,,true,1400,cavalry_axe,cavalry_chariots
wh_main_chs_chaos,wh_main_sc_chs_chaos,wh3_dlc20_chs_cav_chaos_knights_mkho_lances,false,false,,true,1400,shock_cavalry,cavalry_chariots
wh_main_chs_chaos,wh_main_sc_chs_chaos,wh3_dlc20_chs_cav_chaos_knights_mnur,false,false,,true,1400,cavalry_axe,cavalry_chariots
wh_main_chs_chaos,wh_main_sc_chs_chaos,wh3_dlc20_chs_cav_chaos_knights_mnur_lances,false,false,,true,1400,shock_cavalry,cavalry_chariots
wh_main_chs_chaos,wh_main_sc_chs_chaos,wh3_dlc20_chs_cav_chaos_knights_msla,false,false,,true,1400,cavalry,cavalry_chariots
wh_main_chs_chaos,wh_main_sc_chs_chaos,wh3_dlc20_chs_cav_chaos_knights_msla_lances,false,false,,true,1400,shock_cavalry,cavalry_chariots
wh_main_chs_chaos,wh_main_sc_chs_chaos,wh3_dlc20_chs_cav_chaos_knights_mtze_lances,false,false,,true,1400,shock_cavalry,cavalry_chariots
wh_main_chs_chaos,wh_main_sc_chs_chaos,wh3_dlc20_chs_cav_marauder_horsemen_mkho_throwing_axes,false,false,,true,675,missile_cavalry_axe,missile_cavalry_chariots
wh_main_chs_chaos,wh_main_sc_chs_chaos,wh3_dlc20_chs_cav_marauder_horsemen_mnur_throwing_axes,false,false,,true,650,missile_cavalry_axe,missile_cavalry_chariots
wh_main_chs_chaos,wh_main_sc_chs_chaos,wh3_dlc20_chs_cav_marauder_horsemen_msla_javelins,false,false,,true,625,missile_cavalry_javelin,missile_cavalry_chariots
wh_main_chs_chaos,wh_main_sc_chs_chaos,wh3_dlc20_chs_cav_marauder_horsemen_mtze_javelins,false,false,,true,700,missile_cavalry_javelin,missile_cavalry_chariots
wh_main_chs_chaos,wh_main_sc_chs_chaos,wh3_dlc20_chs_cha_chaos_lord_mkho,true,false,,true,1100,lord,commander
wh_main_chs_chaos,wh_main_sc_chs_chaos,wh3_dlc20_chs_cha_chaos_lord_mkho_chaos_steed,true,false,,true,1250,lord,commander
wh_main_chs_chaos,wh_main_sc_chs_chaos,wh3_dlc20_chs_cha_chaos_lord_mkho_gorebeast_chariot,true,false,,true,1400,lord,commander
wh_main_chs_chaos,wh_main_sc_chs_chaos,wh3_dlc20_chs_cha_chaos_lord_mkho_juggernaut,true,false,,true,1500,lord,commander
wh_main_chs_chaos,wh_main_sc_chs_chaos,wh3_dlc20_chs_cha_chaos_lord_msla,true,false,,true,1050,lord,commander
wh_main_chs_chaos,wh_main_sc_chs_chaos,wh3_dlc20_chs_cha_chaos_lord_msla_chaos_chariot,true,false,,true,1350,lord,commander
wh_main_chs_chaos,wh_main_sc_chs_chaos,wh3_dlc20_chs_cha_chaos_lord_msla_chaos_steed,true,false,,true,1250,lord,commander
wh_main_chs_chaos,wh_main_sc_chs_chaos,wh3_dlc20_chs_cha_chaos_sorcerer_death_warshrine,false,false,,true,1300,wizard_death,heroes_agents
wh_main_chs_chaos,wh_main_sc_chs_chaos,wh3_dlc20_chs_cha_chaos_sorcerer_fire_warshrine,false,false,,true,1300,wizard_fire,heroes_agents
wh_main_chs_chaos,wh_main_sc_chs_chaos,wh3_dlc20_chs_cha_chaos_sorcerer_lord_death_mnur,true,false,,true,800,lord_wizard_death,commander
wh_main_chs_chaos,wh_main_sc_chs_chaos,wh3_dlc20_chs_cha_chaos_sorcerer_lord_death_mnur_chaos_steed,true,false,,true,1000,lord_wizard_death,commander
wh_main_chs_chaos,wh_main_sc_chs_chaos,wh3_dlc20_chs_cha_chaos_sorcerer_lord_death_mnur_warshrine,true,false,,true,1500,lord_wizard_death,commander
wh_main_chs_chaos,wh_main_sc_chs_chaos,wh3_dlc20_chs_cha_chaos_sorcerer_lord_death_warshrine,true,false,,true,1400,lord_wizard_death,commander
wh_main_chs_chaos,wh_main_sc_chs_chaos,wh3_dlc20_chs_cha_chaos_sorcerer_lord_fire_warshrine,true,false,,true,1400,lord_wizard_death,commander
wh_main_chs_chaos,wh_main_sc_chs_chaos,wh3_dlc20_chs_cha_chaos_sorcerer_lord_metal_mtze,true,false,,true,800,lord_wizard_metal,commander
wh_main_chs_chaos,wh_main_sc_chs_chaos,wh3_dlc20_chs_cha_chaos_sorcerer_lord_metal_mtze_chaos_steed,true,false,,true,1000,lord_wizard_metal,commander
wh_main_chs_chaos,wh_main_sc_chs_chaos,wh3_dlc20_chs_cha_chaos_sorcerer_lord_metal_mtze_disc,true,false,,true,1200,lord_wizard_metal,commander
wh_main_chs_chaos,wh_main_sc_chs_chaos,wh3_dlc20_chs_cha_chaos_sorcerer_lord_metal_mtze_warshrine,true,false,,true,1500,lord_wizard_metal,commander
wh_main_chs_chaos,wh_main_sc_chs_chaos,wh3_dlc20_chs_cha_chaos_sorcerer_lord_metal_warshrine,true,false,,true,1400,lord_wizard_death,commander
wh_main_chs_chaos,wh_main_sc_chs_chaos,wh3_dlc20_chs_cha_chaos_sorcerer_lord_nurgle_mnur,true,false,,true,800,wh3_lord_wizard_nurgle,commander
wh_main_chs_chaos,wh_main_sc_chs_chaos,wh3_dlc20_chs_cha_chaos_sorcerer_lord_nurgle_mnur_chaos_steed,true,false,,true,1000,wh3_lord_wizard_nurgle,commander
wh_main_chs_chaos,wh_main_sc_chs_chaos,wh3_dlc20_chs_cha_chaos_sorcerer_lord_nurgle_mnur_warshrine,true,false,,true,1500,wh3_lord_wizard_nurgle,commander
wh_main_chs_chaos,wh_main_sc_chs_chaos,wh3_dlc20_chs_cha_chaos_sorcerer_lord_shadows_warshrine,true,false,,true,1400,lord_wizard_death,commander
wh_main_chs_chaos,wh_main_sc_chs_chaos,wh3_dlc20_chs_cha_chaos_sorcerer_lord_tzeentch_mtze,true,false,,true,800,wh3_lord_wizard_tzeentch,commander
wh_main_chs_chaos,wh_main_sc_chs_chaos,wh3_dlc20_chs_cha_chaos_sorcerer_lord_tzeentch_mtze_chaos_steed,true,false,,true,1000,wh3_lord_wizard_tzeentch,commander
wh_main_chs_chaos,wh_main_sc_chs_chaos,wh3_dlc20_chs_cha_chaos_sorcerer_lord_tzeentch_mtze_disc,true,false,,true,1200,wh3_lord_wizard_tzeentch,commander
wh_main_chs_chaos,wh_main_sc_chs_chaos,wh3_dlc20_chs_cha_chaos_sorcerer_lord_tzeentch_mtze_warshrine,true,false,,true,1500,wh3_lord_wizard_tzeentch,commander
wh_main_chs_chaos,wh_main_sc_chs_chaos,wh3_dlc20_chs_cha_chaos_sorcerer_metal_mtze,false,false,,true,500,wizard_metal,heroes_agents
wh_main_chs_chaos,wh_main_sc_chs_chaos,wh3_dlc20_chs_cha_chaos_sorcerer_metal_mtze_chaos_steed,false,false,,true,700,wizard_metal,heroes_agents
wh_main_chs_chaos,wh_main_sc_chs_chaos,wh3_dlc20_chs_cha_chaos_sorcerer_metal_mtze_disc,false,false,,true,900,wizard_metal,heroes_agents
wh_main_chs_chaos,wh_main_sc_chs_chaos,wh3_dlc20_chs_cha_chaos_sorcerer_metal_mtze_warshrine,false,false,,true,1400,wizard_metal,heroes_agents
wh_main_chs_chaos,wh_main_sc_chs_chaos,wh3_dlc20_chs_cha_chaos_sorcerer_metal_warshrine,false,false,,true,1300,wizard_metal,heroes_agents
wh_main_chs_chaos,wh_main_sc_chs_chaos,wh3_dlc20_chs_cha_chaos_sorcerer_shadows_msla,false,false,,true,500,wizard_shadows,heroes_agents
wh_main_chs_chaos,wh_main_sc_chs_chaos,wh3_dlc20_chs_cha_chaos_sorcerer_shadows_msla_chaos_steed,false,false,,true,700,wizard_shadows,heroes_agents
wh_main_chs_chaos,wh_main_sc_chs_chaos,wh3_dlc20_chs_cha_chaos_sorcerer_shadows_msla_warshrine,false,false,,true,1400,wizard_shadows,heroes_agents
wh_main_chs_chaos,wh_main_sc_chs_chaos,wh3_dlc20_chs_cha_chaos_sorcerer_shadows_warshrine,false,false,,true,1300,wizard_shadows,heroes_agents
wh_main_chs_chaos,wh_main_sc_chs_chaos,wh3_dlc20_chs_cha_chaos_sorcerer_slaanesh_msla,false,false,,true,500,wh3_main_wizard_slaanesh,heroes_agents
wh_main_chs_chaos,wh_main_sc_chs_chaos,wh3_dlc20_chs_cha_chaos_sorcerer_slaanesh_msla_chaos_steed,false,false,,true,700,wh3_main_wizard_slaanesh,heroes_agents
wh_main_chs_chaos,wh_main_sc_chs_chaos,wh3_dlc20_chs_cha_chaos_sorcerer_slaanesh_msla_warshrine,false,false,,true,1400,wh3_main_wizard_slaanesh,heroes_agents
wh_main_chs_chaos,wh_main_sc_chs_chaos,wh3_dlc20_chs_cha_chaos_sorcerer_tzeentch_mtze,false,false,,true,500,wh3_main_wizard_tzeentch,heroes_agents
wh_main_chs_chaos,wh_main_sc_chs_chaos,wh3_dlc20_chs_cha_chaos_sorcerer_tzeentch_mtze_chaos_steed,false,false,,true,700,wh3_main_wizard_tzeentch,heroes_agents
wh_main_chs_chaos,wh_main_sc_chs_chaos,wh3_dlc20_chs_cha_chaos_sorcerer_tzeentch_mtze_disc,false,false,,true,900,wh3_main_wizard_tzeentch,heroes_agents
wh_main_chs_chaos,wh_main_sc_chs_chaos,wh3_dlc20_chs_cha_chaos_sorcerer_tzeentch_mtze_warshrine,false,false,,true,1400,wh3_main_wizard_tzeentch,heroes_agents
wh_main_chs_chaos,wh_main_sc_chs_chaos,wh3_dlc20_chs_cha_daemon_prince,true,false,,true,1800,lord_wizard_fire,commander
wh_main_chs_chaos,wh_main_sc_chs_chaos,wh3_dlc20_chs_cha_daemon_prince_mkho,true,false,,true,1900,lord,commander
wh_main_chs_chaos,wh_main_sc_chs_chaos,wh3_dlc20_chs_cha_daemon_prince_mnur,true,false,,true,2000,lord_wizard_mixed,commander
wh_main_chs_chaos,wh_main_sc_chs_chaos,wh3_dlc20_chs_cha_daemon_prince_msla,true,false,,true,2000,lord_wizard_mixed,commander
wh_main_chs_chaos,wh_main_sc_chs_chaos,wh3_dlc20_chs_cha_daemon_prince_mtze,true,false,,true,1900,lord_wizard_mixed,commander
wh_main_chs_chaos,wh_main_sc_chs_chaos,wh3_dlc20_chs_cha_exalted_hero_mkho,false,false,,true,800,chs_exalted_hero,heroes_agents
wh_main_chs_chaos,wh_main_sc_chs_chaos,wh3_dlc20_chs_cha_exalted_hero_mkho_chaos_steed,false,false,,true,1000,chs_exalted_hero_cavalry,heroes_agents
wh_main_chs_chaos,wh_main_sc_chs_chaos,wh3_dlc20_chs_cha_exalted_hero_mkho_gorebeast_chariot,false,false,,true,1100,chs_exalted_hero_chariot,heroes_agents
wh_main_chs_chaos,wh_main_sc_chs_chaos,wh3_dlc20_chs_cha_exalted_hero_mkho_juggernaut,false,false,,true,1200,chs_exalted_hero_cavalry,heroes_agents
wh_main_chs_chaos,wh_main_sc_chs_chaos,wh3_dlc20_chs_cha_exalted_hero_mnur,false,false,,true,900,chs_exalted_hero,heroes_agents
wh_main_chs_chaos,wh_main_sc_chs_chaos,wh3_dlc20_chs_cha_exalted_hero_mnur_chaos_chariot,false,false,,true,1200,chs_exalted_hero_chariot,heroes_agents
wh_main_chs_chaos,wh_main_sc_chs_chaos,wh3_dlc20_chs_cha_exalted_hero_mnur_chaos_steed,false,false,,true,1100,chs_exalted_hero_cavalry,heroes_agents
wh_main_chs_chaos,wh_main_sc_chs_chaos,wh3_dlc20_chs_inf_aspiring_champions_mtze_ror,false,false,,true,1500,infantry_spear_halberd,infantry
wh_main_chs_chaos,wh_main_sc_chs_chaos,wh3_dlc20_chs_inf_chaos_marauders_mkho,false,false,,true,400,infantry_axe,infantry
wh_main_chs_chaos,wh_main_sc_chs_chaos,wh3_dlc20_chs_inf_chaos_marauders_mkho_dualweapons,false,false,,true,550,infantry_axe_dual,infantry
wh_main_chs_chaos,wh_main_sc_chs_chaos,wh3_dlc20_chs_inf_chaos_marauders_mnur,false,false,,true,425,infantry_axe,infantry
wh_main_chs_chaos,wh_main_sc_chs_chaos,wh3_dlc20_chs_inf_chaos_marauders_mnur_greatweapons,false,false,,true,500,infantry_hammer_great,infantry
wh_main_chs_chaos,wh_main_sc_chs_chaos,wh3_dlc20_chs_inf_chaos_marauders_msla,false,false,,true,450,infantry_axe,infantry
wh_main_chs_chaos,wh_main_sc_chs_chaos,wh3_dlc20_chs_inf_chaos_marauders_msla_hellscourges,false,false,,true,550,wh2_dlc10_def_whip_infantry,infantry
wh_main_chs_chaos,wh_main_sc_chs_chaos,wh3_dlc20_chs_inf_chaos_marauders_mtze,false,false,,true,425,infantry_axe,infantry
wh_main_chs_chaos,wh_main_sc_chs_chaos,wh3_dlc20_chs_inf_chaos_marauders_mtze_spears,false,false,,true,475,infantry_spear,infantry
wh_main_chs_chaos,wh_main_sc_chs_chaos,wh3_dlc20_chs_inf_chaos_warriors_mnur,false,false,,true,800,infantry_axe,infantry
wh_main_chs_chaos,wh_main_sc_chs_chaos,wh3_dlc20_chs_inf_chaos_warriors_mnur_greatweapons,false,false,,true,875,infantry_axe_great,infantry
wh_main_chs_chaos,wh_main_sc_chs_chaos,wh3_dlc20_chs_inf_chaos_warriors_msla,false,false,,true,800,infantry_sword,infantry
wh_main_chs_chaos,wh_main_sc_chs_chaos,wh3_dlc20_chs_inf_chaos_warriors_msla_hellscourges,false,false,,true,950,wh2_dlc10_def_whip_infantry,infantry
wh_main_chs_chaos,wh_main_sc_chs_chaos,wh3_dlc20_chs_inf_chaos_warriors_mtze,false,false,,true,800,infantry_sword,infantry
wh_main_chs_chaos,wh_main_sc_chs_chaos,wh3_dlc20_chs_inf_chaos_warriors_mtze_halberds,false,false,,true,900,infantry_spear_halberd,infantry
wh_main_chs_chaos,wh_main_sc_chs_chaos,wh3_dlc20_chs_inf_chosen_mkho,false,false,,true,1300,infantry_axe,infantry
wh_main_chs_chaos,wh_main_sc_chs_chaos,wh3_dlc20_chs_inf_chosen_mkho_dualweapons,false,false,,true,1450,infantry_axe_dual,infantry
wh_main_chs_chaos,wh_main_sc_chs_chaos,wh3_dlc20_chs_inf_chosen_mnur,false,false,,true,1350,infantry_axe,infantry
wh_main_chs_chaos,wh_main_sc_chs_chaos,wh3_dlc20_chs_inf_chosen_mnur_greatweapons,false,false,,true,1450,infantry_axe_great,infantry
wh_main_chs_chaos,wh_main_sc_chs_chaos,wh3_dlc20_chs_inf_chosen_msla,false,false,,true,1350,infantry_sword,infantry
wh_main_chs_chaos,wh_main_sc_chs_chaos,wh3_dlc20_chs_inf_chosen_msla_hellscourges,false,false,,true,1500,wh2_dlc10_def_whip_infantry,infantry
wh_main_chs_chaos,wh_main_sc_chs_chaos,wh3_dlc20_chs_inf_chosen_mtze,false,false,,true,1350,infantry_sword,infantry
wh_main_chs_chaos,wh_main_sc_chs_chaos,wh3_dlc20_chs_inf_chosen_mtze_halberds,false,false,,true,1500,infantry_spear_halberd,infantry
wh_main_chs_chaos,wh_main_sc_chs_chaos,wh3_dlc20_chs_inf_forsaken_mkho,false,false,,true,800,chaos_forsaken,infantry
wh_main_chs_chaos,wh_main_sc_chs_chaos,wh3_dlc20_chs_inf_forsaken_msla,false,false,,true,800,chaos_forsaken,infantry
wh_main_chs_chaos,wh_main_sc_chs_chaos,wh3_dlc20_chs_mon_giant_mnur_ror,false,false,,true,1700,giant,monster_beasts
wh_main_chs_chaos,wh_main_sc_chs_chaos,wh3_dlc20_chs_mon_warshrine,false,false,,true,1200,chaos_warshrine,monster_beasts
wh_main_chs_chaos,wh_main_sc_chs_chaos,wh3_dlc20_chs_mon_warshrine_mkho,false,false,,true,1300,chaos_warshrine,monster_beasts
wh_main_chs_chaos,wh_main_sc_chs_chaos,wh3_dlc20_chs_mon_warshrine_mnur,false,false,,true,1300,chaos_warshrine,monster_beasts
wh_main_chs_chaos,wh_main_sc_chs_chaos,wh3_dlc20_chs_mon_warshrine_msla,false,false,,true,1300,chaos_warshrine,monster_beasts
wh_main_chs_chaos,wh_main_sc_chs_chaos,wh3_dlc20_chs_mon_warshrine_mtze,false,false,,true,1300,chaos_warshrine,monster_beasts
wh_main_chs_chaos,wh_main_sc_chs_chaos,wh3_dlc20_kho_cav_skullcrushers_mkho_ror,false,false,,true,1900,chaos_juggernaut_axe,cavalry_chariots
wh_main_chs_chaos,wh_main_sc_chs_chaos,wh3_dlc20_kho_cha_valkia,true,false,,true,1400,lord,commander
wh_main_chs_chaos,wh_main_sc_chs_chaos,wh3_dlc20_nur_cha_festus,true,false,,true,1250,wh3_lord_wizard_nurgle,commander
wh_main_chs_chaos,wh_main_sc_chs_chaos,wh3_dlc20_sla_cha_azazel,true,false,,true,1600,wh3_lord_wizard_slaanesh,commander
wh_main_chs_chaos,wh_main_sc_chs_chaos,wh3_dlc20_tze_cha_vilitch,true,false,,true,900,wh3_lord_wizard_tzeentch,commander
wh_main_chs_chaos,wh_main_sc_chs_chaos,wh3_dlc24_chs_cha_chaos_lord_mtze,true,false,,true,1150,lord,commander
wh_main_chs_chaos,wh_main_sc_chs_chaos,wh3_dlc24_chs_cha_chaos_lord_mtze_chaos_chariot,true,false,,true,1450,lord,commander
wh_main_chs_chaos,wh_main_sc_chs_chaos,wh3_dlc24_chs_cha_chaos_lord_mtze_chaos_steed,true,false,,true,1350,lord,commander
wh_main_chs_chaos,wh_main_sc_chs_chaos,wh3_dlc24_chs_cha_chaos_lord_mtze_disc,true,false,,true,1550,lord,commander
wh_main_chs_chaos,wh_main_sc_chs_chaos,wh3_dlc24_chs_cha_exalted_hero_mtze,false,false,,true,925,chs_exalted_hero,heroes_agents
wh_main_chs_chaos,wh_main_sc_chs_chaos,wh3_dlc24_chs_cha_exalted_hero_mtze_chaos_chariot,false,false,,true,1225,chs_exalted_hero,heroes_agents
wh_main_chs_chaos,wh_main_sc_chs_chaos,wh3_dlc24_chs_cha_exalted_hero_mtze_chaos_steed,false,false,,true,1125,chs_exalted_hero,heroes_agents
wh_main_chs_chaos,wh_main_sc_chs_chaos,wh3_dlc24_chs_cha_exalted_hero_mtze_disc,false,false,,true,1325,chs_exalted_hero,heroes_agents
wh_main_chs_chaos,wh_main_sc_chs_chaos,wh3_dlc24_tze_cha_aekold_helbrass,false,false,,true,1350,wh3_dlc24_tze_cha_aekold_helbrass,heroes_agents
wh_main_chs_chaos,wh_main_sc_chs_chaos,wh3_dlc24_tze_inf_pink_horrors_ror,false,true,mp_cap_group_extended_roster_chaos_daemon_units,false,950,wh3_main_tze_pink_horror,missile_infantry
wh_main_chs_chaos,wh_main_sc_chs_chaos,wh3_dlc24_tze_inf_tzaangors,false,true,mp_cap_group_extended_roster_chaos_daemon_units,false,650,infantry_axe,infantry
wh_main_chs_chaos,wh_main_sc_chs_chaos,wh3_dlc24_tze_mon_cockatrice,false,false,,true,1050,wh3_dlc24_cockatrice,monster_beasts
wh_main_chs_chaos,wh_main_sc_chs_chaos,wh3_dlc24_tze_mon_flamers_changebringers,false,true,mp_cap_group_extended_roster_chaos_daemon_units,false,1500,wh3_dlc24_tze_changebringers,missile_cavalry_chariots
wh_main_chs_chaos,wh_main_sc_chs_chaos,wh3_dlc24_tze_mon_mutalith_vortex_beast,false,false,,true,2000,wh3_dlc24_mon_mutalith_vortex_beast,monster_beasts
wh_main_chs_chaos,wh_main_sc_chs_chaos,wh3_dlc24_tze_mon_mutalith_vortex_beast_ror,false,false,,true,2500,wh3_dlc24_mon_mutalith_vortex_beast,monster_beasts
wh_main_chs_chaos,wh_main_sc_chs_chaos,wh3_dlc24_tze_mon_screamers_ror,false,true,mp_cap_group_extended_roster_chaos_daemon_units,false,1000,wh3_main_tze_screamer,monster_beasts
wh_main_chs_chaos,wh_main_sc_chs_chaos,wh3_dlc25_chs_cha_chaos_lord_mnur,true,false,,true,1050,lord,commander
wh_main_chs_chaos,wh_main_sc_chs_chaos,wh3_dlc25_chs_cha_chaos_lord_mnur_chaos_chariot,true,false,,true,1350,lord,commander
wh_main_chs_chaos,wh_main_sc_chs_chaos,wh3_dlc25_chs_cha_chaos_lord_mnur_chaos_steed,true,false,,true,1250,lord,commander
wh_main_chs_chaos,wh_main_sc_chs_chaos,wh3_dlc25_chs_cha_chaos_lord_mnur_rot_beast,true,false,,true,1450,lord,commander
wh_main_chs_chaos,wh_main_sc_chs_chaos,wh3_dlc25_chs_cha_chaos_sorcerer_death_mnur,false,false,,true,500,wizard_death,heroes_agents
wh_main_chs_chaos,wh_main_sc_chs_chaos,wh3_dlc25_chs_cha_chaos_sorcerer_death_mnur_chaos_steed,false,false,,true,700,wizard_death,heroes_agents
wh_main_chs_chaos,wh_main_sc_chs_chaos,wh3_dlc25_chs_cha_chaos_sorcerer_death_mnur_rot_beast,false,false,,true,900,wizard_death,heroes_agents
wh_main_chs_chaos,wh_main_sc_chs_chaos,wh3_dlc25_chs_cha_chaos_sorcerer_death_mnur_warshrine,false,false,,true,1400,wizard_death,heroes_agents
wh_main_chs_chaos,wh_main_sc_chs_chaos,wh3_dlc25_chs_cha_chaos_sorcerer_nurgle_mnur,false,false,,true,500,wh3_main_wizard_nurgle,heroes_agents
wh_main_chs_chaos,wh_main_sc_chs_chaos,wh3_dlc25_chs_cha_chaos_sorcerer_nurgle_mnur_chaos_steed,false,false,,true,700,wh3_main_wizard_nurgle,heroes_agents
wh_main_chs_chaos,wh_main_sc_chs_chaos,wh3_dlc25_chs_cha_chaos_sorcerer_nurgle_mnur_rot_beast,false,false,,true,900,wh3_main_wizard_nurgle,heroes_agents
wh_main_chs_chaos,wh_main_sc_chs_chaos,wh3_dlc25_chs_cha_chaos_sorcerer_nurgle_mnur_warshrine,false,false,,true,1400,wh3_main_wizard_nurgle,heroes_agents
wh_main_chs_chaos,wh_main_sc_chs_chaos,wh3_dlc25_chs_cha_exalted_hero_mnur_rot_beast,false,false,,true,1300,chs_exalted_hero_cavalry,heroes_agents
wh_main_chs_chaos,wh_main_sc_chs_chaos,wh3_dlc25_nur_cav_rot_knights,false,false,,true,1800,nur_rot_knights,cavalry_chariots
wh_main_chs_chaos,wh_main_sc_chs_chaos,wh3_dlc25_nur_cav_rot_knights_ror,false,false,,true,2200,nur_rot_knights,cavalry_chariots
wh_main_chs_chaos,wh_main_sc_chs_chaos,wh3_dlc25_nur_inf_pestigors,false,true,mp_cap_group_extended_roster_chaos_daemon_units,false,675,infantry_axe_great,infantry
wh_main_chs_chaos,wh_main_sc_chs_chaos,wh3_dlc25_nur_inf_plague_ogres,false,true,mp_cap_group_extended_roster_chaos_daemon_units,false,1300,nur_plague_ogres,infantry
wh_main_chs_chaos,wh_main_sc_chs_chaos,wh3_dlc25_nur_inf_plague_ogres_great_weapons,false,true,mp_cap_group_extended_roster_chaos_daemon_units,false,1400,nur_plague_ogres,infantry
wh_main_chs_chaos,wh_main_sc_chs_chaos,wh3_dlc25_nur_mon_bile_trolls,false,false,,true,1050,monstrous_infantry,monster_beasts
wh_main_chs_chaos,wh_main_sc_chs_chaos,wh3_dlc25_nur_mon_toad_dragon,false,true,mp_cap_group_extended_roster_chaos_daemon_units,false,2000,nur_toad_dragon,monster_beasts
wh_main_chs_chaos,wh_main_sc_chs_chaos,wh3_dlc26_chs_inf_chosen_mkho_ror,false,false,,true,1800,infantry_spear_halberd,infantry
wh_main_chs_chaos,wh_main_sc_chs_chaos,wh3_dlc26_kho_cha_scyla_anfingrimm,false,false,,true,1225,kho_scyla_anfingrimm,heroes_agents
wh_main_chs_chaos,wh_main_sc_chs_chaos,wh3_dlc26_kho_inf_khorngors,false,true,mp_cap_group_extended_roster_chaos_daemon_units,false,725,infantry_spear_halberd,infantry
wh_main_chs_chaos,wh_main_sc_chs_chaos,wh3_dlc26_kho_mon_bloodbeast_of_khorne,false,false,,true,1100,kho_bloodbeast_of_khorne,monster_beasts
wh_main_chs_chaos,wh_main_sc_chs_chaos,wh3_dlc26_kho_mon_slaughterbrute,false,false,,true,2000,kho_slaughterbrute,monster_beasts
wh_main_chs_chaos,wh_main_sc_chs_chaos,wh3_dlc26_kho_veh_skullcannon_ror,false,true,mp_cap_group_extended_roster_chaos_daemon_units,false,1600,artillery_cannon,artillery_war_machines
wh_main_chs_chaos,wh_main_sc_chs_chaos,wh3_dlc27_chs_cha_chaos_lord_msla_daemonic_steed,true,false,,true,1450,lord,commander
wh_main_chs_chaos,wh_main_sc_chs_chaos,wh3_dlc27_chs_cha_chaos_sorcerer_shadows_msla_daemonic_steed,true,false,,true,900,wizard_shadows,heroes_agents
wh_main_chs_chaos,wh_main_sc_chs_chaos,wh3_dlc27_chs_cha_chaos_sorcerer_slaanesh_msla_daemonic_steed,true,false,,true,900,wh3_main_wizard_slaanesh,heroes_agents
wh_main_chs_chaos,wh_main_sc_chs_chaos,wh3_dlc27_chs_cha_exalted_hero_msla,false,false,,true,900,chs_exalted_hero,heroes_agents
wh_main_chs_chaos,wh_main_sc_chs_chaos,wh3_dlc27_chs_cha_exalted_hero_msla_chaos_chariot,false,false,,true,1200,chs_exalted_hero_chariot,heroes_agents
wh_main_chs_chaos,wh_main_sc_chs_chaos,wh3_dlc27_chs_cha_exalted_hero_msla_chaos_steed,false,false,,true,1100,chs_exalted_hero_cavalry,heroes_agents
wh_main_chs_chaos,wh_main_sc_chs_chaos,wh3_dlc27_chs_cha_exalted_hero_msla_daemonic_steed,false,false,,true,1150,chs_exalted_hero_cavalry,heroes_agents
wh_main_chs_chaos,wh_main_sc_chs_chaos,wh3_dlc27_chs_cha_sorcerer_lord_shadows_msla,true,false,,true,800,lord_wizard_shadows,commander
wh_main_chs_chaos,wh_main_sc_chs_chaos,wh3_dlc27_chs_cha_sorcerer_lord_shadows_msla_chaos_steed,true,false,,true,1000,lord_wizard_shadows,commander
wh_main_chs_chaos,wh_main_sc_chs_chaos,wh3_dlc27_chs_cha_sorcerer_lord_shadows_msla_daemonic_steed,true,false,,true,1250,lord_wizard_shadows,commander
wh_main_chs_chaos,wh_main_sc_chs_chaos,wh3_dlc27_chs_cha_sorcerer_lord_shadows_msla_warshrine,true,false,,true,1500,lord_wizard_shadows,commander
wh_main_chs_chaos,wh_main_sc_chs_chaos,wh3_dlc27_chs_cha_sorcerer_lord_slaanesh_msla,true,false,,true,800,wh3_lord_wizard_slaanesh,commander
wh_main_chs_chaos,wh_main_sc_chs_chaos,wh3_dlc27_chs_cha_sorcerer_lord_slaanesh_msla_chaos_steed,true,false,,true,1000,wh3_lord_wizard_slaanesh,commander
wh_main_chs_chaos,wh_main_sc_chs_chaos,wh3_dlc27_chs_cha_sorcerer_lord_slaanesh_msla_daemonic_steed,true,false,,true,1250,wh3_lord_wizard_slaanesh,commander
wh_main_chs_chaos,wh_main_sc_chs_chaos,wh3_dlc27_chs_cha_sorcerer_lord_slaanesh_msla_warshrine,true,false,,true,1500,wh3_lord_wizard_slaanesh,commander
wh_main_chs_chaos,wh_main_sc_chs_chaos,wh3_dlc27_nor_cav_chaos_chariot_ror,false,true,mp_cap_group_extended_roster_chaos_daemon_units,false,1000,chariot,cavalry_chariots
wh_main_chs_chaos,wh_main_sc_chs_chaos,wh3_dlc27_nor_cav_marauder_horsemen_ror,false,true,mp_cap_group_extended_roster_chaos_daemon_units,false,850,missile_cavalry_javelin,missile_cavalry_chariots
wh_main_chs_chaos,wh_main_sc_chs_chaos,wh3_dlc27_nor_cha_beorg_bearstruck,false,true,mp_cap_group_extended_roster_chaos_daemon_units,false,1300,wh3_dlc27_nor_beorg,heroes_agents
wh_main_chs_chaos,wh_main_sc_chs_chaos,wh3_dlc27_nor_inf_chaos_marauders_great_weapons_ror,false,true,mp_cap_group_extended_roster_chaos_daemon_units,false,650,infantry_axe_great,infantry
wh_main_chs_chaos,wh_main_sc_chs_chaos,wh3_dlc27_nor_inf_marauder_bearmen,false,true,mp_cap_group_extended_roster_chaos_daemon_units,false,575,infantry_axe,infantry
wh_main_chs_chaos,wh_main_sc_chs_chaos,wh3_dlc27_nor_inf_marauder_bearmen_greatweapons,false,true,mp_cap_group_extended_roster_chaos_daemon_units,false,650,infantry_axe_great,infantry
wh_main_chs_chaos,wh_main_sc_chs_chaos,wh3_dlc27_nor_mon_chimera,false,false,,true,1500,wh3_dlc27_nor_chimera,monster_beasts
wh_main_chs_chaos,wh_main_sc_chs_chaos,wh3_dlc27_nor_mon_dread_maw_underground,false,false,,true,1100,wh3_dlc27_nor_dread_maw,monster_beasts
wh_main_chs_chaos,wh_main_sc_chs_chaos,wh3_dlc27_sla_cav_pleasureseekers,false,true,mp_cap_group_extended_roster_chaos_daemon_units,false,1800,wh3_dlc27_pleasureseekers,cavalry_chariots
wh_main_chs_chaos,wh_main_sc_chs_chaos,wh3_dlc27_sla_cha_styrkaar_the_sortsvinaer,false,false,,true,1000,wh3_dlc27_sla_cha_styrkaar_the_sortsvinaer,heroes_agents
wh_main_chs_chaos,wh_main_sc_chs_chaos,wh3_dlc27_sla_cha_styrkaar_the_sortsvinaer_daemonic_steed,false,false,,true,1450,wh3_dlc27_sla_cha_styrkaar_the_sortsvinaer,heroes_agents
wh_main_chs_chaos,wh_main_sc_chs_chaos,wh3_dlc27_sla_cha_styrkaar_the_sortsvinaer_steed_of_slaanesh,false,false,,true,1200,wh3_dlc27_sla_cha_styrkaar_the_sortsvinaer,heroes_agents
wh_main_chs_chaos,wh_main_sc_chs_chaos,wh3_dlc27_sla_inf_slaangors,false,true,mp_cap_group_extended_roster_chaos_daemon_units,false,700,wh2_main_infantry_dual_swords,infantry
wh_main_chs_chaos,wh_main_sc_chs_chaos,wh3_dlc27_sla_mon_champions_of_slaanesh,false,false,,true,1750,wh3_dlc27_champions_of_slaanesh,monster_beasts
wh_main_chs_chaos,wh_main_sc_chs_chaos,wh3_dlc27_sla_mon_champions_of_slaanesh_ror,false,false,,true,1950,wh3_dlc27_champions_of_slaanesh,monster_beasts
wh_main_chs_chaos,wh_main_sc_chs_chaos,wh3_dlc27_woc_mon_chimera_ror,false,false,,true,1900,wh3_dlc27_nor_chimera,monster_beasts
wh_main_chs_chaos,wh_main_sc_chs_chaos,wh3_dlc29_chs_cha_bloab,false,false,,true,1200,wh3_dlc29_chs_bloab,heroes_agents
wh_main_chs_chaos,wh_main_sc_chs_chaos,wh3_dlc29_chs_cha_bloab_bilespurter,false,false,,true,2200,wh3_dlc29_chs_bloab,heroes_agents
wh_main_chs_chaos,wh_main_sc_chs_chaos,wh3_dlc29_chs_cha_glottkin,true,false,,true,2500,wh3_lord_wizard_nurgle,commander
wh_main_chs_chaos,wh_main_sc_chs_chaos,wh3_dlc29_chs_cha_gutrot_spume,false,false,,true,1200,wh3_dlc29_chs_gutrot,heroes_agents
wh_main_chs_chaos,wh_main_sc_chs_chaos,wh3_dlc29_chs_cha_gutrot_spume_warshrine,false,false,,true,1650,wh3_dlc29_chs_gutrot,heroes_agents
wh_main_chs_chaos,wh_main_sc_chs_chaos,wh3_dlc29_chs_cha_morbidex,false,false,,true,1200,wh3_dlc29_chs_morbidex,heroes_agents
wh_main_chs_chaos,wh_main_sc_chs_chaos,wh3_dlc29_chs_cha_morbidex_tripletongue,false,false,,true,2100,wh3_dlc29_chs_morbidex,heroes_agents
wh_main_chs_chaos,wh_main_sc_chs_chaos,wh3_dlc29_chs_cha_orghotts,false,false,,true,1200,wh3_dlc29_chs_orghotts,heroes_agents
wh_main_chs_chaos,wh_main_sc_chs_chaos,wh3_dlc29_chs_cha_orghotts_whippermaw,false,false,,true,2100,wh3_dlc29_chs_orghotts,heroes_agents
wh_main_chs_chaos,wh_main_sc_chs_chaos,wh3_dlc29_chs_inf_chosen_mnur_ror,false,false,,true,1800,infantry_axe_great,infantry
wh_main_chs_chaos,wh_main_sc_chs_chaos,wh3_dlc29_chs_inf_flayerkin,false,false,,true,625,wh3_dlc29_chs_flayerkin,infantry
wh_main_chs_chaos,wh_main_sc_chs_chaos,wh3_dlc29_chs_inf_putrid_blightkings_axe_shield,false,false,,true,1500,infantry_axe,infantry
wh_main_chs_chaos,wh_main_sc_chs_chaos,wh3_dlc29_chs_inf_putrid_blightkings_dual_axe,false,false,,true,1600,infantry_axe_dual,infantry
wh_main_chs_chaos,wh_main_sc_chs_chaos,wh3_dlc29_chs_inf_putrid_blightkings_dual_axe_ror,false,false,,true,1900,infantry_axe_dual,infantry
wh_main_chs_chaos,wh_main_sc_chs_chaos,wh3_dlc29_chs_inf_putrid_blightkings_great_weapons,false,false,,true,1650,infantry_axe_great,infantry
wh_main_chs_chaos,wh_main_sc_chs_chaos,wh3_dlc29_chs_mon_basilisk,false,false,,true,1600,wh3_dlc29_chs_basilisk,monster_beasts
wh_main_chs_chaos,wh_main_sc_chs_chaos,wh3_dlc29_chs_mon_chaos_siege_giant,false,false,,true,2000,wh3_dlc29_chs_chaos_siege_giant,monster_beasts
wh_main_chs_chaos,wh_main_sc_chs_chaos,wh3_dlc29_chs_mon_giant_spined_chaos_beast,false,false,,true,1350,wh3_dlc29_chs_giant_spined_chaos_beast,monster_beasts
wh_main_chs_chaos,wh_main_sc_chs_chaos,wh3_dlc29_chs_mon_giant_spined_chaos_beast_ror,false,false,,true,1700,wh3_dlc29_chs_giant_spined_chaos_beast,monster_beasts
wh_main_chs_chaos,wh_main_sc_chs_chaos,wh3_main_dae_cha_be_lakor_0,true,false,,true,2450,lord_wizard_shadows,commander
wh_main_chs_chaos,wh_main_sc_chs_chaos,wh3_main_dae_inf_chaos_furies_0,false,true,mp_cap_group_extended_roster_chaos_daemon_units,false,600,wh_dlc05_bst_harpies,monster_beasts
wh_main_chs_chaos,wh_main_sc_chs_chaos,wh3_main_kho_cav_bloodcrushers_0,false,true,mp_cap_group_extended_roster_chaos_daemon_units,false,1500,chaos_juggernaut_sword,cavalry_chariots
wh_main_chs_chaos,wh_main_sc_chs_chaos,wh3_main_kho_cav_gorebeast_chariot,false,false,,true,1250,monstrous_chariot,cavalry_chariots
wh_main_chs_chaos,wh_main_sc_chs_chaos,wh3_main_kho_cav_skullcrushers_0,false,false,,true,1700,chaos_juggernaut_lance,cavalry_chariots
wh_main_chs_chaos,wh_main_sc_chs_chaos,wh3_main_kho_inf_bloodletters_0,false,true,mp_cap_group_extended_roster_chaos_daemon_units,false,800,infantry_sword_great,infantry
wh_main_chs_chaos,wh_main_sc_chs_chaos,wh3_main_kho_inf_chaos_furies_0,false,true,mp_cap_group_extended_roster_chaos_daemon_units,false,650,wh_dlc05_bst_harpies,monster_beasts
wh_main_chs_chaos,wh_main_sc_chs_chaos,wh3_main_kho_inf_chaos_warhounds_0,false,false,,true,450,war_beast,monster_beasts
wh_main_chs_chaos,wh_main_sc_chs_chaos,wh3_main_kho_inf_chaos_warriors_0,false,false,,true,800,infantry_axe,infantry
wh_main_chs_chaos,wh_main_sc_chs_chaos,wh3_main_kho_inf_chaos_warriors_1,false,false,,true,900,infantry_spear_halberd,infantry
wh_main_chs_chaos,wh_main_sc_chs_chaos,wh3_main_kho_inf_chaos_warriors_2,false,false,,true,950,infantry_axe_dual,infantry
wh_main_chs_chaos,wh_main_sc_chs_chaos,wh3_main_kho_inf_flesh_hounds_of_khorne_0,false,true,mp_cap_group_extended_roster_chaos_daemon_units,false,750,war_beast,monster_beasts
wh_main_chs_chaos,wh_main_sc_chs_chaos,wh3_main_kho_mon_bloodthirster_0,false,true,mp_cap_group_extended_roster_chaos_daemon_units,false,2000,wh3_main_kho_bloodthirster,monster_beasts
wh_main_chs_chaos,wh_main_sc_chs_chaos,wh3_main_kho_mon_spawn_of_khorne_0,false,true,,false,1050,chaos_spawn,monster_beasts
wh_main_chs_chaos,wh_main_sc_chs_chaos,wh3_main_kho_veh_skullcannon_0,false,true,mp_cap_group_extended_roster_chaos_daemon_units,false,1100,artillery_cannon,artillery_war_machines
wh_main_chs_chaos,wh_main_sc_chs_chaos,wh3_main_nur_cav_plague_drones_0,false,true,mp_cap_group_extended_roster_chaos_daemon_units,false,1100,wh3_main_nur_rot_flies,monster_beasts
wh_main_chs_chaos,wh_main_sc_chs_chaos,wh3_main_nur_cav_pox_riders_of_nurgle_0,false,true,mp_cap_group_extended_roster_chaos_daemon_units,false,1000,wh3_main_nur_toads,monster_beasts
wh_main_chs_chaos,wh_main_sc_chs_chaos,wh3_main_nur_inf_chaos_furies_0,false,true,mp_cap_group_extended_roster_chaos_daemon_units,false,650,wh_dlc05_bst_harpies,monster_beasts
wh_main_chs_chaos,wh_main_sc_chs_chaos,wh3_main_nur_inf_forsaken_0,false,false,,true,850,chaos_forsaken,infantry
wh_main_chs_chaos,wh_main_sc_chs_chaos,wh3_main_nur_inf_nurglings_0,false,true,mp_cap_group_extended_roster_chaos_daemon_units,false,350,wh3_main_nur_nurglings,infantry
wh_main_chs_chaos,wh_main_sc_chs_chaos,wh3_main_nur_inf_plaguebearers_0,false,true,mp_cap_group_extended_roster_chaos_daemon_units,false,700,wh3_main_nur_plaguebearers,infantry
wh_main_chs_chaos,wh_main_sc_chs_chaos,wh3_main_nur_mon_beast_of_nurgle_0,false,true,mp_cap_group_extended_roster_chaos_daemon_units,false,800,wh3_main_nur_beast_of_nurgle,monster_beasts
wh_main_chs_chaos,wh_main_sc_chs_chaos,wh3_main_nur_mon_great_unclean_one_0,false,true,mp_cap_group_extended_roster_chaos_daemon_units,false,1600,wh3_main_nur_great_unclean_one,monster_beasts
wh_main_chs_chaos,wh_main_sc_chs_chaos,wh3_main_nur_mon_plague_toads_0,false,true,mp_cap_group_extended_roster_chaos_daemon_units,false,650,wh3_main_nur_toads,monster_beasts
wh_main_chs_chaos,wh_main_sc_chs_chaos,wh3_main_nur_mon_rot_flies_0,false,true,mp_cap_group_extended_roster_chaos_daemon_units,false,800,wh3_main_nur_rot_flies,monster_beasts
wh_main_chs_chaos,wh_main_sc_chs_chaos,wh3_main_nur_mon_spawn_of_nurgle_0,false,false,,true,1050,chaos_spawn,monster_beasts
wh_main_chs_chaos,wh_main_sc_chs_chaos,wh3_main_sla_cav_hellstriders_0,false,false,,true,675,wh3_main_sla_steed_spear,cavalry_chariots
wh_main_chs_chaos,wh_main_sc_chs_chaos,wh3_main_sla_cav_hellstriders_1,false,false,,true,725,wh3_main_sla_steed_whip,cavalry_chariots
wh_main_chs_chaos,wh_main_sc_chs_chaos,wh3_main_sla_inf_chaos_furies_0,false,true,mp_cap_group_extended_roster_chaos_daemon_units,false,650,wh_dlc05_bst_harpies,monster_beasts
wh_main_chs_chaos,wh_main_sc_chs_chaos,wh3_main_sla_inf_daemonette_0,false,true,mp_cap_group_extended_roster_chaos_daemon_units,false,750,wh3_main_sla_daemonettes,infantry
wh_main_chs_chaos,wh_main_sc_chs_chaos,wh3_main_sla_mon_fiends_of_slaanesh_0,false,true,mp_cap_group_extended_roster_chaos_daemon_units,false,1325,wh3_main_sla_fiend,monster_beasts
wh_main_chs_chaos,wh_main_sc_chs_chaos,wh3_main_sla_mon_keeper_of_secrets_0,false,true,mp_cap_group_extended_roster_chaos_daemon_units,false,1650,wh3_main_sla_keeper_of_secrets,monster_beasts
wh_main_chs_chaos,wh_main_sc_chs_chaos,wh3_main_sla_mon_spawn_of_slaanesh_0,false,false,,true,1050,chaos_spawn,monster_beasts
wh_main_chs_chaos,wh_main_sc_chs_chaos,wh3_main_tze_cav_chaos_knights_0,false,false,,true,1400,cavalry,cavalry_chariots
wh_main_chs_chaos,wh_main_sc_chs_chaos,wh3_main_tze_cav_doom_knights_0,false,false,,true,1500,cavalry_disc,cavalry_chariots
wh_main_chs_chaos,wh_main_sc_chs_chaos,wh3_main_tze_inf_blue_horrors_0,false,true,mp_cap_group_extended_roster_chaos_daemon_units,false,500,wh3_main_tze_blue_horror,infantry
wh_main_chs_chaos,wh_main_sc_chs_chaos,wh3_main_tze_inf_chaos_furies_0,false,true,mp_cap_group_extended_roster_chaos_daemon_units,false,650,wh_dlc05_bst_harpies,monster_beasts
wh_main_chs_chaos,wh_main_sc_chs_chaos,wh3_main_tze_inf_forsaken_0,false,false,,true,825,chaos_forsaken,infantry
wh_main_chs_chaos,wh_main_sc_chs_chaos,wh3_main_tze_inf_pink_horrors_0,false,true,mp_cap_group_extended_roster_chaos_daemon_units,false,700,wh3_main_tze_pink_horror,missile_infantry
wh_main_chs_chaos,wh_main_sc_chs_chaos,wh3_main_tze_mon_flamers_0,false,true,mp_cap_group_extended_roster_chaos_daemon_units,false,800,wh3_main_tze_flamer,missile_monster_beasts
wh_main_chs_chaos,wh_main_sc_chs_chaos,wh3_main_tze_mon_lord_of_change_0,false,true,mp_cap_group_extended_roster_chaos_daemon_units,false,1450,wh3_main_tze_lord_of_change,monster_beasts
wh_main_chs_chaos,wh_main_sc_chs_chaos,wh3_main_tze_mon_screamers_0,false,true,mp_cap_group_extended_roster_chaos_daemon_units,false,700,wh3_main_tze_screamer,monster_beasts
wh_main_chs_chaos,wh_main_sc_chs_chaos,wh3_main_tze_mon_spawn_of_tzeentch_0,false,false,,true,1050,chaos_spawn,monster_beasts
wh_main_chs_chaos,wh_main_sc_chs_chaos,wh3_pro11_chs_cha_harald_hammerstorm,false,false,,true,1600,chs_harald_hammerstorm,heroes_agents
wh_main_chs_chaos,wh_main_sc_chs_chaos,wh3_twa07_tze_cav_doom_knights_ror_0,false,false,,true,1700,cavalry_disc,cavalry_chariots
wh_main_chs_chaos,wh_main_sc_chs_chaos,wh3_twa08_kho_mon_bloodthirster_0_ror,false,true,mp_cap_group_extended_roster_chaos_daemon_units,false,2350,wh3_main_kho_bloodthirster,monster_beasts
wh_main_chs_chaos,wh_main_sc_chs_chaos,wh3_twa08_nur_mon_great_unclean_one_0_ror,false,true,mp_cap_group_extended_roster_chaos_daemon_units,false,1900,wh3_main_nur_great_unclean_one,monster_beasts
wh_main_chs_chaos,wh_main_sc_chs_chaos,wh3_twa08_sla_mon_keeper_of_secrets_0_ror,false,true,mp_cap_group_extended_roster_chaos_daemon_units,false,2000,wh3_main_sla_keeper_of_secrets,monster_beasts
wh_main_chs_chaos,wh_main_sc_chs_chaos,wh3_twa08_tze_mon_lord_of_change_0_ror,false,true,mp_cap_group_extended_roster_chaos_daemon_units,false,1800,wh3_main_tze_lord_of_change,monster_beasts
wh_main_chs_chaos,wh_main_sc_chs_chaos,wh3_twa10_kho_inf_flesh_hounds_of_khorne_ror,false,true,mp_cap_group_extended_roster_chaos_daemon_units,false,1000,war_beast,monster_beasts
wh_main_chs_chaos,wh_main_sc_chs_chaos,wh3_twa10_nur_inf_nurglings_ror,false,true,mp_cap_group_extended_roster_chaos_daemon_units,false,550,wh3_main_nur_nurglings,infantry
wh_main_chs_chaos,wh_main_sc_chs_chaos,wh3_twa10_tze_inf_blue_horrors_ror,false,true,mp_cap_group_extended_roster_chaos_daemon_units,false,750,wh3_main_tze_blue_horror,infantry
wh_main_chs_chaos,wh_main_sc_chs_chaos,wh_dlc01_chs_cav_gorebeast_chariot,false,false,,true,1150,monstrous_chariot,cavalry_chariots
wh_main_chs_chaos,wh_main_sc_chs_chaos,wh_dlc01_chs_cha_chaos_lord_10,true,false,,true,1400,lord,commander
wh_main_chs_chaos,wh_main_sc_chs_chaos,wh_dlc01_chs_cha_chaos_lord_2,true,false,,true,2100,lord,commander
wh_main_chs_chaos,wh_main_sc_chs_chaos,wh_dlc01_chs_cha_chaos_sorcerer_lord_death_0,true,false,,true,700,lord_wizard_death,commander
wh_main_chs_chaos,wh_main_sc_chs_chaos,wh_dlc01_chs_cha_chaos_sorcerer_lord_death_10,true,false,,true,2000,lord_wizard_death,commander
wh_main_chs_chaos,wh_main_sc_chs_chaos,wh_dlc01_chs_cha_chaos_sorcerer_lord_death_12,true,false,,true,900,lord_wizard_death,commander
wh_main_chs_chaos,wh_main_sc_chs_chaos,wh_dlc01_chs_cha_chaos_sorcerer_lord_death_9,true,false,,true,1200,lord_wizard_death,commander
wh_main_chs_chaos,wh_main_sc_chs_chaos,wh_dlc01_chs_cha_chaos_sorcerer_lord_fire_0,true,false,,true,700,lord_wizard_fire,commander
wh_main_chs_chaos,wh_main_sc_chs_chaos,wh_dlc01_chs_cha_chaos_sorcerer_lord_fire_10,true,false,,true,2000,lord_wizard_fire,commander
wh_main_chs_chaos,wh_main_sc_chs_chaos,wh_dlc01_chs_cha_chaos_sorcerer_lord_fire_12,true,false,,true,900,lord_wizard_fire,commander
wh_main_chs_chaos,wh_main_sc_chs_chaos,wh_dlc01_chs_cha_chaos_sorcerer_lord_fire_9,true,false,,true,1200,lord_wizard_fire,commander
wh_main_chs_chaos,wh_main_sc_chs_chaos,wh_dlc01_chs_cha_chaos_sorcerer_lord_metal_0,true,false,,true,700,lord_wizard_metal,commander
wh_main_chs_chaos,wh_main_sc_chs_chaos,wh_dlc01_chs_cha_chaos_sorcerer_lord_metal_10,true,false,,true,2000,lord_wizard_metal,commander
wh_main_chs_chaos,wh_main_sc_chs_chaos,wh_dlc01_chs_cha_chaos_sorcerer_lord_metal_12,true,false,,true,900,lord_wizard_metal,commander
wh_main_chs_chaos,wh_main_sc_chs_chaos,wh_dlc01_chs_cha_chaos_sorcerer_lord_metal_9,true,false,,true,1200,lord_wizard_metal,commander
wh_main_chs_chaos,wh_main_sc_chs_chaos,wh_dlc01_chs_cha_chaos_sorcerer_lord_shadows_0,true,false,,true,700,lord_wizard_shadows,commander
wh_main_chs_chaos,wh_main_sc_chs_chaos,wh_dlc01_chs_cha_chaos_sorcerer_lord_shadows_1,true,false,,true,900,lord_wizard_shadows,commander
wh_main_chs_chaos,wh_main_sc_chs_chaos,wh_dlc01_chs_cha_chaos_sorcerer_lord_shadows_3,true,false,,true,1200,lord_wizard_shadows,commander
wh_main_chs_chaos,wh_main_sc_chs_chaos,wh_dlc01_chs_cha_chaos_sorcerer_lord_shadows_4,true,false,,true,2000,lord_wizard_shadows,commander
wh_main_chs_chaos,wh_main_sc_chs_chaos,wh_dlc01_chs_cha_chaos_sorcerer_shadows_0,false,false,,true,400,wizard_shadows,heroes_agents
wh_main_chs_chaos,wh_main_sc_chs_chaos,wh_dlc01_chs_cha_chaos_sorcerer_shadows_1,false,false,,true,600,wizard_shadows_cavalry,heroes_agents
wh_main_chs_chaos,wh_main_sc_chs_chaos,wh_dlc01_chs_cha_chaos_sorcerer_shadows_3,false,false,,true,1000,wizard_shadows_flying_monster,heroes_agents
wh_main_chs_chaos,wh_main_sc_chs_chaos,wh_dlc01_chs_cha_exalted_hero_10,false,false,,true,1100,chs_exalted_hero_manticore,heroes_agents
wh_main_chs_chaos,wh_main_sc_chs_chaos,wh_dlc01_chs_cha_kholek,true,false,,true,2200,lord,commander
wh_main_chs_chaos,wh_main_sc_chs_chaos,wh_dlc01_chs_cha_prince_sigvald_the_magnificent,true,false,,true,1200,lord,commander
wh_main_chs_chaos,wh_main_sc_chs_chaos,wh_dlc01_chs_inf_chaos_warriors_2,false,false,,true,825,infantry_axe_great,infantry
wh_main_chs_chaos,wh_main_sc_chs_chaos,wh_dlc01_chs_inf_chosen_2,false,false,,true,1400,infantry_spear_halberd,infantry
wh_main_chs_chaos,wh_main_sc_chs_chaos,wh_dlc01_chs_inf_forsaken_0,false,false,,true,750,chaos_forsaken,infantry
wh_main_chs_chaos,wh_main_sc_chs_chaos,wh_dlc01_chs_mon_dragon_ogre,false,false,,true,1550,chs_dragon_ogres,monster_beasts
wh_main_chs_chaos,wh_main_sc_chs_chaos,wh_dlc01_chs_mon_dragon_ogre_shaggoth,false,false,,true,2000,chs_dragon_ogre_shaggoth,monster_beasts
wh_main_chs_chaos,wh_main_sc_chs_chaos,wh_dlc01_chs_mon_trolls_1,false,false,,true,900,monstrous_infantry,monster_beasts
wh_main_chs_chaos,wh_main_sc_chs_chaos,wh_dlc06_chs_cav_marauder_horsemasters_0,false,false,,true,800,missile_cavalry_javelin,missile_cavalry_chariots
wh_main_chs_chaos,wh_main_sc_chs_chaos,wh_dlc06_chs_feral_manticore,false,false,,true,800,wh2_dlc17_bst_manticore,monster_beasts
wh_main_chs_chaos,wh_main_sc_chs_chaos,wh_dlc06_chs_inf_aspiring_champions_0,false,false,,true,1100,infantry_sword,infantry
wh_main_chs_chaos,wh_main_sc_chs_chaos,wh_main_chs_art_hellcannon,false,false,,true,1200,artillery_cannon,artillery_war_machines
wh_main_chs_chaos,wh_main_sc_chs_chaos,wh_main_chs_cav_chaos_chariot,false,false,,true,750,chariot,cavalry_chariots
wh_main_chs_chaos,wh_main_sc_chs_chaos,wh_main_chs_cav_chaos_knights_0,false,false,,true,1300,cavalry,cavalry_chariots
wh_main_chs_chaos,wh_main_sc_chs_chaos,wh_main_chs_cav_chaos_knights_1,false,false,,true,1300,shock_cavalry,cavalry_chariots
wh_main_chs_chaos,wh_main_sc_chs_chaos,wh_main_chs_cav_marauder_horsemen_0,false,false,,true,550,missile_cavalry_javelin,missile_cavalry_chariots
wh_main_chs_chaos,wh_main_sc_chs_chaos,wh_main_chs_cav_marauder_horsemen_1,false,false,,true,600,missile_cavalry_axe,missile_cavalry_chariots
wh_main_chs_chaos,wh_main_sc_chs_chaos,wh_main_chs_cha_archaon_the_everchosen_0,true,false,,true,1450,lord_wizard_mixed,commander
wh_main_chs_chaos,wh_main_sc_chs_chaos,wh_main_chs_cha_archaon_the_everchosen_1,true,false,,true,1850,lord_wizard_mixed,commander
wh_main_chs_chaos,wh_main_sc_chs_chaos,wh_main_chs_cha_chaos_lord_0,true,false,,true,900,lord,commander
wh_main_chs_chaos,wh_main_sc_chs_chaos,wh_main_chs_cha_chaos_lord_11,true,false,,true,1100,lord,commander
wh_main_chs_chaos,wh_main_sc_chs_chaos,wh_main_chs_cha_chaos_lord_8,true,false,,true,1200,lord,commander
wh_main_chs_chaos,wh_main_sc_chs_chaos,wh_main_chs_cha_chaos_sorcerer_death_0,false,false,,true,400,wizard_death,heroes_agents
wh_main_chs_chaos,wh_main_sc_chs_chaos,wh_main_chs_cha_chaos_sorcerer_death_10,false,false,,true,600,wizard_death_cavalry,heroes_agents
wh_main_chs_chaos,wh_main_sc_chs_chaos,wh_main_chs_cha_chaos_sorcerer_death_9,false,false,,true,1000,wizard_death_flying_monster,heroes_agents
wh_main_chs_chaos,wh_main_sc_chs_chaos,wh_main_chs_cha_chaos_sorcerer_fire_0,false,false,,true,400,wizard_fire,heroes_agents
wh_main_chs_chaos,wh_main_sc_chs_chaos,wh_main_chs_cha_chaos_sorcerer_fire_10,false,false,,true,600,wizard_fire_cavalry,heroes_agents
wh_main_chs_chaos,wh_main_sc_chs_chaos,wh_main_chs_cha_chaos_sorcerer_fire_9,false,false,,true,1000,wizard_fire_manticore,heroes_agents
wh_main_chs_chaos,wh_main_sc_chs_chaos,wh_main_chs_cha_chaos_sorcerer_metal_0,false,false,,true,400,wizard_metal,heroes_agents
wh_main_chs_chaos,wh_main_sc_chs_chaos,wh_main_chs_cha_chaos_sorcerer_metal_10,true,false,,true,600,wizard_metal_cavalry,heroes_agents
wh_main_chs_chaos,wh_main_sc_chs_chaos,wh_main_chs_cha_chaos_sorcerer_metal_9,true,false,,true,1000,wizard_metal_manticore,heroes_agents
wh_main_chs_chaos,wh_main_sc_chs_chaos,wh_main_chs_cha_exalted_hero_0,false,false,,true,600,chs_exalted_hero,heroes_agents
wh_main_chs_chaos,wh_main_sc_chs_chaos,wh_main_chs_cha_exalted_hero_12,false,false,,true,800,chs_exalted_hero_cavalry,heroes_agents
wh_main_chs_chaos,wh_main_sc_chs_chaos,wh_main_chs_cha_exalted_hero_7,false,false,,true,900,chs_exalted_hero_chariot,heroes_agents
wh_main_chs_chaos,wh_main_sc_chs_chaos,wh_main_chs_cha_lord_of_change_0,true,false,,true,1800,lord_wizard_metal,commander
wh_main_chs_chaos,wh_main_sc_chs_chaos,wh_main_chs_inf_chaos_marauders_0,false,false,,true,375,infantry_axe,infantry
wh_main_chs_chaos,wh_main_sc_chs_chaos,wh_main_chs_inf_chaos_marauders_1,false,false,,true,450,infantry_axe_great,infantry
wh_main_chs_chaos,wh_main_sc_chs_chaos,wh_main_chs_inf_chaos_warriors_0,false,false,,true,750,infantry_axe,infantry
wh_main_chs_chaos,wh_main_sc_chs_chaos,wh_main_chs_inf_chaos_warriors_1,false,false,,true,850,infantry_spear_halberd,infantry
wh_main_chs_chaos,wh_main_sc_chs_chaos,wh_main_chs_inf_chosen_0,false,false,,true,1250,infantry_axe,infantry
wh_main_chs_chaos,wh_main_sc_chs_chaos,wh_main_chs_inf_chosen_1,false,false,,true,1350,infantry_axe_great,infantry
wh_main_chs_chaos,wh_main_sc_chs_chaos,wh_main_chs_mon_chaos_spawn,false,false,,true,950,chaos_spawn,monster_beasts
wh_main_chs_chaos,wh_main_sc_chs_chaos,wh_main_chs_mon_chaos_warhounds_0,false,false,,true,400,war_beast,monster_beasts
wh_main_chs_chaos,wh_main_sc_chs_chaos,wh_main_chs_mon_chaos_warhounds_1,false,false,,true,450,war_beast,monster_beasts
wh_main_chs_chaos,wh_main_sc_chs_chaos,wh_main_chs_mon_giant,false,false,,true,1400,giant,monster_beasts
wh_main_chs_chaos,wh_main_sc_chs_chaos,wh_main_chs_mon_trolls,false,false,,true,750,monstrous_infantry,monster_beasts
wh_main_chs_chaos,wh_main_sc_chs_chaos,wh_pro04_chs_art_hellcannon_ror_0,false,false,,true,1550,artillery_cannon,artillery_war_machines
wh_main_chs_chaos,wh_main_sc_chs_chaos,wh_pro04_chs_cav_chaos_knights_ror_0,false,false,,true,1500,cavalry,cavalry_chariots
wh_main_chs_chaos,wh_main_sc_chs_chaos,wh_pro04_chs_inf_chaos_warriors_ror_0,false,false,,true,1000,infantry_sword,infantry
wh_main_chs_chaos,wh_main_sc_chs_chaos,wh_pro04_chs_inf_forsaken_ror_0,false,false,,true,1000,chaos_forsaken,infantry
wh_main_chs_chaos,wh_main_sc_chs_chaos,wh_pro04_chs_mon_chaos_spawn_ror_0,false,false,,true,1250,chaos_spawn,monster_beasts
wh_main_chs_chaos,wh_main_sc_chs_chaos,wh_pro04_chs_mon_dragon_ogre_ror_0,false,false,,true,1850,chs_dragon_ogres,monster_beasts
wh_main_chs_chaos,wh_main_sc_chs_chaos,wh_pro04_nor_inf_marauder_berserkers_ror_0,false,true,mp_cap_group_extended_roster_chaos_daemon_units,false,1000,infantry_axe_dual,infantry
wh_main_dwf_dwarfs,wh_main_sc_dwf_dwarfs,wh2_dlc10_dwf_inf_giant_slayers,false,false,,true,1200,infantry_axe_great,infantry
wh_main_dwf_dwarfs,wh_main_sc_dwf_dwarfs,wh2_dlc17_dwf_cha_thane_ghost_2,false,true,mp_cap_group_extended_roster,false,1000,dwf_thane_campaign,campaign_exclusives
wh_main_dwf_dwarfs,wh_main_sc_dwf_dwarfs,wh2_dlc17_dwf_cha_thorek_ironbrow_0,true,false,,true,1100,lord_wizard_runelord,commander
wh_main_dwf_dwarfs,wh_main_sc_dwf_dwarfs,wh2_dlc17_dwf_cha_thorek_ironbrow_1,true,false,,true,1550,lord_wizard_runelord,commander
wh_main_dwf_dwarfs,wh_main_sc_dwf_dwarfs,wh2_dlc17_dwf_mon_carnosaur_thorek_0,false,true,mp_cap_group_extended_roster,false,1500,wh2_dlc17_lzd_carnosaur,monster_beasts
wh_main_dwf_dwarfs,wh_main_sc_dwf_dwarfs,wh2_pro08_neu_cha_felix,false,false,,true,800,wh2_pro08_cha_felix,heroes_agents
wh_main_dwf_dwarfs,wh_main_sc_dwf_dwarfs,wh2_pro08_neu_cha_gotrek,false,false,,true,1150,wh2_pro08_cha_gotrek,heroes_agents
wh_main_dwf_dwarfs,wh_main_sc_dwf_dwarfs,wh3_dlc23_neu_cha_ulrika,false,true,mp_cap_group_extended_roster_dwarfs,false,900,wh3_dlc23_cha_ulrika,heroes_agents
wh_main_dwf_dwarfs,wh_main_sc_dwf_dwarfs,wh3_dlc23_neu_cha_ulrika_warhorse,false,true,mp_cap_group_extended_roster_dwarfs,false,1100,wh3_dlc23_cha_ulrika,heroes_agents
wh_main_dwf_dwarfs,wh_main_sc_dwf_dwarfs,wh3_dlc25_dwf_art_goblin_hewer,false,false,,true,950,goblin_hewer,artillery_war_machines
wh_main_dwf_dwarfs,wh_main_sc_dwf_dwarfs,wh3_dlc25_dwf_art_grudge_thrower_grudge_reward,false,true,mp_cap_group_extended_roster,false,700,catapult,artillery_war_machines
wh_main_dwf_dwarfs,wh_main_sc_dwf_dwarfs,wh3_dlc25_dwf_cha_daemon_slayer,true,false,,true,900,lord,commander
wh_main_dwf_dwarfs,wh_main_sc_dwf_dwarfs,wh3_dlc25_dwf_cha_dragon_slayer,false,false,,true,700,dwf_dragon_slayer,heroes_agents
wh_main_dwf_dwarfs,wh_main_sc_dwf_dwarfs,wh3_dlc25_dwf_cha_garagrim_ironfist,false,false,,true,800,dwf_garagrim_ironfist,heroes_agents
wh_main_dwf_dwarfs,wh_main_sc_dwf_dwarfs,wh3_dlc25_dwf_cha_malakai_makaisson,true,false,,true,1050,lord,commander
wh_main_dwf_dwarfs,wh_main_sc_dwf_dwarfs,wh3_dlc25_dwf_inf_doomseekers,false,false,,true,1350,infantry_axe_dual,infantry
wh_main_dwf_dwarfs,wh_main_sc_dwf_dwarfs,wh3_dlc25_dwf_inf_doomseekers_ror,false,false,,true,1600,infantry_axe_dual,infantry
wh_main_dwf_dwarfs,wh_main_sc_dwf_dwarfs,wh3_dlc25_dwf_inf_slayer_pirates,false,false,,true,750,missile_infantry_pistol,missile_infantry
wh_main_dwf_dwarfs,wh_main_sc_dwf_dwarfs,wh3_dlc25_dwf_inf_slayer_pirates_ror,false,false,,true,900,missile_infantry_pistol,missile_infantry
wh_main_dwf_dwarfs,wh_main_sc_dwf_dwarfs,wh3_dlc25_dwf_inf_thunderers_grudge_rakers,false,false,,true,850,missile_infantry_grudge_raker,missile_infantry
wh_main_dwf_dwarfs,wh_main_sc_dwf_dwarfs,wh3_dlc25_dwf_inf_thunderers_ror,false,false,,true,950,missile_infantry_grudge_raker,missile_infantry
wh_main_dwf_dwarfs,wh_main_sc_dwf_dwarfs,wh3_dlc25_dwf_veh_thunderbarge,false,false,,true,3400,dwf_thunderbarge,flying_war_machine
wh_main_dwf_dwarfs,wh_main_sc_dwf_dwarfs,wh3_dlc25_dwf_veh_thunderbarge_grungni_mp,false,true,mp_cap_group_extended_roster,false,3800,dwf_thunderbarge,flying_war_machine
wh_main_dwf_dwarfs,wh_main_sc_dwf_dwarfs,wh_dlc06_dwf_art_bolt_thrower_0,false,false,,true,750,wh_dlc06_bolt_thrower,artillery_war_machines
wh_main_dwf_dwarfs,wh_main_sc_dwf_dwarfs,wh_dlc06_dwf_art_gob_lobber_0,false,false,,true,900,catapult,artillery_war_machines
wh_main_dwf_dwarfs,wh_main_sc_dwf_dwarfs,wh_dlc06_dwf_cha_belegar_ironhammer_0,true,false,,true,900,lord,commander
wh_main_dwf_dwarfs,wh_main_sc_dwf_dwarfs,wh_dlc06_dwf_cha_master_engineer_ghost_0,false,true,mp_cap_group_extended_roster,false,1050,dwf_master_engineer_campaign,campaign_exclusives
wh_main_dwf_dwarfs,wh_main_sc_dwf_dwarfs,wh_dlc06_dwf_cha_runelord_0,true,false,,true,850,lord_wizard_runelord,commander
wh_main_dwf_dwarfs,wh_main_sc_dwf_dwarfs,wh_dlc06_dwf_cha_runelord_1,true,false,,true,1200,lord_wizard_runelord,commander
wh_main_dwf_dwarfs,wh_main_sc_dwf_dwarfs,wh_dlc06_dwf_cha_runesmith_ghost_0,false,true,mp_cap_group_extended_roster,false,1100,dwf_runesmith_campaign,campaign_exclusives
wh_main_dwf_dwarfs,wh_main_sc_dwf_dwarfs,wh_dlc06_dwf_cha_thane_ghost_0,false,true,mp_cap_group_extended_roster,false,1000,dwf_thane_campaign,campaign_exclusives
wh_main_dwf_dwarfs,wh_main_sc_dwf_dwarfs,wh_dlc06_dwf_cha_thane_ghost_1,false,true,mp_cap_group_extended_roster,false,1000,dwf_thane_campaign,campaign_exclusives
wh_main_dwf_dwarfs,wh_main_sc_dwf_dwarfs,wh_dlc06_dwf_inf_bugmans_rangers_0,false,false,,true,800,missile_infantry_crossbow,missile_infantry
wh_main_dwf_dwarfs,wh_main_sc_dwf_dwarfs,wh_dlc06_dwf_inf_dragonback_slayers_0,false,false,,true,1200,infantry_axe_dual,infantry
wh_main_dwf_dwarfs,wh_main_sc_dwf_dwarfs,wh_dlc06_dwf_inf_ekrund_miners_0,false,false,,true,600,infantry_pickaxe,infantry
wh_main_dwf_dwarfs,wh_main_sc_dwf_dwarfs,wh_dlc06_dwf_inf_norgrimlings_ironbreakers_0,false,false,,true,1650,infantry_axe,infantry
wh_main_dwf_dwarfs,wh_main_sc_dwf_dwarfs,wh_dlc06_dwf_inf_norgrimlings_irondrakes_0,false,false,,true,1050,dwf_irondrakes,missile_infantry
wh_main_dwf_dwarfs,wh_main_sc_dwf_dwarfs,wh_dlc06_dwf_inf_old_grumblers_0,false,false,,true,1000,infantry_axe_great,infantry
wh_main_dwf_dwarfs,wh_main_sc_dwf_dwarfs,wh_dlc06_dwf_inf_peak_gate_guard_0,false,false,,true,1550,infantry_hammer_great,infantry
wh_main_dwf_dwarfs,wh_main_sc_dwf_dwarfs,wh_dlc06_dwf_inf_rangers_0,false,false,,true,525,missile_infantry_crossbow,missile_infantry
wh_main_dwf_dwarfs,wh_main_sc_dwf_dwarfs,wh_dlc06_dwf_inf_rangers_1,false,false,,true,600,infantry_axe_throwing,missile_infantry
wh_main_dwf_dwarfs,wh_main_sc_dwf_dwarfs,wh_dlc06_dwf_inf_ulthars_raiders_0,false,false,,true,750,infantry_axe_throwing,missile_infantry
wh_main_dwf_dwarfs,wh_main_sc_dwf_dwarfs,wh_dlc06_dwf_inf_warriors_dragonfire_pass_0,false,false,,true,700,infantry_axe,infantry
wh_main_dwf_dwarfs,wh_main_sc_dwf_dwarfs,wh_dlc06_dwf_veh_skyhammer_0,false,false,,true,1400,dwf_gyrocopter,flying_war_machine
wh_main_dwf_dwarfs,wh_main_sc_dwf_dwarfs,wh_main_dwf_art_cannon,false,false,,true,800,artillery_cannon,artillery_war_machines
wh_main_dwf_dwarfs,wh_main_sc_dwf_dwarfs,wh_main_dwf_art_flame_cannon,false,false,,true,1100,field_gun_flame,artillery_war_machines
wh_main_dwf_dwarfs,wh_main_sc_dwf_dwarfs,wh_main_dwf_art_flame_cannon_grudge_reward,false,true,mp_cap_group_extended_roster,false,1200,field_gun_flame,artillery_war_machines
wh_main_dwf_dwarfs,wh_main_sc_dwf_dwarfs,wh_main_dwf_art_grudge_thrower,false,false,,true,700,catapult,artillery_war_machines
wh_main_dwf_dwarfs,wh_main_sc_dwf_dwarfs,wh_main_dwf_art_organ_gun,false,false,,true,1000,artillery_field_gun,artillery_war_machines
wh_main_dwf_dwarfs,wh_main_sc_dwf_dwarfs,wh_main_dwf_cha_high_king_thorgrim_grudgebearer_1,true,false,,true,1400,lord,commander
wh_main_dwf_dwarfs,wh_main_sc_dwf_dwarfs,wh_main_dwf_cha_lord_0,true,false,,true,700,lord,commander
wh_main_dwf_dwarfs,wh_main_sc_dwf_dwarfs,wh_main_dwf_cha_master_engineer_0,false,false,,true,550,dwf_master_engineer,heroes_agents
wh_main_dwf_dwarfs,wh_main_sc_dwf_dwarfs,wh_main_dwf_cha_rune_smith_0,false,false,,true,450,dwf_runesmith,heroes_agents
wh_main_dwf_dwarfs,wh_main_sc_dwf_dwarfs,wh_main_dwf_cha_thane,false,false,,true,550,dwf_thane,heroes_agents
wh_main_dwf_dwarfs,wh_main_sc_dwf_dwarfs,wh_main_dwf_cha_ungrim_ironfist,true,false,,true,1150,lord,commander
wh_main_dwf_dwarfs,wh_main_sc_dwf_dwarfs,wh_main_dwf_inf_dwarf_warrior_0,false,false,,true,450,infantry_axe,infantry
wh_main_dwf_dwarfs,wh_main_sc_dwf_dwarfs,wh_main_dwf_inf_dwarf_warrior_1,false,false,,true,500,infantry_axe_great,infantry
wh_main_dwf_dwarfs,wh_main_sc_dwf_dwarfs,wh_main_dwf_inf_hammerers,false,false,,true,1200,infantry_hammer_great,infantry
wh_main_dwf_dwarfs,wh_main_sc_dwf_dwarfs,wh_main_dwf_inf_hammerers_grudge_reward,false,true,mp_cap_group_extended_roster,false,1200,infantry_hammer_great,infantry
wh_main_dwf_dwarfs,wh_main_sc_dwf_dwarfs,wh_main_dwf_inf_ironbreakers,false,false,,true,1250,infantry_axe,infantry
wh_main_dwf_dwarfs,wh_main_sc_dwf_dwarfs,wh_main_dwf_inf_irondrakes_0,false,false,,true,700,dwf_irondrakes,missile_infantry
wh_main_dwf_dwarfs,wh_main_sc_dwf_dwarfs,wh_main_dwf_inf_irondrakes_0_grudge_reward,false,true,mp_cap_group_extended_roster,false,700,dwf_irondrakes,missile_infantry
wh_main_dwf_dwarfs,wh_main_sc_dwf_dwarfs,wh_main_dwf_inf_irondrakes_2,false,false,,true,900,dwf_irondrakes_torpedo,missile_infantry
wh_main_dwf_dwarfs,wh_main_sc_dwf_dwarfs,wh_main_dwf_inf_longbeards,false,false,,true,700,infantry_axe,infantry
wh_main_dwf_dwarfs,wh_main_sc_dwf_dwarfs,wh_main_dwf_inf_longbeards_1,false,false,,true,750,infantry_axe_great,infantry
wh_main_dwf_dwarfs,wh_main_sc_dwf_dwarfs,wh_main_dwf_inf_longbeards_1_grudge_reward,false,true,mp_cap_group_extended_roster,false,750,infantry_axe_great,infantry
wh_main_dwf_dwarfs,wh_main_sc_dwf_dwarfs,wh_main_dwf_inf_miners_0,false,false,,true,325,infantry_pickaxe,infantry
wh_main_dwf_dwarfs,wh_main_sc_dwf_dwarfs,wh_main_dwf_inf_miners_1,false,false,,true,450,infantry_pickaxe,infantry
wh_main_dwf_dwarfs,wh_main_sc_dwf_dwarfs,wh_main_dwf_inf_quarrellers_0,false,false,,true,550,missile_infantry_crossbow,missile_infantry
wh_main_dwf_dwarfs,wh_main_sc_dwf_dwarfs,wh_main_dwf_inf_quarrellers_1,false,false,,true,575,missile_infantry_crossbow,missile_infantry
wh_main_dwf_dwarfs,wh_main_sc_dwf_dwarfs,wh_main_dwf_inf_quarrellers_1_grudge_reward,false,true,mp_cap_group_extended_roster,false,600,missile_infantry_crossbow,missile_infantry
wh_main_dwf_dwarfs,wh_main_sc_dwf_dwarfs,wh_main_dwf_inf_slayers,false,false,,true,900,infantry_axe_dual,infantry
wh_main_dwf_dwarfs,wh_main_sc_dwf_dwarfs,wh_main_dwf_inf_slayers_grudge_reward,false,true,mp_cap_group_extended_roster,false,900,infantry_axe_dual,infantry
wh_main_dwf_dwarfs,wh_main_sc_dwf_dwarfs,wh_main_dwf_inf_thunderers_0,false,false,,true,700,missile_infantry_rifle,missile_infantry
wh_main_dwf_dwarfs,wh_main_sc_dwf_dwarfs,wh_main_dwf_veh_gyrobomber,false,false,,true,1150,dwf_gyrocopter,flying_war_machine
wh_main_dwf_dwarfs,wh_main_sc_dwf_dwarfs,wh_main_dwf_veh_gyrocopter_0,false,false,,true,800,dwf_gyrocopter,flying_war_machine
wh_main_dwf_dwarfs,wh_main_sc_dwf_dwarfs,wh_main_dwf_veh_gyrocopter_1,false,false,,true,850,dwf_gyrocopter,flying_war_machine
wh_main_dwf_dwarfs,wh_main_sc_dwf_dwarfs,wh_main_dwf_veh_gyrocopter_1_grudge_reward,false,true,mp_cap_group_extended_roster,false,1000,dwf_gyrocopter,flying_war_machine
wh_main_dwf_dwarfs,wh_main_sc_dwf_dwarfs,wh_pro01_dwf_cha_grombrindal_0,true,false,,true,1500,lord,commander
wh_main_emp_empire,wh_main_sc_emp_empire,wh2_dlc13_emp_art_mortar_ror_0,false,true,mp_cap_group_extended_roster,false,750,artillery_mortar,artillery_war_machines
wh_main_emp_empire,wh_main_sc_emp_empire,wh2_dlc13_emp_cav_empire_knights_ror_0,false,true,mp_cap_group_extended_roster,false,1000,shock_cavalry,cavalry_chariots
wh_main_emp_empire,wh_main_sc_emp_empire,wh2_dlc13_emp_cav_empire_knights_ror_1,false,true,mp_cap_group_extended_roster,false,1100,shock_cavalry,cavalry_chariots
wh_main_emp_empire,wh_main_sc_emp_empire,wh2_dlc13_emp_cav_empire_knights_ror_2,false,true,mp_cap_group_extended_roster,false,1000,cavalry,cavalry_chariots
wh_main_emp_empire,wh_main_sc_emp_empire,wh2_dlc13_emp_cav_outriders_ror_0,false,true,mp_cap_group_extended_roster,false,1000,missile_cavalry_rifle,missile_cavalry_chariots
wh_main_emp_empire,wh_main_sc_emp_empire,wh2_dlc13_emp_cav_pistoliers_ror_0,false,true,mp_cap_group_extended_roster,false,700,missile_cavalry_pistol,missile_cavalry_chariots
wh_main_emp_empire,wh_main_sc_emp_empire,wh2_dlc13_emp_cha_hunter_doctor_hertwig_van_hal_0,false,true,mp_cap_group_extended_roster,false,600,emp_witch_hunter,heroes_agents
wh_main_emp_empire,wh_main_sc_emp_empire,wh2_dlc13_emp_cha_hunter_jorek_grimm_0,false,true,mp_cap_group_extended_roster,false,750,dwf_master_engineer,heroes_agents
wh_main_emp_empire,wh_main_sc_emp_empire,wh2_dlc13_emp_cha_hunter_kalara_of_wydrioth_0,false,true,mp_cap_group_extended_roster,false,700,wh_dlc05_wef_waystalker,heroes_agents
wh_main_emp_empire,wh_main_sc_emp_empire,wh2_dlc13_emp_cha_hunter_rodrik_l_anguille_0,false,true,mp_cap_group_extended_roster,false,475,brt_paladin,heroes_agents
wh_main_emp_empire,wh_main_sc_emp_empire,wh2_dlc13_emp_cha_huntsmarshal_0,true,false,,true,750,lord,commander
wh_main_emp_empire,wh_main_sc_emp_empire,wh2_dlc13_emp_cha_markus_wulfhart_0,true,false,,true,1000,lord,commander
wh_main_emp_empire,wh_main_sc_emp_empire,wh2_dlc13_emp_inf_archers_0,false,false,,true,350,missile_infantry_bow,missile_infantry
wh_main_emp_empire,wh_main_sc_emp_empire,wh2_dlc13_emp_inf_archers_ror_0,false,false,,true,550,missile_infantry_bow,missile_infantry
wh_main_emp_empire,wh_main_sc_emp_empire,wh2_dlc13_emp_inf_crossbowmen_ror_0,false,true,mp_cap_group_extended_roster,false,675,missile_infantry_crossbow,missile_infantry
wh_main_emp_empire,wh_main_sc_emp_empire,wh2_dlc13_emp_inf_greatswords_ror_0,false,true,mp_cap_group_extended_roster,false,1000,infantry_sword_great,infantry
wh_main_emp_empire,wh_main_sc_emp_empire,wh2_dlc13_emp_inf_halberdiers_ror_0,false,true,mp_cap_group_extended_roster,false,700,infantry_spear_halberd,infantry
wh_main_emp_empire,wh_main_sc_emp_empire,wh2_dlc13_emp_inf_handgunners_ror_0,false,true,mp_cap_group_extended_roster,false,800,missile_infantry_rifle,missile_infantry
wh_main_emp_empire,wh_main_sc_emp_empire,wh2_dlc13_emp_inf_huntsmen_0,false,false,,true,650,missile_infantry_bow,missile_infantry
wh_main_emp_empire,wh_main_sc_emp_empire,wh2_dlc13_emp_inf_huntsmen_ror_0,false,false,,true,900,missile_infantry_bow,missile_infantry
wh_main_emp_empire,wh_main_sc_emp_empire,wh2_dlc13_emp_inf_spearmen_ror_0,false,true,mp_cap_group_extended_roster,false,600,infantry_spear,infantry
wh_main_emp_empire,wh_main_sc_emp_empire,wh2_dlc13_emp_inf_swordsmen_ror_0,false,true,mp_cap_group_extended_roster,false,550,infantry_sword,infantry
wh_main_emp_empire,wh_main_sc_emp_empire,wh2_dlc13_emp_veh_steam_tank_ror_0,false,true,mp_cap_group_extended_roster,false,2600,emp_steam_tank,artillery_war_machines
wh_main_emp_empire,wh_main_sc_emp_empire,wh2_dlc13_emp_veh_war_wagon_0,false,false,,true,875,missile_chariot_rifle,missile_cavalry_chariots
wh_main_emp_empire,wh_main_sc_emp_empire,wh2_dlc13_emp_veh_war_wagon_1,false,false,,true,950,missile_chariot_mortar,missile_cavalry_chariots
wh_main_emp_empire,wh_main_sc_emp_empire,wh2_dlc13_emp_veh_war_wagon_ror_0,false,false,,true,1900,missile_chariot_field_gun,missile_cavalry_chariots
wh_main_emp_empire,wh_main_sc_emp_empire,wh2_dlc13_huntmarshall_veh_obsinite_gyrocopter_0,false,true,mp_cap_group_extended_roster,false,1000,dwf_gyrocopter,flying_war_machine
wh_main_emp_empire,wh_main_sc_emp_empire,wh2_pro07_emp_cha_wizard_death_0,false,false,,true,250,wizard_death,heroes_agents
wh_main_emp_empire,wh_main_sc_emp_empire,wh2_pro07_emp_cha_wizard_death_2,false,false,,true,650,wizard_death_pegasus,heroes_agents
wh_main_emp_empire,wh_main_sc_emp_empire,wh2_pro07_emp_cha_wizard_death_3,false,false,,true,500,wizard_death_cavalry,heroes_agents
wh_main_emp_empire,wh_main_sc_emp_empire,wh2_pro08_neu_cha_felix,false,false,,true,800,wh2_pro08_cha_felix,heroes_agents
wh_main_emp_empire,wh_main_sc_emp_empire,wh2_pro08_neu_cha_gotrek,false,false,,true,1150,wh2_pro08_cha_gotrek,heroes_agents
wh_main_emp_empire,wh_main_sc_emp_empire,wh3_dlc23_neu_cha_ulrika,false,false,,true,900,wh3_dlc23_cha_ulrika,heroes_agents
wh_main_emp_empire,wh_main_sc_emp_empire,wh3_dlc23_neu_cha_ulrika_warhorse,false,false,,true,1100,wh3_dlc23_cha_ulrika,heroes_agents
wh_main_emp_empire,wh_main_sc_emp_empire,wh3_dlc25_emp_art_helstorm_rocket_battery_morr,false,true,mp_cap_group_extended_roster,false,1050,emp_rocket_battery,artillery_war_machines
wh_main_emp_empire,wh_main_sc_emp_empire,wh3_dlc25_emp_cav_knights_of_the_black_rose,false,false,,true,1250,cavalry,cavalry_chariots
wh_main_emp_empire,wh_main_sc_emp_empire,wh3_dlc25_emp_cav_outriders_morr,false,true,mp_cap_group_extended_roster,false,1000,missile_cavalry_grenade_launcher,missile_cavalry_chariots
wh_main_emp_empire,wh_main_sc_emp_empire,wh3_dlc25_emp_cha_elspeth_von_draken,true,false,,true,550,lord_wizard_death,commander
wh_main_emp_empire,wh_main_sc_emp_empire,wh3_dlc25_emp_cha_elspeth_von_draken_carmine_dragon,true,false,,true,2550,lord_wizard_death,commander
wh_main_emp_empire,wh_main_sc_emp_empire,wh3_dlc25_emp_cha_elspeth_von_draken_warhorse,true,false,,true,800,lord_wizard_death,commander
wh_main_emp_empire,wh_main_sc_emp_empire,wh3_dlc25_emp_cha_engineer,false,false,,true,700,emp_engineer,heroes_agents
wh_main_emp_empire,wh_main_sc_emp_empire,wh3_dlc25_emp_cha_engineer_mechanical_steed,false,false,,true,1000,emp_engineer,heroes_agents
wh_main_emp_empire,wh_main_sc_emp_empire,wh3_dlc25_emp_cha_engineer_warhorse,false,false,,true,900,emp_engineer,heroes_agents
wh_main_emp_empire,wh_main_sc_emp_empire,wh3_dlc25_emp_cha_master_engineer,true,false,,true,900,lord,commander
wh_main_emp_empire,wh_main_sc_emp_empire,wh3_dlc25_emp_cha_master_engineer_mechanical_steed,true,false,,true,1200,lord,commander
wh_main_emp_empire,wh_main_sc_emp_empire,wh3_dlc25_emp_cha_master_engineer_steam_tank,true,false,,true,2700,lord,commander
wh_main_emp_empire,wh_main_sc_emp_empire,wh3_dlc25_emp_cha_master_engineer_warhorse,true,false,,true,1100,lord,commander
wh_main_emp_empire,wh_main_sc_emp_empire,wh3_dlc25_emp_cha_theodore_bruckner,false,false,,true,700,emp_theodore_bruckner,heroes_agents
wh_main_emp_empire,wh_main_sc_emp_empire,wh3_dlc25_emp_cha_theodore_bruckner_demigryph_reaper,false,false,,true,1100,emp_theodore_bruckner,heroes_agents
wh_main_emp_empire,wh_main_sc_emp_empire,wh3_dlc25_emp_cha_wizard_metal,false,false,,true,250,wizard_metal,heroes_agents
wh_main_emp_empire,wh_main_sc_emp_empire,wh3_dlc25_emp_cha_wizard_metal_pegasus,false,false,,true,650,wizard_metal_pegasus,heroes_agents
wh_main_emp_empire,wh_main_sc_emp_empire,wh3_dlc25_emp_cha_wizard_metal_warhorse,false,false,,true,500,wizard_metal_cavalry,heroes_agents
wh_main_emp_empire,wh_main_sc_emp_empire,wh3_dlc25_emp_inf_hochland_long_rifles,false,false,,true,900,missile_infantry_sniper,missile_infantry
wh_main_emp_empire,wh_main_sc_emp_empire,wh3_dlc25_emp_inf_hochland_long_rifles_ror,false,false,,true,1200,missile_infantry_sniper,missile_infantry
wh_main_emp_empire,wh_main_sc_emp_empire,wh3_dlc25_emp_inf_nuln_ironsides,false,false,,true,825,missile_infantry_rifle,missile_infantry
wh_main_emp_empire,wh_main_sc_emp_empire,wh3_dlc25_emp_inf_nuln_ironsides_morr,false,true,mp_cap_group_extended_roster,false,1025,missile_infantry_rifle,missile_infantry
wh_main_emp_empire,wh_main_sc_emp_empire,wh3_dlc25_emp_inf_spearmen_shields_ror,false,false,,true,550,infantry_spear,infantry
wh_main_emp_empire,wh_main_sc_emp_empire,wh3_dlc25_emp_veh_marienburg_land_ship,false,false,,true,2100,emp_marienburg_land_ship,artillery_war_machines
wh_main_emp_empire,wh_main_sc_emp_empire,wh3_dlc25_emp_veh_marienburg_land_ship_morr,false,true,mp_cap_group_extended_roster,false,2300,emp_marienburg_land_ship,artillery_war_machines
wh_main_emp_empire,wh_main_sc_emp_empire,wh3_dlc25_emp_veh_marienburg_land_ship_ror,false,false,,true,2500,emp_marienburg_land_ship,artillery_war_machines
wh_main_emp_empire,wh_main_sc_emp_empire,wh3_dlc25_emp_veh_steam_tank_volley_gun,false,false,,true,2400,emp_steam_tank,artillery_war_machines
wh_main_emp_empire,wh_main_sc_emp_empire,wh3_dlc29_emp_cav_knights_of_the_white_wolf,false,false,,true,1200,cavalry,cavalry_chariots
wh_main_emp_empire,wh_main_sc_emp_empire,wh3_dlc29_emp_cav_knights_of_the_white_wolf_ror,false,false,,true,1450,cavalry,cavalry_chariots
wh_main_emp_empire,wh_main_sc_emp_empire,wh3_dlc29_emp_cav_knights_panther,false,false,,true,1300,shock_cavalry,cavalry_chariots
wh_main_emp_empire,wh_main_sc_emp_empire,wh3_dlc29_emp_cha_boris_todbringer_toddy_0,true,false,,true,900,lord,commander
wh_main_emp_empire,wh_main_sc_emp_empire,wh3_dlc29_emp_cha_boris_todbringer_toddy_1,true,false,,true,1150,lord,commander
wh_main_emp_empire,wh_main_sc_emp_empire,wh3_dlc29_emp_cha_boris_todbringer_toddy_2,true,false,,true,1450,lord,commander
wh_main_emp_empire,wh_main_sc_emp_empire,wh3_dlc29_emp_cha_boris_todbringer_toddy_3,true,false,,true,1700,lord,commander
wh_main_emp_empire,wh_main_sc_emp_empire,wh3_dlc29_emp_cha_emil_valgeir,false,false,,true,700,emp_emil_valgeir,heroes_agents
wh_main_emp_empire,wh_main_sc_emp_empire,wh3_dlc29_emp_cha_emil_valgeir_warhorse,false,false,,true,950,emp_emil_valgeir,heroes_agents
wh_main_emp_empire,wh_main_sc_emp_empire,wh3_dlc29_emp_cha_priest_of_ulric,false,false,,true,450,emp_priest_of_ulric,heroes_agents
wh_main_emp_empire,wh_main_sc_emp_empire,wh3_dlc29_emp_cha_priest_of_ulric_warhorse,false,false,,true,700,emp_priest_of_ulric,heroes_agents
wh_main_emp_empire,wh_main_sc_emp_empire,wh3_dlc29_emp_cha_seneschal_of_the_white_wolf,true,false,,true,650,lord,commander
wh_main_emp_empire,wh_main_sc_emp_empire,wh3_dlc29_emp_cha_seneschal_of_the_white_wolf_warhorse,true,false,,true,900,lord,commander
wh_main_emp_empire,wh_main_sc_emp_empire,wh3_dlc29_emp_inf_hunting_hounds,false,false,,true,400,war_beast,monster_beasts
wh_main_emp_empire,wh_main_sc_emp_empire,wh3_dlc29_emp_inf_hunting_hounds_ror,false,false,,true,550,war_beast,monster_beasts
wh_main_emp_empire,wh_main_sc_emp_empire,wh3_dlc29_emp_inf_teutogen_guard,false,false,,true,1150,infantry_hammer_great,infantry
wh_main_emp_empire,wh_main_sc_emp_empire,wh3_dlc29_emp_inf_teutogen_guard_ror,false,false,,true,1450,infantry_axe_great,infantry
wh_main_emp_empire,wh_main_sc_emp_empire,wh3_dlc29_emp_inf_warriors_of_ulric,false,false,,true,450,wh2_main_infantry_dual_swords,infantry
wh_main_emp_empire,wh_main_sc_emp_empire,wh3_dlc29_emp_inf_wolf_kin,false,false,,true,700,infantry_axe_great,infantry
wh_main_emp_empire,wh_main_sc_emp_empire,wh3_dlc29_emp_veh_celestial_hurricanum_0,false,false,,true,1650,magic_chariot,artillery_war_machines
wh_main_emp_empire,wh_main_sc_emp_empire,wh_dlc03_emp_cha_boris_todbringer_0,true,false,,true,900,lord,commander
wh_main_emp_empire,wh_main_sc_emp_empire,wh_dlc03_emp_cha_boris_todbringer_1,true,false,,true,1150,lord,commander
wh_main_emp_empire,wh_main_sc_emp_empire,wh_dlc03_emp_cha_boris_todbringer_2,true,false,,true,1450,lord,commander
wh_main_emp_empire,wh_main_sc_emp_empire,wh_dlc03_emp_cha_boris_todbringer_3,true,false,,true,1700,lord,commander
wh_main_emp_empire,wh_main_sc_emp_empire,wh_dlc03_emp_cha_wizard_beasts_0,false,false,,true,250,wizard_beasts,heroes_agents
wh_main_emp_empire,wh_main_sc_emp_empire,wh_dlc03_emp_cha_wizard_beasts_2,false,false,,true,500,wizard_beasts_cavalry,heroes_agents
wh_main_emp_empire,wh_main_sc_emp_empire,wh_dlc03_emp_cha_wizard_beasts_3,false,false,,true,1300,wizard_beasts_flying_monster,heroes_agents
wh_main_emp_empire,wh_main_sc_emp_empire,wh_dlc03_emp_cha_wizard_beasts_4,false,false,,true,650,wizard_beasts_flying_monster,heroes_agents
wh_main_emp_empire,wh_main_sc_emp_empire,wh_dlc04_emp_art_hammer_of_the_witches_0,false,false,,true,1100,artillery_cannon,artillery_war_machines
wh_main_emp_empire,wh_main_sc_emp_empire,wh_dlc04_emp_art_sunmaker_0,false,false,,true,1800,emp_rocket_battery,artillery_war_machines
wh_main_emp_empire,wh_main_sc_emp_empire,wh_dlc04_emp_cav_knights_blazing_sun_0,false,false,,true,1200,shock_cavalry,cavalry_chariots
wh_main_emp_empire,wh_main_sc_emp_empire,wh_dlc04_emp_cav_royal_altdorf_gryphites_0,false,false,,true,1850,cavalry_griffon_halberd,cavalry_chariots
wh_main_emp_empire,wh_main_sc_emp_empire,wh_dlc04_emp_cav_zintlers_reiksguard_0,false,false,,true,1300,shock_cavalry,cavalry_chariots
wh_main_emp_empire,wh_main_sc_emp_empire,wh_dlc04_emp_cha_arch_lector_0,true,false,,true,550,lord,commander
wh_main_emp_empire,wh_main_sc_emp_empire,wh_dlc04_emp_cha_arch_lector_2,true,false,,true,800,lord,commander
wh_main_emp_empire,wh_main_sc_emp_empire,wh_dlc04_emp_cha_volkmar_the_grim_0,true,false,,true,750,lord,commander
wh_main_emp_empire,wh_main_sc_emp_empire,wh_dlc04_emp_cha_volkmar_the_grim_1,true,false,,true,1550,lord,commander
wh_main_emp_empire,wh_main_sc_emp_empire,wh_dlc04_emp_cha_volkmar_the_grim_3,true,false,,true,1000,lord,commander
wh_main_emp_empire,wh_main_sc_emp_empire,wh_dlc04_emp_inf_flagellants_0,false,false,,true,600,wh_dlc04_emp_flagelllents,infantry
wh_main_emp_empire,wh_main_sc_emp_empire,wh_dlc04_emp_inf_free_company_militia_0,false,false,,true,450,missile_infantry_pistol,missile_infantry
wh_main_emp_empire,wh_main_sc_emp_empire,wh_dlc04_emp_inf_sigmars_sons_0,false,false,,true,700,infantry_sword,infantry
wh_main_emp_empire,wh_main_sc_emp_empire,wh_dlc04_emp_inf_silver_bullets_0,false,false,,true,850,missile_infantry_rifle,missile_infantry
wh_main_emp_empire,wh_main_sc_emp_empire,wh_dlc04_emp_inf_stirlands_revenge_0,false,false,,true,800,missile_infantry_pistol,missile_infantry
wh_main_emp_empire,wh_main_sc_emp_empire,wh_dlc04_emp_inf_tattersouls_0,false,false,,true,800,wh_dlc04_emp_flagelllents,infantry
wh_main_emp_empire,wh_main_sc_emp_empire,wh_dlc04_emp_veh_templehof_luminark_0,false,false,,true,1900,magic_chariot,artillery_war_machines
wh_main_emp_empire,wh_main_sc_emp_empire,wh_dlc05_emp_cha_wizard_life_0,false,false,,true,250,wizard_life,heroes_agents
wh_main_emp_empire,wh_main_sc_emp_empire,wh_dlc05_emp_cha_wizard_life_2,false,false,,true,500,wizard_life_cavalry,heroes_agents
wh_main_emp_empire,wh_main_sc_emp_empire,wh_dlc05_emp_cha_wizard_life_3,false,false,,true,650,wizard_life_flying_monster,heroes_agents
wh_main_emp_empire,wh_main_sc_emp_empire,wh_dlc05_emp_cha_wizard_shadows_0,false,false,,true,250,wizard_shadows,heroes_agents
wh_main_emp_empire,wh_main_sc_emp_empire,wh_dlc05_emp_cha_wizard_shadows_2,false,false,,true,500,wizard_shadows_cavalry,heroes_agents
wh_main_emp_empire,wh_main_sc_emp_empire,wh_dlc05_emp_cha_wizard_shadows_3,false,false,,true,650,wizard_shadows_flying_monster,heroes_agents
wh_main_emp_empire,wh_main_sc_emp_empire,wh_main_emp_art_great_cannon,false,false,,true,800,artillery_cannon,artillery_war_machines
wh_main_emp_empire,wh_main_sc_emp_empire,wh_main_emp_art_helblaster_volley_gun,false,false,,true,1000,artillery_field_gun,artillery_war_machines
wh_main_emp_empire,wh_main_sc_emp_empire,wh_main_emp_art_helstorm_rocket_battery,false,false,,true,1050,emp_rocket_battery,artillery_war_machines
wh_main_emp_empire,wh_main_sc_emp_empire,wh_main_emp_art_mortar,false,false,,true,600,artillery_mortar,artillery_war_machines
wh_main_emp_empire,wh_main_sc_emp_empire,wh_main_emp_cav_demigryph_knights_0,false,false,,true,1400,monstrous_shock_cavalry,cavalry_chariots
wh_main_emp_empire,wh_main_sc_emp_empire,wh_main_emp_cav_demigryph_knights_1,false,false,,true,1450,cavalry_griffon_halberd,cavalry_chariots
wh_main_emp_empire,wh_main_sc_emp_empire,wh_main_emp_cav_empire_knights,false,false,,true,850,shock_cavalry,cavalry_chariots
wh_main_emp_empire,wh_main_sc_emp_empire,wh_main_emp_cav_outriders_0,false,false,,true,700,missile_cavalry_rifle,missile_cavalry_chariots
wh_main_emp_empire,wh_main_sc_emp_empire,wh_main_emp_cav_outriders_1,false,false,,true,900,missile_cavalry_grenade_launcher,missile_cavalry_chariots
wh_main_emp_empire,wh_main_sc_emp_empire,wh_main_emp_cav_pistoliers_1,false,false,,true,500,missile_cavalry_pistol,missile_cavalry_chariots
wh_main_emp_empire,wh_main_sc_emp_empire,wh_main_emp_cav_reiksguard,false,false,,true,1100,shock_cavalry,cavalry_chariots
wh_main_emp_empire,wh_main_sc_emp_empire,wh_main_emp_cha_balthasar_gelt_0,true,false,,true,350,lord_wizard_metal,commander
wh_main_emp_empire,wh_main_sc_emp_empire,wh_main_emp_cha_balthasar_gelt_1,true,false,,true,750,lord_wizard_metal,commander
wh_main_emp_empire,wh_main_sc_emp_empire,wh_main_emp_cha_balthasar_gelt_3,true,false,,true,600,lord_wizard_metal,commander
wh_main_emp_empire,wh_main_sc_emp_empire,wh_main_emp_cha_captain_0,false,false,,true,350,emp_captain,heroes_agents
wh_main_emp_empire,wh_main_sc_emp_empire,wh_main_emp_cha_captain_2,false,false,,true,600,emp_captain_cavalry,heroes_agents
wh_main_emp_empire,wh_main_sc_emp_empire,wh_main_emp_cha_captain_3,false,false,,true,825,emp_captain_pegasus,heroes_agents
wh_main_emp_empire,wh_main_sc_emp_empire,wh_main_emp_cha_general_0,true,false,,true,600,lord,commander
wh_main_emp_empire,wh_main_sc_emp_empire,wh_main_emp_cha_general_1,true,false,,true,850,lord,commander
wh_main_emp_empire,wh_main_sc_emp_empire,wh_main_emp_cha_general_2,true,false,,true,1150,lord,commander
wh_main_emp_empire,wh_main_sc_emp_empire,wh_main_emp_cha_general_3,true,false,,true,1400,lord,commander
wh_main_emp_empire,wh_main_sc_emp_empire,wh_main_emp_cha_karl_franz_0,true,false,,true,1100,lord,commander
wh_main_emp_empire,wh_main_sc_emp_empire,wh_main_emp_cha_karl_franz_1,true,false,,true,1900,lord,commander
wh_main_emp_empire,wh_main_sc_emp_empire,wh_main_emp_cha_karl_franz_2,true,false,,true,1650,lord,commander
wh_main_emp_empire,wh_main_sc_emp_empire,wh_main_emp_cha_karl_franz_4,true,false,,true,1350,lord,commander
wh_main_emp_empire,wh_main_sc_emp_empire,wh_main_emp_cha_warrior_priest_0,false,false,,true,350,emp_warrior_priest,heroes_agents
wh_main_emp_empire,wh_main_sc_emp_empire,wh_main_emp_cha_warrior_priest_2,false,false,,true,600,emp_warrior_priest_cavalry,heroes_agents
wh_main_emp_empire,wh_main_sc_emp_empire,wh_main_emp_cha_witch_hunter,false,false,,true,500,emp_witch_hunter,heroes_agents
wh_main_emp_empire,wh_main_sc_emp_empire,wh_main_emp_cha_wizard_fire_0,false,false,,true,250,wizard_fire,heroes_agents
wh_main_emp_empire,wh_main_sc_emp_empire,wh_main_emp_cha_wizard_fire_2,false,false,,true,650,wizard_fire_pegasus,heroes_agents
wh_main_emp_empire,wh_main_sc_emp_empire,wh_main_emp_cha_wizard_fire_3,false,false,,true,500,wizard_fire_cavalry,heroes_agents
wh_main_emp_empire,wh_main_sc_emp_empire,wh_main_emp_cha_wizard_heavens_0,false,false,,true,250,wizard_heavens,heroes_agents
wh_main_emp_empire,wh_main_sc_emp_empire,wh_main_emp_cha_wizard_heavens_2,false,false,,true,650,wizard_heavens_cavalry_flying,heroes_agents
wh_main_emp_empire,wh_main_sc_emp_empire,wh_main_emp_cha_wizard_heavens_4,false,false,,true,500,wizard_heavens_cavalry,heroes_agents
wh_main_emp_empire,wh_main_sc_emp_empire,wh_main_emp_cha_wizard_light_0,false,false,,true,250,wizard_light,heroes_agents
wh_main_emp_empire,wh_main_sc_emp_empire,wh_main_emp_cha_wizard_light_2,false,false,,true,650,wizard_light_cavalry_flying,heroes_agents
wh_main_emp_empire,wh_main_sc_emp_empire,wh_main_emp_cha_wizard_light_4,false,false,,true,500,wizard_light_cavalry,heroes_agents
wh_main_emp_empire,wh_main_sc_emp_empire,wh_main_emp_inf_crossbowmen,false,false,,true,475,missile_infantry_crossbow,missile_infantry
wh_main_emp_empire,wh_main_sc_emp_empire,wh_main_emp_inf_greatswords,false,false,,true,850,infantry_sword_great,infantry
wh_main_emp_empire,wh_main_sc_emp_empire,wh_main_emp_inf_halberdiers,false,false,,true,550,infantry_spear_halberd,infantry
wh_main_emp_empire,wh_main_sc_emp_empire,wh_main_emp_inf_handgunners,false,false,,true,600,missile_infantry_rifle,missile_infantry
wh_main_emp_empire,wh_main_sc_emp_empire,wh_main_emp_inf_spearmen_0,false,false,,true,300,infantry_spear,infantry
wh_main_emp_empire,wh_main_sc_emp_empire,wh_main_emp_inf_spearmen_1,false,false,,true,350,infantry_spear,infantry
wh_main_emp_empire,wh_main_sc_emp_empire,wh_main_emp_inf_swordsmen,false,false,,true,375,infantry_sword,infantry
wh_main_emp_empire,wh_main_sc_emp_empire,wh_main_emp_veh_luminark_of_hysh_0,false,false,,true,1700,magic_chariot,artillery_war_machines
wh_main_emp_empire,wh_main_sc_emp_empire,wh_main_emp_veh_steam_tank,false,false,,true,2400,emp_steam_tank,artillery_war_machines
wh_main_grn_greenskins,wh_main_sc_grn_greenskins,wh2_dlc15_grn_cav_forest_goblin_spider_riders_waaagh_0,false,true,mp_cap_group_extended_roster,false,475,missile_cavalry_bow_spider,missile_cavalry_chariots
wh_main_grn_greenskins,wh_main_sc_grn_greenskins,wh2_dlc15_grn_cav_squig_hoppers_waaagh_0,false,true,mp_cap_group_extended_roster,false,650,wh_dlc06_grn_squig_sword,cavalry_chariots
wh_main_grn_greenskins,wh_main_sc_grn_greenskins,wh2_dlc15_grn_cha_grom_the_paunch_0,true,false,,true,1250,lord,commander
wh_main_grn_greenskins,wh_main_sc_grn_greenskins,wh2_dlc15_grn_cha_river_troll_hag_0,false,false,,true,700,wizard_death,heroes_agents
wh_main_grn_greenskins,wh_main_sc_grn_greenskins,wh2_dlc15_grn_mon_feral_hydra_waaagh_0,false,true,mp_cap_group_extended_roster,false,1550,wh2_main_def_mon_war_hydra,monster_beasts
wh_main_grn_greenskins,wh_main_sc_grn_greenskins,wh2_dlc15_grn_mon_river_trolls_0,false,false,,true,900,monstrous_infantry,monster_beasts
wh_main_grn_greenskins,wh_main_sc_grn_greenskins,wh2_dlc15_grn_mon_river_trolls_ror_0,false,false,,true,1200,monstrous_infantry,monster_beasts
wh_main_grn_greenskins,wh_main_sc_grn_greenskins,wh2_dlc15_grn_mon_rogue_idol_0,false,false,,true,2000,wh2_dlc15_rogue_idol,monster_beasts
wh_main_grn_greenskins,wh_main_sc_grn_greenskins,wh2_dlc15_grn_mon_rogue_idol_ror_0,false,false,,true,2600,wh2_dlc15_rogue_idol_ror,monster_beasts
wh_main_grn_greenskins,wh_main_sc_grn_greenskins,wh2_dlc15_grn_mon_stone_trolls_0,false,false,,true,1100,monstrous_infantry,monster_beasts
wh_main_grn_greenskins,wh_main_sc_grn_greenskins,wh2_dlc15_grn_mon_wyvern_waaagh_0,false,true,mp_cap_group_extended_roster,false,1200,dragon,monster_beasts
wh_main_grn_greenskins,wh_main_sc_grn_greenskins,wh2_dlc15_grn_veh_snotling_pump_wagon_0,false,false,,true,500,wh2_dlc15_snotling_pump_wagon,artillery_war_machines
wh_main_grn_greenskins,wh_main_sc_grn_greenskins,wh2_dlc15_grn_veh_snotling_pump_wagon_flappas_0,false,false,,true,700,wh2_dlc15_snotling_pump_wagon_flappa,artillery_war_machines
wh_main_grn_greenskins,wh_main_sc_grn_greenskins,wh2_dlc15_grn_veh_snotling_pump_wagon_roller_0,false,false,,true,850,wh2_dlc15_snotling_pump_wagon_roller,artillery_war_machines
wh_main_grn_greenskins,wh_main_sc_grn_greenskins,wh2_dlc15_grn_veh_snotling_pump_wagon_ror_0,false,false,,true,700,wh2_dlc15_snotling_pump_wagon,artillery_war_machines
wh_main_grn_greenskins,wh_main_sc_grn_greenskins,wh2_pro09_grn_cha_black_orc_big_boss_0,false,false,,true,750,grn_black_orc_bigboss,heroes_agents
wh_main_grn_greenskins,wh_main_sc_grn_greenskins,wh2_pro09_grn_cha_black_orc_big_boss_1,false,false,,true,950,grn_black_orc_bigboss,heroes_agents
wh_main_grn_greenskins,wh_main_sc_grn_greenskins,wh2_twa01_grn_cha_goblin_great_shaman_3,true,false,,true,1850,lord_wizard_lil_waaagh,commander
wh_main_grn_greenskins,wh_main_sc_grn_greenskins,wh2_twa03_grn_mon_wyvern_0,false,false,,true,1200,dragon,monster_beasts
wh_main_grn_greenskins,wh_main_sc_grn_greenskins,wh3_dlc26_grn_art_bolt_throwa,false,false,,true,600,wh3_dlc26_grn_art_bolt_throwa,artillery_war_machines
wh_main_grn_greenskins,wh_main_sc_grn_greenskins,wh3_dlc26_grn_art_bolt_throwa_ror,false,false,,true,800,wh3_dlc26_grn_art_bolt_throwa,artillery_war_machines
wh_main_grn_greenskins,wh_main_sc_grn_greenskins,wh3_dlc26_grn_cav_mangler_squig,false,false,,true,950,wh3_dlc26_grn_mon_mangler_squig,monster_beasts
wh_main_grn_greenskins,wh_main_sc_grn_greenskins,wh3_dlc26_grn_cha_gorbad_ironclaw,true,false,,true,1100,lord,commander
wh_main_grn_greenskins,wh_main_sc_grn_greenskins,wh3_dlc26_grn_cha_gorbad_ironclaw_gnarla,true,false,,true,1300,lord,commander
wh_main_grn_greenskins,wh_main_sc_grn_greenskins,wh3_dlc26_grn_cha_night_goblin_big_boss,false,false,,true,325,wh3_dlc26_grn_char_night_goblin_big_boss,heroes_agents
wh_main_grn_greenskins,wh_main_sc_grn_greenskins,wh3_dlc26_grn_cha_night_goblin_big_boss_squig,false,false,,true,525,wh3_dlc26_grn_char_night_goblin_big_boss,heroes_agents
wh_main_grn_greenskins,wh_main_sc_grn_greenskins,wh3_dlc26_grn_cha_savage_orc_great_shaman,true,false,,true,650,lord_wizard_big_waaagh,commander
wh_main_grn_greenskins,wh_main_sc_grn_greenskins,wh3_dlc26_grn_cha_savage_orc_great_shaman_boar,true,false,,true,900,lord_wizard_big_waaagh,commander
wh_main_grn_greenskins,wh_main_sc_grn_greenskins,wh3_dlc26_grn_cha_savage_orc_great_shaman_wyvern,true,false,,true,1600,lord_wizard_big_waaagh,commander
wh_main_grn_greenskins,wh_main_sc_grn_greenskins,wh3_dlc26_grn_cha_snagla_grobspit,false,false,,true,700,wh3_dlc26_grn_cha_snagla,heroes_agents
wh_main_grn_greenskins,wh_main_sc_grn_greenskins,wh3_dlc26_grn_inf_black_orcs_shield,false,false,,true,1000,infantry_axe_grn,infantry
wh_main_grn_greenskins,wh_main_sc_grn_greenskins,wh3_dlc26_grn_inf_rugluds_armoured_orcs,false,false,,true,750,missile_infantry_crossbow,missile_infantry
wh_main_grn_greenskins,wh_main_sc_grn_greenskins,wh3_dlc26_grn_mon_arachnarok_spider_flinger,false,false,,true,1950,wh3_dlc26_grn_mon_arachnarok_spider_flinger,monster_beasts
wh_main_grn_greenskins,wh_main_sc_grn_greenskins,wh3_dlc26_grn_mon_colossal_squig,false,false,,true,1500,wh3_dlc26_grn_mon_colossal_squig,monster_beasts
wh_main_grn_greenskins,wh_main_sc_grn_greenskins,wh3_dlc26_grn_mon_colossal_squig_ror,false,false,,true,1850,wh3_dlc26_grn_mon_colossal_squig,monster_beasts
wh_main_grn_greenskins,wh_main_sc_grn_greenskins,wh3_main_grn_inf_goblins_sword_shield,false,false,,true,300,infantry_sword_goblin,infantry
wh_main_grn_greenskins,wh_main_sc_grn_greenskins,wh3_main_grn_inf_orc_boyz_spear_shield,false,false,,true,450,infantry_spear,infantry
wh_main_grn_greenskins,wh_main_sc_grn_greenskins,wh_dlc06_grn_art_hammer_of_gork_0,false,false,,true,800,catapult,artillery_war_machines
wh_main_grn_greenskins,wh_main_sc_grn_greenskins,wh_dlc06_grn_cav_broken_tusks_mob_0,false,false,,true,1050,wh3_dlc26_grn_cavalry_boar_spear,cavalry_chariots
wh_main_grn_greenskins,wh_main_sc_grn_greenskins,wh_dlc06_grn_cav_deff_creepers_0,false,false,,true,625,missile_cavalry_bow_spider,missile_cavalry_chariots
wh_main_grn_greenskins,wh_main_sc_grn_greenskins,wh_dlc06_grn_cav_durkits_squigs_0,false,false,,true,750,wh_dlc06_grn_squig_sword,cavalry_chariots
wh_main_grn_greenskins,wh_main_sc_grn_greenskins,wh_dlc06_grn_cav_mogrubbs_marauders_0,false,false,,true,600,missile_cavalry_bow_wolf,missile_cavalry_chariots
wh_main_grn_greenskins,wh_main_sc_grn_greenskins,wh_dlc06_grn_cav_moon_howlers_0,false,false,,true,425,cavalry_wolf,cavalry_chariots
wh_main_grn_greenskins,wh_main_sc_grn_greenskins,wh_dlc06_grn_cav_squig_hoppers_0,false,false,,true,650,wh_dlc06_grn_squig_sword,cavalry_chariots
wh_main_grn_greenskins,wh_main_sc_grn_greenskins,wh_dlc06_grn_cav_teef_robbers_0,false,false,,true,650,missile_chariot,missile_cavalry_chariots
wh_main_grn_greenskins,wh_main_sc_grn_greenskins,wh_dlc06_grn_cha_night_goblin_warboss_0,true,false,,true,550,lord,commander
wh_main_grn_greenskins,wh_main_sc_grn_greenskins,wh_dlc06_grn_cha_night_goblin_warboss_1,true,false,,true,850,lord,commander
wh_main_grn_greenskins,wh_main_sc_grn_greenskins,wh_dlc06_grn_cha_skarsnik_0,true,false,,true,1200,lord,commander
wh_main_grn_greenskins,wh_main_sc_grn_greenskins,wh_dlc06_grn_cha_wurrzag_0,true,false,,true,700,lord_wizard_big_waaagh,commander
wh_main_grn_greenskins,wh_main_sc_grn_greenskins,wh_dlc06_grn_cha_wurrzag_1,true,false,,true,950,lord_wizard_big_waaagh,commander
wh_main_grn_greenskins,wh_main_sc_grn_greenskins,wh_dlc06_grn_inf_da_eight_peaks_loonies_0,false,false,,true,725,infantry_sword_goblin,infantry
wh_main_grn_greenskins,wh_main_sc_grn_greenskins,wh_dlc06_grn_inf_da_rusty_arrers_0,false,false,,true,600,missile_infantry_bow,missile_infantry
wh_main_grn_greenskins,wh_main_sc_grn_greenskins,wh_dlc06_grn_inf_da_warlords_boyz_0,false,false,,true,550,infantry_sword_goblin,infantry
wh_main_grn_greenskins,wh_main_sc_grn_greenskins,wh_dlc06_grn_inf_krimson_killerz_0,false,false,,true,1350,infantry_axe_dual,infantry
wh_main_grn_greenskins,wh_main_sc_grn_greenskins,wh_dlc06_grn_inf_nasty_skulkers_0,false,false,,true,500,wh_dlc06_grn_nasty_skulker,infantry
wh_main_grn_greenskins,wh_main_sc_grn_greenskins,wh_dlc06_grn_inf_squig_explosive_0,false,true,mp_cap_group_extended_roster,false,425,wh2_dlc15_squig_explosive,monster_beasts
wh_main_grn_greenskins,wh_main_sc_grn_greenskins,wh_dlc06_grn_inf_squig_herd_0,false,false,,true,400,wh_dlc06_grn_squig,monster_beasts
wh_main_grn_greenskins,wh_main_sc_grn_greenskins,wh_dlc06_grn_mon_spider_hatchlings_0,false,true,mp_cap_group_extended_roster,false,250,grn_spider_hatchling,monster_beasts
wh_main_grn_greenskins,wh_main_sc_grn_greenskins,wh_dlc06_grn_mon_venom_queen_0,false,false,,true,2100,grn_arachnarok,monster_beasts
wh_main_grn_greenskins,wh_main_sc_grn_greenskins,wh_dlc15_grn_mon_arachnarok_spider_waaagh_0,false,true,mp_cap_group_extended_roster,false,1900,grn_arachnarok,monster_beasts
wh_main_grn_greenskins,wh_main_sc_grn_greenskins,wh_main_grn_art_doom_diver_catapult,false,false,,true,1000,grn_doomdiver,artillery_war_machines
wh_main_grn_greenskins,wh_main_sc_grn_greenskins,wh_main_grn_art_goblin_rock_lobber,false,false,,true,550,catapult,artillery_war_machines
wh_main_grn_greenskins,wh_main_sc_grn_greenskins,wh_main_grn_cav_forest_goblin_spider_riders_0,false,false,,true,425,cavalry_spider,cavalry_chariots
wh_main_grn_greenskins,wh_main_sc_grn_greenskins,wh_main_grn_cav_forest_goblin_spider_riders_1,false,false,,true,475,missile_cavalry_bow_spider,missile_cavalry_chariots
wh_main_grn_greenskins,wh_main_sc_grn_greenskins,wh_main_grn_cav_goblin_wolf_chariot,false,false,,true,500,missile_chariot,missile_cavalry_chariots
wh_main_grn_greenskins,wh_main_sc_grn_greenskins,wh_main_grn_cav_goblin_wolf_riders_0,false,false,,true,300,cavalry_wolf,cavalry_chariots
wh_main_grn_greenskins,wh_main_sc_grn_greenskins,wh_main_grn_cav_goblin_wolf_riders_1,false,false,,true,400,missile_cavalry_bow_wolf,missile_cavalry_chariots
wh_main_grn_greenskins,wh_main_sc_grn_greenskins,wh_main_grn_cav_orc_boar_boy_big_uns,false,false,,true,900,wh3_dlc26_grn_cavalry_boar_spear,cavalry_chariots
wh_main_grn_greenskins,wh_main_sc_grn_greenskins,wh_main_grn_cav_orc_boar_boyz,false,false,,true,650,wh3_dlc26_grn_cavalry_boar_sword,cavalry_chariots
wh_main_grn_greenskins,wh_main_sc_grn_greenskins,wh_main_grn_cav_orc_boar_chariot,false,false,,true,750,chariot,cavalry_chariots
wh_main_grn_greenskins,wh_main_sc_grn_greenskins,wh_main_grn_cav_savage_orc_boar_boy_big_uns,false,false,,true,1000,shock_cavalry_boar,cavalry_chariots
wh_main_grn_greenskins,wh_main_sc_grn_greenskins,wh_main_grn_cav_savage_orc_boar_boyz,false,false,,true,700,shock_cavalry_boar,cavalry_chariots
wh_main_grn_greenskins,wh_main_sc_grn_greenskins,wh_main_grn_cha_azhag_the_slaughterer_0,true,false,,true,950,lord_wizard_death,commander
wh_main_grn_greenskins,wh_main_sc_grn_greenskins,wh_main_grn_cha_azhag_the_slaughterer_1,true,false,,true,1600,lord_wizard_death,commander
wh_main_grn_greenskins,wh_main_sc_grn_greenskins,wh_main_grn_cha_goblin_big_boss_0,false,false,,true,300,grn_goblin_bigboss,heroes_agents
wh_main_grn_greenskins,wh_main_sc_grn_greenskins,wh_main_grn_cha_goblin_big_boss_1,false,false,,true,450,grn_goblin_bigboss_cavalry,heroes_agents
wh_main_grn_greenskins,wh_main_sc_grn_greenskins,wh_main_grn_cha_goblin_big_boss_2,false,false,,true,550,grn_goblin_bigboss_cavalry,heroes_agents
wh_main_grn_greenskins,wh_main_sc_grn_greenskins,wh_main_grn_cha_goblin_big_boss_4,false,false,,true,550,grn_goblin_bigboss_chariot,heroes_agents
wh_main_grn_greenskins,wh_main_sc_grn_greenskins,wh_main_grn_cha_goblin_great_shaman_0,true,false,,true,450,lord_wizard_lil_waaagh,commander
wh_main_grn_greenskins,wh_main_sc_grn_greenskins,wh_main_grn_cha_goblin_great_shaman_1,true,false,,true,650,lord_wizard_lil_waaagh,commander
wh_main_grn_greenskins,wh_main_sc_grn_greenskins,wh_main_grn_cha_goblin_great_shaman_2,true,false,,true,850,lord_wizard_lil_waaagh,commander
wh_main_grn_greenskins,wh_main_sc_grn_greenskins,wh_main_grn_cha_grimgor_ironhide,true,false,,true,1350,lord,commander
wh_main_grn_greenskins,wh_main_sc_grn_greenskins,wh_main_grn_cha_night_goblin_shaman,false,false,,true,250,wizard_lil_waaagh,heroes_agents
wh_main_grn_greenskins,wh_main_sc_grn_greenskins,wh_main_grn_cha_orc_shaman_0,false,false,,true,300,wizard_big_waaagh,heroes_agents
wh_main_grn_greenskins,wh_main_sc_grn_greenskins,wh_main_grn_cha_orc_shaman_1,false,false,,true,500,wizard_big_waaagh_cavalry,heroes_agents
wh_main_grn_greenskins,wh_main_sc_grn_greenskins,wh_main_grn_cha_orc_warboss_0,true,false,,true,850,lord,commander
wh_main_grn_greenskins,wh_main_sc_grn_greenskins,wh_main_grn_cha_orc_warboss_1,true,false,,true,1500,lord,commander
wh_main_grn_greenskins,wh_main_sc_grn_greenskins,wh_main_grn_cha_orc_warboss_2,true,false,,true,1050,lord,commander
wh_main_grn_greenskins,wh_main_sc_grn_greenskins,wh_main_grn_cha_orc_warboss_3,true,false,,true,1200,lord,commander
wh_main_grn_greenskins,wh_main_sc_grn_greenskins,wh_main_grn_inf_black_orcs,false,false,,true,1100,infantry_axe_great_grn,infantry
wh_main_grn_greenskins,wh_main_sc_grn_greenskins,wh_main_grn_inf_goblin_archers,false,false,,true,375,missile_infantry_bow,missile_infantry
wh_main_grn_greenskins,wh_main_sc_grn_greenskins,wh_main_grn_inf_goblin_spearmen,false,false,,true,325,infantry_spear,infantry
wh_main_grn_greenskins,wh_main_sc_grn_greenskins,wh_main_grn_inf_night_goblin_archers,false,false,,true,450,missile_infantry_bow,missile_infantry
wh_main_grn_greenskins,wh_main_sc_grn_greenskins,wh_main_grn_inf_night_goblin_fanatics,false,false,,true,525,infantry_sword_goblin,infantry
wh_main_grn_greenskins,wh_main_sc_grn_greenskins,wh_main_grn_inf_night_goblin_fanatics_1,false,false,,true,600,missile_infantry_bow,missile_infantry
wh_main_grn_greenskins,wh_main_sc_grn_greenskins,wh_main_grn_inf_night_goblins,false,false,,true,400,infantry_sword_goblin,infantry
wh_main_grn_greenskins,wh_main_sc_grn_greenskins,wh_main_grn_inf_orc_arrer_boyz,false,false,,true,500,missile_infantry_bow_grn,missile_infantry
wh_main_grn_greenskins,wh_main_sc_grn_greenskins,wh_main_grn_inf_orc_big_uns,false,false,,true,750,wh3_dlc26_grn_infantry_dual_swords,infantry
wh_main_grn_greenskins,wh_main_sc_grn_greenskins,wh_main_grn_inf_orc_boyz,false,false,,true,425,infantry_sword_grn,infantry
wh_main_grn_greenskins,wh_main_sc_grn_greenskins,wh_main_grn_inf_savage_orc_arrer_boyz,false,false,,true,550,missile_infantry_bow_grn,missile_infantry
wh_main_grn_greenskins,wh_main_sc_grn_greenskins,wh_main_grn_inf_savage_orc_big_uns,false,false,,true,850,wh3_dlc26_grn_infantry_club_dual,infantry
wh_main_grn_greenskins,wh_main_sc_grn_greenskins,wh_main_grn_inf_savage_orcs,false,false,,true,550,wh3_dlc26_grn_infantry_club,infantry
wh_main_grn_greenskins,wh_main_sc_grn_greenskins,wh_main_grn_mon_arachnarok_spider_0,false,false,,true,1700,grn_arachnarok,monster_beasts
wh_main_grn_greenskins,wh_main_sc_grn_greenskins,wh_main_grn_mon_giant,false,false,,true,1400,giant,monster_beasts
wh_main_grn_greenskins,wh_main_sc_grn_greenskins,wh_main_grn_mon_trolls,false,false,,true,750,monstrous_infantry,monster_beasts
wh_main_vmp_vampire_counts,wh_main_sc_vmp_vampire_counts,wh2_dlc11_cst_cha_mourngul_haunter,false,false,,true,1150,wh2_dlc11_cst_mourngul_haunter,heroes_agents
wh_main_vmp_vampire_counts,wh_main_sc_vmp_vampire_counts,wh2_dlc11_cst_mon_mournguls_0,false,false,,true,950,wh2_dlc11_cst_mournguls,monster_beasts
wh_main_vmp_vampire_counts,wh_main_sc_vmp_vampire_counts,wh2_dlc11_cst_mon_mournguls_ror_0,false,false,,true,1200,wh2_dlc11_cst_mournguls,monster_beasts
wh_main_vmp_vampire_counts,wh_main_sc_vmp_vampire_counts,wh2_dlc11_vmp_cha_bloodline_blood_dragon_lord_0,true,false,,true,1050,lord_wizard_vampires,commander
wh_main_vmp_vampire_counts,wh_main_sc_vmp_vampire_counts,wh2_dlc11_vmp_cha_bloodline_blood_dragon_lord_1,true,false,,true,1300,lord_wizard_vampires,commander
wh_main_vmp_vampire_counts,wh_main_sc_vmp_vampire_counts,wh2_dlc11_vmp_cha_bloodline_blood_dragon_lord_2,true,false,,true,1500,lord_wizard_vampires,commander
wh_main_vmp_vampire_counts,wh_main_sc_vmp_vampire_counts,wh2_dlc11_vmp_cha_bloodline_blood_dragon_lord_3,true,false,,true,2200,lord_wizard_vampires,commander
wh_main_vmp_vampire_counts,wh_main_sc_vmp_vampire_counts,wh2_dlc11_vmp_cha_bloodline_lahmian_lord_0,true,false,,true,950,lord_wizard_vampires,commander
wh_main_vmp_vampire_counts,wh_main_sc_vmp_vampire_counts,wh2_dlc11_vmp_cha_bloodline_lahmian_lord_1,true,false,,true,1200,lord_wizard_vampires,commander
wh_main_vmp_vampire_counts,wh_main_sc_vmp_vampire_counts,wh2_dlc11_vmp_cha_bloodline_lahmian_lord_2,true,false,,true,1400,lord_wizard_vampires,commander
wh_main_vmp_vampire_counts,wh_main_sc_vmp_vampire_counts,wh2_dlc11_vmp_cha_bloodline_lahmian_lord_3,true,false,,true,2100,lord_wizard_vampires,commander
wh_main_vmp_vampire_counts,wh_main_sc_vmp_vampire_counts,wh2_dlc11_vmp_cha_bloodline_necrarch_lord_0,true,false,,true,650,lord_wizard_vampires,commander
wh_main_vmp_vampire_counts,wh_main_sc_vmp_vampire_counts,wh2_dlc11_vmp_cha_bloodline_necrarch_lord_1,true,false,,true,900,lord_wizard_vampires,commander
wh_main_vmp_vampire_counts,wh_main_sc_vmp_vampire_counts,wh2_dlc11_vmp_cha_bloodline_necrarch_lord_2,true,false,,true,1100,lord_wizard_vampires,commander
wh_main_vmp_vampire_counts,wh_main_sc_vmp_vampire_counts,wh2_dlc11_vmp_cha_bloodline_necrarch_lord_3,true,false,,true,1950,lord_wizard_vampires,commander
wh_main_vmp_vampire_counts,wh_main_sc_vmp_vampire_counts,wh2_dlc11_vmp_cha_bloodline_strigoi_lord_0,true,false,,true,1200,lord_wizard_vampires,commander
wh_main_vmp_vampire_counts,wh_main_sc_vmp_vampire_counts,wh2_dlc11_vmp_cha_bloodline_strigoi_lord_1,true,false,,true,2200,lord_wizard_vampires,commander
wh_main_vmp_vampire_counts,wh_main_sc_vmp_vampire_counts,wh2_dlc11_vmp_cha_bloodline_von_carstein_lord_0,true,false,,true,950,lord_wizard_vampires,commander
wh_main_vmp_vampire_counts,wh_main_sc_vmp_vampire_counts,wh2_dlc11_vmp_cha_bloodline_von_carstein_lord_1,true,false,,true,1200,lord_wizard_vampires,commander
wh_main_vmp_vampire_counts,wh_main_sc_vmp_vampire_counts,wh2_dlc11_vmp_cha_bloodline_von_carstein_lord_2,true,false,,true,1400,lord_wizard_vampires,commander
wh_main_vmp_vampire_counts,wh_main_sc_vmp_vampire_counts,wh2_dlc11_vmp_cha_bloodline_von_carstein_lord_3,true,false,,true,2100,lord_wizard_vampires,commander
wh_main_vmp_vampire_counts,wh_main_sc_vmp_vampire_counts,wh2_dlc11_vmp_cha_heinrich_kemmler_1,true,false,,true,650,lord_wizard_vampires,commander
wh_main_vmp_vampire_counts,wh_main_sc_vmp_vampire_counts,wh2_dlc11_vmp_inf_crossbowmen,false,true,mp_cap_group_extended_roster,false,475,missile_infantry_crossbow,missile_infantry
wh_main_vmp_vampire_counts,wh_main_sc_vmp_vampire_counts,wh2_dlc11_vmp_inf_handgunners,false,true,mp_cap_group_extended_roster,false,600,missile_infantry_rifle,missile_infantry
wh_main_vmp_vampire_counts,wh_main_sc_vmp_vampire_counts,wh3_dlc29_vmp_cav_drakenhof_templars,false,false,,true,1400,shock_cavalry,cavalry_chariots
wh_main_vmp_vampire_counts,wh_main_sc_vmp_vampire_counts,wh3_dlc29_vmp_cha_bloodline_lahmian_lord_coven_throne,true,false,,true,1650,lord_wizard_vampires,commander
wh_main_vmp_vampire_counts,wh_main_sc_vmp_vampire_counts,wh3_dlc29_vmp_cha_dieter_helsnicht,false,false,,true,400,wizard_vampires,heroes_agents
wh_main_vmp_vampire_counts,wh_main_sc_vmp_vampire_counts,wh3_dlc29_vmp_cha_dieter_helsnicht_undead_manticore,false,false,,true,1100,wizard_vampires,heroes_agents
wh_main_vmp_vampire_counts,wh_main_sc_vmp_vampire_counts,wh3_dlc29_vmp_cha_krell,false,false,,true,1000,vmp_wight_king,heroes_agents
wh_main_vmp_vampire_counts,wh_main_sc_vmp_vampire_counts,wh3_dlc29_vmp_cha_lahmian_vampire,false,false,,true,650,vmp_lahmian_vampires,heroes_agents
wh_main_vmp_vampire_counts,wh_main_sc_vmp_vampire_counts,wh3_dlc29_vmp_cha_lahmian_vampire_barded_nightmare,false,false,,true,900,vmp_lahmian_vampires_cavalry,heroes_agents
wh_main_vmp_vampire_counts,wh_main_sc_vmp_vampire_counts,wh3_dlc29_vmp_cha_lahmian_vampire_hellsteed,false,false,,true,1100,vmp_lahmian_vampires_flying,heroes_agents
wh_main_vmp_vampire_counts,wh_main_sc_vmp_vampire_counts,wh3_dlc29_vmp_cha_mannfred_von_carstein_barded_nightmare_mp,true,false,,true,1200,lord_wizard_vampires,commander
wh_main_vmp_vampire_counts,wh_main_sc_vmp_vampire_counts,wh3_dlc29_vmp_cha_mannfred_von_carstein_hellsteed_mp,true,false,,true,1400,lord_wizard_vampires,commander
wh_main_vmp_vampire_counts,wh_main_sc_vmp_vampire_counts,wh3_dlc29_vmp_cha_mannfred_von_carstein_mp,true,false,,true,950,lord_wizard_vampires,commander
wh_main_vmp_vampire_counts,wh_main_sc_vmp_vampire_counts,wh3_dlc29_vmp_cha_mannfred_von_carstein_zombie_dragon_mp,true,false,,true,2150,lord_wizard_vampires,commander
wh_main_vmp_vampire_counts,wh_main_sc_vmp_vampire_counts,wh3_dlc29_vmp_cha_master_necromancer_undeath,true,false,,true,350,wh3_dlc29_lord_wizard_undeath,commander
wh_main_vmp_vampire_counts,wh_main_sc_vmp_vampire_counts,wh3_dlc29_vmp_cha_master_necromancer_undeath_barded_nightmare,true,false,,true,600,wh3_dlc29_lord_wizard_undeath,commander
wh_main_vmp_vampire_counts,wh_main_sc_vmp_vampire_counts,wh3_dlc29_vmp_cha_master_necromancer_undeath_corpse_cart,true,false,,true,450,wh3_dlc29_lord_wizard_undeath,commander
wh_main_vmp_vampire_counts,wh_main_sc_vmp_vampire_counts,wh3_dlc29_vmp_cha_master_necromancer_undeath_corpse_cart_balefire,true,false,,true,650,wh3_dlc29_lord_wizard_undeath,commander
wh_main_vmp_vampire_counts,wh_main_sc_vmp_vampire_counts,wh3_dlc29_vmp_cha_master_necromancer_undeath_corpse_cart_lodestone,true,false,,true,650,wh3_dlc29_lord_wizard_undeath,commander
wh_main_vmp_vampire_counts,wh_main_sc_vmp_vampire_counts,wh3_dlc29_vmp_cha_master_necromancer_undeath_hellsteed,true,false,,true,750,wh3_dlc29_lord_wizard_undeath,commander
wh_main_vmp_vampire_counts,wh_main_sc_vmp_vampire_counts,wh3_dlc29_vmp_cha_necromancer_undeath,false,false,,true,300,wh3_dlc29_wizard_undeath,heroes_agents
wh_main_vmp_vampire_counts,wh_main_sc_vmp_vampire_counts,wh3_dlc29_vmp_cha_necromancer_undeath_barded_nightmare,false,false,,true,500,wh3_dlc29_wizard_undeath,heroes_agents
wh_main_vmp_vampire_counts,wh_main_sc_vmp_vampire_counts,wh3_dlc29_vmp_cha_necromancer_undeath_corpse_cart,false,false,,true,500,wh3_dlc29_wizard_undeath,heroes_agents
wh_main_vmp_vampire_counts,wh_main_sc_vmp_vampire_counts,wh3_dlc29_vmp_cha_necromancer_undeath_corpse_cart_balefire,false,false,,true,700,wh3_dlc29_wizard_undeath,heroes_agents
wh_main_vmp_vampire_counts,wh_main_sc_vmp_vampire_counts,wh3_dlc29_vmp_cha_necromancer_undeath_corpse_cart_lodestone,false,false,,true,700,wh3_dlc29_wizard_undeath,heroes_agents
wh_main_vmp_vampire_counts,wh_main_sc_vmp_vampire_counts,wh3_dlc29_vmp_cha_neferata_barded_nightmare_mp,true,false,,true,1350,lord_wizard_vampires,commander
wh_main_vmp_vampire_counts,wh_main_sc_vmp_vampire_counts,wh3_dlc29_vmp_cha_neferata_coven_throne_mp,true,false,,true,1800,lord_wizard_vampires,commander
wh_main_vmp_vampire_counts,wh_main_sc_vmp_vampire_counts,wh3_dlc29_vmp_cha_neferata_hellsteed_mp,true,false,,true,1550,lord_wizard_vampires,commander
wh_main_vmp_vampire_counts,wh_main_sc_vmp_vampire_counts,wh3_dlc29_vmp_cha_neferata_mp,true,false,,true,1100,lord_wizard_vampires,commander
wh_main_vmp_vampire_counts,wh_main_sc_vmp_vampire_counts,wh3_dlc29_vmp_cha_neferata_zombie_dragon_mp,true,false,,true,2300,lord_wizard_vampires,commander
wh_main_vmp_vampire_counts,wh_main_sc_vmp_vampire_counts,wh3_dlc29_vmp_cha_walach_harkon,false,false,,true,1000,wh3_dlc29_vmp_walach_harkon,heroes_agents
wh_main_vmp_vampire_counts,wh_main_sc_vmp_vampire_counts,wh3_dlc29_vmp_cha_walach_harkon_barded_nightmare,false,false,,true,1250,wh3_dlc29_vmp_walach_harkon,heroes_agents
wh_main_vmp_vampire_counts,wh_main_sc_vmp_vampire_counts,wh3_dlc29_vmp_inf_lahmian_handmaidens_death,false,false,,true,1300,wh3_dlc29_vmp_lahmian_handmaidens_death,infantry
wh_main_vmp_vampire_counts,wh_main_sc_vmp_vampire_counts,wh3_dlc29_vmp_inf_lahmian_handmaidens_shadow,false,false,,true,1350,wh3_dlc29_vmp_lahmian_handmaidens_shadow,infantry
wh_main_vmp_vampire_counts,wh_main_sc_vmp_vampire_counts,wh3_dlc29_vmp_inf_spirit_host,false,false,,true,450,wh3_dlc29_vmp_spirit_host,infantry
wh_main_vmp_vampire_counts,wh_main_sc_vmp_vampire_counts,wh3_dlc29_vmp_mon_zombie_dragon,false,false,,true,2000,dragon,monster_beasts
wh_main_vmp_vampire_counts,wh_main_sc_vmp_vampire_counts,wh3_dlc29_vmp_veh_coven_throne,false,false,,true,1400,magic_chariot,artillery_war_machines
wh_main_vmp_vampire_counts,wh_main_sc_vmp_vampire_counts,wh3_main_vmp_blood_knights_sword_shield,false,false,,true,1550,cavalry,cavalry_chariots
wh_main_vmp_vampire_counts,wh_main_sc_vmp_vampire_counts,wh3_main_vmp_inf_grave_guard_2,false,false,,true,900,infantry_spear_halberd,infantry
wh_main_vmp_vampire_counts,wh_main_sc_vmp_vampire_counts,wh_dlc02_vmp_cav_blood_knights_0,false,false,,true,1650,shock_cavalry,cavalry_chariots
wh_main_vmp_vampire_counts,wh_main_sc_vmp_vampire_counts,wh_dlc04_vmp_cav_chillgheists_0,false,false,,true,1700,vmp_cavalry_scythe,cavalry_chariots
wh_main_vmp_vampire_counts,wh_main_sc_vmp_vampire_counts,wh_dlc04_vmp_cav_vereks_reavers_0,false,false,,true,1300,shock_cavalry,cavalry_chariots
wh_main_vmp_vampire_counts,wh_main_sc_vmp_vampire_counts,wh_dlc04_vmp_cha_helman_ghorst_0,true,false,,true,500,lord_wizard_vampires,commander
wh_main_vmp_vampire_counts,wh_main_sc_vmp_vampire_counts,wh_dlc04_vmp_cha_helman_ghorst_1,true,false,,true,1000,lord_wizard_vampires,commander
wh_main_vmp_vampire_counts,wh_main_sc_vmp_vampire_counts,wh_dlc04_vmp_cha_master_necromancer_1,true,false,,true,450,lord_wizard_vampires,commander
wh_main_vmp_vampire_counts,wh_main_sc_vmp_vampire_counts,wh_dlc04_vmp_cha_master_necromancer_2,true,false,,true,650,lord_wizard_vampires,commander
wh_main_vmp_vampire_counts,wh_main_sc_vmp_vampire_counts,wh_dlc04_vmp_cha_master_necromancer_3,true,false,,true,650,lord_wizard_vampires,commander
wh_main_vmp_vampire_counts,wh_main_sc_vmp_vampire_counts,wh_dlc04_vmp_cha_necromancer_1,false,false,,true,500,wizard_vampires,heroes_agents
wh_main_vmp_vampire_counts,wh_main_sc_vmp_vampire_counts,wh_dlc04_vmp_cha_necromancer_2,false,false,,true,700,wizard_vampires,heroes_agents
wh_main_vmp_vampire_counts,wh_main_sc_vmp_vampire_counts,wh_dlc04_vmp_cha_necromancer_3,false,false,,true,700,wizard_vampires,heroes_agents
wh_main_vmp_vampire_counts,wh_main_sc_vmp_vampire_counts,wh_dlc04_vmp_cha_strigoi_ghoul_king_0,true,false,,true,1100,lord_wizard_vampires,commander
wh_main_vmp_vampire_counts,wh_main_sc_vmp_vampire_counts,wh_dlc04_vmp_cha_strigoi_ghoul_king_1,true,false,,true,2100,lord_wizard_vampires,commander
wh_main_vmp_vampire_counts,wh_main_sc_vmp_vampire_counts,wh_dlc04_vmp_cha_vlad_von_carstein_0,true,false,,true,1200,wizard_vampires,heroes_agents
wh_main_vmp_vampire_counts,wh_main_sc_vmp_vampire_counts,wh_dlc04_vmp_inf_feasters_in_the_dusk_0,false,false,,true,800,vmp_crypt_ghouls,infantry
wh_main_vmp_vampire_counts,wh_main_sc_vmp_vampire_counts,wh_dlc04_vmp_inf_konigstein_stalkers_0,false,false,,true,475,infantry_sword,infantry
wh_main_vmp_vampire_counts,wh_main_sc_vmp_vampire_counts,wh_dlc04_vmp_inf_sternsmen_0,false,false,,true,1150,infantry_sword,infantry
wh_main_vmp_vampire_counts,wh_main_sc_vmp_vampire_counts,wh_dlc04_vmp_inf_tithe_0,false,false,,true,200,infantry_sword,infantry
wh_main_vmp_vampire_counts,wh_main_sc_vmp_vampire_counts,wh_dlc04_vmp_mon_devils_swartzhafen_0,false,false,,true,1300,monstrous_infantry_flying,monster_beasts
wh_main_vmp_vampire_counts,wh_main_sc_vmp_vampire_counts,wh_dlc04_vmp_mon_direpack_0,false,false,,true,625,war_beast,monster_beasts
wh_main_vmp_vampire_counts,wh_main_sc_vmp_vampire_counts,wh_dlc04_vmp_veh_claw_of_nagash_0,false,false,,true,1700,magic_chariot,artillery_war_machines
wh_main_vmp_vampire_counts,wh_main_sc_vmp_vampire_counts,wh_dlc04_vmp_veh_corpse_cart_0,false,false,,true,300,magic_chariot,artillery_war_machines
wh_main_vmp_vampire_counts,wh_main_sc_vmp_vampire_counts,wh_dlc04_vmp_veh_corpse_cart_1,false,false,,true,500,magic_chariot,artillery_war_machines
wh_main_vmp_vampire_counts,wh_main_sc_vmp_vampire_counts,wh_dlc04_vmp_veh_corpse_cart_2,false,false,,true,500,magic_chariot,artillery_war_machines
wh_main_vmp_vampire_counts,wh_main_sc_vmp_vampire_counts,wh_dlc04_vmp_veh_mortis_engine_0,false,false,,true,1400,magic_chariot,artillery_war_machines
wh_main_vmp_vampire_counts,wh_main_sc_vmp_vampire_counts,wh_dlc05_vmp_cha_red_duke_0,true,false,,true,1150,lord_wizard_vampires,commander
wh_main_vmp_vampire_counts,wh_main_sc_vmp_vampire_counts,wh_dlc05_vmp_cha_red_duke_1,true,false,,true,1600,lord_wizard_vampires,commander
wh_main_vmp_vampire_counts,wh_main_sc_vmp_vampire_counts,wh_dlc05_vmp_cha_red_duke_2,true,false,,true,1400,lord_wizard_vampires,commander
wh_main_vmp_vampire_counts,wh_main_sc_vmp_vampire_counts,wh_dlc05_vmp_cha_red_duke_3,true,false,,true,2250,lord_wizard_vampires,commander
wh_main_vmp_vampire_counts,wh_main_sc_vmp_vampire_counts,wh_dlc05_vmp_cha_vampire_shadows_0,false,false,,true,650,wizard_shadows,heroes_agents
wh_main_vmp_vampire_counts,wh_main_sc_vmp_vampire_counts,wh_dlc05_vmp_cha_vampire_shadows_1,false,false,,true,900,wizard_shadows_cavalry,heroes_agents
wh_main_vmp_vampire_counts,wh_main_sc_vmp_vampire_counts,wh_dlc05_vmp_cha_vampire_shadows_2,false,false,,true,1100,wizard_shadows_cavalry_flying,heroes_agents
wh_main_vmp_vampire_counts,wh_main_sc_vmp_vampire_counts,wh_main_vmp_cav_black_knights_0,false,false,,true,950,cavalry,cavalry_chariots
wh_main_vmp_vampire_counts,wh_main_sc_vmp_vampire_counts,wh_main_vmp_cav_black_knights_3,false,false,,true,1050,shock_cavalry,cavalry_chariots
wh_main_vmp_vampire_counts,wh_main_sc_vmp_vampire_counts,wh_main_vmp_cav_hexwraiths,false,false,,true,1400,vmp_cavalry_scythe,cavalry_chariots
wh_main_vmp_vampire_counts,wh_main_sc_vmp_vampire_counts,wh_main_vmp_cha_banshee,false,false,,true,750,vmp_tomb_banshee,heroes_agents
wh_main_vmp_vampire_counts,wh_main_sc_vmp_vampire_counts,wh_main_vmp_cha_heinrich_kemmler,true,false,,true,400,lord_wizard_vampires,commander
wh_main_vmp_vampire_counts,wh_main_sc_vmp_vampire_counts,wh_main_vmp_cha_master_necromancer_0,true,false,,true,350,lord_wizard_vampires,commander
wh_main_vmp_vampire_counts,wh_main_sc_vmp_vampire_counts,wh_main_vmp_cha_master_necromancer_4,true,false,,true,750,lord_wizard_vampires,commander
wh_main_vmp_vampire_counts,wh_main_sc_vmp_vampire_counts,wh_main_vmp_cha_master_necromancer_5,true,false,,true,600,lord_wizard_vampires,commander
wh_main_vmp_vampire_counts,wh_main_sc_vmp_vampire_counts,wh_main_vmp_cha_necromancer_0,false,false,,true,300,wizard_vampires,heroes_agents
wh_main_vmp_vampire_counts,wh_main_sc_vmp_vampire_counts,wh_main_vmp_cha_necromancer_5,false,false,,true,500,wizard_vampires_cavalry,heroes_agents
wh_main_vmp_vampire_counts,wh_main_sc_vmp_vampire_counts,wh_main_vmp_cha_vampire_0,false,false,,true,650,wizard_death,heroes_agents
wh_main_vmp_vampire_counts,wh_main_sc_vmp_vampire_counts,wh_main_vmp_cha_vampire_1,false,false,,true,900,wizard_death_cavalry,heroes_agents
wh_main_vmp_vampire_counts,wh_main_sc_vmp_vampire_counts,wh_main_vmp_cha_vampire_2,false,false,,true,1100,wizard_death_cavalry_flying,heroes_agents
wh_main_vmp_vampire_counts,wh_main_sc_vmp_vampire_counts,wh_main_vmp_cha_vampire_lord_0,true,false,,true,900,lord_wizard_vampires,commander
wh_main_vmp_vampire_counts,wh_main_sc_vmp_vampire_counts,wh_main_vmp_cha_vampire_lord_2,true,false,,true,1350,lord_wizard_vampires,commander
wh_main_vmp_vampire_counts,wh_main_sc_vmp_vampire_counts,wh_main_vmp_cha_vampire_lord_3,true,false,,true,2050,lord_wizard_vampires,commander
wh_main_vmp_vampire_counts,wh_main_sc_vmp_vampire_counts,wh_main_vmp_cha_vampire_lord_5,true,false,,true,1150,lord_wizard_vampires,commander
wh_main_vmp_vampire_counts,wh_main_sc_vmp_vampire_counts,wh_main_vmp_cha_wight_king_0,false,false,,true,600,vmp_wight_king,heroes_agents
wh_main_vmp_vampire_counts,wh_main_sc_vmp_vampire_counts,wh_main_vmp_cha_wight_king_2,false,false,,true,850,vmp_wight_king_cavalry,heroes_agents
wh_main_vmp_vampire_counts,wh_main_sc_vmp_vampire_counts,wh_main_vmp_inf_cairn_wraiths,false,false,,true,850,vmp_infantry_scythe,infantry
wh_main_vmp_vampire_counts,wh_main_sc_vmp_vampire_counts,wh_main_vmp_inf_crypt_ghouls,false,false,,true,600,vmp_crypt_ghouls,infantry
wh_main_vmp_vampire_counts,wh_main_sc_vmp_vampire_counts,wh_main_vmp_inf_grave_guard_0,false,false,,true,850,infantry_sword,infantry
wh_main_vmp_vampire_counts,wh_main_sc_vmp_vampire_counts,wh_main_vmp_inf_grave_guard_1,false,false,,true,950,infantry_sword_great,infantry
wh_main_vmp_vampire_counts,wh_main_sc_vmp_vampire_counts,wh_main_vmp_inf_skeleton_warriors_0,false,false,,true,300,infantry_sword,infantry
wh_main_vmp_vampire_counts,wh_main_sc_vmp_vampire_counts,wh_main_vmp_inf_skeleton_warriors_1,false,false,,true,325,infantry_spear,infantry
wh_main_vmp_vampire_counts,wh_main_sc_vmp_vampire_counts,wh_main_vmp_inf_zombie,false,false,,true,100,infantry_sword,infantry
wh_main_vmp_vampire_counts,wh_main_sc_vmp_vampire_counts,wh_main_vmp_mon_crypt_horrors,false,false,,true,900,monstrous_infantry,monster_beasts
wh_main_vmp_vampire_counts,wh_main_sc_vmp_vampire_counts,wh_main_vmp_mon_dire_wolves,false,false,,true,475,war_beast,monster_beasts
wh_main_vmp_vampire_counts,wh_main_sc_vmp_vampire_counts,wh_main_vmp_mon_fell_bats,false,false,,true,350,vmp_fell_bats,monster_beasts
wh_main_vmp_vampire_counts,wh_main_sc_vmp_vampire_counts,wh_main_vmp_mon_terrorgheist,false,false,,true,2000,dragon,monster_beasts
wh_main_vmp_vampire_counts,wh_main_sc_vmp_vampire_counts,wh_main_vmp_mon_vargheists,false,false,,true,1050,monstrous_infantry_flying,monster_beasts
wh_main_vmp_vampire_counts,wh_main_sc_vmp_vampire_counts,wh_main_vmp_mon_varghulf,false,false,,true,1400,vmp_varghulf,monster_beasts
wh_main_vmp_vampire_counts,wh_main_sc_vmp_vampire_counts,wh_main_vmp_veh_black_coach,false,false,,true,1100,magic_chariot,artillery_war_machines
wh_main_vmp_vampire_counts,wh_main_sc_vmp_vampire_counts,wh_pro02_vmp_cha_isabella_von_carstein_0,true,false,,true,950,wizard_vampires,heroes_agents
wh_main_vmp_vampire_counts,wh_main_sc_vmp_vampire_counts,wh_pro02_vmp_cha_isabella_von_carstein_2,true,false,,true,1400,wizard_vampires,heroes_agents
wh_main_vmp_vampire_counts,wh_main_sc_vmp_vampire_counts,wh_pro02_vmp_cha_isabella_von_carstein_4,true,false,,true,1200,wizard_vampires,heroes_agents
